,Site_1,Site_2,Site_3,Site_4,Site_5,Site_6,Site_7,Site_8,Site_9,Site_10,Site_11,Site_12,Site_13,Site_14,Site_15,Site_16,Site_17,Site_18,Site_19,Site_20,Site_21,Site_22,Site_23,Site_24,Site_25,Site_26,Site_27,Site_28,Site_29,Site_30,Site_31,Site_32,Site_33,Site_34,Site_35,Site_36,Site_37,Site_38,Site_39,Site_40,Site_41,Site_42,Site_43,Site_44,Site_45,Site_46,Site_47,Site_48,Site_49,Site_50
OTU_1,1,1,1,1,1,1,1,1,1,1,1,1,1,1,1,1,1,1,1,1,1,1,1,119,1,1,1,1,1,1,1,1,1,1,1,1,1,1,1,1,1,1,1,1,1,1,1,1,1,1
OTU_2,1,1,1,1,1,1,1,2,1,1,1,1,1,1,1,1,1,3,1,1,1,1,1,1,1,1,1,1,2,1,1,1,11,1,1,1,1,1,1,42,1,1,1,1,1,1,1,1,1,1
OTU_3,1,1,1,1,1,1,1,1,1,1,1,1,1,1,1,1,1,1,1,1,1,1,1,1,1,1,1,1,1,1,1,1,1,1,1,1,1,1,1,1,1,1,1,1,1,1,1,1,1,1
OTU_4,1,1,1,1,1,1,1,1,1,1,1,1,1,1,1,1,1,1,1,1,1,1,1,1,1,1,1,1,1,1,1,1,1,1,1,1,1,1,1,1,1,1,1,1,1,1,1,1,1,1
OTU_5,125,571,328,191,227,151,42,122,306,420,198,88,138,543,292,6,165,448,200,337,82,13,231,247,93,112,194,308,236,378,401,47,212,67,231,7,22,194,65,283,151,178,145,105,247,73,59,419,610,417
OTU_6,1,54,1,1,4,1,1,1,1,10,1,1,9,2,1,1,3,179,1,2,2,7,1,12,2,2,2,1,1,1,28,26,1,9,16,6,12,8,9,5,1,1,1,1,1,3,14,10,1,1
OTU_7,1,1,1,1,1,1,1,1,1,1,1,1,1,1,1,1,1,1,1,1,1,1,1,1,1,1,1,1,1,1,1,1,1,1,1,1,1,1,1,1,1,1,1,1,1,1,1,1,1,1
OTU_8,1,1,1,1,1,1,1,1,1,1,1,1,1,1,1,1,1,1,1,1,1,1,1,1,1,1,1,1,1,1,1,1,1,1,1,1,1,1,1,1,1,1,1,1,1,1,1,1,1,1
OTU_9,1,1,1,1,1,1,1,1,1,1,1,1,1,1,1,1,1,1,1,1,1,1,1,1,1,1,1,1,1,1,1,1,1,1,1,1,1,1,1,1,1,1,1,1,1,1,1,1,1,1
OTU_10,1,1,1,1,9,31,1,1,5,10,1,98,3,63,1,30,2,1,1,1,1,2,1,39,1,1,1,4,1,67,1,1,1,1,6,1,2,1,1,1,1,1,3,2,1,16,1,53,16,1
OTU_11,365,222,406,183,299,138,249,319,173,324,274,27,201,415,447,435,108,138,195,111,337,256,281,459,86,372,813,292,180,160,196,184,533,197,307,60,356,433,75,165,218,834,129,152,101,383,51,61,182,379
OTU_12,1,1,1,1,1,1,1,1,1,1,1,1,1,1,1,1,1,1,1,1,1,1,1,1,1,1,1,1,1,1,1,1,1,1,1,1,1,1,1,1,1,1,1,1,1,1,1,1,1,1
OTU_13,1,1,1,1,1,1,1,1,1,1,1,1,1,1,1,1,1,1,1,1,1,1,1,1,1,1,1,1,1,1,1,1,1,1,1,1,1,1,1,1,1,1,1,1,1,1,1,1,1,1
OTU_14,1,1,1,1,1,1,1,1,1,1,1,1,1,1,1,1,1,1,1,1,1,1,1,1,1,1,1,1,1,1,1,1,1,1,1,1,1,1,1,1,1,1,1,1,1,1,1,1,1,1
OTU_15,1,1,1,1,1,1,1,1,1,1,1,1,1,1,1,1,1,1,1,1,1,1,1,1,1,1,1,1,1,1,1,1,1,1,1,1,1,1,2,1,1,1,1,1,1,1,1,1,1,1
OTU_16,1,1,1,1,1,1,1,1,1,1,1,1,1,1,1,1,1,1,1,1,1,1,1,1,1,1,1,1,1,1,1,1,1,1,1,1,1,1,1,1,1,1,1,1,1,1,1,1,1,1
OTU_17,1,1,1,1,1,1,1,1,1,1,1,1,1,1,1,1,1,1,1,1,1,1,1,1,1,1,1,1,1,1,1,1,1,1,1,1,1,1,1,1,1,1,1,1,1,1,1,1,1,1
OTU_18,1,1,1,1,1,1,1,1,1,1,1,1,1,1,1,1,1,1,1,1,2,1,1,1,1,1,1,1,1,1,1,1,1,1,1,1,1,1,1,1,1,1,1,1,1,1,1,1,1,1
OTU_19,1,1,1,1,1,1,1,1,1,1,1,1,1,1,1,1,1,1,1,1,1,1,1,1,1,1,1,1,11,1,1,1,1,1,1,1,1,1,1,7,1,1,1,1,1,1,1,1,1,1
OTU_20,27,194,364,35,23,7,100,21,87,153,104,16,445,16,346,85,29,459,39,167,103,122,496,3,378,68,30,7,36,106,150,89,203,21,32,3,12,9,351,50,4,224,225,14,107,263,461,449,73,67
OTU_21,1,1,1,1,1,1,1,1,1,1,1,1,1,1,1,1,1,1,1,1,1,1,1,1,1,1,2,1,1,1,1,1,1,1,1,1,1,1,1,1,1,1,1,2,1,1,1,1,1,1
OTU_22,1,1,1,1,1,1,1,1,1,1,1,1,1,1,1,1,1,11,1,3,1,2,1,1,18,1,1,1,1,1,1,1,1,2,1,1,113,1,1,1,1,1,1,1,1,1,1,1,1,1
OTU_23,1,1,1,1,1,1,1,1,1,1,1,1,1,1,1,1,1,1,1,1,3,1,1,1,1,1,6,1,1,1,1,1,1,1,1,1,1,1,1,1,1,1,1,1,1,1,1,1,6,1
OTU_24,1,1,1,1,1,1,1,1,1,1,1,1,1,1,1,1,1,1,1,1,1,1,1,1,1,1,1,1,1,1,1,1,1,1,1,1,1,1,1,1,1,1,1,1,1,1,1,1,1,1
OTU_25,1,1,1,1,1,1,1,1,1,1,1,1,1,1,1,1,1,1,1,1,1,1,1,1,1,1,1,1,1,1,1,1,1,1,1,1,1,1,1,1,1,1,1,1,1,1,1,1,1,1
OTU_26,1,1,1,1,1,1,1,1,1,1,1,2,1,1,1,1,1,1,1,1,1,1,1,1,1,6,1,1,1,1,1,1,1,1,1,1,7,1,1,1,1,1,1,1,1,1,1,1,1,1
OTU_27,1,1,1,1,1,1,1,1,1,1,1,1,1,1,1,1,1,1,1,1,1,1,1,1,1,1,1,1,1,1,1,1,1,1,1,1,1,1,1,1,1,1,1,1,1,1,1,1,1,1
OTU_28,1,1,1,8,1,1,1,1,1,1,1,1,1,1,1,1,1,1,1,1,1,1,1,1,1,1,2,5,1,1,1,1,1,1,1,1,1,1,1,1,1,1,1,1,1,1,1,1,1,1
OTU_29,1,1,1,1,1,1,1,1,1,1,1,1,1,1,1,1,1,1,1,1,1,1,1,1,1,1,1,1,1,1,1,1,1,1,2,1,1,1,1,1,1,1,1,1,1,1,1,1,1,1
OTU_30,1,1,1,1,1,1,1,1,1,1,1,1,1,1,1,1,1,1,1,1,1,1,1,1,1,1,1,1,1,1,1,1,1,1,1,1,1,1,1,1,1,1,1,1,1,1,1,1,1,1
OTU_31,1,1,1,33,1,1,1,1,1,1,1,1,1,1,1,1,1,1,1,1,1,1,1,1,1,1,22,1,1,1,1,1,1,1,1,12,1,1,1,1,1,1,1,1,1,1,1,1,1,1
OTU_32,1,1,1,1,1,1,1,1,1,1,1,1,1,1,1,1,1,1,1,1,1,1,1,1,1,1,1,1,1,1,1,1,1,1,1,1,1,1,1,1,1,1,1,1,1,1,1,1,1,1
OTU_33,186,222,126,93,124,483,118,155,855,137,360,63,96,301,559,1236,277,66,180,381,385,541,777,66,232,243,258,158,215,605,592,596,377,87,90,296,609,261,723,287,486,573,343,312,188,249,320,226,56,15
OTU_34,124,65,45,264,143,588,343,115,718,610,228,739,89,148,758,24,149,573,601,90,299,164,226,248,357,551,588,233,13,43,528,351,364,28,269,286,268,588,155,273,160,176,37,375,232,249,852,79,527,186
OTU_35,1,1,1,1,1,1,1,1,1,1,1,1,1,1,1,1,1,1,1,1,1,1,1,1,1,1,1,1,1,1,1,1,1,1,1,1,1,1,1,1,1,1,1,1,1,1,1,1,1,1
OTU_36,1,1,1,1,1,1,1,1,1,1,1,1,1,1,1,1,1,1,1,1,1,1,1,1,1,1,1,1,1,1,1,1,1,1,1,1,1,1,1,1,1,1,1,1,1,1,1,1,1,1
OTU_37,1,1,1,1,1,1,1,1,1,1,1,1,1,1,1,1,1,1,1,1,1,1,1,1,1,1,1,1,1,1,1,1,1,1,1,1,1,1,1,1,1,1,1,1,1,1,1,1,1,1
OTU_38,1,1,1,1,1,1,1,1,1,1,1,1,1,1,1,1,1,1,1,1,1,1,1,1,1,1,1,1,1,1,1,1,1,1,1,1,1,1,1,1,1,1,1,1,1,1,1,1,1,1
OTU_39,1,1,1,2,1,1,1,1,1,1,1,1,1,1,1,1,1,1,1,1,1,1,1,1,1,1,1,1,1,1,1,1,1,1,2,1,1,1,1,1,1,1,1,1,1,1,1,1,1,1
OTU_40,1,1,1,1,1,1,1,1,1,1,1,1,1,1,1,1,1,1,1,1,1,1,1,1,1,1,1,1,1,1,1,1,1,1,1,1,1,1,1,1,1,1,1,1,1,1,1,1,1,1
OTU_41,1,1,1,1,1,1,1,1,1,1,1,1,1,1,1,1,1,1,1,1,1,1,1,1,1,1,1,1,1,1,1,1,1,1,1,1,1,1,1,1,1,1,1,1,1,1,1,1,1,1
OTU_42,1,1,1,1,1,1,1,1,1,1,1,1,1,1,1,1,1,1,1,1,1,1,1,1,1,1,1,1,1,1,1,1,1,1,1,1,1,1,1,1,1,1,1,1,1,1,1,1,1,1
OTU_43,1,1,1,1,1,1,1,1,1,1,1,1,1,1,1,1,1,1,1,1,1,1,1,1,1,1,1,1,1,1,1,1,1,1,1,1,1,1,1,1,1,1,1,1,1,1,1,1,1,1
OTU_44,1,1,1,1,1,1,1,1,1,1,1,1,1,1,1,1,1,1,1,1,1,1,1,1,1,1,1,1,1,1,1,1,1,1,1,1,1,1,1,1,1,1,1,1,1,1,1,1,1,1
OTU_45,1,2,1,1,1,1,1,1,1,4,1,1,1,1,2,1,1,1,1,1,1,1,1,1,1,1,1,1,1,1,1,1,1,1,1,1,1,1,58,1,1,1,1,1,1,1,1,1,1,1
OTU_46,1,1,1,1,1,1,1,19,40,1,1,1,1,1,1,1,1,2,1,1,1,1,1,60,11,1,1,1,1,1,1,1,1,1,1,1,1,1,1,1,1,1,1,1,1,1,1,1,4,1
OTU_47,1,3,1,1,15,1,5,1,1,1,1,14,2,1,1,1,1,1,1,1,6,5,1,1,13,1,8,1,1,57,1,1,1,1,1,103,1,1,3,1,12,14,1,1,1,1,2,1,1,1
OTU_48,1,1,1,1,1,1,1,1,1,1,1,1,1,1,1,1,1,1,1,1,1,1,1,1,1,1,1,1,1,1,1,1,1,1,1,1,1,1,1,1,1,1,1,1,1,1,1,1,1,1
OTU_49,1,1,1,1,1,1,1,1,1,1,1,1,1,1,1,1,1,1,1,1,1,1,1,1,1,7,1,1,1,1,1,1,1,1,1,1,1,1,1,1,1,1,1,1,1,1,1,2,1,1
OTU_50,1,1,1,1,1,1,1,1,1,1,1,1,1,1,1,1,1,1,1,1,1,1,1,1,1,1,1,1,1,1,1,1,1,1,1,1,1,1,1,1,1,1,1,1,1,1,1,1,1,1
OTU_51,1,1,1,1,1,1,1,1,1,1,1,1,1,1,1,1,1,1,1,1,1,1,1,1,1,1,1,1,1,1,1,1,1,1,1,1,1,1,1,1,1,1,1,1,1,1,1,1,1,1
OTU_52,9,1,1,1,1,1,1,1,1,7,106,1,1,1,1,1,1,124,1,1,11,1,1,2,1,1,5,1,1,1,1,2,1,1,1,1,1,1,1,1,1,25,1,92,1,1,1,1,2,1
OTU_53,57,1,3,1,1,3,1,68,1,1,1,1,3,125,4,1,186,1,264,1,7,43,82,1,6,1,1,1,33,1,6,1,9,1,101,1,7,1,1,1,1,1,15,26,1,15,1,3,1,1
OTU_54,94,38,192,90,8,518,2,53,3,10,2,112,48,8,13,22,1,109,31,3,19,108,42,1,4,118,35,155,187,42,157,51,16,669,42,61,20,9,39,6,1,10,40,119,3,3,5,175,4,9
OTU_55,2,2,1,1,1,18,91,1,47,185,5,72,8,178,25,2,4,1,108,132,23,41,1,11,4,95,9,110,6,37,55,59,127,133,14,206,285,3,33,3,4,125,2,72,161,13,16,1,31,76
OTU_56,1,8,1,1,1,1,1,1,1,1,1,1,2,5,1,1,1,1,2,1,1,1,1,3,1,1,1,4,1,2,1,3,1,1,2,1,1,1,1,1,1,1,1,3,1,1,1,1,1,1
OTU_57,157,16,353,111,47,1085,80,108,230,180,521,110,163,25,182,289,728,18,156,225,156,16,398,40,28,185,140,41,196,43,289,97,141,96,287,393,110,573,104,45,185,120,82,320,200,841,38,39,38,134
OTU_58,1,1,1,1,1,1,1,1,1,1,1,1,1,1,1,1,1,1,1,1,1,1,1,1,1,1,1,1,1,1,1,1,1,1,1,1,1,1,1,1,1,1,1,1,1,1,1,1,1,1
OTU_59,1,1,1,1,1,1,1,1,1,1,1,1,1,1,1,1,1,1,1,1,1,1,1,1,1,1,1,1,1,1,1,1,1,1,1,1,1,1,1,1,1,1,1,1,1,1,1,1,1,1
OTU_60,1,1,1,1,7,10,1,1,1,1,1,1,1,1,1,1,1,1,1,1,1,1,1,1,1,1,3,1,3,1,1,30,1,1,1,1,1,1,1,1,1,10,6,1,1,1,1,1,1,1
OTU_61,1,1,1,1,1,1,1,1,1,1,1,1,1,1,1,1,1,1,1,1,1,1,1,13,1,1,1,1,1,1,1,1,1,1,1,1,1,1,1,1,1,1,1,1,1,1,1,1,1,1
OTU_62,1,1,1,1,1,1,1,1,1,1,1,1,1,1,1,1,1,1,1,1,1,1,1,1,1,1,1,1,1,1,1,1,1,1,1,1,1,1,1,1,1,1,1,1,1,1,1,1,1,1
OTU_63,1,1,1,1,1,1,1,1,1,1,1,1,1,1,1,1,1,1,1,1,1,1,1,1,1,6,1,1,1,1,1,1,1,1,1,1,1,1,1,1,1,1,1,1,1,1,1,1,1,1
OTU_64,1,1,1,1,1,1,1,1,1,1,1,1,1,1,1,1,1,1,1,1,1,1,1,1,1,1,1,1,1,1,1,1,1,1,1,1,1,1,1,1,1,1,1,1,3,1,1,1,1,1
OTU_65,1,1,1,1,1,1,1,6,4,1,6,1,1,1,6,1,1,1,1,1,1,1,1,1,1,1,1,1,1,1,1,1,1,1,1,1,2,1,1,1,1,1,1,1,1,1,1,1,1,1
OTU_66,18,27,107,54,30,18,62,24,164,129,9,1,1,70,93,1,8,150,1,221,18,22,6,17,1,197,1,1,1,1,6,19,41,136,3,3,142,140,15,26,287,25,225,31,18,147,129,14,292,8
OTU_67,1,1,1,3,1,1,1,1,1,1,1,1,1,1,1,1,1,1,1,1,1,1,1,1,1,1,1,1,1,1,1,1,1,1,1,1,1,1,1,1,1,1,1,1,1,1,1,1,1,1
OTU_68,36,40,1,3,1,1,2,1,11,1,1,39,1,1,65,32,1,1,1,3,1,1,1,353,3,1,1,1,115,62,13,1,1,11,2,53,1,1,1,12,12,1,1,13,1,16,7,1,1,26
OTU_69,1,1,1,1,1,1,1,1,1,1,1,1,1,1,1,1,1,1,1,1,1,1,1,1,1,1,1,1,1,1,1,1,1,1,1,1,1,1,1,1,1,1,1,1,1,1,1,1,1,1
OTU_70,1,1,1,48,725,1,1,1,1,1,4,41,1,1,1,18,1,1,18,1,206,1,163,1,1,1,1,1,1,1,1,1,94,9,1,37,3,1,1,5,1,1,1,1,33,10,1,1,7,1
OTU_71,1,1,1,1,1,1,1,1,1,1,1,1,1,1,1,1,1,1,1,1,1,1,1,1,1,1,1,1,1,1,1,1,1,1,1,1,1,1,1,1,1,1,1,1,1,1,1,1,1,1
OTU_72,1,1,1,1,1,1,1,1,1,1,1,1,1,1,1,1,1,1,1,1,1,1,1,1,1,1,1,1,1,1,1,1,1,1,1,1,1,1,1,1,1,1,1,1,1,1,1,1,1,1
OTU_73,1,1,1,1,1,1,1,1,1,1,1,1,1,1,1,1,1,1,1,1,1,1,1,1,1,1,1,1,1,1,1,1,1,1,1,1,1,1,1,1,1,1,1,1,1,1,1,1,1,1
OTU_74,1,1,5,1,22,42,1,1,1,7,263,101,1,1,1,9,4,1,16,1,1,1,1,2,11,1,2,3,1,1,1,44,1,1,1,6,1,81,1,1,1,1,1,20,4,1,1,1,16,25
OTU_75,1,1,1,1,1,1,1,1,1,1,1,1,1,1,1,1,1,1,1,1,1,1,1,1,1,1,1,1,1,1,1,1,1,1,1,1,1,1,1,1,1,1,1,1,1,1,1,1,1,1
OTU_76,1,1,1,1,18,1,1,1,1,1,1,1,1,1,1,1,1,1,1,1,1,1,1,1,55,1,1,9,1,1,1,14,1,1,1,1,1,1,1,113,1,1,28,1,1,1,2,1,1,9
OTU_77,1,1,1,1,1,2,1,1,1,52,1,1,8,1,1,1,1,1,1,1,1,1,1,282,1,1,13,3,1,1,1,1,1,1,1,1,31,1,1,8,38,1,1,1,1,1,1,32,1,1
OTU_78,143,458,438,136,342,133,427,220,372,256,241,443,560,292,232,63,566,242,486,24,47,160,102,412,187,106,142,110,184,130,303,659,378,358,370,741,377,187,382,256,117,219,139,291,129,141,144,227,395,226
OTU_79,1,1,1,1,1,1,1,1,1,1,1,1,1,1,1,1,1,1,1,1,1,1,1,1,1,1,1,1,1,1,1,1,1,1,1,1,1,1,1,1,1,1,1,1,1,1,1,1,1,1
OTU_80,37,8,1,15,33,85,1,2,1,2,1,1,32,1,1,1,1,1,1,1,1,1,12,1,1,317,17,1,1,1,1,1,1,1,1,1,1,1,1,1,189,3,1,1,1,2,1,1,3,103
OTU_81,1,1,1,1,1,1,1,1,1,1,1,1,1,1,1,1,1,1,1,1,1,1,1,1,1,1,1,1,1,1,1,1,1,1,1,1,1,1,1,1,1,1,1,1,1,1,1,1,1,1
OTU_82,1,1,1,1,1,1,1,1,1,1,1,1,1,1,1,1,1,1,1,1,1,1,1,1,1,1,1,1,1,1,1,1,1,1,1,1,1,1,1,1,1,1,1,1,1,1,1,1,1,1
OTU_83,1,2,119,4,12,24,2,1,1,6,1,20,1,1,36,1,1,1,3,1,1,90,32,17,1,3,1,1,1,12,1,1,22,5,1,1,1,4,1,4,1,1,1,1,1,2,1,1,93,1
OTU_84,1,1,1,1,1,1,1,1,1,1,1,1,1,1,1,1,1,1,1,1,1,1,1,1,1,1,1,1,1,1,1,1,1,1,1,1,1,1,1,1,1,1,1,1,1,1,1,1,1,1
OTU_85,61,1,1,1,1,1,1,58,1,1,4,1,3,1,1,1,1,3,1,1,1,1,2,3,1,1,1,1,1,1,1,1,44,1,1,1,1,1,1,1,1,9,1,1,1,1,1,1,39,1
OTU_86,1,1,1,1,1,1,1,1,1,1,1,1,1,1,1,1,1,1,1,1,1,1,1,1,1,1,1,1,1,1,1,1,1,1,1,1,1,1,1,1,1,1,1,1,1,1,1,1,1,1
OTU_87,1,1,1,1,1,1,1,1,1,1,1,1,1,1,1,1,1,1,28,1,1,1,1,1,1,1,1,1,1,1,1,1,1,1,1,1,1,1,1,1,1,1,1,1,1,1,1,1,1,126
OTU_88,79,56,109,106,42,23,323,67,23,65,43,210,37,95,1,101,96,133,112,201,32,319,149,2,196,40,258,143,64,22,10,5,157,43,102,5,76,81,40,150,1,58,378,104,18,17,77,425,4,10
OTU_89,1,1,1,1,1,1,1,1,1,1,1,1,1,1,1,1,1,1,1,1,1,1,1,1,1,1,1,1,1,1,2,1,1,1,1,1,1,1,1,1,1,1,1,1,1,1,1,1,1,1
OTU_90,1,1,1,1,1,1,2,1,11,1,1,1,31,1,1,1,1,7,83,79,1,1,1,1,1,1,1,2,1,79,1,9,19,1,1,1,1,1,1,1,1,1,17,1,1,1,1,1,1,1
OTU_91,1,1,1,1,1,1,1,1,1,1,1,1,1,1,1,1,1,1,1,1,1,1,1,1,1,1,1,1,1,1,1,1,1,2,1,1,1,1,1,1,1,1,1,1,1,1,1,1,1,1
OTU_92,1,1,1,1,1,1,1,1,1,1,1,1,1,1,1,1,1,1,1,1,1,1,1,1,1,1,1,1,1,1,1,1,1,1,1,1,1,1,1,1,1,1,1,1,1,1,1,1,1,1
OTU_93,33,1,1,1,1,1,1,1,1,1,1,1,1,1,1,32,11,1,5,1,1,1,1,3,4,1,1,1,1,1,1,1,9,1,1,1,5,1,1,3,141,1,16,1,2,1,1,8,1,1
OTU_94,1,1,1,1,1,1,1,1,1,1,1,1,1,1,1,1,1,1,1,1,1,1,1,1,1,1,1,1,1,1,1,1,1,1,1,1,1,1,1,1,1,1,1,1,1,1,1,1,1,1
OTU_95,1,1,1,1,1,1,1,1,1,1,1,1,1,1,1,1,1,1,1,1,1,1,1,1,1,1,1,1,1,1,1,1,1,1,1,1,1,1,1,1,1,1,1,1,1,1,1,1,1,1
OTU_96,1,1,1,1,1,1,1,1,1,1,1,1,1,1,1,1,1,1,1,1,1,1,1,1,1,1,1,1,1,1,1,1,1,1,1,1,1,1,1,1,1,1,1,1,1,1,1,1,1,1
OTU_97,1,1,1,1,1,1,1,1,1,1,1,1,1,1,1,1,1,1,1,1,1,1,1,1,1,1,1,1,1,1,1,1,1,1,1,1,1,1,1,1,1,1,1,1,1,1,1,1,1,1
OTU_98,1,1,1,1,1,1,1,1,1,1,1,1,1,1,1,1,1,1,1,1,1,1,1,1,1,1,1,1,1,1,1,1,1,1,1,1,1,1,1,1,1,1,1,1,1,1,1,1,1,1
OTU_99,1,1,1,1,1,1,1,1,1,1,1,1,1,1,1,1,1,1,1,1,1,1,3,1,1,1,1,1,1,1,1,1,1,1,1,1,1,1,1,1,1,1,1,1,1,1,1,1,1,1
OTU_100,1,1,1,1,1,1,1,1,1,1,1,1,1,1,1,1,1,1,1,1,1,1,1,1,1,1,1,1,1,1,1,1,1,1,1,1,1,1,1,1,1,4,1,1,1,1,1,1,1,1
OTU_101,1,1,1,1,3,1,27,1,1,6,1,1,1,1,1,1,1,4,1,1,1,1,1,1,1,1,1,1,1,1,1,1,1,1,12,1,1,1,1,1,1,1,1,3,1,1,1,1,1,1
OTU_102,1,1,1,1,1,1,1,1,1,1,1,1,1,1,1,1,1,1,1,1,1,1,1,1,1,1,1,1,1,1,1,1,1,1,1,1,1,1,1,1,1,1,1,1,1,1,1,1,1,1
OTU_103,1,1,1,1,1,1,1,1,1,1,1,1,1,1,1,1,1,1,1,1,1,1,1,1,1,1,1,1,1,1,1,1,1,1,1,1,1,1,1,1,1,1,1,1,1,1,1,1,1,1
OTU_104,1,1,1,1,1,1,1,1,1,3,1,1,1,1,1,1,1,1,1,1,1,1,1,1,1,1,1,1,1,1,1,1,1,1,1,1,1,1,2,1,1,1,1,6,1,1,1,1,1,1
OTU_105,1,1,1,1,1,1,1,1,2,1,1,1,1,1,1,1,1,1,1,1,1,1,1,1,2,1,1,1,1,1,1,1,1,1,1,1,1,1,1,1,1,1,1,1,1,1,1,1,1,1
OTU_106,1,1,1,1,1,1,1,1,1,1,1,1,1,1,1,1,1,1,1,1,1,1,1,1,1,1,1,1,1,1,1,1,1,1,1,1,1,1,1,1,1,1,1,1,1,1,1,1,1,1
OTU_107,1,1,1,1,1,1,1,1,1,1,1,1,1,1,1,1,1,1,1,1,1,1,1,1,1,1,1,1,1,1,1,1,1,1,1,1,1,1,1,1,1,1,1,1,1,1,1,1,1,1
OTU_108,1,1,1,1,1,1,4,1,1,1,1,1,1,1,1,1,1,1,1,1,7,1,1,1,1,1,10,3,1,1,110,1,1,1,1,1,1,1,1,1,1,1,1,1,1,28,1,1,1,1
OTU_109,66,28,73,102,21,10,33,153,570,39,4,71,44,52,4,48,87,101,163,13,105,60,20,108,92,47,51,3,264,332,320,12,4,38,69,59,18,151,90,20,18,11,333,31,29,83,194,149,10,9
OTU_110,1,1,1,1,1,1,1,1,1,1,1,1,1,1,1,1,1,1,1,1,1,1,1,1,1,1,1,1,1,1,1,1,1,1,1,1,1,1,1,1,1,1,1,1,1,1,1,1,1,1
OTU_111,1,1,1,1,1,1,1,1,1,1,1,1,1,1,1,1,1,1,1,1,1,1,11,1,1,1,1,1,1,1,1,1,1,1,1,28,1,1,1,1,1,1,1,1,1,1,1,1,1,1
OTU_112,1,1,1,1,1,1,1,1,1,1,1,1,1,1,1,1,1,1,1,1,1,1,1,1,1,1,1,1,1,1,1,1,1,1,1,1,1,1,1,1,1,1,1,1,1,1,1,1,1,1
OTU_113,1,1,1,1,1,1,1,1,1,1,1,1,1,1,1,1,1,1,1,1,1,1,1,1,1,1,1,1,1,1,1,1,1,1,1,1,1,1,1,1,1,1,1,1,1,1,1,1,1,1
OTU_114,1,1,1,1,1,1,1,1,1,1,1,1,1,1,1,1,1,1,1,1,1,1,1,1,1,1,1,1,1,1,1,1,1,1,1,1,1,1,1,1,1,1,1,1,1,1,1,1,1,1
OTU_115,1,1,1,1,1,1,1,1,1,1,1,1,1,1,1,1,1,1,1,1,1,1,1,1,1,1,1,1,1,1,1,1,1,1,1,14,1,1,1,1,1,1,1,1,1,1,1,1,1,1
OTU_116,1,1,39,1,1,1,1,1,8,23,1,1,1,1,1,1,1,1,1,12,2,25,1,1,1,1,1,1,18,1,24,1,7,1,1,1,2,1,1,1,1,1,1,1,1,1,1,13,1,1
OTU_117,1,1,1,1,1,1,1,1,27,1,1,1,1,1,1,1,1,1,1,1,1,1,1,1,1,1,1,1,1,1,1,1,1,1,1,1,1,1,1,1,1,1,1,1,1,1,1,1,1,1
OTU_118,1,1,1,1,1,1,1,1,1,1,1,1,1,2,1,1,1,1,1,1,1,1,1,1,1,1,1,1,1,1,1,1,1,1,1,1,1,1,1,1,1,1,1,1,1,1,1,1,1,1
OTU_119,1,1,1,1,1,1,1,1,1,1,1,1,1,1,1,1,1,1,1,1,1,1,1,1,1,1,1,1,1,1,1,1,1,1,1,1,1,1,1,1,1,1,1,1,1,1,1,1,1,1
OTU_120,1,3,1,34,1,1,1,1,2,5,1,1,56,1,7,1,1,1,1,1,1,1,1,1,1,1,1,1,2,1,1,1,85,1,2,1,131,4,1,1,1,1,1,1,1,2,1,1,2,1
OTU_121,1,1,1,1,1,1,1,1,1,1,1,1,1,1,1,1,1,1,1,1,1,1,1,1,1,1,1,1,1,1,1,1,1,1,1,1,1,1,1,1,1,1,1,1,1,1,1,1,2,1
OTU_122,299,19,123,16,49,283,194,323,89,50,282,86,69,83,34,103,396,45,52,69,299,152,120,3,11,74,301,443,407,39,221,27,458,460,220,300,202,7,111,129,279,318,158,109,195,180,284,93,77,86
OTU_123,1,1,1,1,1,1,1,1,1,1,1,1,1,1,1,1,1,1,1,1,1,1,1,1,1,1,1,1,1,1,1,1,1,1,1,1,1,1,1,1,1,1,1,1,1,1,1,1,1,1
OTU_124,1,1,1,1,1,1,1,1,1,1,1,1,1,1,1,1,1,1,1,1,1,1,1,1,1,1,1,1,1,1,1,1,1,1,1,1,1,1,1,1,1,1,1,1,1,1,1,1,1,1
OTU_125,1,1,1,1,1,1,1,1,20,1,84,1,1,312,1,1,1,1,1,2,1,1,1,1,1,1,1,1,1,21,5,1,1,236,1,1,1,1,1,1,1,11,1,1,1,1,1,1,1,39
OTU_126,1,1,1,1,1,1,1,1,1,1,1,1,1,1,1,1,1,1,1,1,1,1,1,1,1,1,1,1,1,1,1,1,1,1,1,1,1,1,1,1,1,1,1,1,1,1,1,1,1,1
OTU_127,1,1,1,1,1,1,1,1,1,1,1,1,1,1,1,1,1,1,1,1,1,1,1,1,1,1,1,1,1,1,1,1,1,1,1,1,1,1,1,1,1,1,1,1,1,1,1,1,1,1
OTU_128,96,270,454,67,287,334,295,333,435,116,222,495,243,46,367,124,66,455,356,268,92,217,172,169,626,500,241,229,658,275,264,58,90,272,271,247,153,60,25,440,183,743,299,437,303,322,984,232,145,901
OTU_129,1,1,1,1,1,1,1,1,1,1,1,1,1,1,1,1,1,1,1,1,1,1,1,1,1,1,1,1,1,1,1,1,1,1,1,1,1,1,1,1,1,1,1,1,1,1,1,1,1,1
OTU_130,1,1,1,1,1,1,1,1,1,1,1,1,1,1,1,1,1,1,1,1,1,1,1,1,1,1,1,1,1,1,1,1,1,1,1,1,1,1,1,1,1,1,1,1,1,1,1,1,1,1
OTU_131,145,365,23,12,91,79,1,107,2,318,169,134,235,60,46,53,125,27,1,18,43,61,33,18,11,413,124,47,186,110,42,22,36,27,151,19,75,156,24,27,26,55,227,13,69,9,31,1,42,305
OTU_132,1,1,1,1,1,1,1,1,1,1,1,1,1,1,1,1,1,1,1,1,1,1,1,1,1,1,1,1,1,1,1,1,1,1,1,1,1,1,1,1,1,1,1,1,1,1,1,1,1,1
OTU_133,1,1,1,1,1,1,1,1,1,1,1,1,1,1,1,1,1,1,1,1,1,1,1,1,1,2,1,1,1,1,1,1,1,1,1,1,1,1,1,1,1,1,1,1,1,1,1,1,1,1
OTU_134,1,1,1,1,1,1,1,1,1,1,1,1,1,1,1,1,1,1,1,1,1,1,1,1,1,1,1,1,1,1,1,1,1,1,1,1,1,1,1,1,1,1,1,1,1,1,1,1,1,5
OTU_135,1,1,1,1,1,1,1,1,1,1,1,1,1,1,1,1,1,1,1,1,1,1,1,1,1,1,1,1,1,1,1,1,1,1,1,1,1,1,1,1,1,1,1,1,1,1,1,1,1,1
OTU_136,138,871,80,421,240,241,583,402,197,512,179,252,155,237,105,609,277,351,481,178,165,162,143,881,652,511,60,919,844,401,376,423,348,170,483,463,689,487,198,516,1069,258,229,473,300,336,196,308,448,105
OTU_137,1,1,1,1,1,1,1,1,1,1,1,1,1,1,1,1,1,1,1,1,1,1,1,1,1,1,1,1,1,1,1,1,1,1,1,1,1,1,1,1,1,1,1,1,1,1,1,1,1,1
OTU_138,1,1,1,1,1,1,1,1,1,1,1,1,1,1,1,1,1,1,1,1,1,1,1,1,1,1,1,1,1,1,1,1,2,1,1,1,1,1,1,1,1,1,1,1,1,1,1,1,1,1
OTU_139,5,6,4,1,1,1,1,1,1,1,1,3,1,1,1,1,12,1,1,3,7,2,94,5,1,2,2,13,1,2,8,1,1,1,1,9,4,1,1,7,1,1,21,4,13,1,4,2,146,103
OTU_140,1,1,1,1,1,1,1,1,1,1,1,1,1,1,1,2,1,1,1,1,1,1,1,1,1,1,1,1,1,1,1,1,1,1,1,1,1,1,1,1,1,1,1,1,1,1,1,1,1,1
OTU_141,1,1,1,1,1,1,1,1,1,1,1,1,1,1,1,1,1,1,1,1,1,1,1,1,1,1,1,1,1,1,1,1,1,1,1,1,1,1,1,1,1,1,1,1,1,1,1,1,1,1
OTU_142,181,340,70,228,355,231,248,73,67,402,317,898,369,233,298,187,84,154,222,341,308,227,431,85,112,489,491,264,227,47,105,259,226,177,597,59,541,38,851,644,203,359,107,93,355,83,463,277,141,352
OTU_143,33,1,20,16,10,1,97,46,174,47,82,1,6,2,61,1,3,49,219,125,75,19,22,11,8,347,112,30,1,215,4,31,15,59,21,2,5,22,2,164,1,85,1,224,28,322,17,141,106,3
OTU_144,1,1,1,1,1,1,1,1,1,1,1,1,1,1,1,1,1,1,1,1,1,1,1,1,1,1,1,1,1,1,1,1,1,1,1,1,1,1,1,1,1,1,1,1,1,1,1,1,1,1
OTU_145,1,1,1,1,1,1,1,1,1,1,1,1,1,1,1,1,1,1,1,1,1,1,1,1,1,1,1,1,1,1,1,1,1,1,1,1,1,1,1,1,1,1,1,1,1,1,1,1,1,1
OTU_146,1,1,1,1,1,1,1,1,1,1,1,1,1,1,1,1,1,1,1,1,1,1,1,1,1,1,1,1,1,1,1,1,1,1,1,1,1,1,1,1,1,1,1,1,1,1,1,1,1,1
OTU_147,1,1,16,1,1,1,1,3,1,25,1,1,31,1,152,4,4,70,29,1,1,28,1,7,1,1,3,1,1,54,1,1,1,1,1,1,1,108,58,1,23,1,1,1,1,7,1,1,4,1
OTU_148,1,1,1,1,1,1,1,1,1,1,1,1,1,1,1,1,1,1,1,1,1,1,1,1,1,1,1,1,1,1,1,1,1,1,1,1,1,1,1,1,1,1,1,1,1,1,1,1,1,1
OTU_149,1,1,1,1,1,1,1,5,1,1,1,1,1,1,1,1,1,1,2,1,1,8,1,1,1,1,1,1,1,1,1,1,1,1,1,1,28,1,1,1,1,1,1,1,1,1,1,10,1,1
OTU_150,1,1,1,1,1,1,1,1,1,1,1,1,1,1,1,1,1,1,1,1,1,1,1,1,1,1,1,1,1,1,1,1,1,1,1,1,1,1,1,1,1,1,1,1,1,1,1,1,1,1
OTU_151,34,8,6,14,577,18,4,53,10,262,32,58,1,16,51,26,5,10,1,1,1,20,141,33,2,85,13,241,1,176,1,6,1,3,1,1,4,20,77,313,1,32,91,228,22,1,1,36,9,11
OTU_152,1,1,1,1,1,1,1,1,1,1,1,1,1,1,1,1,1,1,1,1,1,1,1,1,1,1,1,1,1,1,1,1,1,1,1,1,1,1,1,1,1,1,1,1,1,1,1,1,1,1
OTU_153,1,1,1,1,1,1,1,1,1,1,1,1,1,1,1,1,1,1,1,1,1,1,1,1,1,1,1,1,1,1,1,1,1,1,1,1,1,1,1,1,1,1,1,1,1,1,1,1,1,1
OTU_154,1,1,1,1,1,1,1,1,1,1,1,1,1,1,1,1,1,1,1,1,1,1,1,1,1,1,1,1,1,1,1,1,1,1,1,1,1,1,1,1,1,1,1,1,1,1,1,1,1,1
OTU_155,1,60,1,1,1,1,1,1,1,1,1,1,1,1,144,1,1,1,1,1,1,1,1,1,1,10,1,1,1,1,1,1,1,1,1,1,1,1,1,1,1,1,1,1,1,1,1,12,1,1
OTU_156,1,1,1,1,1,1,1,1,1,1,1,1,1,1,1,1,1,1,1,1,1,1,1,1,1,1,1,1,1,1,1,1,1,1,1,1,1,1,1,1,1,1,1,1,1,1,1,1,1,1
OTU_157,1,1,1,1,1,1,1,1,1,1,1,1,1,1,1,1,1,1,1,1,1,1,1,1,1,1,1,1,1,1,1,1,1,1,1,1,1,1,1,1,1,1,1,1,1,1,1,1,1,1
OTU_158,1,1,1,1,1,1,1,1,1,1,1,1,1,1,1,1,1,1,1,1,1,1,1,1,1,1,1,1,1,1,1,1,1,1,1,1,1,1,1,1,1,1,1,1,1,1,1,1,1,1
OTU_159,96,1,1,1,77,8,1,1,1,18,99,1,106,1,46,139,2,1,1,1,1,1,1,1,1,1,1,2,1,1,1,8,1,1,83,1,1,498,2,1,2,1,1,41,1,1,56,1,1,1
OTU_160,1,1,1,1,1,1,1,1,1,1,1,1,1,1,1,1,1,1,1,1,1,1,1,1,1,1,1,1,1,1,1,1,1,1,1,1,1,1,1,1,1,1,1,1,1,1,1,1,1,1
OTU_161,1,1,1,1,1,1,1,1,1,1,1,1,1,1,1,1,1,1,1,1,1,1,1,1,1,1,1,1,1,1,1,1,1,1,1,1,1,1,1,1,1,1,1,1,1,1,1,1,1,1
OTU_162,1,1,1,1,1,1,1,1,1,1,1,1,1,1,1,1,1,1,1,1,1,1,1,1,1,1,1,1,1,1,1,1,1,1,1,1,1,1,1,1,1,1,1,1,1,1,1,1,1,1
OTU_163,1,1,1,1,1,1,1,1,1,1,1,1,1,1,1,1,1,1,1,1,1,1,1,1,1,1,1,1,1,1,1,1,1,1,1,1,1,1,1,1,1,1,1,1,1,1,1,1,1,1
OTU_164,1,1,1,1,1,1,1,1,1,1,1,1,1,1,1,1,1,1,1,1,1,1,1,1,1,1,1,1,1,1,1,1,1,1,1,1,1,1,1,1,1,1,1,1,1,1,1,1,1,1
OTU_165,1,1,1,1,1,1,1,1,1,1,1,1,1,1,1,1,1,1,1,1,1,1,1,1,1,1,1,1,1,1,1,1,1,1,1,1,1,1,1,1,1,1,1,1,1,1,1,1,1,1
OTU_166,1,1,1,1,1,1,1,1,1,1,1,1,1,1,1,1,1,1,1,1,1,1,1,1,1,1,1,5,1,1,1,6,1,1,1,1,1,1,1,1,1,1,1,1,1,1,1,1,1,1
OTU_167,1,1,1,1,1,1,1,1,1,1,1,1,1,1,1,1,1,1,1,1,1,1,1,1,1,1,1,1,1,1,1,1,1,1,1,1,1,1,1,1,1,1,1,1,1,1,1,1,1,4
OTU_168,1,1,1,1,1,1,1,1,1,1,1,1,1,1,1,1,1,1,1,1,38,1,1,1,1,1,1,1,1,1,1,1,1,1,1,1,1,1,1,1,1,1,1,1,1,1,1,1,1,1
OTU_169,1,1,1,1,1,1,1,1,1,1,1,1,1,1,1,1,1,1,1,1,1,1,1,1,1,1,1,1,1,1,1,1,1,1,1,1,1,1,1,1,1,1,1,1,1,1,1,1,1,1
OTU_170,1,1,1,1,1,1,1,1,1,1,1,1,1,1,1,1,1,1,1,1,1,1,1,1,1,1,1,1,1,1,1,1,1,1,1,1,1,1,1,1,1,1,1,1,1,1,1,1,1,1
OTU_171,1,1,1,1,1,1,1,1,1,1,1,1,1,1,1,1,1,1,1,1,1,1,1,1,1,1,1,1,1,1,1,1,1,1,1,1,1,1,1,1,1,1,1,1,1,1,1,1,1,1
OTU_172,1,1,1,1,1,1,1,1,1,1,1,1,1,1,109,1,1,1,1,1,1,1,1,1,1,1,1,1,1,1,1,1,1,1,1,1,1,1,1,1,1,1,1,1,1,1,1,1,1,1
OTU_173,20,1,127,54,50,73,1,3,15,61,21,65,1,13,2,3,2,1,87,1,2,7,54,12,7,2,105,55,7,45,79,30,71,51,85,15,17,40,262,152,31,513,243,6,71,9,62,18,26,1
OTU_174,1,1,1,1,1,1,1,1,1,1,8,1,1,2,2,2,1,1,1,1,25,3,1,1,7,2,1,1,1,1,38,1,1,49,1,6,1,1,1,1,1,2,1,1,26,1,1,1,1,1
OTU_175,111,8,8,6,43,207,17,110,63,248,86,47,156,1,30,30,24,21,5,1,315,132,200,39,509,35,14,81,2,2,11,1,369,15,20,542,1,1,1,16,208,171,20,7,60,41,110,51,339,35
OTU_176,1,1,4,2,2,1,1,1,1,4,5,1,1,1,1,1,1,1,1,1,10,1,1,1,1,1,1,1,1,1,216,1,7,1,1,1,3,1,9,1,8,1,1,42,165,1,1,1,1,7
OTU_177,1,1,1,1,1,1,1,6,1,4,16,1,1,9,1,1,1,1,1,1,1,4,1,1,131,1,1,1,14,1,14,1,2,1,1,1,1,1,377,1,1,1,179,1,3,1,24,5,1,33
OTU_178,1,1,1,1,1,1,1,1,1,1,1,1,1,1,1,1,1,1,1,1,1,1,1,1,1,1,1,1,1,1,1,1,1,1,1,1,1,1,1,1,1,1,1,1,1,1,1,1,1,1
OTU_179,1,22,1,1,2,1,7,40,1,155,1,1,1,1,1,1,4,1,47,1,61,1,2,82,1,1,1,1,69,15,1,3,1,1,1,1,1,3,2,1,1,1,1,1,1,1,8,2,7,29
OTU_180,1,1,1,1,1,1,1,1,1,1,1,1,1,1,1,1,1,1,1,1,1,1,1,1,1,1,1,1,1,1,1,1,1,1,1,1,1,1,1,1,1,1,1,1,1,1,1,1,1,1
OTU_181,1,420,95,15,110,61,162,641,197,36,1,28,1,7,6,1,56,1,5,7,151,11,1,37,66,1,90,1,1,6,1,4,1,1,128,4,1,255,2,1,19,46,34,44,3,55,1,1,1,8
OTU_182,186,7,88,397,56,87,208,127,20,86,3,21,65,136,30,77,41,171,43,205,89,19,86,47,51,41,150,116,395,98,917,209,23,115,21,337,115,31,195,22,112,2,776,178,133,227,32,3,227,8
OTU_183,1,67,19,5,1,2,14,37,32,3,17,1,2,4,1,7,1,14,1,121,317,1,1,1,72,31,6,1,182,15,1,1,1,8,80,23,1,184,1,33,1,7,1,18,1,1,17,1,157,1
OTU_184,1,99,1,2,1,1,33,4,2,32,1,1,40,2,1,64,31,1,23,5,15,1,1,1,9,109,28,1,1,5,27,1,1,10,1,1,8,18,1,16,1,63,38,2,23,1,4,146,1,1
OTU_185,1,1,1,1,1,1,1,1,1,1,1,1,1,1,1,1,1,1,1,1,1,1,1,1,1,1,1,1,1,1,1,1,1,1,1,1,1,1,1,1,1,1,1,1,1,1,1,1,1,1
OTU_186,1,1,1,1,1,1,1,1,1,1,1,1,1,1,1,1,1,1,1,1,1,1,1,1,1,1,1,1,1,1,1,1,1,1,1,1,1,1,1,1,1,1,1,1,1,1,1,1,1,1
OTU_187,1,1,1,1,1,1,1,1,1,1,1,1,1,1,1,1,1,1,1,1,1,1,1,1,1,1,1,1,1,1,1,1,1,1,1,1,1,1,1,1,1,1,1,1,1,1,1,1,1,1
OTU_188,1,1,1,1,1,1,1,1,1,1,1,1,1,1,1,1,1,1,1,1,1,1,1,1,1,1,1,1,1,1,1,1,1,1,1,1,1,1,1,1,1,1,1,1,1,1,1,1,1,1
OTU_189,1,1,1,1,1,1,1,1,1,1,1,1,1,1,1,1,1,1,1,1,1,1,1,1,1,1,1,1,1,1,1,1,1,1,1,1,1,1,1,1,1,1,1,1,1,1,1,1,1,1
OTU_190,1,1,1,1,1,1,1,1,1,1,1,1,1,1,1,1,1,1,1,1,1,1,1,1,1,1,1,1,1,1,1,1,1,1,1,1,1,1,1,1,1,1,1,1,1,1,1,1,1,1
OTU_191,1,1,1,1,1,1,1,1,1,1,1,1,1,1,1,1,1,1,1,1,1,1,1,1,1,1,1,1,1,1,1,1,1,1,1,1,1,1,1,1,1,1,1,1,1,1,1,1,1,1
OTU_192,1,1,1,1,1,1,1,1,1,1,1,1,1,1,1,1,1,1,1,1,1,1,1,1,1,1,1,1,1,1,1,1,1,1,1,1,1,1,1,1,1,1,1,1,1,1,1,1,1,1
OTU_193,5,238,140,52,170,21,7,85,64,32,12,1,1,3,1,126,45,42,1,8,8,23,51,1,2,1,8,23,1,1,3,1,1,20,200,239,10,1,119,14,257,10,10,44,216,35,3,32,1,20
OTU_194,1,1,1,1,1,1,1,1,1,1,1,1,1,1,1,1,1,1,1,1,1,1,1,1,1,1,1,1,1,1,1,1,1,1,1,1,1,1,1,1,1,1,1,2,1,1,1,1,1,1
OTU_195,1,1,1,1,1,1,1,1,1,1,1,1,1,1,1,1,1,1,1,1,29,1,1,1,1,1,1,1,1,1,1,1,1,1,1,1,1,1,5,1,19,1,1,1,1,1,1,1,1,1
OTU_196,1,1,1,1,1,1,1,1,1,1,1,1,1,1,1,1,1,1,1,1,1,1,1,1,1,1,1,1,1,1,1,1,1,1,1,1,1,1,1,1,1,1,1,1,1,1,1,1,1,1
OTU_197,1,1,1,1,1,1,1,1,1,1,1,1,1,1,1,1,1,1,1,1,1,1,1,1,1,1,1,1,1,1,1,1,1,1,1,1,1,1,1,1,1,1,1,1,1,1,1,1,1,1
OTU_198,1,1,1,1,1,1,1,1,1,1,1,1,1,1,1,1,1,1,1,1,1,1,1,1,1,1,1,1,1,1,1,1,1,1,1,1,1,1,1,1,1,1,1,1,1,1,1,1,1,1
OTU_199,1,1,1,1,1,1,1,1,1,1,1,1,1,1,1,1,1,1,1,1,1,1,1,1,1,1,1,1,1,1,1,1,1,1,1,1,1,1,1,1,1,1,1,1,1,1,1,1,1,1
OTU_200,1,1,1,1,1,1,1,1,1,1,1,1,1,1,1,1,1,1,1,1,1,1,1,1,1,1,1,1,1,1,1,1,1,1,1,1,1,1,1,1,1,1,1,1,1,1,1,1,1,1
OTU_201,384,192,601,226,369,277,25,328,235,326,130,213,39,44,172,325,326,1321,183,788,335,289,59,197,137,46,91,489,358,155,231,285,93,715,126,131,76,130,344,92,1143,943,603,195,107,31,736,1014,185,295
OTU_202,1,1,1,1,1,1,1,1,1,1,1,1,1,1,1,1,1,1,1,1,1,1,1,1,1,1,1,1,1,1,1,1,1,1,1,1,1,1,1,1,1,1,1,1,1,1,1,1,1,1
OTU_203,2,1,1,1,1,1,1,1,1,1,1,1,1,1,1,1,1,1,1,1,1,1,1,14,1,1,1,1,1,1,1,1,2,1,2,1,1,1,1,1,1,1,1,1,1,1,1,1,1,1
OTU_204,1,1,1,1,2,1,1,1,1,1,1,73,2,3,1,33,1,1,11,1,5,25,26,1,1,1,29,1,1,1,3,1,35,1,1,1,375,16,45,2,9,31,1,5,1,1,1,4,2,13
OTU_205,1,1,1,1,1,1,1,1,1,1,1,1,1,1,1,1,1,1,1,1,1,1,1,1,1,1,1,1,1,1,1,1,1,1,1,1,1,1,1,1,1,1,1,1,2,1,1,1,1,1
OTU_206,1,1,1,1,1,1,1,1,2,1,1,1,1,1,1,1,1,1,1,1,1,1,1,1,1,1,1,1,1,1,1,1,1,1,1,1,1,1,1,1,1,1,1,1,1,1,1,1,1,1
OTU_207,1,1,1,1,1,1,1,1,1,1,1,1,1,1,1,1,1,1,1,1,1,1,1,1,1,1,1,1,1,1,1,1,1,1,1,1,1,1,1,1,1,1,1,1,1,1,1,1,1,1
OTU_208,1,1,1,1,1,1,1,1,1,1,1,1,1,1,1,1,1,1,1,1,1,1,1,1,1,1,1,1,1,1,1,1,1,1,1,1,1,1,1,1,1,1,6,1,1,1,1,1,1,1
OTU_209,1,1,1,1,1,1,1,1,1,1,1,1,1,1,1,1,1,1,1,2,1,1,4,1,1,1,1,1,1,1,1,1,1,1,1,1,2,1,1,1,2,1,54,1,64,1,6,2,1,13
OTU_210,1,1,1,1,1,1,1,1,1,1,1,1,1,1,1,1,1,1,1,1,1,1,1,1,1,1,1,1,1,1,1,1,1,1,1,1,1,1,1,1,1,1,1,1,2,1,1,1,1,1
OTU_211,1,1,1,1,1,1,1,1,1,1,1,1,1,1,1,1,1,1,1,1,1,1,1,1,1,1,1,1,1,1,1,1,1,1,1,1,1,1,1,1,1,1,1,1,1,1,1,1,1,1
OTU_212,18,17,1,3,1,1,1,1,2,24,1,3,3,279,41,2,1,36,2,1,128,1,26,1,1,1,25,1,1,1,1,79,20,4,1,1,159,2,3,32,1,1,1,1,1,1,2,68,4,1
OTU_213,225,299,345,259,233,14,7,107,49,446,109,343,600,136,43,489,1304,516,113,374,88,334,49,206,684,77,158,123,209,275,76,324,646,313,217,336,138,595,360,138,62,302,202,385,548,186,37,551,95,247
OTU_214,1,1,1,1,1,1,1,1,1,1,1,1,1,1,1,1,1,1,1,1,1,1,1,1,1,1,1,1,1,1,1,1,1,1,1,1,1,1,1,1,1,1,1,1,1,1,1,1,1,1
OTU_215,1,1,1,1,1,1,1,1,1,1,1,1,1,1,1,1,1,1,1,1,1,1,1,1,1,1,1,1,1,1,1,1,1,1,1,1,1,1,1,1,1,1,1,1,1,1,1,1,1,1
OTU_216,22,84,70,67,12,338,60,404,164,44,29,143,110,3,260,237,9,41,565,79,25,247,190,16,50,291,6,436,88,341,153,7,17,36,228,4,338,328,57,60,23,72,114,684,56,37,7,254,22,48
OTU_217,1,1,1,1,12,1,12,1,1,1,1,1,16,1,1,10,1,1,1,1,1,1,1,1,1,1,1,1,1,1,1,1,1,1,1,1,1,1,1,1,1,1,1,1,1,1,1,1,1,1
OTU_218,1,1,1,1,1,3,52,1,1,7,1,43,1,1,1,1,1,1,1,1,14,1,1,1,1,1,1,1,9,22,26,1,1,1,2,1,1,1,1,1,1,1,1,127,1,1,1,1,1,1
OTU_219,1,1,1,1,1,1,1,1,1,1,1,1,1,1,1,1,1,1,1,1,1,1,1,1,1,1,1,1,1,1,1,1,1,1,1,1,1,1,1,1,1,1,1,1,1,1,1,1,1,1
OTU_220,1,1,1,1,1,1,1,1,1,1,1,1,1,1,1,1,1,1,1,1,1,1,1,1,1,1,1,1,1,1,1,1,1,1,1,1,1,1,1,1,1,1,1,1,1,1,1,1,1,1
OTU_221,1,1,1,1,1,1,1,1,1,1,1,1,1,1,1,1,1,1,1,1,1,1,1,1,1,1,1,1,1,1,1,1,1,1,1,1,1,1,1,1,1,1,1,1,1,1,1,1,1,1
OTU_222,1,1,1,1,1,1,1,1,1,1,1,1,1,1,1,1,1,1,1,1,1,1,1,1,1,1,1,1,1,1,1,1,1,1,1,1,1,1,1,1,1,1,1,1,1,1,1,1,1,1
OTU_223,11,36,37,1,1,4,62,5,204,2,2,50,13,17,1,171,1,2,12,1,44,5,54,1,71,44,1,1,144,3,368,132,1,1,7,1,1,35,1,242,38,2,162,16,33,1,1,3,9,53
OTU_224,1,1,1,1,1,1,1,1,1,1,1,1,1,1,1,1,1,1,1,1,1,1,1,1,1,1,1,1,1,1,1,1,1,1,1,1,1,1,1,1,1,1,1,1,1,1,1,1,1,1
OTU_225,1,1,1,1,1,1,1,1,1,1,1,1,1,1,1,1,1,1,1,1,1,1,1,1,1,1,1,1,1,22,1,1,1,1,1,1,1,1,1,1,1,1,1,1,1,1,1,1,1,1
OTU_226,11,54,8,200,365,48,321,18,9,141,85,370,15,144,102,240,132,28,202,232,1,13,14,51,90,571,30,7,88,4,321,30,12,22,122,13,146,168,22,13,262,47,5,70,57,20,3,14,260,33
OTU_227,45,30,1,2,1,58,1,1,1,81,1,1,1,1,1,1,1,1,1,1,11,8,1,1,1,1,1,1,1,1,20,1,1,1,1,5,1,1,1,1,1,1,1,63,1,1,1,1,6,1
OTU_228,1,1,1,1,1,1,1,1,1,1,1,1,1,1,1,1,1,1,1,1,1,1,1,1,1,1,1,1,1,1,1,1,1,1,1,1,1,1,1,1,1,1,1,1,1,1,1,1,1,1
OTU_229,1,1,1,1,1,1,1,1,1,1,1,1,1,1,1,1,1,1,1,1,1,1,1,1,1,1,1,1,1,1,1,1,1,1,1,1,1,1,1,1,1,1,1,1,1,1,1,1,1,1
OTU_230,1,1,1,1,1,1,1,1,1,1,1,1,1,1,1,1,1,1,1,1,1,1,1,1,1,1,1,1,1,1,1,1,1,1,1,1,1,1,1,1,1,1,1,1,1,1,1,1,1,1
OTU_231,1,1,1,1,1,1,1,1,1,1,1,1,1,1,1,1,1,1,1,1,1,1,1,1,1,1,1,1,1,1,1,1,1,1,1,1,1,1,1,1,1,1,1,1,1,1,1,1,1,1
OTU_232,40,17,62,256,34,119,498,165,11,1181,199,43,200,153,9,176,76,766,157,84,53,101,400,128,384,108,79,525,121,387,33,181,300,374,11,584,4,104,521,62,276,59,92,88,194,354,54,223,255,53
OTU_233,1,1,1,1,1,1,1,1,1,1,1,1,1,1,1,1,1,1,1,1,1,1,1,1,1,1,1,1,1,1,1,1,1,1,1,1,1,1,1,1,1,1,1,1,1,1,1,1,1,1
OTU_234,2,166,76,49,122,55,107,13,1,144,161,24,1,7,15,44,196,4,49,64,47,8,1,64,165,24,1,1,2,1,45,37,33,1,1,3,39,300,70,17,18,4,94,127,3,64,2,1,29,80
OTU_235,1,1,1,1,1,1,1,1,1,1,1,1,1,1,1,1,1,1,1,1,1,1,1,1,1,1,1,1,1,1,1,1,1,1,1,1,1,1,1,1,1,1,1,1,1,1,1,1,1,1
OTU_236,1,1,1,1,1,1,1,1,1,1,1,1,1,1,1,1,1,1,1,1,1,1,1,1,1,1,1,1,1,1,1,1,1,1,1,1,1,1,1,1,1,1,1,1,1,1,1,1,1,1
OTU_237,1,1,1,1,1,1,1,1,1,1,1,1,1,1,1,1,1,1,1,1,1,1,1,1,1,1,1,1,1,1,1,1,1,1,1,1,1,1,1,1,1,1,1,1,1,1,1,1,1,1
OTU_238,1,1,1,1,1,1,1,1,1,1,1,1,1,1,1,1,1,1,1,1,1,1,1,1,1,1,1,1,1,1,1,1,1,1,1,1,1,1,1,1,1,1,1,1,1,1,1,1,1,1
OTU_239,1,1,1,1,1,1,1,1,1,1,1,1,1,1,1,1,1,1,1,1,1,1,1,1,1,1,1,1,1,1,1,1,1,1,1,1,1,1,4,1,1,1,1,1,1,1,1,1,1,1
OTU_240,1,1,1,1,1,1,1,1,1,1,1,1,1,1,1,1,1,1,1,1,1,1,1,1,1,1,1,1,1,1,1,1,1,1,1,1,1,1,1,1,1,1,1,1,1,1,1,1,1,1
OTU_241,1,1,1,1,1,1,1,1,1,1,1,1,1,1,1,1,1,1,1,1,1,1,1,1,1,1,1,1,1,1,1,1,1,1,1,1,1,1,1,1,1,1,1,1,1,1,1,1,1,1
OTU_242,1,1,1,1,1,1,1,1,1,1,1,1,1,1,1,1,1,1,1,1,1,1,1,1,1,1,1,1,1,1,1,1,1,1,1,1,1,1,1,1,1,1,1,1,1,1,1,1,1,1
OTU_243,1,1,1,1,1,1,16,20,1,1,1,1,16,321,1,1,1,6,1,3,7,2,1,1,17,1,124,1,1,1,1,335,2,1,1,1,1,1,3,1,1,2,2,1,1,1,1,1,1,8
OTU_244,1,1,1,1,14,1,3,1,1,1,1,1,1,1,1,1,1,1,1,1,1,1,1,1,1,1,1,1,1,1,1,1,1,1,1,1,1,1,1,1,1,1,1,1,1,1,1,1,1,1
OTU_245,1,1,1,1,1,1,1,1,1,1,1,1,1,1,1,1,1,1,1,1,1,1,1,1,1,1,1,1,1,1,1,1,1,1,1,1,1,1,1,1,1,1,1,1,1,1,1,1,1,1
OTU_246,1,1,1,1,1,1,1,1,1,1,34,1,1,1,1,5,1,4,1,1,1,1,1,1,1,1,1,1,1,1,1,1,1,1,1,1,1,62,1,1,1,1,12,1,3,1,6,1,1,1
OTU_247,1,1,1,1,1,1,1,1,1,1,1,1,1,1,1,1,1,1,1,1,1,1,1,1,1,1,1,1,1,1,1,1,1,1,1,1,1,1,1,1,1,1,1,1,1,1,1,2,1,1
OTU_248,1,1,1,1,1,1,1,1,1,1,1,1,1,1,1,1,1,1,1,1,1,1,1,1,1,1,1,1,1,1,1,1,1,1,1,1,1,1,1,1,1,1,1,1,1,1,1,1,1,1
OTU_249,1,1,1,1,1,1,1,1,1,1,1,1,1,1,1,1,1,1,1,1,1,1,1,1,1,1,1,1,1,1,1,1,1,1,1,1,1,1,1,1,1,1,1,1,1,1,1,1,1,1
OTU_250,1,1,1,1,1,1,1,1,1,1,1,1,1,1,1,1,1,1,1,1,1,1,1,1,1,1,1,1,1,1,1,1,1,1,1,1,1,1,1,1,1,1,1,1,1,1,1,1,1,1
OTU_251,1,1,1,1,1,1,1,1,1,1,1,1,1,1,1,1,1,1,1,1,1,1,1,1,1,1,1,1,1,1,1,1,1,1,1,1,1,1,1,1,1,1,1,1,1,1,1,1,1,1
OTU_252,1,1,1,1,1,1,1,1,1,1,1,1,1,1,1,1,1,1,1,1,1,1,1,1,1,1,1,1,1,1,1,1,1,1,1,1,1,1,1,1,1,1,1,1,1,1,1,1,1,1
OTU_253,3,1,2,1,1,1,2,1,2,1,1,1,1,1,1,1,1,1,21,1,16,1,1,1,1,1,1,1,1,1,1,1,1,7,1,1,1,1,1,1,1,1,1,1,1,1,11,1,1,1
OTU_254,1,1,1,1,1,1,1,1,1,1,1,1,1,1,1,1,1,1,1,1,1,1,1,1,1,1,1,1,1,1,1,1,1,1,1,1,1,1,1,1,1,1,1,1,1,1,1,1,1,1
OTU_255,1,1,1,1,1,1,1,1,1,1,1,1,1,1,1,4,1,1,1,1,1,1,1,1,1,1,1,1,1,1,1,1,1,1,1,1,1,1,1,1,1,1,1,1,1,1,1,1,1,1
OTU_256,1,1,1,7,1,1,1,1,1,1,1,1,1,1,1,1,1,1,1,8,1,1,1,1,1,1,1,1,1,1,1,1,1,1,10,1,31,1,274,1,1,1,1,1,1,1,1,1,1,1
OTU_257,1,1,1,1,1,1,1,1,1,1,1,1,1,1,1,1,1,1,1,1,1,1,1,1,1,1,1,1,1,1,1,1,1,1,1,1,1,1,1,1,1,1,1,1,1,1,1,1,1,1
OTU_258,1,1,1,1,1,1,1,1,2,1,1,1,1,1,1,107,1,1,1,1,1,1,2,1,1,1,1,1,1,1,1,7,1,1,1,1,1,1,1,1,1,1,1,1,1,1,1,3,1,1
OTU_259,34,239,5,32,151,16,217,16,9,135,392,83,166,461,71,39,64,359,92,504,82,400,383,618,131,104,200,631,262,589,499,105,150,394,365,191,45,83,436,140,35,8,228,148,243,329,135,41,48,174
OTU_260,1,1,1,3,1,1,15,61,1,1,1,53,1,1,2,186,13,1,1,1,1,1,1,1,1,3,2,1,1,1,1,1,1,1,1,1,1,1,1,1,16,1,1,10,1,2,1,1,1,1
OTU_261,1,1,1,1,1,1,1,1,1,1,1,1,1,1,1,1,1,1,1,1,1,1,1,1,1,1,1,1,1,1,1,1,1,1,1,1,1,1,1,1,1,1,1,1,1,1,1,1,1,1
OTU_262,2,1,1,47,1,39,3,1,1,1,74,1,1,1,1,94,2,21,1,8,3,1,1,1,1,1,2,112,1,1,4,64,13,9,1,71,1,44,5,31,1,1,4,335,1,41,1,136,38,1
OTU_263,1,1,1,1,1,1,1,1,1,1,1,1,1,1,1,1,1,1,1,1,1,1,1,1,1,1,1,1,1,1,1,1,1,1,1,1,1,1,1,1,1,1,1,1,1,1,1,1,1,1
OTU_264,1,1,1,1,1,1,1,1,9,1,1,1,1,1,1,1,1,1,1,1,1,1,1,1,1,1,1,2,1,1,1,1,1,1,1,1,4,17,1,2,1,1,1,1,1,1,1,1,1,5
OTU_265,1,1,1,1,1,1,1,1,1,1,1,1,1,1,1,1,1,1,1,1,1,1,1,1,1,1,1,1,1,1,1,1,1,1,1,1,1,1,1,1,1,1,1,1,1,1,1,1,1,1
OTU_266,1,1,1,1,1,1,1,1,1,1,1,1,1,1,1,2,1,1,1,1,1,1,1,1,1,1,1,1,1,1,1,1,1,1,1,47,1,1,1,1,1,1,1,1,1,1,1,45,1,1
OTU_267,1,2,1,1,1,1,1,1,1,1,1,1,1,1,1,1,1,1,1,1,1,1,1,1,1,1,1,1,1,1,1,1,1,1,1,1,1,23,1,1,1,1,1,1,1,1,1,1,1,1
OTU_268,230,536,309,969,395,344,549,139,467,948,160,258,52,119,363,802,267,427,127,110,194,519,561,507,155,232,136,429,225,359,161,311,587,224,110,287,852,432,168,269,277,201,310,301,235,391,801,462,104,783
OTU_269,1,1,1,1,1,1,1,1,1,1,1,1,1,1,1,1,1,1,1,1,1,1,1,1,1,1,1,1,1,1,1,1,1,1,1,1,1,1,1,1,1,1,1,1,1,1,1,1,62,1
OTU_270,1,1,1,1,1,1,1,1,1,1,1,1,1,1,1,1,1,1,1,1,1,1,1,1,1,1,1,1,1,1,1,1,1,1,1,1,1,1,1,1,1,1,1,1,1,1,1,1,1,1
OTU_271,1,12,31,1,1,149,127,40,5,337,2,1,2,202,24,17,1,3,1,1,9,1,1,38,246,155,3,1,1,24,1,1,1,4,1,3,49,7,33,1,2,5,3,1,1,1,1,1,55,78
OTU_272,1,1,1,1,1,1,1,1,1,1,1,1,1,1,1,1,1,1,1,1,1,1,1,1,1,1,1,1,1,1,1,1,1,1,1,1,1,1,1,1,1,1,1,1,1,1,1,1,1,1
OTU_273,113,1324,44,20,311,6,134,44,392,327,334,231,152,107,61,299,8,166,106,201,586,579,462,121,14,318,141,148,65,70,163,310,364,16,139,133,4,386,244,200,75,43,470,184,256,169,16,5,80,43
OTU_274,1,1,1,1,1,1,1,1,1,1,1,1,1,1,1,1,1,1,1,1,1,1,1,1,1,1,1,1,1,1,1,1,1,1,1,1,1,1,1,1,1,1,1,1,1,1,2,1,1,1
OTU_275,1,1,1,1,1,1,1,1,1,1,1,1,1,1,1,1,1,1,1,1,1,1,1,1,1,1,1,1,1,1,1,1,1,1,1,1,1,1,1,1,1,1,1,1,1,1,1,1,1,1
OTU_276,1,1,1,1,1,1,1,1,1,1,1,1,1,1,1,1,1,1,1,1,1,1,1,1,1,1,1,1,1,1,1,1,1,1,1,1,1,1,1,1,1,1,1,1,1,1,1,1,1,1
OTU_277,1,1,1,1,1,1,1,1,1,1,1,1,1,1,1,1,1,1,1,1,1,1,1,1,1,1,1,1,1,1,1,1,1,1,1,1,1,1,1,1,1,1,1,1,1,1,1,1,1,1
OTU_278,1,1,38,1,1,1,1,1,1,1,1,1,1,1,1,1,1,3,8,1,1,1,6,1,1,1,1,1,4,1,7,1,1,1,1,28,1,1,1,1,1,1,1,1,1,1,1,1,1,1
OTU_279,1,1,1,1,1,1,1,1,1,1,1,1,1,1,1,1,1,1,1,1,1,1,1,1,1,1,1,1,1,1,1,1,1,1,1,1,1,1,1,1,1,1,1,1,1,1,1,1,1,1
OTU_280,1,1,1,1,1,1,1,1,1,1,1,1,1,1,1,1,1,1,1,1,1,1,1,1,1,1,1,1,1,1,1,1,1,1,1,1,1,1,1,1,1,1,1,1,1,1,1,1,1,1
OTU_281,1,1,1,1,1,1,4,1,1,1,1,1,1,1,1,1,1,123,1,1,1,1,1,43,42,3,1,1,1,1,17,1,1,3,1,1,1,1,1,1,1,1,4,1,1,1,2,9,1,3
OTU_282,1,1,1,1,1,6,1,1,1,1,1,1,1,1,8,1,1,1,1,1,1,1,1,170,235,1,1,1,1,1,1,1,1,1,1,1,1,8,1,1,1,1,1,2,1,1,1,1,1,1
OTU_283,1,1,1,1,1,1,1,1,1,1,1,1,1,1,1,1,1,1,1,1,1,1,1,1,1,1,1,1,1,1,1,1,1,1,1,1,1,1,1,1,1,1,1,1,1,1,1,1,1,1
OTU_284,1,1,1,1,1,1,1,1,1,1,1,1,1,1,1,1,1,1,1,1,1,1,1,1,1,1,1,1,1,1,1,1,1,1,1,1,1,1,1,1,1,1,1,1,1,1,1,1,1,1
OTU_285,1,1,1,1,1,1,1,1,1,1,1,1,1,1,1,1,1,1,1,1,1,1,1,1,1,1,1,1,1,1,1,1,1,1,1,1,1,1,1,1,1,1,1,1,1,1,1,1,1,1
OTU_286,1,1,1,1,1,1,1,1,1,1,1,1,1,1,1,1,1,1,1,1,1,1,1,1,1,1,1,1,1,1,1,1,1,1,1,1,1,1,1,1,1,1,1,1,1,1,1,1,1,1
OTU_287,1,1,1,1,1,1,1,1,1,1,1,1,1,1,1,1,1,1,3,1,1,1,1,1,1,1,1,1,1,1,1,1,1,1,1,8,1,1,22,1,1,1,1,1,1,1,47,1,1,1
OTU_288,1,1,1,1,1,1,1,1,1,2,1,1,1,1,1,1,1,1,14,1,1,1,1,1,1,1,1,1,1,1,1,1,1,1,1,1,1,1,1,1,1,1,1,1,1,1,1,1,1,1
OTU_289,1,1,1,1,1,1,1,1,1,1,1,1,1,1,1,1,1,1,1,1,1,1,1,1,1,1,1,1,1,1,1,1,1,1,1,1,1,1,1,1,1,1,1,1,1,1,1,1,1,1
OTU_290,1,1,1,1,1,1,1,1,1,1,1,1,1,1,1,1,1,1,1,1,1,1,1,1,1,1,1,1,1,1,1,1,1,1,1,1,1,1,1,1,1,1,1,1,1,1,1,1,1,1
OTU_291,1,1,1,1,1,1,1,1,1,1,1,1,1,1,1,1,1,1,1,1,1,1,1,1,1,1,1,1,1,1,1,1,1,1,1,1,1,1,1,1,1,1,1,1,1,1,1,1,1,1
OTU_292,38,144,43,6,296,176,262,251,251,125,103,122,274,144,392,391,20,280,157,145,302,116,354,322,14,393,3,177,90,99,149,174,408,370,554,65,662,440,668,324,81,44,297,376,483,142,235,268,159,443
OTU_293,1,1,1,1,1,1,1,1,1,1,1,1,1,1,1,1,1,1,1,1,1,1,1,1,1,1,1,1,1,1,1,1,1,1,1,1,1,1,1,1,1,1,1,1,1,1,1,1,1,1
OTU_294,1,1,1,1,1,1,1,1,1,1,1,1,1,1,1,1,1,1,1,1,1,1,1,3,1,1,1,1,1,1,1,1,5,1,1,1,1,1,1,1,1,1,1,1,1,1,1,3,1,1
OTU_295,1,1,1,1,1,1,1,1,1,1,1,1,1,1,1,1,1,1,1,1,1,1,1,1,1,1,1,1,1,1,1,1,1,1,1,1,1,1,1,1,1,1,1,1,1,1,1,1,1,1
OTU_296,1,1,1,1,1,1,1,1,1,1,1,1,1,1,1,1,1,1,1,1,1,1,1,1,1,1,1,1,1,1,1,1,1,1,1,1,1,1,1,1,1,1,1,1,1,1,1,1,1,1
OTU_297,1,1,1,1,1,1,1,1,1,1,1,1,1,1,1,1,1,1,4,1,1,1,1,1,1,168,1,1,1,1,1,1,1,1,1,1,1,1,1,1,1,67,1,1,1,1,1,1,1,2
OTU_298,387,135,281,145,274,428,477,366,239,199,164,162,217,392,385,74,85,59,50,115,354,107,317,265,438,840,128,125,323,132,325,233,150,273,476,403,278,106,116,41,122,148,466,214,405,89,667,134,36,247
OTU_299,1,1,1,1,1,9,1,1,1,1,1,6,2,3,1,1,1,1,1,10,1,1,1,1,1,1,1,46,1,1,1,1,1,1,1,1,1,1,1,44,1,1,1,1,5,1,1,2,1,1
OTU_300,1,1,1,1,1,1,1,1,1,1,1,1,1,1,1,1,1,1,1,1,1,1,1,1,1,1,1,1,1,1,1,1,1,1,1,1,1,1,1,1,1,1,1,1,1,1,1,1,1,1
OTU_301,1,1,1,1,1,1,1,1,1,1,1,1,1,1,1,1,1,1,1,1,1,1,1,1,1,1,1,1,1,1,1,1,1,1,1,1,1,1,1,1,1,1,1,1,1,1,1,1,1,1
OTU_302,1,1,1,1,1,1,1,1,1,1,1,1,1,1,1,1,1,1,1,1,1,1,1,1,1,1,1,1,1,1,1,1,1,1,1,1,1,1,1,1,1,1,1,1,1,1,1,1,1,1
OTU_303,1,58,1,3,1,228,1,1,1,74,16,1,1,1,1,1,1,1,5,1,1,1,1,2,1,1,1,1,1,1,1,133,1,1,1,4,1,17,1,1,1,1,6,1,186,1,1,63,1,1
OTU_304,1,1,1,1,1,1,1,1,1,1,1,1,1,1,1,1,1,1,1,1,1,1,1,1,1,1,1,1,1,1,1,1,1,1,1,1,1,1,1,1,1,1,1,1,1,1,1,1,1,1
OTU_305,1,1,9,1,1,1,1,1,1,1,1,1,1,1,1,18,1,1,1,1,1,1,1,1,1,1,1,1,1,1,1,1,1,1,1,1,1,1,1,1,7,1,1,1,1,1,1,1,1,1
OTU_306,1,17,5,2,40,2,268,15,1,34,84,1,146,1,8,4,18,21,87,8,17,1,34,53,1,1,128,140,1,1,36,24,1,2,2,63,34,15,1,1,1,1,87,21,4,11,3,88,265,8
OTU_307,488,523,157,632,1025,78,497,249,256,236,513,374,217,1045,125,545,292,586,474,230,226,83,633,219,530,289,222,660,163,298,613,384,205,382,695,991,316,481,748,317,242,252,489,393,81,650,630,792,187,353
OTU_308,1,1,1,1,1,1,1,1,1,1,1,1,1,1,1,1,1,1,1,1,1,1,1,1,1,1,1,1,1,1,1,1,1,1,1,1,1,1,1,1,1,1,1,1,1,1,1,1,1,1
OTU_309,1,6,1,1,1,1,1,4,1,3,1,98,1,1,1,1,1,1,1,1,30,1,1,1,1,1,1,1,1,1,1,1,1,1,1,97,1,1,1,1,1,1,2,1,21,1,1,1,1,1
OTU_310,1,1,1,1,1,1,1,1,1,1,1,1,1,1,126,1,1,1,1,1,1,1,1,1,1,1,1,1,1,1,1,1,1,1,1,1,1,1,1,1,1,1,1,1,1,1,1,1,1,1
OTU_311,1,1,1,1,1,1,1,1,1,1,1,1,1,1,1,1,1,1,1,1,1,1,1,1,1,1,1,1,1,1,1,1,1,1,1,1,1,1,1,1,1,1,1,1,1,1,1,1,1,1
OTU_312,1,1,1,1,1,1,1,1,1,1,1,1,1,1,1,49,1,1,1,1,1,1,1,1,1,1,1,1,1,1,1,1,1,1,1,1,1,1,1,1,1,1,1,1,1,1,1,1,1,1
OTU_313,1,1,1,1,1,1,1,1,1,1,1,1,1,1,1,1,1,1,1,1,1,1,1,1,1,1,1,1,1,1,1,1,1,1,1,1,1,1,1,1,1,1,1,1,1,1,1,1,1,1
OTU_314,1,1,1,1,1,1,1,1,1,1,1,1,1,1,1,1,1,1,1,1,1,1,1,1,1,1,1,1,1,1,1,1,1,1,1,1,1,1,1,1,1,1,1,1,1,1,1,1,1,1
OTU_315,1,1,1,1,1,1,1,1,1,1,1,1,1,1,1,1,1,1,1,1,1,1,1,1,1,1,1,1,1,1,1,1,1,1,1,1,1,1,1,1,1,1,1,1,1,1,1,1,1,1
OTU_316,1,1,1,1,1,1,1,1,1,1,1,1,1,1,1,1,1,1,1,1,1,1,1,1,1,1,1,1,1,1,1,1,1,1,1,1,1,1,1,1,1,1,1,1,1,1,1,1,1,1
OTU_317,1,1,1,32,1,1,1,1,1,1,1,1,1,1,2,1,1,1,1,1,1,1,26,1,1,1,23,1,3,1,1,35,1,1,1,1,1,1,1,1,1,1,1,1,1,1,1,1,1,1
OTU_318,1,3,1,1,1,1,1,1,1,1,1,1,1,1,25,1,1,55,1,1,39,2,1,8,1,6,1,1,1,1,1,22,1,1,3,1,1,1,1,1,1,1,1,1,1,1,2,1,1,2
OTU_319,1,1,1,1,1,1,1,1,1,1,1,1,1,1,1,1,1,1,1,1,1,1,1,1,1,1,1,1,1,1,1,1,1,1,1,1,1,1,1,1,1,1,1,1,1,1,1,1,1,1
OTU_320,1,1,1,1,2,1,1,1,1,1,1,1,1,1,1,1,1,1,1,1,1,1,1,1,10,1,1,1,1,1,1,1,1,18,1,1,1,1,10,1,1,1,1,1,1,1,1,1,1,1
OTU_321,1,1,9,1,2,2,136,1,1,2,10,1,390,1,1,1,1,6,346,1,24,1,1,9,2,5,771,36,41,1,1,2,233,1,12,2,5,23,1,44,1,1,1,2,9,3,17,1,30,102
OTU_322,1,1,1,1,1,1,1,27,2,1,1,1,10,143,1,1,1,1,7,69,1,1,1,1,86,1,24,1,1,4,1,1,1,5,1,1,1,1,1,1,1,1,1,1,1,1,1,1,1,1
OTU_323,1,1,1,1,1,1,1,1,1,1,1,1,1,1,1,1,1,1,1,1,1,1,1,1,1,1,1,1,1,1,1,1,1,1,1,1,1,1,1,1,1,1,1,1,1,1,1,1,1,1
OTU_324,1,1,1,1,1,1,1,1,1,1,1,1,1,1,1,1,1,1,1,1,1,1,1,1,1,1,1,1,1,1,1,1,1,1,1,1,1,1,1,1,1,1,1,1,1,1,1,1,1,1
OTU_325,1,1,1,1,1,1,1,1,1,1,1,1,1,1,1,1,1,1,1,1,1,1,1,1,1,1,1,1,1,1,1,1,1,1,1,1,1,1,1,1,1,1,1,1,1,1,1,1,1,1
OTU_326,1,1,1,1,1,1,1,1,1,1,1,1,1,1,1,1,1,1,1,1,1,1,1,1,1,1,1,1,1,1,1,1,1,1,1,1,1,1,1,1,1,1,1,1,1,1,1,1,1,1
OTU_327,169,1,1,1,1,1,1,1,1,1,1,1,2,1,1,1,1,231,41,1,1,1,1,1,1,3,1,1,1,70,1,1,11,1,1,3,1,1,1,1,60,1,1,1,1,1,1,1,1,1
OTU_328,158,86,322,208,91,54,126,172,20,2,65,92,137,223,125,596,157,110,14,55,298,209,600,468,52,31,49,104,138,74,81,525,189,31,128,396,6,344,10,115,439,78,118,387,238,40,23,323,77,50
OTU_329,1,1,1,1,1,1,1,1,1,1,1,1,1,1,1,1,1,1,1,1,1,2,1,1,1,1,1,1,1,1,1,1,1,1,1,1,122,6,1,1,1,1,1,1,1,1,1,1,1,1
OTU_330,1,1,1,1,1,1,1,1,1,1,2,1,1,1,1,1,1,1,1,1,1,1,1,1,1,1,1,1,1,1,1,1,1,1,1,1,1,1,1,1,1,1,1,1,1,1,1,1,1,1
OTU_331,1,1,1,1,1,1,1,1,1,1,1,1,1,1,1,1,1,1,1,1,1,1,1,1,1,1,1,1,1,1,1,1,1,1,1,1,1,1,1,1,1,1,1,1,1,1,1,1,1,1
OTU_332,1,1,1,1,1,1,1,1,1,1,1,1,1,1,1,1,1,1,1,1,1,1,1,1,1,1,1,1,1,1,1,1,1,1,1,1,1,1,1,1,1,1,1,1,1,1,1,1,1,1
OTU_333,1,1,1,1,1,1,1,1,1,1,1,1,1,1,1,1,1,1,1,1,1,1,1,1,1,1,1,1,1,1,1,1,1,1,1,1,1,1,1,1,1,1,1,1,1,1,1,1,1,1
OTU_334,1,1,1,1,1,1,1,1,1,1,1,1,1,1,1,1,1,1,1,1,1,1,1,1,1,1,1,1,1,1,1,1,1,1,1,1,1,1,1,1,1,1,1,1,1,1,1,1,1,1
OTU_335,1,1,1,1,1,1,1,1,1,1,1,1,1,1,1,1,1,1,1,1,1,1,1,1,1,1,1,1,1,1,1,1,1,1,1,1,1,1,1,1,1,1,1,1,1,1,1,1,1,1
OTU_336,1,1,1,1,1,1,1,1,1,1,1,1,1,1,1,1,1,1,1,1,1,1,1,1,1,1,1,1,1,1,1,1,1,1,1,1,1,1,1,1,1,1,1,1,1,1,1,1,1,1
OTU_337,1,1,1,1,1,1,1,1,1,1,1,1,1,1,1,1,1,1,1,1,1,1,1,1,1,1,1,1,1,1,1,1,1,1,1,1,1,1,1,1,1,1,1,1,1,1,1,1,1,1
OTU_338,1,1,1,1,1,1,1,1,1,1,1,1,1,1,1,1,1,1,1,1,1,1,1,1,1,1,1,1,1,1,1,1,1,1,1,1,1,1,1,1,1,1,1,1,1,1,1,1,1,1
OTU_339,1,33,1,1,125,1,6,1,1,1,9,1,1,1,21,1,1,1,19,1,1,1,1,1,1,1,155,107,1,47,1,1,16,1,1,1,1,1,1,3,10,1,18,1,2,1,1,2,16,1
OTU_340,1,1,1,1,1,1,1,1,1,1,1,1,1,1,1,1,1,1,1,1,1,1,1,1,1,1,1,1,1,1,1,1,1,1,1,1,1,1,1,1,1,1,1,1,1,1,1,1,1,1
OTU_341,1,1,1,1,1,1,1,1,1,1,1,1,1,1,1,1,1,1,1,1,1,1,1,1,1,1,1,1,1,1,1,1,1,1,1,1,1,1,1,1,1,1,1,1,1,1,1,1,1,1
OTU_342,1,1,1,1,1,1,1,1,1,1,1,1,1,1,1,1,1,1,1,1,1,1,1,1,1,1,1,1,1,1,1,1,1,1,1,1,1,1,1,1,1,1,1,1,1,1,1,1,1,1
OTU_343,2,1,1,2,1,12,1,1,1,201,2,1,1,3,1,1,1,11,9,1,1,1,1,1,1,14,2,1,1,38,1,1,96,168,1,1,1,3,1,1,1,1,1,1,40,1,1,1,1,1
OTU_344,1,1,1,1,1,1,1,1,1,1,1,1,1,1,1,1,1,1,1,1,1,1,1,1,1,1,1,1,1,1,1,1,1,1,1,1,1,1,1,1,1,1,1,1,1,1,1,1,1,1
OTU_345,1,1,1,1,1,1,1,1,1,1,1,1,1,1,1,1,1,1,1,1,1,1,1,1,1,1,1,1,1,1,1,1,1,1,1,1,1,1,1,1,1,1,1,1,1,1,1,1,1,1
OTU_346,1,1,2,1,1,17,1,1,1,1,1,1,1,1,1,1,1,1,1,1,1,1,1,1,1,1,1,1,1,1,1,1,1,1,1,1,1,1,1,1,84,1,1,1,1,1,1,1,1,1
OTU_347,100,1,118,1,5,1,66,2,1,1,1,16,2,1,1,1,28,1,33,2,1,1,10,25,2,1,5,1,1,2,4,1,2,1,2,1,10,2,1,1,1,1,1,1,1,1,5,1,9,1
OTU_348,1,1,1,1,1,1,1,1,1,1,1,1,1,1,1,1,1,1,1,1,1,1,1,1,1,1,1,1,1,1,1,1,1,1,1,1,1,1,1,1,1,1,1,1,1,1,1,1,1,1
OTU_349,1,1,1,1,1,1,1,1,1,1,1,1,1,1,1,1,1,1,1,1,1,1,1,1,1,1,1,1,1,1,1,1,1,1,1,1,1,1,1,1,1,1,1,1,1,1,1,1,1,1
OTU_350,1,1,1,1,1,1,1,1,1,1,1,1,1,1,1,1,1,1,1,1,1,1,1,1,1,1,1,1,1,1,1,1,1,1,1,1,1,1,1,1,1,1,1,1,1,1,1,1,1,1
OTU_351,1,1,1,1,1,1,1,1,1,1,1,1,1,1,1,1,1,1,1,1,1,1,1,1,1,1,1,1,1,1,1,1,1,1,1,1,1,1,1,1,1,1,1,1,1,1,1,1,1,1
OTU_352,1,1,1,1,1,1,1,1,1,1,1,1,1,1,1,1,1,1,1,1,1,1,1,1,1,1,1,1,1,1,1,1,1,1,1,1,1,1,1,1,1,1,1,1,1,1,1,1,1,1
OTU_353,1,1,1,1,1,1,1,1,1,1,1,1,1,1,1,1,1,1,1,1,1,1,1,1,1,1,1,1,1,1,1,1,1,1,1,1,1,1,1,1,1,1,1,1,1,1,1,1,1,1
OTU_354,1,1,1,1,1,1,1,1,1,1,1,1,1,1,1,1,1,1,1,1,1,1,1,1,1,1,1,1,1,1,1,1,1,1,1,1,1,1,1,1,1,1,1,1,1,1,1,1,1,1
OTU_355,1,1,1,1,1,1,1,1,1,1,1,1,1,1,1,1,1,1,1,1,1,1,1,1,1,1,1,1,1,1,1,1,1,1,1,1,1,1,1,1,1,1,11,1,1,1,1,1,1,1
OTU_356,9,2,402,1,1,17,26,1,196,149,6,3,65,1,43,1,4,2,73,70,109,34,75,53,9,180,36,1,1,1,9,53,95,170,1,37,81,3,43,8,1,2,1,11,7,105,1,2,1,51
OTU_357,238,58,276,648,171,190,195,75,177,136,227,267,760,147,165,275,234,276,445,227,101,15,200,357,146,573,53,184,70,501,334,61,263,527,185,364,181,463,282,71,141,150,26,109,162,88,432,69,346,27
OTU_358,1,1,1,1,1,1,1,1,1,1,1,1,1,1,1,1,1,1,1,1,1,1,1,1,1,1,1,1,1,1,1,1,1,1,1,1,1,1,1,1,1,1,1,1,1,1,1,1,1,1
OTU_359,36,99,231,1,92,123,140,30,27,368,61,347,36,30,37,442,138,62,162,42,77,121,271,11,213,68,252,22,53,60,9,23,1,92,43,131,6,116,65,134,45,288,28,80,13,84,68,32,33,18
OTU_360,1,1,1,1,1,1,1,1,1,1,1,1,1,1,1,1,1,1,1,1,1,1,1,1,1,1,1,1,1,1,1,1,1,1,1,1,1,1,1,1,1,1,1,1,1,1,1,1,1,1
OTU_361,1,1,1,1,1,1,1,1,1,1,1,1,1,1,1,1,1,1,1,1,1,1,1,1,1,1,1,1,1,1,1,1,1,1,1,1,1,1,1,1,1,1,1,1,1,1,1,1,1,1
OTU_362,1,1,1,1,1,1,1,1,1,1,1,1,1,1,1,1,1,1,1,1,1,1,1,1,1,1,1,1,1,1,1,1,1,1,1,1,1,1,1,1,1,1,1,1,1,1,1,1,1,1
OTU_363,1,12,18,6,127,3,458,575,7,8,11,3,205,4,1,30,4,243,50,3,1,4,3,1,77,65,8,25,5,11,27,9,25,1,35,55,9,5,5,250,1,25,217,138,9,138,1,69,116,1
OTU_364,1,1,1,1,1,1,1,1,1,1,1,1,1,1,1,1,1,1,1,1,1,1,1,1,1,1,1,1,1,1,1,1,1,1,1,1,1,1,1,1,1,1,1,1,1,1,1,1,1,1
OTU_365,1,1,85,313,1,1,5,37,9,32,1,1,23,5,1,1,29,3,64,2,246,2,69,142,4,3,47,19,86,75,1,56,6,2,427,2,124,207,2,8,2,1,6,12,23,116,32,61,18,71
OTU_366,30,11,212,209,69,87,175,36,65,41,219,71,111,134,384,216,163,50,921,58,8,610,427,7,42,122,72,89,73,322,262,274,269,455,480,220,495,52,463,111,112,152,157,421,130,35,270,79,313,201
OTU_367,1,1,1,1,1,1,4,1,1,1,1,6,1,1,1,1,1,1,1,1,1,1,1,1,1,1,1,1,130,1,1,1,1,1,1,1,1,1,1,1,1,1,5,8,1,1,1,1,1,1
OTU_368,1,1,1,1,1,1,1,1,1,1,1,1,1,1,1,1,1,1,1,1,1,1,1,1,1,1,1,1,1,1,1,1,1,1,1,1,1,1,1,1,1,1,1,1,1,1,1,1,1,1
OTU_369,69,1,41,19,10,131,2,393,473,14,29,3,702,30,101,43,114,19,90,6,15,60,19,152,123,437,8,32,2,19,88,12,29,2,103,54,150,16,22,1,2,13,16,7,94,4,174,1,530,363
OTU_370,1,1,1,1,1,1,1,1,1,1,1,1,1,1,1,1,1,1,1,1,1,1,1,1,1,1,1,1,1,1,1,1,1,1,1,1,1,1,1,1,1,1,2,1,1,1,1,1,1,1
OTU_371,173,7,79,1,26,1,1,1,1,2,50,1,1,1,1,1,1,1,2,1,1,1,1,1,1,1,1,2,39,1,1,2,658,1,1,189,6,1,1,1,1,184,11,68,1,11,2,1,3,18
OTU_372,1,1,1,1,1,1,1,1,1,1,1,1,1,1,1,1,1,1,1,1,1,1,1,1,1,1,1,1,1,1,1,1,1,1,1,1,1,1,1,1,1,1,1,1,1,1,1,1,1,1
OTU_373,1,4,69,1,17,46,50,3,1,6,6,1,1,1,3,1,448,2,25,53,3,1,12,1,1,15,11,1,56,14,1,4,50,21,1,1,45,1,33,50,1,1,85,1,9,229,2,1,1,3
OTU_374,1,1,1,1,1,1,1,1,1,1,1,1,1,1,1,1,1,1,1,1,1,1,1,1,1,1,1,1,1,1,1,1,1,1,1,1,1,1,1,1,1,1,1,1,1,1,1,1,1,1
OTU_375,1,1,1,1,1,1,1,1,1,1,1,1,1,1,1,1,1,1,1,1,1,1,1,1,1,1,1,1,1,1,1,1,1,1,1,1,1,1,1,1,1,1,1,1,1,1,1,1,1,1
OTU_376,1,1,1,1,1,1,1,1,22,1,1,1,1,1,1,1,1,1,1,1,1,1,1,1,1,1,1,1,1,1,1,1,1,1,1,1,1,1,1,1,1,1,1,1,1,1,1,1,1,1
OTU_377,1,1,1,1,1,1,1,1,1,1,1,1,36,1,1,1,1,1,1,5,1,1,1,1,1,1,1,1,1,1,1,1,1,1,1,1,1,1,1,1,1,1,1,1,1,1,1,1,1,1
OTU_378,1,1,1,1,1,1,1,1,1,1,1,1,1,1,1,1,1,1,1,1,1,1,1,1,1,1,1,1,1,1,1,1,1,1,1,1,1,1,1,1,1,1,1,1,1,1,1,1,1,1
OTU_379,49,45,456,302,794,222,402,242,79,103,566,116,273,485,80,271,200,413,220,123,198,686,565,257,256,101,428,396,404,120,258,141,200,217,258,423,524,145,291,122,189,568,47,553,232,323,556,178,33,507
OTU_380,1,1,1,1,1,1,1,1,1,1,1,1,1,1,1,1,1,1,1,1,1,1,1,1,1,1,1,1,1,1,1,1,1,1,1,1,1,1,1,1,1,1,1,1,65,1,1,1,1,1
OTU_381,1,1,1,1,1,1,1,1,1,1,1,1,1,1,1,1,1,1,1,1,1,1,1,1,1,1,1,1,1,1,1,1,1,1,1,1,1,1,1,1,1,1,1,1,1,1,1,1,1,1
OTU_382,1,1,1,1,1,1,1,1,1,1,1,1,1,1,1,1,1,1,1,1,1,1,1,1,1,1,1,1,1,1,1,1,1,1,1,1,1,1,1,1,1,1,1,1,1,1,1,1,1,1
OTU_383,1,1,1,1,1,1,1,1,1,1,1,1,1,1,1,1,1,1,1,1,1,1,1,1,1,1,1,1,1,1,1,1,1,1,1,1,1,1,1,1,1,1,1,1,1,1,1,1,1,1
OTU_384,1,4,1,12,1,1,31,1,1,11,1,8,1,1,1,4,3,1,19,2,17,1,26,2,6,84,1,1,67,29,2,1,25,293,5,8,1,2,1,10,1,1,1,47,6,1,1,1,1,1
OTU_385,114,553,93,74,87,378,54,124,2,207,104,18,32,205,8,179,12,126,22,240,451,78,333,166,38,2,236,12,24,48,93,110,114,187,30,286,274,140,28,16,464,38,115,56,20,187,145,179,195,140
OTU_386,22,42,63,6,11,514,16,56,85,52,17,65,107,60,47,7,2,66,180,141,14,272,9,56,169,203,32,122,12,3,60,1,4,209,10,571,6,148,1,13,70,52,63,2,1,10,2,1,69,2
OTU_387,1,1,1,1,1,1,1,1,1,1,1,1,1,1,1,1,1,1,1,1,1,1,1,1,1,1,1,1,1,1,1,1,1,1,1,1,1,1,1,1,1,1,1,1,1,1,1,1,1,1
OTU_388,1,1,1,1,1,1,1,1,1,1,1,1,1,1,1,1,1,1,1,1,1,1,1,1,1,1,1,1,1,1,1,1,1,1,1,1,1,1,1,1,1,1,1,1,1,1,1,1,1,1
OTU_389,1,1,1,1,1,1,1,1,1,1,1,1,1,1,1,1,1,1,1,1,1,1,1,1,1,1,1,1,1,1,1,1,1,1,1,1,1,1,1,1,1,1,1,1,1,1,1,1,1,1
OTU_390,1,1,1,1,1,1,1,1,1,1,1,1,1,1,1,1,1,1,1,1,1,1,1,1,1,1,1,1,1,1,1,1,1,1,1,1,1,1,2,1,1,1,1,1,1,1,1,1,1,1
OTU_391,1,1,1,1,1,1,1,1,1,1,1,1,1,2,1,1,1,1,1,3,1,1,1,1,1,1,11,74,1,1,1,1,9,1,1,1,42,1,60,10,16,1,1,1,1,1,1,227,1,1
OTU_392,1,1,1,1,1,1,1,1,1,1,1,1,1,1,1,1,1,1,1,1,1,1,1,1,1,1,1,1,1,1,1,1,1,1,1,1,1,1,1,1,1,1,1,1,1,1,1,1,1,1
OTU_393,1,1,1,1,1,1,1,1,1,1,1,1,1,1,1,1,1,1,1,1,1,1,1,1,1,1,1,1,1,1,1,1,1,1,1,1,1,1,1,1,1,1,1,1,1,1,1,1,1,1
OTU_394,1,1,1,1,1,1,1,1,1,1,1,1,1,1,1,1,1,1,1,1,1,1,1,1,1,1,1,1,1,1,1,1,1,1,1,1,1,1,1,1,1,1,1,1,1,1,1,1,1,1
OTU_395,85,1,1,1,72,3,3,1,1,2,31,1,1,1,1,10,35,1,1,217,70,4,1,1,4,3,22,60,1,4,1,1,1,1,4,36,16,1,2,1,8,1,24,62,19,1,7,131,26,1
OTU_396,1,15,1,1,1,1,1,1,1,1,1,1,1,1,1,1,1,1,1,1,1,30,1,1,1,1,1,7,11,1,1,1,1,1,1,1,1,1,1,1,1,1,1,1,1,1,1,1,1,1
OTU_397,2,17,1,1,1,1,1,1,1,1,1,1,8,1,1,4,12,13,3,1,1,1,1,1,1,1,1,1,7,1,1,1,1,1,1,1,1,1,1,222,1,1,1,24,1,1,1,1,1,1
OTU_398,1,42,1,8,14,36,1,24,1,1,1,4,170,80,76,2,3,64,5,3,74,34,2,3,8,1,1,1,1,12,1,21,1,1,1,18,18,12,1,1,1,1,200,7,69,97,1,40,2,2
OTU_399,1,1,1,1,1,1,1,1,1,1,1,1,1,1,1,1,1,1,1,1,1,1,1,1,1,1,1,1,1,1,1,1,1,1,1,1,1,1,1,1,1,1,1,1,1,1,1,1,1,1
OTU_400,1,1,1,1,1,1,1,1,1,1,1,1,1,1,1,1,1,1,1,1,1,1,1,1,1,1,1,1,1,1,1,1,1,1,1,1,1,1,1,1,1,1,1,1,1,1,1,1,1,1
OTU_401,1,1,1,1,1,1,1,1,1,1,1,1,1,1,1,1,1,1,1,1,1,1,1,1,1,1,1,1,1,1,1,1,1,1,1,1,1,1,1,1,1,1,1,1,1,1,1,1,1,1
OTU_402,1,1,1,1,1,1,1,1,1,1,1,1,1,1,5,1,1,1,1,1,1,1,1,1,1,1,1,1,1,1,1,1,1,1,1,1,1,1,1,1,1,1,1,1,1,1,1,1,1,1
OTU_403,1,1,1,1,1,1,1,1,1,1,1,171,4,1,2,1,1,1,1,1,1,1,1,1,1,20,1,10,1,1,1,1,1,1,1,29,1,2,7,1,1,67,1,20,1,1,1,26,1,1
OTU_404,1,1,1,1,1,1,1,1,1,1,1,1,1,1,1,1,1,1,1,1,1,1,1,1,1,1,1,1,1,1,1,1,1,1,1,1,1,1,1,1,1,1,1,1,1,1,1,1,1,1
OTU_405,46,161,13,87,25,6,9,49,1,20,228,64,6,1,289,52,1,10,8,1,27,208,17,1,5,2,1,131,111,51,1,1,8,1,1,1,2,32,4,396,1,21,8,48,35,2,116,41,46,45
OTU_406,1,1,1,1,1,1,1,1,1,1,1,1,1,1,1,1,1,1,1,1,1,1,1,1,1,1,1,1,1,1,1,1,1,1,1,1,1,1,1,1,1,1,1,1,1,1,1,1,1,1
OTU_407,7,13,166,55,53,3,1,1,2,254,74,9,12,10,117,161,185,19,81,6,59,2,1,3,11,40,4,159,17,26,51,225,6,59,4,125,7,362,140,7,168,34,223,146,115,10,22,22,89,209
OTU_408,1,1,1,1,1,1,1,1,1,1,1,1,1,1,1,1,1,1,1,1,1,1,1,1,1,1,1,1,1,1,1,1,1,1,1,1,1,1,1,1,1,1,1,1,1,1,1,1,1,1
OTU_409,1,1,1,1,1,1,1,1,1,1,1,1,1,1,1,1,1,1,1,1,1,1,1,1,1,1,1,1,1,1,1,1,1,1,1,1,1,1,1,1,1,1,1,1,1,1,1,1,1,1
OTU_410,1,57,25,48,9,3,17,336,44,97,48,502,21,22,76,276,355,16,150,15,79,82,6,133,55,216,298,259,97,17,69,220,132,6,76,63,190,2,26,5,60,5,22,152,15,91,1233,14,6,21
OTU_411,1,1,1,1,1,1,1,1,1,1,1,1,1,1,1,1,1,1,1,1,1,1,1,1,1,1,1,1,1,1,1,1,1,1,1,1,1,1,1,1,1,1,1,1,1,1,1,1,1,1
OTU_412,1,1,1,1,1,31,1,1,1,1,1,1,1,1,1,1,1,1,1,1,1,1,1,1,1,1,1,1,2,1,1,1,1,1,1,1,1,1,1,1,1,1,1,1,1,1,1,1,1,1
OTU_413,1,1,1,1,1,1,1,1,1,1,1,1,1,1,1,1,1,1,1,1,1,1,1,1,1,1,1,1,1,1,1,1,1,1,1,1,1,1,1,1,1,1,1,1,1,1,1,1,1,1
OTU_414,6,27,179,10,11,2,8,66,1,1,1,4,106,178,8,113,14,35,12,84,1,20,187,11,49,39,47,50,1,27,1,2,92,3,102,1,103,7,237,66,3,1,2,110,316,59,2,71,4,25
OTU_415,1,1,1,1,1,1,1,1,1,1,1,1,1,1,1,1,1,1,1,1,1,1,1,1,1,1,1,1,1,1,1,1,1,1,1,1,1,1,1,1,1,1,1,1,1,1,1,1,1,1
OTU_416,1,1,1,1,1,1,1,1,1,1,1,1,1,1,1,1,1,1,1,1,1,1,1,1,1,1,1,1,1,1,1,1,1,1,1,1,1,1,1,1,1,1,1,1,1,1,1,1,1,1
OTU_417,1,1,1,1,1,1,1,1,1,1,1,1,1,1,1,1,1,1,1,1,1,1,1,1,1,1,1,1,1,1,1,1,1,1,1,1,1,1,1,1,1,1,1,1,1,1,1,1,1,1
OTU_418,11,12,19,164,3,5,4,30,3,18,8,1,15,12,5,13,3,203,35,32,3,91,289,121,18,4,161,149,65,29,61,13,160,4,2,6,250,2,1,75,147,88,5,339,23,2,1,24,14,66
OTU_419,1,1,1,1,1,1,1,1,1,6,1,1,1,3,1,42,95,1,1,1,1,1,1,1,1,1,119,1,11,1,1,39,2,1,1,1,1,93,1,1,1,4,1,1,1,2,7,1,1,1
OTU_420,1,1,1,1,1,1,1,1,1,1,1,1,1,1,1,1,1,1,1,1,1,1,1,1,1,1,1,1,1,1,1,1,1,1,1,1,1,1,1,1,1,1,1,1,1,1,3,1,1,1
OTU_421,1,23,1,1,27,1,5,287,2,32,1,1,1,1,1,29,1,1,1,53,18,1,1,20,16,10,2,1,1,237,1,1,1,40,91,10,1,1,1,1,11,7,1,15,1,1,3,146,30,97
OTU_422,75,1,1,1,19,1,4,2,2,116,1,1,100,1,1,1,1,1,1,12,1,6,1,1,1,1,18,11,1,1,1,1,1,1,14,33,1,9,1,1,5,36,1,4,1,1,1,107,1,1
OTU_423,1,1,1,1,1,1,1,1,1,1,1,1,1,1,1,1,1,1,1,1,1,1,1,1,1,1,1,1,1,1,1,1,1,1,1,1,1,1,1,1,1,1,1,1,1,1,1,1,1,1
OTU_424,1,1,1,1,1,1,1,1,1,1,1,1,1,1,1,1,1,1,1,1,1,1,1,1,1,1,1,1,1,1,1,1,1,1,1,1,1,1,1,1,1,1,1,1,1,1,1,26,1,1
OTU_425,1,1,1,1,1,1,1,1,1,1,1,1,1,1,1,1,1,1,1,1,1,1,1,1,1,1,1,1,1,1,1,1,1,1,1,1,1,1,1,1,1,1,1,1,1,1,1,1,1,1
OTU_426,10,1,1,1,1,1,1,1,1,1,1,1,1,1,1,1,1,1,1,6,1,1,1,1,1,1,1,1,1,1,1,1,13,1,1,1,1,1,1,1,1,1,2,1,1,1,1,1,1,1
OTU_427,17,2,2,2,135,105,98,1,14,53,5,28,1,8,5,28,16,1,17,24,1,1,1,111,4,39,1,37,8,1,5,3,1,13,569,34,30,1,62,154,1,14,273,75,3,1,7,1,40,13
OTU_428,1,1,1,1,1,1,1,1,1,1,1,1,1,1,1,1,1,2,1,1,1,1,1,1,1,1,1,1,1,1,1,1,1,1,1,1,1,1,1,1,1,1,1,1,1,1,1,1,1,1
OTU_429,1,2,140,1,1,1,26,4,2,1,66,1,1,6,51,1,2,39,148,1,3,1,2,1,1,1,2,95,1,1,1,1,7,3,1,171,1,1,1,8,128,2,19,2,6,2,4,10,4,3
OTU_430,1,1,1,1,1,1,1,1,1,1,1,1,1,1,1,1,1,1,1,1,1,1,1,1,1,1,1,1,1,1,1,1,1,1,1,1,1,1,1,1,1,1,1,1,1,1,1,1,1,1
OTU_431,1,12,2,63,20,78,27,20,27,2,45,56,20,1,2,2,2,7,76,2,47,19,35,22,7,60,90,1,4,3,5,73,1,1,66,40,110,113,47,164,2,115,16,15,6,1,8,24,4,35
OTU_432,1,1,1,1,1,1,1,1,1,1,1,1,1,1,1,1,1,1,1,1,1,1,1,1,1,1,1,1,1,1,1,1,1,1,1,1,1,1,1,1,1,1,1,1,1,1,1,1,1,1
OTU_433,1,1,1,1,1,1,1,1,1,1,1,1,1,1,1,1,1,1,1,1,1,1,1,1,1,1,1,1,1,1,1,1,1,1,1,1,1,1,1,1,1,1,1,1,1,1,1,1,1,1
OTU_434,36,212,1,57,6,26,2,1,47,29,93,2,9,7,1,7,8,6,35,3,11,18,1,3,2,1,192,10,1,4,2,1,481,16,37,1,4,4,42,104,5,35,13,2,5,64,11,116,23,1
OTU_435,1,1,1,1,1,1,1,1,1,1,1,1,1,2,1,1,1,1,1,1,1,1,1,1,1,1,1,1,1,1,1,1,1,1,1,1,1,1,1,1,1,1,1,1,1,1,1,1,1,1
OTU_436,1,1,1,152,1,1,1,2,40,86,1,1,1,8,47,1,1,1,155,1,79,1,1,121,1,2,1,1,1,1,1,1,1,6,1,1,1,11,2,11,1,72,1,1,1,3,1,1,1,105
OTU_437,1,1,1,1,21,1,1,1,1,1,1,1,1,1,1,4,1,1,1,43,5,1,1,4,1,123,1,1,17,1,1,1,1,1,1,1,1,1,1,1,1,1,1,2,1,177,1,1,1,1
OTU_438,1,1,1,1,1,1,1,1,1,1,1,1,1,1,4,1,1,1,1,1,1,1,1,1,1,1,1,1,1,1,1,1,1,1,1,1,1,1,1,1,1,1,1,1,1,1,1,1,1,1
OTU_439,1,1,1,1,1,1,1,1,1,1,1,1,1,1,1,1,1,1,1,1,1,1,1,1,1,1,1,1,1,1,1,1,1,1,1,1,2,1,1,1,2,1,1,1,1,1,1,1,1,1
OTU_440,4,4,96,1,57,132,4,10,16,1,1,6,1,57,1,1,31,1,29,20,1,1,1,1,1,6,90,32,1,1,1,4,1,1,8,54,44,1,119,4,1,2,10,10,1,13,1,1,1,2
OTU_441,1,1,1,1,1,1,1,1,1,1,1,1,1,1,1,1,1,1,1,1,1,1,1,1,1,1,1,1,1,1,1,1,1,1,1,1,1,1,1,1,1,1,1,1,1,1,1,1,1,1
OTU_442,1,1,1,1,1,1,1,1,1,1,1,1,1,1,1,1,1,1,1,1,1,1,1,1,1,1,1,1,1,1,1,1,1,1,1,1,1,1,1,1,1,13,1,1,1,1,1,1,1,1
OTU_443,1,1,1,1,1,1,1,1,1,1,1,1,1,1,1,1,1,1,1,1,1,1,1,1,1,1,1,1,1,1,1,1,1,1,1,1,1,1,1,1,1,1,1,1,1,1,1,1,1,1
OTU_444,1,1,1,1,1,1,1,1,1,1,1,1,1,1,1,1,1,1,1,1,1,1,1,1,1,1,1,1,1,1,1,1,1,1,1,1,1,1,1,1,1,1,1,1,1,1,1,1,1,1
OTU_445,1,1,1,1,1,1,1,1,1,1,1,1,1,1,1,1,1,1,1,1,1,1,1,1,1,1,1,1,1,1,1,1,1,1,1,1,1,1,1,1,1,1,1,1,1,1,1,1,1,1
OTU_446,1,1,1,1,1,1,1,1,1,1,1,1,1,1,1,1,1,1,1,1,1,1,1,1,1,1,1,1,1,1,1,1,1,1,1,1,1,1,1,1,1,1,1,1,1,1,1,1,1,1
OTU_447,1,1,1,1,1,1,1,1,1,1,1,1,1,1,1,1,1,1,1,1,1,1,1,1,1,1,1,1,1,1,1,1,1,1,1,1,1,1,1,1,1,1,1,1,1,1,1,1,1,1
OTU_448,1,5,1,1,1,1,1,1,4,1,2,3,1,1,1,1,1,29,1,1,1,1,1,1,13,1,1,1,1,1,1,1,1,1,1,1,1,1,1,1,1,1,1,1,1,13,1,1,1,1
OTU_449,7,1,6,2,38,3,1,1,545,1,1,1,1,1,1,3,1,1,153,1,2,1,1,1,1,1,1,1,1,1,1,1,13,1,1,1,1,1,1,1,1,14,3,13,1,1,28,1,1,39
OTU_450,1,1,1,1,1,1,1,1,1,1,1,1,1,1,1,1,1,1,1,1,1,1,1,1,1,1,1,1,1,1,1,1,1,1,1,1,1,1,1,1,1,1,1,1,1,1,1,1,1,1
OTU_451,1,1,1,1,1,1,1,1,1,1,1,1,1,1,1,1,1,1,1,1,1,1,1,1,1,1,1,1,1,1,1,1,1,1,1,1,1,1,1,1,1,1,1,1,1,1,1,1,1,1
OTU_452,1,1,1,1,1,1,1,1,1,1,1,1,1,1,1,1,1,1,1,1,1,1,1,1,1,1,1,1,1,1,1,1,1,1,1,1,1,1,1,1,1,1,1,1,1,1,1,1,1,1
OTU_453,1,1,1,1,1,1,1,1,1,1,1,1,1,1,1,1,1,1,1,1,1,1,1,1,1,1,1,1,1,1,1,1,1,1,1,1,1,1,1,1,1,1,1,1,1,1,1,1,1,1
OTU_454,11,9,188,3,1,29,1,14,17,1,33,21,1,3,1,34,18,787,8,44,160,6,84,58,2,350,1,30,1,3,4,68,3,149,107,140,18,5,39,191,15,1,1,50,1,3,1,11,1,2
OTU_455,1,1,1,1,1,1,1,1,1,1,1,1,1,1,1,1,1,1,1,1,1,1,1,1,1,1,1,1,1,1,1,1,1,1,1,1,1,1,1,1,1,1,1,2,1,1,1,1,1,1
OTU_456,1,1,1,1,1,1,1,1,1,1,1,1,1,1,1,1,1,1,1,1,1,1,1,1,1,1,1,1,1,1,1,1,1,1,1,1,1,1,1,1,1,1,1,1,1,1,1,1,1,1
OTU_457,1,1,1,1,1,1,1,1,1,1,1,1,1,1,1,1,1,1,1,1,1,1,1,1,1,1,1,1,1,1,1,1,1,1,1,1,1,1,1,1,1,1,1,1,1,1,1,1,1,1
OTU_458,1,1,1,1,1,1,3,1,1,1,1,1,1,1,1,1,1,1,1,1,1,1,1,1,1,1,1,1,1,1,1,1,1,1,1,1,1,1,1,1,1,1,1,1,1,1,1,1,1,1
OTU_459,1,1,1,1,1,1,1,1,1,1,1,1,1,1,1,1,1,1,1,1,1,1,1,1,1,1,1,1,1,1,1,1,1,1,1,1,1,1,1,1,1,1,1,1,1,1,1,1,1,1
OTU_460,1,225,1,4,1,1,1,534,1,1,1,1,52,3,1,1,6,18,1,1,1,4,2,1,1,17,1,1,1,1,45,64,1,1,1,1,1,1,1,25,1,1,1,1,1,15,1,1,3,1
OTU_461,43,35,40,53,47,166,102,443,20,20,194,39,93,83,20,2,168,257,332,9,243,23,62,19,37,371,111,174,55,12,56,60,12,10,19,108,8,71,4,195,42,197,11,173,2,220,201,42,119,19
OTU_462,1,1,1,1,1,1,1,1,1,1,1,1,1,1,1,1,1,1,1,1,1,1,1,1,1,1,1,1,1,1,1,1,1,1,1,1,1,1,1,1,1,1,1,1,1,1,1,1,1,1
OTU_463,1,1,1,1,1,1,1,1,1,1,1,1,1,1,1,1,1,1,1,1,1,1,1,1,1,1,1,1,1,1,1,1,1,1,1,1,1,1,1,1,1,1,1,1,1,1,1,1,1,1
OTU_464,65,26,183,134,21,42,34,35,314,32,123,113,320,1,170,220,1,184,38,5,28,76,31,7,80,98,44,66,32,3,61,60,10,3,79,6,1085,48,116,19,5,56,87,83,377,3,53,30,410,254
OTU_465,1,1,1,2,2,1,1,1,1,36,1,129,1,1,1,1,1,11,1,1,1,39,1,1,4,1,1,1,1,1,1,1,1,1,1,51,16,1,1,53,1,1,129,1,2,1,1,1,1,1
OTU_466,17,89,10,169,91,40,1,31,76,108,61,49,40,162,3,205,30,210,8,2,1,3,11,95,43,20,1,6,128,227,226,71,26,59,22,25,103,57,108,59,75,10,71,204,117,52,60,398,215,17
OTU_467,12,1,24,75,8,1,3,2,6,2,1,10,1,9,26,91,2,16,17,95,298,1,43,1,2,1,26,6,89,1,2,54,75,4,3,10,1,32,2,1,6,19,89,299,3,15,1,29,304,4
OTU_468,1,1,1,1,1,1,1,1,1,1,1,1,1,1,1,1,1,1,1,1,1,1,1,1,1,1,1,1,1,1,1,1,1,1,1,1,1,1,1,1,1,1,1,1,1,1,1,1,1,1
OTU_469,1,1,1,1,1,1,1,1,1,1,1,1,1,1,1,1,1,1,1,1,1,1,1,1,1,1,1,1,1,1,1,1,1,1,1,1,1,1,1,1,1,1,1,1,1,1,1,1,1,1
OTU_470,1,1,1,1,1,1,1,1,1,1,1,1,1,1,1,1,1,1,1,1,1,1,1,1,1,1,1,1,1,1,1,1,1,1,1,1,1,1,1,1,1,1,1,1,1,1,1,1,1,1
OTU_471,32,1,2,1,1,1,1,149,2,1,1,1,1,1,1,1,1,1,2,4,1,6,1,1,4,1,17,1,1,1,3,1,1,1,1,1,1,1,1,1,1,207,72,9,1,1,1,1,1,1
OTU_472,1,1,1,1,1,1,1,1,1,1,1,1,1,1,1,1,1,1,1,1,1,1,1,1,1,1,1,1,1,1,1,1,1,1,1,1,1,1,1,1,1,1,1,1,1,1,1,1,1,1
OTU_473,1,1,1,1,1,1,1,1,1,1,1,1,1,1,1,1,1,1,1,1,1,1,1,1,1,1,1,1,1,1,1,1,1,1,1,1,1,1,1,1,1,1,1,1,1,1,1,1,1,1
OTU_474,1,1,1,1,1,1,5,1,1,1,1,1,1,1,1,1,1,1,1,1,1,1,1,1,1,1,1,1,1,1,1,1,1,1,5,1,1,1,1,1,1,1,1,1,1,1,1,1,1,1
OTU_475,1,1,1,1,1,1,1,1,1,1,1,1,1,1,1,1,1,1,1,1,1,1,1,1,1,1,1,1,1,1,1,1,1,1,1,1,1,1,1,1,1,1,1,1,1,1,1,1,1,1
OTU_476,1,1,1,1,1,1,1,1,1,1,1,1,1,1,1,1,1,1,1,1,1,1,1,1,1,1,1,1,1,1,1,1,1,1,1,1,1,1,1,1,1,1,1,1,1,1,1,1,1,1
OTU_477,1,1,1,1,1,1,1,1,1,1,1,1,1,1,1,1,1,1,1,1,1,1,1,1,1,1,1,1,1,1,1,1,1,1,1,1,1,1,1,1,1,1,1,1,1,1,1,1,1,1
OTU_478,1,1,1,1,1,1,1,1,1,1,1,1,1,1,1,1,1,1,1,1,1,1,1,1,1,1,1,1,1,1,1,1,1,1,1,1,1,1,1,1,1,1,1,1,1,1,1,1,1,1
OTU_479,1,1,4,1,1,1,1,1,1,1,1,1,1,1,1,1,1,1,47,1,1,1,1,1,1,1,1,1,1,1,1,1,1,1,1,1,1,1,1,1,1,1,1,1,1,1,1,1,1,1
OTU_480,1,1,1,1,1,1,1,1,1,1,1,1,1,1,1,1,1,1,1,1,1,1,1,1,1,1,1,1,1,1,1,1,1,1,1,1,1,1,1,1,1,1,1,1,1,1,1,1,1,1
OTU_481,1,1,1,1,1,1,1,1,1,1,1,1,1,1,1,1,1,1,1,1,1,1,1,1,1,1,1,1,1,1,1,1,1,1,1,1,1,1,1,1,1,1,1,1,1,1,1,1,1,1
OTU_482,1,1,1,1,1,1,1,1,1,1,1,1,1,1,1,1,1,1,1,1,1,1,1,1,1,1,1,1,1,1,1,1,1,1,1,1,1,1,1,1,1,1,1,1,1,1,1,1,1,1
OTU_483,1,1,1,1,1,1,1,1,1,1,1,1,1,63,1,1,1,1,1,1,1,1,1,1,1,1,1,1,1,1,1,1,1,1,1,1,1,9,1,1,2,1,1,1,1,1,1,1,1,1
OTU_484,1,1,1,1,1,1,1,1,1,1,1,1,1,1,1,1,1,1,1,1,1,1,1,1,1,1,1,1,1,1,1,1,1,1,1,1,1,1,1,1,1,1,1,1,1,1,1,1,1,1
OTU_485,1,296,1,1,1,1,1,1,1,1,1,1,1,1,1,1,37,3,1,1,1,1,1,1,1,1,1,1,1,1,1,1,1,1,1,6,1,1,1,1,1,1,1,1,1,1,1,1,1,1
OTU_486,21,1,48,1,14,1,1,1,5,1,22,1,1,13,1,1,1,1,103,1,1,1,17,1,38,1,13,31,1,181,1,1,1,1,77,1,1,1,1,1,1,1,1,1,1,49,2,1,1,1
OTU_487,1,1,1,1,1,1,1,1,1,1,1,1,1,1,1,1,1,1,1,1,1,1,1,1,1,1,1,1,1,1,1,1,1,1,1,1,1,1,1,1,1,1,1,1,1,1,1,1,1,1
OTU_488,1,1,1,1,1,1,1,1,1,1,1,1,1,1,1,1,1,1,1,1,1,1,1,1,1,1,1,1,1,1,1,1,1,1,1,1,1,1,1,1,1,1,1,1,1,1,1,1,1,1
OTU_489,94,73,27,129,93,2,11,186,78,109,63,120,276,60,48,315,40,1,33,8,526,27,172,11,99,55,107,38,45,39,74,1,6,38,45,59,82,127,152,1,111,65,314,3,72,68,446,2,190,54
OTU_490,1,2,18,1,1,1,1,5,1,1,1,1,1,4,1,113,11,1,1,1,1,46,1,1,1,1,1,1,1,2,1,1,1,1,1,1,1,1,1,1,1,1,1,2,1,1,5,1,1,1
OTU_491,1,1,1,1,1,1,1,1,1,1,1,1,1,1,1,1,1,1,1,1,1,1,1,1,1,1,1,1,1,1,1,1,1,1,1,1,1,1,1,1,1,1,1,1,1,1,1,1,1,1
OTU_492,1,1,1,1,1,1,1,1,1,1,1,1,1,1,1,1,1,1,1,1,1,1,1,1,1,1,1,1,1,1,1,1,1,1,1,1,1,1,1,1,1,1,1,1,1,1,1,1,1,1
OTU_493,1,1,1,1,1,1,1,1,1,1,1,1,1,1,1,1,1,1,1,1,1,1,1,1,1,1,1,1,1,1,1,1,1,1,1,1,1,1,1,1,1,1,1,1,1,1,1,1,1,1
OTU_494,1,1,40,1,1,1,1,1,1,1,1,1,1,1,1,1,1,1,2,1,1,1,1,1,1,1,1,1,1,1,1,1,1,1,1,1,1,1,1,1,1,1,1,1,1,1,1,1,1,1
OTU_495,1,1,1,1,1,1,1,1,1,1,1,1,1,1,1,1,1,1,1,1,1,1,1,1,1,1,1,1,1,1,1,1,1,1,1,1,1,1,1,1,1,1,1,1,1,1,1,1,1,1
OTU_496,1,1,1,1,1,1,1,1,1,38,1,1,1,1,1,1,2,1,1,2,1,1,1,1,1,1,1,1,1,1,1,1,1,1,1,44,1,1,1,1,1,1,1,1,1,1,1,1,1,1
OTU_497,1,1,1,1,1,1,1,1,1,1,1,1,1,1,1,1,1,1,1,1,1,1,1,1,1,1,1,1,1,1,1,1,1,1,1,1,1,1,1,1,1,1,1,1,1,1,1,1,1,1
OTU_498,1,1,1,1,1,1,1,1,1,1,1,1,1,1,1,1,1,1,1,1,1,1,1,1,1,1,1,1,1,1,1,1,1,1,1,1,1,1,1,1,1,1,1,1,1,1,1,1,1,1
OTU_499,1,1,1,1,1,1,1,1,1,1,1,1,1,1,1,1,1,1,1,1,1,1,1,1,1,1,1,1,1,1,1,1,1,1,1,1,1,1,1,1,1,1,1,1,1,1,1,1,1,1
OTU_500,1,1,44,1,1,3,8,1,1,1,1,47,1,1,1,1,14,13,19,6,1,1,2,70,1,1,24,1,44,1,2,22,2,2,15,1,7,4,1,7,3,90,1,136,3,1,2,1,3,33
OTU_501,1,1,1,1,1,1,1,1,1,1,1,1,1,1,1,1,1,1,1,1,1,1,1,1,1,1,1,1,1,1,1,1,1,1,1,1,1,1,1,1,1,1,1,1,1,1,1,1,1,1
OTU_502,1,1,1,1,3,1,1,1,1,1,1,1,1,3,1,2,1,1,1,1,4,3,1,1,34,1,1,1,61,1,1,1,46,1,2,1,1,1,4,1,2,219,1,1,1,1,60,14,1,1
OTU_503,1,1,1,1,1,1,1,1,1,1,1,1,1,1,1,5,1,1,1,1,1,1,1,1,3,1,1,1,55,1,1,1,1,1,1,1,324,1,1,1,1,1,6,1,1,1,1,1,1,1
OTU_504,1,1,1,1,1,1,1,1,1,1,1,1,1,1,1,1,1,1,1,1,1,1,1,1,1,1,1,1,1,1,1,1,1,1,1,1,1,1,1,1,1,1,1,1,1,1,1,1,1,1
OTU_505,1,1,1,1,1,1,1,1,1,1,1,1,1,1,1,1,1,1,1,1,1,1,1,1,1,1,1,1,1,1,1,1,1,1,1,1,1,1,1,1,1,1,1,1,1,1,1,1,1,1
OTU_506,1,1,1,1,1,1,1,1,1,1,1,1,1,1,1,1,1,1,1,1,1,1,1,1,1,1,1,1,1,1,1,1,1,1,1,1,1,1,1,1,1,1,1,1,1,1,1,1,1,1
OTU_507,1,1,1,1,1,1,1,1,1,1,1,1,1,1,1,1,1,1,1,1,1,1,1,1,1,1,1,1,1,1,1,1,1,1,1,1,1,1,1,1,1,1,1,1,1,1,1,1,1,1
OTU_508,1,1,1,1,1,1,1,1,1,1,1,1,1,1,1,1,1,1,1,1,1,1,1,1,1,1,1,1,1,1,1,1,1,1,1,1,1,1,1,1,1,1,1,1,1,1,1,1,1,1
OTU_509,1,1,1,1,1,1,1,1,1,1,1,1,1,1,1,1,2,1,1,1,1,1,1,1,1,1,1,3,1,1,1,1,1,1,1,1,1,90,3,1,1,1,1,1,1,1,1,1,1,1
OTU_510,1,1,1,1,1,1,1,1,1,1,1,1,1,1,1,1,1,1,1,1,1,1,1,1,1,1,1,1,1,1,1,1,1,1,1,1,1,1,1,1,1,1,1,1,1,1,1,1,1,1
OTU_511,1,1,1,1,1,1,1,23,1,1,1,1,1,1,1,1,1,1,1,1,1,1,1,1,1,1,1,1,1,1,1,1,1,1,1,1,1,1,1,1,1,1,1,1,1,1,1,1,1,1
OTU_512,1,1,1,1,1,1,1,1,1,1,1,1,1,1,1,1,1,1,1,1,1,1,1,1,1,1,1,1,2,1,1,1,1,1,1,1,1,1,1,1,1,1,1,1,1,1,1,1,1,1
OTU_513,1,1,1,1,1,1,1,1,1,1,1,1,1,1,1,1,1,1,1,1,1,1,1,1,1,1,1,1,1,1,1,1,1,1,1,1,1,1,1,1,1,1,1,1,1,1,1,1,1,1
OTU_514,1,270,71,1,100,190,5,1,76,1,63,25,1,27,1,62,1,105,2,43,3,1,5,126,1,58,5,6,35,11,5,26,3,8,1,1,1,1,36,1,13,86,8,552,16,181,14,2,106,66
OTU_515,1,1,1,1,1,1,1,1,1,1,1,1,1,1,1,1,1,1,1,1,1,1,1,1,1,1,1,1,1,1,1,1,1,1,1,1,1,1,1,1,1,1,1,1,1,1,1,1,1,1
OTU_516,371,56,220,99,346,26,176,2,1,129,372,163,1,32,373,282,3,237,5,146,48,43,12,100,14,26,19,10,124,1,62,2,34,63,1,17,50,31,1,49,4,86,103,95,27,209,326,9,158,5
OTU_517,1,1,1,1,1,1,1,1,1,1,1,1,1,1,1,1,1,1,1,1,1,1,1,1,1,1,1,1,1,1,1,1,1,1,1,1,1,1,1,1,1,1,1,1,1,1,1,1,1,1
OTU_518,1,1,1,4,1,1,1,1,1,20,1,1,21,1,1,1,1,1,1,1,1,1,1,1,6,1,1,2,1,5,1,1,13,1,1,1,1,294,1,1,1,4,1,1,1,1,1,4,1,1
OTU_519,1,1,1,1,1,1,1,1,1,1,1,1,1,1,1,1,1,1,1,1,1,1,1,1,1,1,1,1,1,1,1,1,1,1,1,1,1,1,1,1,1,1,1,1,1,1,1,1,1,1
OTU_520,1,1,1,1,1,1,1,1,1,1,1,1,1,1,1,1,1,1,1,1,1,1,1,1,1,1,1,1,1,1,1,1,1,1,1,1,1,1,1,1,1,1,1,1,1,1,1,1,1,1
OTU_521,1,1,1,1,1,1,1,1,1,1,82,1,1,1,1,1,1,1,1,1,1,1,1,1,1,1,1,1,1,1,1,1,1,1,1,1,4,1,2,1,1,1,1,1,1,1,1,1,1,1
OTU_522,1,1,1,1,1,1,1,1,1,1,1,1,1,1,1,1,1,1,1,1,1,1,1,1,1,1,1,1,1,1,1,1,1,1,1,1,1,1,1,1,1,1,1,1,1,1,1,1,1,1
OTU_523,1,1,1,1,1,1,1,1,1,1,1,1,1,1,1,1,1,1,1,1,1,1,1,1,1,1,1,1,1,1,1,1,1,1,1,1,1,1,1,1,1,1,1,1,1,1,1,1,1,1
OTU_524,770,630,522,427,458,577,1731,340,466,65,305,344,606,716,586,357,231,1078,272,257,184,331,1029,478,171,351,192,417,692,263,714,820,667,639,271,512,418,499,281,256,927,226,391,278,219,730,534,368,439,419
OTU_525,1,1,1,1,1,1,1,1,1,1,1,2,1,1,1,1,1,1,1,1,1,1,1,1,1,1,1,1,1,1,1,1,1,1,1,1,1,1,1,1,1,1,1,1,1,1,1,1,1,1
OTU_526,1,1,1,1,1,1,1,1,1,1,1,1,1,1,1,1,1,1,1,1,1,1,1,1,1,1,1,1,1,1,1,1,1,1,1,1,1,1,1,1,1,1,1,1,1,1,1,1,1,1
OTU_527,1,1,1,1,1,1,1,1,1,1,1,1,1,1,1,1,1,1,1,1,1,1,1,1,1,1,1,1,1,1,1,1,1,1,1,1,1,1,1,1,1,1,1,1,1,1,1,1,1,1
OTU_528,1,1,1,1,1,1,1,1,1,1,1,1,1,1,1,1,1,1,1,1,1,1,1,1,1,1,1,1,1,1,1,1,1,1,1,1,1,1,1,1,1,1,1,1,1,1,1,1,1,1
OTU_529,1,1,1,1,1,1,1,1,1,1,1,1,1,1,1,1,1,1,1,1,1,1,1,1,1,1,1,1,1,1,1,1,1,1,1,1,1,1,1,1,1,1,1,1,1,1,1,1,1,1
OTU_530,1,1,1,1,1,1,1,1,1,1,1,1,1,1,1,1,1,1,1,1,1,1,1,1,1,1,1,1,1,1,1,1,1,1,1,1,1,1,1,1,1,1,1,1,1,1,1,1,1,1
OTU_531,8,201,11,8,1,106,62,5,17,73,22,30,35,2,32,62,32,97,1,1,14,2,14,183,87,28,88,21,48,60,46,68,40,6,25,3,154,1,3,16,4,11,47,64,78,204,20,13,250,26
OTU_532,1,1,1,1,1,1,1,1,1,1,1,1,1,1,1,1,1,1,1,1,1,1,1,1,1,1,1,1,1,1,1,1,1,1,1,1,1,1,1,1,1,1,1,1,1,1,1,1,1,1
OTU_533,3,481,860,441,212,81,702,160,31,73,156,30,77,12,204,218,210,126,35,65,37,158,50,169,169,278,321,132,431,247,268,346,75,149,34,152,232,65,825,22,309,900,300,389,104,24,336,79,101,27
OTU_534,1,1,1,1,1,1,1,1,1,1,1,1,1,1,1,1,1,1,1,1,1,1,1,1,1,1,1,1,1,1,1,1,1,2,1,1,1,1,1,1,1,1,1,1,1,1,1,1,1,1
OTU_535,688,855,469,669,273,712,209,656,310,908,846,1016,1067,402,666,481,453,585,198,786,884,314,116,519,364,585,187,1422,478,383,334,526,704,302,868,576,140,666,755,339,510,701,581,1113,421,84,297,293,576,1402
OTU_536,1,1,1,1,1,1,1,1,1,1,1,1,1,1,1,1,1,1,1,1,1,1,1,1,1,1,1,1,1,1,1,1,1,1,1,1,1,1,1,1,1,1,1,1,1,1,1,1,1,1
OTU_537,1,1,1,1,1,1,1,1,1,1,1,1,1,1,1,1,1,1,1,1,1,1,1,1,1,1,1,1,1,1,1,1,1,1,1,1,1,1,1,1,1,1,1,1,1,1,1,1,1,1
OTU_538,66,39,304,143,318,215,3,163,58,384,105,144,58,42,445,23,312,199,287,150,63,254,295,255,72,151,33,221,368,33,226,234,121,10,262,277,208,57,33,17,13,65,216,472,286,213,454,146,142,45
OTU_539,1,1,1,1,1,1,1,1,1,1,1,1,1,1,1,1,1,1,1,1,1,1,1,1,1,1,1,1,1,1,1,1,1,1,1,1,1,1,1,1,1,1,1,1,1,1,1,1,1,1
OTU_540,161,608,72,191,67,141,45,3,59,129,9,282,26,199,87,34,486,7,23,152,328,123,387,28,136,357,151,227,18,547,14,1,165,220,65,51,112,123,165,87,29,19,58,473,80,42,280,18,101,22
OTU_541,1,1,1,1,1,1,1,1,1,1,1,1,1,1,1,1,1,1,1,1,1,1,1,1,1,1,1,1,1,1,1,1,1,1,2,1,1,1,1,1,1,1,1,1,1,1,1,1,1,1
OTU_542,1,1,1,1,1,1,1,1,1,1,1,1,1,1,1,1,1,1,1,1,1,1,1,1,1,1,1,1,1,1,1,1,1,1,1,1,1,1,1,1,1,1,1,1,1,1,1,1,1,1
OTU_543,1,1,1,1,1,1,1,1,1,1,1,1,1,1,1,1,1,1,1,1,1,1,1,1,1,1,1,1,1,1,1,1,1,1,1,1,1,1,1,1,1,1,1,1,1,1,1,1,1,1
OTU_544,1,1,1,1,1,1,1,1,1,1,1,1,1,1,1,1,1,1,1,1,1,1,1,1,1,1,1,1,1,1,1,1,1,1,1,1,1,1,1,1,1,1,1,1,1,1,1,1,1,1
OTU_545,1,1,1,1,1,1,1,1,1,1,1,1,1,1,1,1,1,1,1,1,1,1,1,1,1,1,1,1,1,1,1,1,1,1,1,1,1,1,1,1,1,1,1,1,1,1,1,1,1,1
OTU_546,1,1,1,1,1,1,1,1,1,1,1,1,1,1,1,1,1,1,1,1,1,1,1,1,1,1,1,1,1,1,1,1,1,1,1,1,1,1,1,1,1,1,1,1,1,1,1,1,1,1
OTU_547,1,1,1,1,1,1,1,1,1,1,1,1,1,1,1,1,1,1,1,1,1,1,1,1,1,1,1,1,1,1,1,1,1,1,1,1,1,1,1,1,1,1,1,1,1,1,1,1,1,1
OTU_548,1,1,1,1,1,1,1,1,1,1,1,1,1,1,1,1,1,1,1,1,1,1,1,1,1,1,1,1,1,1,1,1,1,1,1,1,1,1,1,1,1,1,1,1,1,1,1,1,1,1
OTU_549,2,8,3,1,1,1,1,221,1,117,55,1,4,35,4,4,6,1,1,52,1,1,1,1,24,1,1,1,2,10,18,9,121,28,1,1,95,12,353,1,1,1,1,1,1,26,1,274,62,1
OTU_550,1,1,1,1,1,1,1,1,1,1,1,1,1,1,1,1,1,1,1,1,1,1,1,1,1,1,1,1,1,1,1,1,1,1,1,1,1,1,1,1,1,1,1,1,1,1,1,1,1,1
OTU_551,1,1,1,1,1,1,1,1,1,1,1,1,1,1,1,1,1,1,1,1,1,1,1,1,1,1,1,1,1,1,1,1,1,1,1,1,1,1,1,1,1,1,1,1,1,1,1,1,1,1
OTU_552,12,1,1,1,17,1,3,43,29,2,1,1,3,267,1,6,1,1,15,1,1,18,1,1,1,1,9,1,7,38,41,1,28,1,1,1,1,2,1,22,4,1,11,1,1,1,1,1,1,56
OTU_553,1,1,1,1,1,1,1,1,1,1,1,1,1,1,1,1,1,1,1,1,1,1,1,1,1,1,1,1,1,1,1,1,1,1,1,1,1,1,1,1,1,1,1,1,1,1,1,1,2,1
OTU_554,1,1,1,1,1,1,1,1,1,1,1,1,1,1,1,1,1,1,1,1,1,1,1,1,1,1,1,1,1,1,1,1,1,1,1,1,1,1,1,1,1,1,1,1,1,1,1,1,1,1
OTU_555,18,1,1,1,420,1,1,1,1,1,1,1,1,1,1,1,1,1,1,1,1,1,1,1,1,1,1,1,1,1,1,1,1,1,1,1,1,1,1,1,1,1,1,1,1,1,1,1,1,1
OTU_556,2,108,1,1,532,1,1,234,1,2,6,1,51,1,115,6,2,1,16,1,1,1,34,1,1,8,16,2,36,1,1,64,1,1,1,16,1,9,1,1,9,1,356,1,1,31,1,26,1,16
OTU_557,1,1,1,1,1,1,1,1,1,1,1,1,1,1,1,1,1,1,1,1,1,1,1,1,1,1,1,1,1,1,1,1,1,1,1,1,1,1,1,1,1,1,1,1,1,1,1,1,1,1
OTU_558,1,1,1,1,1,1,1,1,1,1,1,1,1,1,1,1,1,1,1,1,1,1,1,1,1,1,1,1,1,1,1,1,1,1,1,1,1,1,1,1,1,1,1,1,1,1,1,1,1,1
OTU_559,1359,547,385,291,741,404,486,576,491,126,2137,320,1016,200,946,713,579,162,193,400,287,150,392,390,106,551,374,577,100,441,73,447,541,467,224,389,487,678,263,106,225,474,158,188,132,572,275,123,278,637
OTU_560,1,1,1,1,1,1,1,1,1,1,1,1,1,1,1,1,2,1,1,1,1,1,1,1,1,1,1,1,1,1,1,1,1,1,1,1,1,1,1,1,1,1,1,1,1,1,1,1,1,1
OTU_561,1,77,9,56,164,354,44,114,392,511,352,48,57,268,99,30,213,130,76,31,25,43,19,12,388,24,47,395,49,77,231,552,30,239,299,4,114,5,12,224,147,94,136,162,7,96,93,57,174,50
OTU_562,1,1,2,2,1,4,1,1,9,1,12,1,1,1,4,1,1,1,1,1,1,66,1,1,1,1,1,1,1,1,1,1,1,1,85,11,1,82,1,12,1,1,1,1,92,1,1,1,1,6
OTU_563,1,1,1,1,1,1,1,1,3,1,1,1,17,1,4,1,1,1,10,1,1,1,1,1,3,1,1,1,1,5,1,1,2,1,1,1,1,1,1,1,3,66,3,1,1,1,1,1,1,1
OTU_564,1,1,1,1,1,1,1,1,1,1,1,1,1,1,1,1,1,1,1,1,1,1,1,1,1,1,1,1,1,1,1,1,1,1,1,1,1,1,1,1,1,1,1,1,1,1,1,1,1,1
OTU_565,1,1,1,1,1,1,2,1,4,1,1,1,1,1,1,1,1,1,1,1,12,1,1,24,1,1,2,1,15,1,1,1,1,1,7,1,1,1,163,4,1,1,1,1,1,1,1,1,2,1
OTU_566,111,1,28,1,5,29,57,548,255,172,1,4,34,284,33,7,11,183,368,11,99,193,6,74,9,79,63,22,264,14,5,87,32,168,206,30,1,24,125,165,78,74,1,59,314,5,18,42,22,45
OTU_567,14,6,80,145,9,9,1,170,14,1,59,2,1,27,13,1,1,11,36,1,10,19,2,1,4,1,4,19,1,1,1,1,1,5,10,1,6,1,1,40,4,7,1,2,1,10,1,23,11,1
OTU_568,1,1,1,1,1,1,1,1,1,1,1,1,1,1,1,1,1,1,1,1,1,1,1,1,1,1,1,1,1,1,1,1,1,1,1,1,1,1,1,1,1,1,1,1,1,1,1,1,1,1
OTU_569,1,1,1,1,1,1,1,1,1,1,1,1,1,1,1,1,1,1,1,1,1,1,1,1,1,1,1,1,1,1,1,1,1,1,1,1,1,1,1,1,1,1,1,1,1,1,1,1,1,1
OTU_570,1,1,1,1,1,1,1,1,1,159,1,1,1,1,1,1,1,1,1,1,56,1,1,1,1,1,1,1,1,150,1,1,116,1,1,1,1,2,1,1,1,1,1,1,1,1,1,1,1,1
OTU_571,1,1,1,1,1,1,1,1,1,1,1,1,1,1,1,1,1,1,1,1,1,1,1,1,1,1,1,1,1,1,1,1,1,1,1,1,1,1,1,1,1,1,1,1,1,1,1,1,1,1
OTU_572,1,1,1,1,1,1,1,1,1,1,1,1,1,1,1,1,1,1,1,1,1,1,1,1,1,1,1,1,1,1,1,1,1,1,1,1,1,1,1,1,1,1,1,1,1,1,1,1,1,1
OTU_573,12,1,20,1,72,175,1,1,6,1,1,17,47,13,103,1,106,1,23,2,13,371,4,290,155,1,102,1,6,3,1,25,58,65,86,17,80,5,11,1,143,1,3,4,190,91,80,12,274,1
OTU_574,1,1,1,1,1,1,1,1,122,2,1,1,1,1,1,1,1,1,1,1,1,1,1,1,1,1,1,1,1,1,1,1,3,1,1,17,1,1,1,1,1,1,1,1,1,1,1,1,1,1
OTU_575,1,1,1,1,1,1,1,1,1,1,1,1,1,1,1,1,1,1,1,1,1,1,2,1,1,1,1,1,1,1,1,1,1,1,1,1,1,1,1,1,1,1,1,1,1,1,1,1,1,1
OTU_576,1,1,1,1,1,1,1,1,1,1,1,1,1,1,1,1,1,1,1,1,1,1,1,1,1,1,1,1,1,1,1,1,1,1,1,1,1,1,1,1,1,1,1,1,1,1,1,1,1,1
OTU_577,1,1,1,1,1,1,1,1,1,1,1,1,1,1,1,1,1,1,1,1,1,1,1,1,1,1,1,1,1,1,1,1,1,1,1,1,1,1,1,1,1,1,1,1,1,1,1,1,1,1
OTU_578,1,1,1,1,1,1,1,1,1,1,1,1,1,1,1,1,1,1,1,1,1,1,1,1,1,1,1,1,1,1,1,1,1,1,1,1,1,1,1,1,1,1,1,1,1,1,1,1,1,1
OTU_579,1,1,1,1,1,1,1,1,1,1,1,1,1,1,1,1,1,1,1,1,1,1,1,1,1,1,1,1,1,1,1,1,1,1,1,1,1,1,1,1,1,1,1,1,1,1,1,1,1,1
OTU_580,1,1,90,575,323,1,1,1,1,4,1,224,1,1,201,1,1,1,1,1,1,2,1,1,46,5,1,1,1,66,1,1,1,1,1,34,1,1,1,1,8,1,1,4,24,1,1,30,1,23
OTU_581,352,357,266,580,575,283,256,302,480,236,107,647,1469,371,611,591,112,60,496,186,708,96,110,274,1304,561,172,274,439,256,157,854,479,377,663,110,1689,296,286,522,147,425,108,285,312,644,248,568,378,421
OTU_582,115,131,164,66,112,17,15,376,72,10,38,274,84,196,52,60,27,144,111,28,2,46,84,22,112,20,438,35,4,39,1,1,130,37,289,239,484,40,70,160,149,47,98,8,63,162,97,221,48,98
OTU_583,1,1,1,1,1,1,1,1,1,1,1,1,1,1,1,1,1,1,1,1,1,1,1,1,1,1,1,1,1,1,1,1,1,1,1,1,1,1,1,1,1,1,1,1,1,1,1,1,1,1
OTU_584,1,1,1,1,1,1,1,1,1,1,1,1,1,1,1,1,1,1,1,1,1,1,1,1,1,1,1,1,1,1,1,1,1,1,1,1,1,1,1,1,1,1,1,1,1,1,1,1,1,1
OTU_585,1,1,1,1,1,1,1,1,1,1,1,1,1,1,1,1,1,1,1,1,1,1,1,1,1,1,1,1,1,1,1,1,1,1,1,1,1,1,1,1,1,1,1,1,1,1,1,1,1,1
OTU_586,1,1,1,1,1,1,1,1,1,1,1,1,1,1,1,1,1,1,1,1,1,1,1,1,1,1,1,1,1,1,1,1,1,1,1,1,1,1,1,1,1,1,1,1,1,1,1,1,1,1
OTU_587,1,1,1,1,1,1,1,1,1,1,1,1,1,1,1,1,1,1,1,1,1,1,1,1,1,1,1,1,1,1,1,1,1,1,1,1,1,1,1,1,1,1,1,1,1,1,1,1,1,1
OTU_588,1,1,1,1,1,1,1,1,1,1,1,1,1,1,1,5,1,1,1,1,1,1,1,10,1,1,1,1,1,1,1,1,1,1,1,1,5,1,1,1,1,1,20,1,38,1,1,1,1,1
OTU_589,1,1,1,1,1,1,1,1,1,1,1,1,1,1,1,1,1,1,1,1,1,1,1,1,1,1,1,1,1,1,1,1,1,1,1,1,1,1,1,1,1,1,1,1,1,1,1,1,1,1
OTU_590,1,1,1,1,1,1,1,1,1,1,1,1,1,1,1,1,1,1,1,1,1,1,1,1,1,1,1,1,1,1,1,1,1,1,1,1,1,1,1,1,1,1,1,1,1,1,1,1,1,1
OTU_591,180,78,441,82,89,108,11,1027,8,276,161,78,241,486,138,62,4,1013,36,282,291,63,54,302,68,319,70,155,130,173,32,95,394,112,1048,136,110,65,61,111,6,233,403,119,73,654,67,261,335,244
OTU_592,25,23,15,1,124,1,153,1,4,1,1,1,35,1,4,2,1,1,1,1,14,1,1,2,2,2,3,1,18,2,62,1,8,5,298,2,1,13,4,338,51,47,26,1,62,30,1,1,16,1
OTU_593,1,1,1,1,1,1,1,1,1,1,1,1,109,1,1,1,1,1,1,1,1,1,1,1,1,1,1,1,1,1,1,1,1,1,1,1,1,1,1,1,1,1,531,1,1,1,1,1,33,1
OTU_594,326,141,474,153,194,117,270,265,122,130,413,230,115,283,299,33,209,356,430,10,63,221,298,170,198,303,431,588,101,236,220,333,384,189,172,510,228,176,92,134,361,315,248,98,270,191,193,175,217,199
OTU_595,1,2,17,1,1,1,55,1,5,4,3,2,159,2,62,1,3,3,1,80,1,1,236,1,1,1,1,86,27,4,1,1,48,1,6,1,1,1,213,1,1,2,98,294,1,1,1,1,40,1
OTU_596,1,1,1,1,1,1,1,1,1,1,1,1,1,1,1,1,1,1,1,1,1,1,1,1,1,1,1,1,1,1,1,1,1,1,1,1,1,1,1,1,1,1,1,1,1,1,1,1,1,1
OTU_597,1,1,1,1,1,1,1,1,1,1,1,1,1,1,1,1,1,1,1,1,1,1,1,1,1,1,1,1,1,1,1,1,1,1,1,1,1,1,1,1,1,1,1,1,1,1,1,1,1,1
OTU_598,1,1,1,1,1,1,1,1,1,1,1,1,1,1,1,1,1,1,1,1,1,1,1,1,1,1,1,1,1,1,1,1,1,1,1,1,1,1,1,1,1,1,1,1,1,1,1,4,1,1
OTU_599,1,8,1,1,1,1,1,1,1,1,1,1,1,1,1,1,1,1,1,1,1,1,1,1,1,1,1,1,1,1,1,1,1,1,1,1,1,1,1,1,1,1,1,1,1,1,1,1,27,1
OTU_600,1,1,1,1,1,1,1,1,1,1,1,1,1,1,1,1,1,1,1,1,1,1,1,1,1,1,1,1,1,1,1,1,1,1,1,1,1,1,1,1,1,1,1,1,1,1,1,1,1,1
OTU_601,1,1,1,1,1,1,1,1,1,1,1,1,1,1,1,1,1,1,1,1,1,1,1,1,1,1,1,1,1,1,1,1,1,1,1,1,1,1,1,1,1,1,1,1,1,1,1,1,1,1
OTU_602,74,587,242,25,4,85,34,10,78,119,34,531,93,6,220,28,64,36,220,95,31,226,5,348,190,366,295,168,199,259,190,258,285,132,136,9,239,130,166,625,206,140,136,53,22,59,39,167,77,58
OTU_603,58,1,1,240,1,3,55,1,3,79,26,1,1,37,1,2,80,3,254,6,57,17,228,11,15,156,8,16,1,1,1,1,1,14,21,5,1,1,1,1,15,111,23,1,52,1,7,1,11,61
OTU_604,38,1,4,1,335,79,63,86,57,313,6,23,477,56,13,227,2,11,234,2,470,96,134,5,107,28,12,44,5,41,53,48,31,1,23,12,6,34,3,2,263,1,4,30,278,258,31,4,80,50
OTU_605,1,1,1,1,1,1,1,1,1,1,1,1,1,1,1,1,1,1,1,1,1,1,1,1,1,1,1,1,1,1,1,1,1,1,1,1,1,1,1,1,1,1,1,1,1,1,1,1,1,1
OTU_606,1,1,1,1,1,1,5,2,3,1,1,1,198,1,18,1,4,7,4,1,77,2,1,20,20,1,1,171,4,1,1,1,1,1,45,28,65,21,69,1,1,4,4,1,1,8,10,1,1,1
OTU_607,1,2,149,1,1,15,1,1,4,14,4,1,1,1,1,1,1,9,1,1,2,1,1,1,1,139,1,1,111,1,18,3,1,1,1,1,61,15,23,1,72,1,1,1,1,1,1,1,1,1
OTU_608,1,2,2,3,1,169,1,1,298,49,1,40,1,1,4,11,1,1,12,1,1,6,1,4,1,15,1,1,2,1,1,103,1,48,1,6,1,1,68,2,6,71,5,2,1,57,1,1,1,7
OTU_609,1,1,1,16,1,7,1,5,3,1,1,1,1,1,1,1,1,1,1,1,1,1,1,1,1,1,40,10,39,99,28,1,1,2,1,3,1,135,1,1,5,1,7,58,5,49,170,1,1,1
OTU_610,1,1,1,1,1,1,1,1,1,1,1,1,1,1,1,1,1,1,1,1,1,1,1,1,1,1,1,1,1,1,1,1,1,1,1,1,1,1,1,1,1,1,1,1,1,1,1,1,1,1
OTU_611,1,1,1,1,1,1,1,1,1,1,1,1,1,1,1,1,1,1,1,1,1,1,1,1,1,1,1,1,1,1,1,1,1,1,1,1,1,1,1,1,1,1,1,1,1,1,1,1,2,1
OTU_612,1,1,1,1,1,1,1,1,1,1,1,1,1,1,1,1,1,1,1,1,1,1,1,1,1,1,1,1,1,1,1,1,1,1,1,1,1,1,1,1,1,1,1,1,1,1,1,1,1,1
OTU_613,1,1,1,1,1,1,1,1,1,1,1,1,1,1,1,1,1,1,1,1,1,1,1,1,1,1,1,1,1,1,1,1,1,1,1,1,1,1,1,1,1,1,1,1,1,1,1,1,1,1
OTU_614,1,1,1,1,1,1,1,1,1,1,1,1,1,1,1,1,1,1,1,1,1,1,1,1,1,1,1,1,1,1,1,1,1,1,1,1,1,1,1,1,1,1,1,1,1,1,1,1,1,1
OTU_615,1,1,1,1,1,1,1,1,1,1,1,1,1,1,1,1,1,1,1,1,1,1,1,1,1,1,1,1,1,1,1,1,1,1,1,1,1,1,1,1,1,1,1,1,1,1,1,1,1,1
OTU_616,9,17,6,2,51,20,2,17,1,1,1,43,1,31,12,133,1,7,17,1,257,10,2,5,31,1,250,1,4,1,2,10,27,1,2,112,47,1,13,15,71,3,1,143,1,4,1,4,3,3
OTU_617,1,1,1,1,1,1,1,1,1,1,1,1,1,1,1,1,1,1,1,1,1,1,1,1,1,1,1,1,1,1,1,1,1,1,1,1,1,1,1,1,1,1,1,1,1,1,1,1,1,1
OTU_618,1,1,1,1,1,8,1,1,1,5,1,1,1,1,1,1,1,1,1,179,1,1,1,1,2,1,1,1,1,1,1,1,1,1,1,1,1,1,1,1,1,1,1,1,2,1,1,1,1,1
OTU_619,174,1,3,1,24,1,9,23,82,23,96,8,42,3,1,5,5,3,4,1,1,3,29,5,72,3,1,78,1,136,153,1,78,11,1,1,3,1,33,4,1,244,12,40,1,5,3,74,71,2
OTU_620,1,1,1,1,1,1,1,1,1,1,1,1,1,1,1,1,1,1,1,1,1,1,1,1,1,1,1,1,1,1,1,1,1,1,1,1,1,1,1,1,1,1,1,1,1,1,1,1,1,1
OTU_621,1,1,1,1,1,1,1,1,126,1,1,51,1,1,1,1,1,1,1,3,1,21,1,1,2,10,1,1,1,1,1,1,1,309,1,1,1,1,1,1,1,1,1,2,1,1,1,1,1,1
OTU_622,1,1,2,1,1,1,1,1,1,1,1,1,1,1,1,1,1,1,1,1,1,1,1,1,1,13,1,1,1,1,65,1,1,1,1,1,1,1,1,1,1,1,1,1,1,1,1,1,1,1
OTU_623,1,3,1,6,8,12,49,89,1,25,4,25,8,83,1,53,9,11,73,59,1,226,4,448,13,3,3,263,7,1,221,5,68,1,24,58,11,2,1,15,134,9,36,4,1,8,32,6,1,68
OTU_624,1,1,3,1,1,1,74,1,140,1,1,2,2,1,1,87,1,1,2,1,1,1,1,1,2,1,1,1,1,1,1,265,1,1,1,1,1,13,21,1,1,5,1,19,1,1,1,2,1,1
OTU_625,1,1,1,1,1,1,1,1,1,1,1,1,1,1,1,1,1,1,1,1,1,1,1,1,1,1,1,1,1,1,1,1,1,1,1,1,1,1,1,1,1,1,1,1,1,1,2,1,1,1
OTU_626,20,41,1,4,1,1,1,109,1,49,270,1,12,1,1,1,133,237,1,1,1,2,2,2,150,29,1,24,83,1,222,10,18,19,5,5,2,1,504,1,19,2,2,1,140,5,23,56,128,1
OTU_627,117,83,124,13,67,20,1,2,1,89,113,39,42,63,10,1,8,96,89,201,162,6,1,94,134,1,1,1,89,1,2,94,18,15,1,41,12,3,12,2,9,1,1,2,1,1,7,1,12,20
OTU_628,1,1,12,1,1,1,1,33,7,1,10,25,1,1,6,2,1,1,62,1,1,2,3,1,1,10,1,31,6,1,1,2,3,124,3,2,1,47,1,4,1,1,144,1,10,1,6,1,1,2
OTU_629,1,1,1,1,1,1,1,1,1,1,217,1,1,1,1,1,1,1,1,1,1,1,1,1,1,1,1,1,1,2,1,1,1,1,1,1,1,1,1,1,1,1,1,1,1,1,1,2,1,1
OTU_630,1,1,1,1,1,1,1,1,1,1,1,1,1,1,1,1,1,1,1,1,1,1,1,1,1,1,1,1,1,1,1,1,1,1,1,1,1,1,1,1,1,1,1,1,1,1,1,1,1,1
OTU_631,1,4,4,5,18,1,6,7,1,12,1,1,31,1,52,33,59,3,1,5,1,1,4,2,1,1,31,13,4,1,70,191,118,45,3,77,113,1,27,1,25,3,1,1,2,56,96,1,1,41
OTU_632,31,255,164,106,41,115,281,252,153,158,2,119,82,11,460,4,174,276,217,146,154,581,52,116,17,396,228,76,269,262,198,37,282,48,24,44,78,84,361,78,180,325,291,86,108,103,407,101,201,62
OTU_633,1,1,1,1,1,1,1,1,1,1,1,1,1,1,1,1,1,1,1,1,1,1,1,1,1,1,1,1,1,1,1,1,1,1,1,1,1,1,1,1,1,1,1,1,1,1,1,1,1,1
OTU_634,1,1,1,1,1,1,1,1,1,1,1,1,1,1,1,1,1,1,1,1,1,1,1,1,1,1,1,1,1,1,1,1,1,1,1,1,1,1,1,1,1,1,1,1,1,1,1,1,1,1
OTU_635,214,593,610,489,498,196,782,510,371,87,185,42,497,177,636,450,747,359,392,411,328,399,308,169,328,176,318,275,526,259,240,166,395,334,38,293,862,477,471,381,783,899,761,424,517,302,405,30,262,226
OTU_636,1,1,1,1,1,1,1,1,1,1,1,1,3,1,1,1,1,1,1,3,1,1,1,1,1,7,1,1,1,1,1,1,1,1,6,1,1,1,1,1,1,1,1,1,1,1,1,1,1,1
OTU_637,1,4,1,10,1,3,1,7,3,8,1,68,1,1,1,1,1,1,45,1,15,21,1,42,1,12,1,1,1,1,4,1,1,1,1,1,1,1,1,1,40,12,1,7,2,1,1,17,1,1
OTU_638,1,1,1,1,1,1,1,1,1,1,1,1,1,1,1,1,1,1,1,1,1,1,1,1,1,1,1,1,1,1,1,1,1,1,1,1,1,1,1,1,1,1,1,1,1,1,1,1,1,1
OTU_639,1,1,1,1,1,1,1,1,1,1,1,1,1,1,1,1,1,1,1,1,1,1,1,1,1,1,1,1,1,1,1,1,1,1,1,1,1,1,1,1,1,1,1,1,1,1,1,1,1,1
OTU_640,1,1,1,1,1,1,151,1,1,1,1,1,1,516,1,1,1,1,1,3,1,1,1,55,64,1,1,24,96,1,9,1,2,1,1,1,6,1,1,1,1,1,2,1,1,1,1,1,1,1
OTU_641,1,1,1,1,1,2,3,1,1,1,2,1,1,1,1,1,1,1,1,1,1,1,1,1,1,1,1,5,1,1,1,1,1,17,1,1,1,1,1,1,1,15,1,4,1,1,59,1,3,1
OTU_642,1,1,1,1,1,1,1,1,1,1,1,1,1,1,1,1,1,1,1,1,1,1,1,1,1,1,1,1,1,1,1,1,1,1,1,1,1,1,1,1,1,1,1,1,1,1,1,1,1,1
OTU_643,1,1,1,1,1,1,1,1,1,1,1,1,1,1,1,1,1,1,1,1,1,1,1,1,1,1,1,1,1,1,1,1,1,1,1,1,1,1,1,1,1,1,1,1,1,1,1,1,1,1
OTU_644,1,1,1,1,1,1,1,1,1,1,1,1,1,1,1,1,1,1,1,1,1,1,1,1,1,1,1,1,1,1,1,1,1,1,1,1,1,1,1,1,1,1,1,1,1,1,1,1,1,1
OTU_645,1,1,1,1,1,1,1,1,1,1,1,1,1,1,1,1,1,1,1,1,1,1,1,1,1,1,1,1,1,1,1,1,2,1,1,1,1,1,1,1,1,1,1,1,1,1,1,1,1,1
OTU_646,1,1,1,1,1,1,1,1,1,1,1,1,1,1,1,1,1,1,1,1,1,1,1,1,1,1,1,1,1,1,1,1,1,1,1,1,1,1,1,1,1,1,1,1,1,1,1,1,1,1
OTU_647,1,1,1,1,1,1,1,1,1,1,1,1,1,1,1,1,1,1,1,1,1,1,1,1,1,1,1,1,1,1,1,1,1,1,1,1,1,1,1,1,1,1,1,1,1,1,1,1,1,1
OTU_648,4,1,1,17,1,5,1,1,39,12,4,1,1,1,1,1,1,1,1,1,1,1,1,1,3,1,118,1,1,1,5,1,1,1,1,1,1,1,1,1,1,6,4,168,217,1,1,35,1,15
OTU_649,2,1,1,1,1,1,1,1,1,1,1,1,1,55,1,1,1,1,1,22,20,1,1,3,1,1,1,1,1,1,143,1,1,1,1,1,1,1,1,2,1,1,1,2,1,1,1,2,1,3
OTU_650,1,1,1,1,1,1,1,1,1,1,1,1,1,1,1,1,1,1,1,1,1,1,1,1,1,1,1,1,1,1,1,1,1,1,1,1,1,1,1,1,1,1,1,1,1,1,1,1,1,1
OTU_651,1,1,1,1,1,1,1,1,1,1,1,1,1,1,1,1,1,1,1,1,1,1,1,1,1,1,1,1,1,1,1,1,1,1,16,1,1,1,1,1,1,1,1,1,1,1,1,1,1,1
OTU_652,99,2,49,209,111,227,282,203,69,66,131,20,56,36,375,181,30,22,236,321,456,91,171,286,60,111,96,17,137,90,153,198,221,350,165,107,38,291,70,52,119,20,52,47,149,33,18,374,87,111
OTU_653,18,2,1,1,1,1,1,1,4,1,2,3,2,1,1,2,4,8,1,1,1,1,1,63,1,3,1,4,1,1,2,1,1,3,1,15,1,201,2,98,2,1,14,1,1,1,7,16,1,3
OTU_654,1,1,1,1,1,1,1,1,52,1,1,1,1,1,1,1,1,1,1,1,7,1,1,1,1,1,1,1,1,1,1,1,1,1,1,1,1,1,1,1,1,1,1,1,1,1,1,1,1,1
OTU_655,1,1,1,1,1,1,1,1,1,1,1,1,1,1,1,1,1,1,1,1,1,1,1,1,1,1,1,1,1,1,1,1,1,1,1,1,1,1,1,1,1,1,1,1,1,1,1,1,1,1
OTU_656,1,1,1,1,1,1,1,1,1,1,1,1,1,1,1,1,1,1,1,1,1,1,1,1,1,1,1,1,1,1,1,1,1,1,1,1,1,1,1,1,1,1,1,1,1,1,1,1,1,1
OTU_657,1,1,1,1,1,1,1,1,1,1,1,1,1,1,1,1,1,1,1,1,1,1,1,1,1,1,1,1,1,1,1,1,1,1,1,1,1,1,1,1,1,1,1,1,1,1,1,1,1,1
OTU_658,1,1,1,1,1,1,83,3,1,1,1,1,1,1,1,1,4,1,1,1,1,1,13,1,1,1,1,1,1,1,1,21,1,1,1,1,23,1,4,1,154,1,1,1,2,1,1,1,1,2
OTU_659,1,42,5,145,70,3,163,1,23,2,38,56,11,8,48,127,92,1,15,4,51,5,1,2,4,1,78,4,1,60,4,43,13,224,5,3,14,4,10,37,63,27,1,70,59,11,2,224,4,5
OTU_660,1,1,1,1,1,1,1,1,1,1,1,1,1,1,1,1,1,1,1,1,1,1,1,1,1,1,1,1,1,1,1,1,1,1,1,1,1,1,1,1,1,1,1,1,1,1,1,1,1,1
OTU_661,1,1,1,1,1,1,1,1,1,1,1,1,1,1,1,1,1,1,1,1,1,1,1,1,1,1,2,1,1,1,1,1,67,1,1,1,30,1,1,1,7,1,1,1,1,1,1,1,1,1
OTU_662,1,1,1,1,1,1,1,1,1,1,1,1,1,1,1,1,1,1,1,1,1,1,1,1,1,1,1,1,1,1,1,1,1,1,1,1,1,1,1,1,1,1,1,1,1,1,1,1,1,1
OTU_663,1,1,1,1,1,1,1,1,1,1,1,1,1,1,1,1,1,1,1,1,1,1,1,1,1,1,1,1,1,1,1,1,1,1,1,1,1,1,1,1,1,1,1,1,1,1,1,1,1,1
OTU_664,1,1,1,1,2,1,1,1,1,1,1,1,1,1,1,1,1,1,1,1,1,1,1,1,1,1,1,1,1,1,1,1,1,1,1,1,1,1,1,1,1,1,1,1,1,1,1,1,1,1
OTU_665,106,133,380,67,94,288,35,16,146,336,95,96,173,169,348,445,42,722,454,266,34,277,58,195,478,485,396,109,59,300,158,1022,99,270,70,59,340,132,103,49,253,99,523,57,237,117,178,210,191,63
OTU_666,1,1,1,1,1,1,1,1,10,1,1,1,1,4,1,1,1,1,1,1,1,1,10,1,1,1,1,1,1,1,1,1,1,1,1,1,2,1,1,1,1,1,1,1,1,1,1,1,1,1
OTU_667,3,6,352,3,1,156,3,25,16,1,55,486,4,360,65,3,32,6,13,221,34,4,28,3,137,23,2,77,91,220,8,17,2,94,1,15,171,3,75,24,1,1,12,4,12,171,183,28,17,1
OTU_668,1,1,1,1,1,1,1,1,1,1,1,1,1,1,1,1,1,1,1,1,1,1,1,1,1,1,1,1,1,1,1,1,1,1,1,1,1,1,1,1,1,1,1,1,1,1,1,1,1,1
OTU_669,1,1,1,1,1,1,1,1,1,1,1,1,1,1,1,1,1,1,1,1,1,1,1,1,1,1,1,1,1,1,1,1,1,1,1,1,1,1,1,1,1,1,1,1,1,1,1,1,1,1
OTU_670,810,901,431,1669,292,402,786,323,823,282,778,594,987,657,463,476,1619,1111,670,1778,180,913,327,317,515,790,1079,831,1129,273,1290,535,809,547,1155,813,486,917,178,637,748,968,1020,466,534,193,497,159,924,600
OTU_671,1,1,1,1,1,1,1,1,1,1,1,1,1,1,1,1,1,1,1,1,1,1,1,1,1,1,1,1,1,1,1,1,1,1,1,1,1,1,1,1,1,1,1,1,1,1,1,1,1,1
OTU_672,115,1,40,296,164,1,36,21,50,1,80,3,4,24,2,8,26,1,34,385,425,177,1,7,1,38,104,4,3,1,330,205,16,34,2,1,129,37,1,32,33,150,50,2,319,56,6,6,103,84
OTU_673,1,1,1,1,1,1,1,1,1,1,1,1,1,1,1,1,1,1,1,1,1,1,1,1,1,1,1,1,1,1,1,1,1,1,1,1,1,1,1,1,1,1,1,1,1,1,1,1,1,1
OTU_674,1,1,1,1,1,1,1,1,1,1,1,3,1,1,1,1,1,1,1,1,1,1,10,1,1,1,1,1,1,1,1,1,1,1,1,1,1,1,1,1,1,1,1,1,1,1,1,5,1,1
OTU_675,1,1,1,1,1,1,1,1,1,1,1,1,1,1,1,1,1,1,1,1,1,1,1,1,1,1,1,1,1,1,1,1,1,1,1,1,1,1,1,1,1,1,1,1,1,1,1,1,1,1
OTU_676,1,1,1,1,1,1,1,1,1,1,1,1,1,1,1,1,1,1,1,1,1,1,1,1,1,1,1,1,1,1,1,1,1,1,1,1,1,1,1,1,1,1,1,1,1,1,1,1,1,1
OTU_677,1,1,1,1,1,1,1,1,1,1,1,1,1,1,1,1,1,1,1,1,1,1,1,1,1,1,1,1,1,1,1,1,1,1,1,1,1,1,1,1,1,1,1,1,1,1,1,1,1,1
OTU_678,1,1,1,1,1,1,1,1,1,1,1,1,1,1,1,1,1,1,1,1,1,1,1,1,1,1,1,1,1,1,1,1,1,1,1,1,1,1,1,1,1,1,1,1,1,1,1,1,1,1
OTU_679,1,1,1,1,1,1,1,1,1,1,1,1,1,1,1,1,1,1,1,1,1,1,1,1,1,1,1,1,1,1,1,1,1,1,1,1,1,1,1,1,1,1,1,1,1,1,1,1,1,1
OTU_680,1,1,1,1,1,1,1,1,1,1,1,1,1,1,1,1,1,1,1,1,1,1,1,1,1,1,1,1,1,1,1,1,1,1,1,1,1,1,1,1,1,1,1,1,1,1,1,1,1,1
OTU_681,4,1,1,3,263,1,1,1,1,1,5,1,3,57,37,12,1,2,1,1,17,75,118,30,23,1,1,1,1,87,16,1,9,1,1,1,4,1,1,1,1,1,1,1,1,7,4,4,1,2
OTU_682,1,1,1,1,1,1,1,1,1,1,1,1,1,1,1,1,1,1,1,1,1,1,1,1,1,1,1,1,1,1,1,1,1,1,1,1,1,1,1,1,1,1,1,1,1,1,1,1,1,1
OTU_683,1,1,1,1,1,1,1,1,1,1,1,1,1,1,1,1,1,1,1,1,1,1,1,1,1,1,1,1,1,1,1,1,1,1,1,1,1,1,1,1,1,1,1,1,1,1,1,1,1,1
OTU_684,1,1,1,1,1,1,1,1,1,1,1,1,1,1,1,1,1,1,1,1,1,1,1,1,1,1,1,1,1,1,1,1,1,1,1,1,1,1,1,1,1,1,1,1,1,1,1,1,1,1
OTU_685,1,1,1,1,1,1,1,1,1,1,1,1,1,1,1,1,1,1,1,1,1,1,1,1,1,1,1,1,1,1,1,1,1,1,1,1,1,1,1,1,1,1,1,1,17,1,1,1,1,1
OTU_686,1,1,1,1,1,1,1,1,1,1,1,1,1,1,1,1,1,1,1,1,1,1,1,1,1,1,1,1,1,1,1,1,1,1,1,1,1,1,1,1,1,1,1,1,1,1,1,1,1,1
OTU_687,37,208,656,188,1,11,1,19,133,51,181,2,57,323,94,14,6,409,84,20,144,1,7,12,1,20,14,12,96,10,73,6,1,9,1,62,76,2,48,8,93,40,135,96,1,1,95,20,1,4
OTU_688,1,1,1,1,1,1,1,1,1,1,1,1,1,1,1,1,1,1,1,1,1,1,1,1,1,1,1,1,1,1,1,1,1,1,1,1,1,1,1,1,1,1,1,1,1,1,1,1,1,1
OTU_689,1,1,1,1,1,1,1,1,1,1,1,1,1,1,1,1,1,1,1,1,1,1,1,1,1,1,1,1,1,1,1,1,1,1,1,1,1,1,1,1,1,1,1,1,1,1,1,1,1,1
OTU_690,1,1,1,1,1,1,1,1,1,1,1,1,1,1,1,1,1,1,1,1,1,1,1,1,1,1,1,1,1,1,1,1,1,1,1,1,1,1,1,1,1,1,1,1,1,1,1,1,1,1
OTU_691,334,1,10,1,58,119,43,23,20,282,171,185,13,1,1,34,35,6,146,288,7,2,1,80,112,25,28,61,2,27,15,29,515,29,14,28,28,56,105,81,97,2,48,6,72,117,36,2,136,7
OTU_692,1,1,1,1,1,1,1,1,1,1,1,1,1,1,1,1,1,1,1,1,1,1,1,9,1,1,1,1,1,1,1,1,1,179,1,1,1,1,1,1,1,1,1,1,1,1,1,1,1,1
OTU_693,30,6,11,84,4,2,1,2,13,2,118,22,1,41,7,1,22,12,22,68,27,188,2,106,223,4,5,2,60,2,30,53,1,32,1,2,13,7,101,48,207,312,10,57,23,1,1,7,1,1
OTU_694,11,43,57,109,1,19,1,12,20,2,136,27,1,1,82,49,58,41,1,9,1,117,84,10,147,97,3,10,18,26,69,9,59,1,39,3,1,14,2,22,190,1,1,1,320,1,150,10,59,5
OTU_695,1,1,1,1,1,1,1,1,1,1,1,1,1,1,1,1,1,1,1,1,1,1,1,1,1,1,1,1,1,1,1,1,1,1,1,1,1,1,1,1,1,1,1,1,1,1,1,1,1,1
OTU_696,1,1,1,1,1,1,1,1,1,1,1,1,1,1,1,4,1,1,1,1,1,1,1,1,1,1,1,1,1,1,1,1,1,1,1,1,1,1,1,1,1,1,1,1,1,1,1,1,1,1
OTU_697,131,33,42,34,4,6,203,88,20,132,152,305,22,16,157,37,178,13,6,39,47,408,16,21,404,193,22,113,43,242,103,28,1,11,50,7,188,34,17,44,14,31,8,14,107,103,91,44,15,23
OTU_698,231,315,212,491,276,945,70,175,279,370,470,396,51,573,83,211,217,312,161,587,504,488,259,313,276,305,435,319,558,275,390,433,216,194,286,550,427,393,468,425,277,594,219,423,27,302,222,672,350,366
OTU_699,1,1,1,1,1,1,1,1,1,1,1,1,1,1,1,1,1,1,1,1,1,1,1,1,1,1,1,1,1,1,1,1,1,1,1,1,1,1,1,1,1,1,1,1,1,1,1,1,1,1
OTU_700,1,26,1,1,1,1,3,1,1,2,11,1,1,2,2,9,1,9,1,1,1,2,71,1,1,1,1,1,1,1,1,77,1,1,1,1,137,1,1,1,58,154,1,7,1,1,290,1,1,293
OTU_701,1,1,1,1,1,1,1,1,1,1,1,1,1,1,1,1,1,1,1,1,1,1,1,1,1,1,1,1,1,1,1,1,1,1,1,1,1,1,1,1,1,1,1,1,1,1,1,1,1,1
OTU_702,1,5,1,1,1,1,1,1,1,1,1,1,1,1,1,5,1,1,1,1,1,1,1,1,1,1,1,1,1,1,1,1,1,1,1,1,97,1,1,1,1,1,1,1,1,1,1,1,1,1
OTU_703,1,1,1,1,1,1,1,1,1,1,1,1,1,1,1,1,1,1,1,1,1,1,1,1,1,1,1,1,1,1,1,1,1,1,1,1,1,1,1,1,1,1,1,1,1,1,1,1,1,1
OTU_704,1,1,1,1,1,1,1,1,1,1,1,1,1,1,1,1,1,1,1,1,1,1,1,1,1,1,1,1,1,1,1,1,1,1,1,1,1,1,1,1,1,1,1,1,1,1,1,1,1,1
OTU_705,1,1,1,1,1,1,1,1,1,1,1,1,1,1,1,1,1,1,1,1,1,1,1,1,1,1,1,1,1,1,1,1,1,1,1,1,1,1,1,1,1,1,1,1,1,1,1,1,1,1
OTU_706,1,1,1,1,1,1,1,1,1,1,1,1,1,1,1,1,1,1,1,1,1,1,1,1,1,1,1,1,1,1,1,1,1,1,1,1,1,1,1,1,1,1,1,1,1,1,1,1,1,1
OTU_707,11,1,1,1,1,1,36,1,1,1,1,1,1,1,1,39,1,1,1,1,1,1,1,1,2,1,1,1,148,1,1,1,1,1,1,1,1,2,1,1,1,1,1,10,1,4,1,2,1,1
OTU_708,1,1,1,1,1,1,1,1,1,1,1,1,1,1,1,1,1,1,1,1,1,1,1,1,1,1,1,1,1,1,1,1,1,1,1,1,1,1,1,1,1,1,1,1,1,1,1,1,1,1
OTU_709,1,1,1,1,1,1,1,1,1,1,1,1,1,1,1,1,1,1,1,1,1,1,1,1,1,1,1,1,1,1,1,1,1,1,1,1,1,1,1,1,1,1,1,1,1,1,1,1,1,1
OTU_710,1,1,1,1,1,1,1,1,1,1,1,143,1,1,1,1,1,4,1,1,1,1,1,29,1,1,1,1,1,1,1,1,1,1,1,1,1,1,1,1,1,1,1,1,1,1,1,1,1,1
OTU_711,1,1,1,1,1,1,1,1,1,1,1,1,1,1,1,1,1,1,1,1,1,1,1,1,1,1,1,1,1,1,1,1,1,1,1,1,1,1,1,1,1,1,1,1,1,1,1,1,1,1
OTU_712,1,1,1,1,1,1,1,1,1,1,1,1,1,1,1,1,1,1,1,1,1,1,1,1,1,1,1,1,1,1,1,1,1,1,1,1,1,1,1,1,1,1,1,1,1,1,1,1,1,1
OTU_713,1,1,1,1,1,1,1,1,1,1,1,1,1,1,1,1,1,1,1,1,1,1,1,1,1,1,1,1,1,1,1,1,1,1,1,1,1,1,1,1,1,1,1,1,1,1,1,1,1,1
OTU_714,1,1,1,1,1,1,1,1,1,1,1,1,1,1,1,1,1,1,1,1,1,1,1,1,1,1,1,1,1,1,1,1,1,1,1,1,1,1,1,1,1,1,1,1,1,1,1,1,1,1
OTU_715,1,1,1,1,1,1,1,1,1,1,1,1,1,1,1,1,1,1,1,1,1,1,1,1,1,1,1,1,1,1,1,1,1,1,1,1,1,1,1,1,1,1,1,1,1,1,1,1,1,1
OTU_716,1,1,1,1,1,1,1,1,1,1,1,1,1,1,1,1,1,1,1,1,1,1,1,1,1,1,1,1,1,1,1,1,1,1,1,1,1,1,1,1,1,1,1,1,1,1,1,1,1,1
OTU_717,1,1,1,1,1,1,1,1,1,1,1,1,1,1,1,1,1,1,1,1,1,1,1,1,1,1,1,1,1,1,1,1,1,1,1,1,1,1,1,1,1,1,1,1,1,1,1,1,1,1
OTU_718,1,1,1,1,1,1,1,1,1,1,1,1,1,1,1,1,1,1,1,1,1,1,1,1,1,1,1,1,1,1,1,1,1,1,1,1,1,1,1,1,1,1,1,1,1,1,1,1,1,1
OTU_719,201,590,82,8,18,43,9,212,60,23,15,8,234,6,22,16,78,46,340,133,652,412,22,40,201,92,192,28,324,177,92,52,36,18,66,11,14,30,120,1,202,21,3,2,118,96,72,3,177,367
OTU_720,1,9,28,1,1,6,1,19,12,4,2,1,1,3,31,5,1,8,1,10,1,77,200,1,1,12,1,2,1,3,3,2,1,2,13,1,7,1,1,325,1,311,14,1,2,1,1,4,71,9
OTU_721,175,206,238,147,66,187,510,643,118,505,191,154,76,159,215,170,334,176,382,550,471,355,100,58,806,135,348,211,179,803,149,313,450,728,118,203,231,336,801,664,493,528,452,88,724,149,119,570,150,107
OTU_722,1,1,1,1,1,1,1,1,1,2,1,1,1,1,1,1,1,1,1,1,1,1,1,1,1,1,1,1,1,1,1,1,1,1,1,1,1,1,1,1,1,1,1,1,1,1,1,1,1,1
OTU_723,1,1,1,1,1,1,1,1,1,1,1,1,1,1,1,1,1,1,1,1,1,1,1,1,1,1,1,1,1,1,1,1,1,1,1,1,1,1,1,1,1,1,1,1,1,1,1,1,1,1
OTU_724,1,10,1,1,17,1,1,1,1,1,19,41,1,1,1,21,2,2,1,1,1,1,1,1,11,1,1,13,6,1,1,1,166,1,1,1,1,1,1,1,2,4,13,1,1,1,12,1,1,1
OTU_725,1,1,1,1,8,2,1,1,1,1,1,1,1,1,1,1,1,1,1,1,1,11,1,1,1,1,1,1,1,1,1,1,1,1,1,1,1,1,1,1,1,1,1,1,1,1,1,1,1,1
OTU_726,1,1,1,1,1,1,1,1,1,1,1,1,1,1,1,1,1,1,1,1,1,1,1,1,1,1,1,1,1,1,1,1,1,1,1,1,1,1,1,1,1,1,1,1,1,1,1,1,1,1
OTU_727,1,1,1,1,1,1,1,1,1,1,1,1,1,1,1,1,1,1,1,1,1,1,1,1,1,1,1,1,1,1,1,1,1,1,1,1,1,1,1,1,1,1,1,1,1,1,1,1,1,1
OTU_728,1,1,1,1,1,1,1,1,1,1,1,1,1,1,1,1,1,8,1,1,1,1,1,1,1,1,1,1,1,1,1,1,1,1,1,1,1,1,1,1,1,1,1,1,1,1,1,1,1,1
OTU_729,37,21,1,1,41,1,1,7,1,2,1,12,6,1,1,1,1,1,1,1,2,1,1,2,3,1,1,1,2,26,7,3,1,1,19,1,3,1,42,1,49,5,1,3,2,2,1,1,1,1
OTU_730,1,1,1,1,1,1,1,1,1,1,1,1,1,1,1,1,1,1,1,1,1,1,1,1,1,1,1,1,1,1,1,1,1,1,1,1,1,1,1,1,1,1,1,1,1,1,1,1,1,1
OTU_731,1,1,1,1,1,1,1,1,1,1,1,1,1,1,1,1,1,1,1,1,1,1,1,1,1,1,1,1,1,1,1,1,1,1,1,1,1,1,1,1,1,1,1,1,1,1,1,1,1,1
OTU_732,1,1,1,1,1,1,1,1,1,1,1,1,1,1,1,1,1,1,1,1,1,1,1,1,1,1,1,1,1,1,1,1,1,1,1,1,1,1,1,1,1,1,1,1,1,1,1,1,1,1
OTU_733,1,1,1,1,1,1,1,1,1,1,1,1,1,1,1,1,1,1,1,1,1,1,1,1,1,1,1,1,1,1,1,1,1,1,1,1,1,1,1,1,1,1,1,1,1,1,1,1,1,1
OTU_734,1,1,12,1,1,1,1,1,27,1,1,1,1,60,8,1,1,44,1,1,1,56,1,1,1,1,1,1,1,1,1,1,6,2,1,1,43,1,1,6,1,1,1,1,1,1,1,34,1,5
OTU_735,73,6,3,1,3,1,1,9,2,51,35,1,1,1,1,1,2,1,1,1,27,1,57,195,5,33,2,1,1,1,62,7,36,1,5,1,1,1,4,1,1,1,1,4,29,1,1,132,1,48
OTU_736,1,1,1,1,1,1,1,1,1,1,1,1,1,1,1,1,1,1,1,1,1,1,2,1,1,1,1,1,1,1,1,1,1,1,1,1,1,1,1,1,1,1,1,1,1,1,1,1,1,1
OTU_737,1,1,1,1,1,1,1,1,1,1,1,1,1,1,1,1,1,1,1,1,1,1,1,1,1,1,1,1,1,1,1,1,1,1,1,1,1,1,1,1,1,1,1,1,1,1,1,1,1,1
OTU_738,1,1,1,1,1,1,1,1,1,1,1,1,1,1,1,1,1,1,1,1,1,1,1,1,1,1,1,1,1,1,1,1,1,1,1,1,1,1,1,1,1,1,2,1,1,1,1,1,1,1
OTU_739,6,90,5,2,44,52,158,31,55,1,12,80,25,8,82,3,1,2,1,169,27,1,1,8,13,2,12,5,18,1,48,154,26,3,3,5,32,6,2,1,1,8,93,2,40,1,95,136,2,29
OTU_740,1,1,1,1,1,1,1,1,1,1,1,1,1,1,1,1,1,1,1,1,1,1,1,1,1,1,1,1,1,1,1,1,1,1,1,1,1,1,1,1,1,1,1,1,1,1,1,1,1,1
OTU_741,1,1,28,1,2,1,3,16,16,3,41,7,1,1,96,1,6,104,4,1,67,1,1,25,5,8,12,1,13,82,48,30,19,1,2,1,115,1,1,7,2,8,1,146,2,78,8,1,16,49
OTU_742,2,23,25,1,73,2,26,1,5,3,15,12,44,1,2,7,150,5,1,1,8,1,1,81,80,1,667,44,1,1,1,1,1,1,1,1,1,430,12,356,106,1,2,1,215,1,1,1,6,1
OTU_743,1,1,1,1,1,1,1,1,1,1,1,1,1,1,1,1,1,1,1,1,1,1,1,1,1,1,1,1,1,1,1,1,1,1,1,1,1,1,1,1,1,1,1,1,1,1,1,1,1,1
OTU_744,1,1,1,1,1,1,1,1,1,1,1,1,1,1,1,1,1,1,1,1,1,1,1,1,1,1,1,1,1,1,1,1,1,1,1,1,1,1,1,1,1,1,1,1,1,1,1,1,1,1
OTU_745,6,18,292,41,2,112,56,562,19,2,478,131,58,34,2,5,1,147,32,13,130,8,18,66,64,354,26,14,1,1,4,64,2,241,63,34,59,25,82,321,4,212,12,218,442,15,11,251,32,26
OTU_746,1,1,1,1,2,1,1,1,1,1,1,1,1,1,1,1,1,1,1,1,1,1,5,1,1,1,1,1,1,1,1,1,1,1,1,1,1,1,1,1,1,1,1,1,1,74,1,84,1,1
OTU_747,1,1,1,1,1,1,1,1,1,1,1,1,1,1,1,1,1,1,1,1,1,1,1,1,1,1,1,1,1,1,1,1,1,1,1,1,1,1,1,1,1,1,1,1,1,1,1,1,1,1
OTU_748,1,1,1,1,1,15,1,1,1,1,1,1,1,1,1,1,1,1,1,1,1,1,1,1,1,1,1,1,1,1,1,1,1,1,1,1,1,1,1,1,1,1,1,1,1,1,1,1,1,1
OTU_749,1,1,1,1,1,1,1,1,1,1,1,1,1,1,1,1,1,1,1,1,1,1,1,1,1,1,1,1,1,1,1,1,1,1,1,1,1,1,1,1,1,1,1,1,1,1,1,1,1,1
OTU_750,1,1,1,1,1,1,1,1,1,1,1,1,1,1,1,1,1,1,1,1,1,1,1,1,1,1,1,1,1,1,1,1,1,1,1,1,1,1,1,1,1,1,1,1,1,1,1,1,1,1
OTU_751,1,1,1,1,1,1,1,1,1,1,1,1,1,1,1,1,1,1,1,1,1,1,1,1,1,1,1,1,1,1,1,1,1,1,1,1,1,1,1,1,1,1,1,1,1,1,1,1,1,1
OTU_752,1,1,1,1,1,1,1,1,1,1,1,1,1,1,1,1,1,1,1,1,1,1,1,1,1,1,1,1,1,1,1,1,1,1,1,1,1,1,1,1,1,1,1,1,1,1,1,1,1,1
OTU_753,1,1,1,1,1,1,1,1,1,1,1,1,1,1,1,1,1,1,1,1,1,1,1,1,1,1,1,1,1,1,1,1,1,1,1,1,1,1,1,1,1,1,1,1,1,1,1,1,1,1
OTU_754,1,1,1,1,1,1,1,1,1,1,1,1,1,1,1,1,1,1,1,1,1,1,1,1,1,1,1,1,1,1,1,1,1,1,1,1,1,1,1,1,1,1,1,1,1,1,1,1,1,1
OTU_755,1,1,2,1,1,1,1,1,1,1,1,1,1,1,1,1,2,1,1,1,2,1,1,1,1,1,1,1,1,3,1,1,1,1,1,1,1,1,1,50,1,1,1,1,1,1,1,1,1,1
OTU_756,27,3,1,1,1,13,1,1,5,1,51,1,1,1,1,18,1,1,1,1,1,1,1,1,1,1,37,1,1,1,1,1,1,1,1,1,1,175,5,4,1,6,1,1,1,3,1,15,47,1
OTU_757,1,1,1,1,1,1,1,20,139,1,1,61,1,170,8,1,1,44,1,7,1,1,3,1,1,1,1,2,1,1,1,1,1,1,1,1,1,1,1,195,1,1,1,1,1,1,1,13,1,1
OTU_758,3,2,31,22,33,98,7,40,3,1,278,61,10,7,39,12,17,2,176,1,1,182,19,85,9,162,21,7,168,1,3,33,91,3,10,3,12,190,25,7,6,7,5,111,194,34,415,85,53,6
OTU_759,1,1,12,1,1,1,1,1,1,1,1,1,1,1,1,1,1,1,1,1,1,1,1,1,1,1,1,1,1,1,1,1,1,1,1,1,1,1,1,1,1,1,1,1,1,1,1,1,1,1
OTU_760,6,1,1,196,1,2,1,1,1,8,2,106,1,1,6,1,1,1,29,1,3,1,6,1,1,1,1,1,2,1,2,1,1,1,61,1,1,1,1,1,1,1,9,1,1,1,1,4,1,1
OTU_761,1,1,1,1,1,1,1,1,1,1,1,1,1,1,1,1,1,1,1,1,1,1,1,1,1,1,1,1,1,1,1,1,1,1,1,1,1,1,1,1,1,1,1,1,1,1,1,1,1,1
OTU_762,1,1,1,1,1,1,1,1,1,1,1,1,1,1,1,1,1,1,1,1,1,1,1,1,1,1,1,1,1,1,1,1,1,1,1,1,1,1,1,1,1,1,1,1,1,1,1,1,1,1
OTU_763,1,1,1,1,1,1,1,1,1,1,1,1,1,1,1,1,1,1,1,1,1,1,1,1,1,1,1,1,1,1,1,1,1,1,1,1,1,1,1,1,1,1,1,1,1,1,1,1,1,1
OTU_764,36,110,25,37,93,116,237,29,25,1,61,189,82,3,274,217,26,44,55,154,51,5,88,48,1,12,139,294,267,71,82,7,19,118,26,119,99,148,104,134,1,49,199,50,12,349,8,1,310,167
OTU_765,1,1,1,1,1,1,1,1,1,1,1,1,1,1,1,1,1,1,1,1,1,1,1,1,1,1,1,1,1,1,1,1,1,1,1,1,1,1,1,1,1,1,1,1,1,1,1,1,1,1
OTU_766,1,1,1,1,4,1,1,1,1,1,1,1,1,102,1,1,1,1,1,1,1,1,1,1,1,1,1,1,1,1,1,1,1,2,1,1,1,1,1,151,11,7,1,1,56,1,1,1,1,1
OTU_767,1,1,1,2,1,1,1,1,1,1,1,1,1,1,1,1,1,1,1,1,1,1,1,1,1,1,8,1,1,1,1,1,1,64,1,1,1,1,141,1,1,1,1,1,1,1,88,1,130,1
OTU_768,1,1,1,1,1,14,1,1,1,1,2,31,1,1,1,1,1,1,1,1,1,1,1,13,1,46,1,1,1,1,1,1,1,1,1,1,1,1,1,1,1,1,1,1,1,1,1,1,1,1
OTU_769,1,1,1,1,1,1,1,1,1,1,1,1,1,1,1,1,1,1,1,1,1,1,1,1,1,1,1,1,1,1,1,1,1,1,1,1,1,1,1,1,1,1,1,1,1,1,1,1,1,1
OTU_770,1,1,1,1,1,1,1,1,1,1,1,1,1,1,1,1,1,1,1,1,1,1,1,1,1,1,1,1,1,1,1,1,1,1,1,1,1,1,1,1,1,1,1,1,1,1,1,1,1,1
OTU_771,1,1,1,1,1,1,1,1,1,1,1,1,1,1,1,1,1,1,1,1,1,1,1,1,1,1,1,1,1,1,1,1,1,1,1,1,1,1,1,1,1,1,1,1,1,1,1,1,1,1
OTU_772,1,1,1,1,1,1,1,1,1,1,1,1,1,1,1,1,1,1,1,1,1,1,1,1,1,1,1,1,1,1,1,1,1,1,1,1,1,1,1,1,1,1,1,1,1,1,1,1,1,1
OTU_773,1,1,1,1,1,1,1,1,1,1,1,1,1,1,1,5,1,1,1,1,1,1,1,1,1,1,1,1,1,1,1,1,1,1,1,1,1,1,1,1,1,1,1,1,1,1,1,1,1,1
OTU_774,1,1,1,1,1,1,1,1,1,1,32,1,1,1,1,2,1,1,1,8,1,1,1,1,1,1,1,1,4,1,1,1,2,1,1,1,1,8,1,1,6,43,1,1,1,9,30,38,52,1
OTU_775,477,559,669,620,519,412,834,228,925,549,540,625,336,600,382,293,465,1261,983,496,187,235,530,1236,581,1382,966,357,392,1459,635,620,827,507,736,945,618,812,510,453,523,425,531,606,998,580,924,873,906,288
OTU_776,4,18,1,1,1,23,1,1,1,16,2,7,31,193,38,1,2,1,12,140,130,2,59,5,3,1,4,9,102,87,59,24,189,2,3,112,198,4,1,2,8,7,1,81,6,6,1,49,69,3
OTU_777,1,1,1,1,1,1,1,1,1,1,1,1,1,1,1,1,1,1,1,1,1,1,1,1,1,1,1,1,1,1,1,1,1,1,1,1,1,1,1,1,1,1,1,1,1,1,1,1,1,1
OTU_778,1,1,1,1,1,1,1,1,1,1,1,1,1,1,1,1,1,1,1,1,1,1,1,1,1,1,1,1,1,1,1,1,1,1,1,1,1,1,1,1,1,1,1,1,1,1,1,1,1,1
OTU_779,1,1,1,1,1,1,1,1,1,1,1,1,1,1,1,1,1,1,1,1,1,1,1,1,1,1,1,1,1,1,1,1,1,1,1,1,1,1,1,1,1,1,1,1,1,1,1,1,1,1
OTU_780,5,42,1,1,1,1,1,1,1,1,1,19,3,1,1,1,1,1,1,1,1,1,1,29,1,1,1,1,1,1,46,1,1,1,1,1,1,1,1,1,1,1,2,1,2,1,5,1,1,1
OTU_781,1,22,1,1,1,1,1,1,1,1,1,1,1,1,1,1,1,1,1,1,1,1,1,1,1,1,1,1,1,1,1,2,1,1,1,1,1,1,1,1,1,1,1,1,1,1,1,1,1,1
OTU_782,1,1,1,1,1,1,1,1,1,1,1,1,1,1,1,1,1,1,1,1,1,1,1,1,1,1,1,1,1,1,1,1,1,1,1,1,1,1,1,1,1,1,1,1,1,1,1,1,1,1
OTU_783,1,1,1,1,1,1,1,1,1,1,1,1,1,1,1,1,1,1,1,1,1,1,1,1,1,1,1,1,1,1,1,1,1,1,1,1,1,1,1,1,1,1,1,1,1,1,1,1,1,1
OTU_784,7,1,6,55,2,1,14,100,1,1,1,22,1,1,1,1,40,19,80,1,1,1,1,1,1,20,2,1,1,1,1,1,1,66,1,107,1,46,1,1,112,1,13,1,1,1,1,1,1,36
OTU_785,1,1,1,1,1,1,1,1,1,1,1,1,1,1,1,1,1,1,1,1,1,1,1,1,1,1,1,1,1,1,1,1,1,1,1,1,1,1,1,1,1,1,1,1,1,1,1,1,1,1
OTU_786,1,1,1,1,1,1,1,1,1,1,1,1,1,1,1,1,1,1,1,1,1,1,1,1,1,1,1,1,1,1,1,1,1,1,1,1,1,1,1,1,1,1,1,1,1,1,1,1,1,1
OTU_787,1,1,1,1,1,1,1,1,1,5,1,19,1,2,1,1,1,8,1,1,1,1,1,1,1,3,1,1,1,1,1,1,1,15,1,1,1,1,1,1,1,1,1,1,1,1,1,1,1,1
OTU_788,511,79,255,89,88,9,121,185,241,116,124,76,453,255,36,378,156,202,133,55,116,306,429,243,10,321,73,100,94,334,20,237,22,23,137,641,49,239,205,7,223,47,334,10,170,232,324,448,147,201
OTU_789,24,1,1,81,1,1,1,1,1,1,1,37,1,1,2,8,38,46,1,6,1,1,1,1,1,16,50,1,4,1,13,1,1,3,1,1,1,491,1,5,1,20,6,41,1,1,1,1,1,1
OTU_790,1,1,1,1,1,1,1,1,1,1,1,1,1,1,1,1,1,1,1,1,1,1,1,1,1,1,1,1,1,1,1,1,1,1,1,1,1,1,1,1,1,1,1,1,1,1,1,1,1,1
OTU_791,1,1,1,1,1,1,1,1,1,1,1,1,1,1,1,1,1,1,1,1,1,1,1,1,1,1,1,1,1,1,1,1,1,1,1,1,1,1,1,1,1,1,1,1,1,1,1,1,1,1
OTU_792,1,1,1,1,1,1,1,1,1,1,1,1,1,1,1,1,1,1,1,1,1,1,1,1,1,1,1,1,1,1,1,1,30,1,1,1,1,1,1,1,1,1,1,1,1,1,1,1,1,1
OTU_793,1,1,1,1,1,1,1,1,1,1,1,1,1,1,1,1,1,1,1,1,1,1,1,1,1,1,1,1,1,1,1,1,1,1,1,1,1,1,1,1,1,1,1,1,1,1,1,1,1,1
OTU_794,1,1,1,1,1,1,1,1,1,1,1,1,1,1,1,1,1,1,1,1,1,1,1,1,1,1,1,1,1,1,1,1,1,1,1,1,1,1,1,1,1,1,1,1,1,1,1,1,1,1
OTU_795,92,1,55,1,1,11,3,3,3,2,9,9,97,7,4,2,87,5,1,7,1,2,6,1,1,1,6,2,1,5,104,463,23,28,5,1,28,1,31,9,1,15,1,21,55,1,25,1,4,1
OTU_796,1,1,1,1,1,1,1,1,1,1,1,1,1,1,1,1,1,1,1,1,1,1,1,1,1,1,1,1,1,1,1,1,1,1,1,1,1,1,1,1,1,1,1,1,1,1,1,1,1,1
OTU_797,19,140,210,153,25,19,31,155,133,7,99,30,168,42,6,83,14,65,308,22,1,129,24,144,176,81,178,271,1,113,107,60,6,79,31,61,41,64,22,2,136,6,6,412,1,42,59,5,32,31
OTU_798,1,1,1,1,1,1,1,1,1,1,1,1,1,1,1,1,1,1,1,1,1,1,1,1,1,1,1,1,1,1,1,1,1,1,2,1,1,1,1,1,1,1,1,1,1,1,1,1,1,1
OTU_799,1,1,1,1,1,1,1,1,1,1,1,1,1,1,1,1,1,1,1,1,1,1,1,1,1,1,1,1,1,1,1,1,1,1,1,1,1,1,1,1,1,1,1,1,1,1,1,1,1,1
OTU_800,16,1,1,1,1,1,1,1,1,1,38,1,1,1,1,1,1,1,1,1,8,1,1,1,1,1,1,1,1,1,1,1,1,1,1,1,1,1,1,1,1,1,1,1,1,1,1,1,15,35
OTU_801,1,1,1,1,1,1,1,1,1,1,1,1,1,1,1,1,1,1,1,1,1,1,1,1,1,1,1,1,1,1,1,1,1,1,1,1,1,1,1,1,1,1,1,1,1,1,1,1,1,1
OTU_802,1,1,1,1,1,1,1,1,1,1,1,1,1,1,1,1,1,1,1,1,1,1,1,1,1,1,1,1,1,1,1,1,1,1,1,1,1,1,1,1,1,1,1,1,1,1,1,1,1,1
OTU_803,1,1,1,1,1,1,1,1,2,1,30,1,2,2,13,1,1,15,1,1,1,33,1,1,1,2,1,4,1,1,1,1,2,1,17,1,4,6,1,1,1,1,11,1,3,3,1,1,3,24
OTU_804,1,1,1,1,1,1,1,1,1,1,1,1,1,1,1,1,1,1,1,1,1,1,1,1,1,1,1,1,1,1,1,1,1,1,1,1,1,1,1,1,1,1,1,1,1,1,1,1,1,1
OTU_805,1,1,1,1,1,1,1,1,1,1,1,1,1,1,1,1,1,1,1,1,1,1,1,1,1,1,1,1,1,1,1,1,1,1,1,1,1,1,1,1,1,1,1,1,1,1,1,1,1,1
OTU_806,1,1,1,1,1,1,1,1,1,1,1,1,1,1,1,1,1,1,1,1,1,1,1,1,1,1,1,1,1,1,1,1,1,1,1,1,1,1,1,1,1,1,1,1,1,1,1,1,1,1
OTU_807,137,8,8,60,476,585,7,109,6,97,2,23,1,28,16,2,14,141,111,66,1,19,79,448,53,110,81,19,6,270,24,69,1,1,2,10,139,23,44,3,7,63,6,43,45,4,68,334,4,355
OTU_808,1,1,1,1,1,1,1,1,1,1,1,1,1,1,1,1,1,1,1,1,1,1,1,1,1,1,1,1,1,1,1,1,1,1,1,1,1,1,1,1,1,1,1,1,1,1,1,1,1,1
OTU_809,1,1,1,1,1,1,1,1,1,1,1,1,1,1,1,1,1,1,1,1,1,2,1,1,1,1,1,1,1,1,1,1,1,1,1,1,1,1,1,1,1,1,1,1,1,1,1,1,1,1
OTU_810,1,1,1,1,1,1,1,1,1,1,1,1,1,1,1,1,1,1,1,1,1,1,1,1,1,1,1,1,1,1,1,1,1,1,1,1,1,1,1,1,1,1,1,1,1,1,1,1,1,1
OTU_811,1,1,1,1,1,1,1,1,1,1,1,1,1,1,1,1,1,1,1,1,1,1,1,1,1,1,1,1,1,1,1,1,1,1,1,1,1,1,1,1,1,1,1,1,1,1,1,1,1,1
OTU_812,1,1,1,1,1,1,1,1,1,1,1,1,1,1,1,1,1,1,1,1,1,1,1,1,1,1,1,1,1,1,1,1,1,1,1,1,1,1,1,1,1,1,1,1,1,1,1,1,1,1
OTU_813,1,1,1,1,1,1,1,1,1,1,1,1,1,1,1,1,1,1,1,1,1,1,1,1,1,1,1,1,1,1,1,1,1,1,1,1,1,1,1,1,1,1,1,1,2,1,1,1,1,1
OTU_814,1,1,1,1,1,1,1,1,1,1,1,1,1,1,1,1,1,1,1,1,1,1,1,1,1,1,1,1,1,1,1,1,1,1,1,1,1,1,1,1,1,1,1,1,1,1,1,1,1,1
OTU_815,1,1,1,1,1,1,1,1,1,1,1,1,1,1,1,1,1,1,1,1,1,1,1,1,1,1,1,1,1,1,1,1,1,1,1,1,1,1,1,1,1,1,1,1,1,1,1,1,1,1
OTU_816,2,2,1,1,30,1,1,128,1,9,34,2,15,1,1,1,1,1,1,4,146,41,1,119,1,29,17,21,1,9,40,1,62,21,12,77,14,1,1,2,1,31,4,1,1,20,218,32,34,1
OTU_817,1,1,1,1,1,1,1,1,1,1,1,1,1,1,1,1,1,1,1,1,1,1,1,1,1,1,1,1,1,1,1,1,1,1,1,1,1,1,1,1,1,1,1,1,1,1,1,1,1,1
OTU_818,1,1,1,1,1,1,32,1,1,1,9,1,1,1,1,1,1,52,1,1,1,1,35,1,2,29,2,1,2,1,1,1,6,1,1,1,2,2,1,8,1,1,170,1,1,1,7,9,19,1
OTU_819,1,1,1,1,1,1,1,1,1,1,1,1,1,1,1,1,1,1,1,1,1,1,1,1,1,1,1,1,1,1,1,1,1,1,1,1,1,1,1,1,1,1,1,1,1,1,1,1,1,1
OTU_820,1,1,1,1,1,1,1,1,1,1,1,1,1,1,1,1,1,1,1,2,1,1,1,1,1,1,1,1,1,1,1,1,1,1,1,1,1,1,1,1,1,1,1,1,1,1,1,1,1,1
OTU_821,1,1,1,1,1,1,1,1,1,1,1,1,1,1,1,1,1,1,1,1,1,1,1,1,1,1,1,1,1,1,1,1,1,1,1,1,1,1,1,1,1,1,1,1,1,1,1,1,1,1
OTU_822,1,1,1,1,1,1,1,1,1,1,1,1,1,1,1,1,1,1,1,1,1,1,1,1,1,1,1,1,1,1,1,1,1,1,1,1,1,1,1,1,1,1,1,1,1,1,1,1,1,1
OTU_823,1,1,1,1,1,1,1,1,1,1,1,1,1,1,1,1,1,1,1,1,1,1,1,1,1,1,2,1,1,1,1,1,1,1,1,1,1,1,1,1,1,1,1,1,1,1,1,1,1,1
OTU_824,1,1,1,1,1,1,1,1,1,1,16,1,1,1,1,1,1,1,1,1,1,1,1,1,1,1,1,1,1,1,1,1,1,1,1,1,1,1,1,1,1,1,1,1,1,1,1,1,1,1
OTU_825,1,1,1,1,1,1,1,1,1,1,1,1,1,1,1,2,1,1,1,1,1,1,1,1,1,1,1,1,1,1,1,1,1,1,1,1,1,1,1,1,1,1,1,69,1,1,1,1,1,1
OTU_826,1,1,1,1,1,1,1,1,1,1,1,1,1,1,1,1,1,1,1,1,1,1,1,1,1,1,1,1,1,1,1,1,1,1,1,1,1,1,1,1,1,1,1,1,1,1,1,1,1,1
OTU_827,158,3,56,38,14,117,29,31,236,25,65,10,24,1,56,186,42,3,12,20,2,105,41,70,6,108,42,3,3,74,7,116,11,105,91,59,97,3,6,265,13,134,39,14,34,6,17,28,48,165
OTU_828,1,1,1,1,1,1,1,1,1,1,1,1,1,1,1,1,1,1,1,1,1,1,1,1,1,1,1,1,1,1,1,1,1,1,1,1,1,1,1,1,1,1,1,1,1,1,1,1,1,1
OTU_829,1,1,1,1,1,1,1,1,1,1,1,1,1,1,1,1,1,1,1,1,1,1,1,1,1,1,1,1,1,1,1,1,1,1,1,1,1,1,1,1,1,1,1,1,1,1,1,1,1,1
OTU_830,1,1,1,1,1,1,1,1,1,1,10,1,1,2,1,1,1,1,1,1,1,1,1,1,1,1,1,1,1,1,1,1,1,2,1,1,1,1,1,1,1,1,1,1,1,1,1,1,1,1
OTU_831,1,1,1,1,1,1,1,1,6,1,1,1,1,1,1,1,1,1,3,1,1,1,1,1,1,1,1,2,2,1,1,1,1,1,1,230,1,26,1,1,1,1,1,1,1,1,1,1,1,6
OTU_832,1,1,1,1,1,1,1,1,1,1,1,1,1,1,1,1,1,1,1,1,1,1,1,1,1,1,1,1,1,1,1,1,1,1,1,1,1,1,1,1,1,1,1,1,1,1,1,1,1,1
OTU_833,1,1,22,54,10,172,17,1,2,10,1,3,1,4,4,7,43,53,1,1,5,99,32,2,79,19,10,47,1,382,1,25,1,45,8,46,26,99,2,3,43,11,204,8,159,71,95,52,162,1
OTU_834,1,1,1,1,1,1,1,1,1,1,1,1,1,1,1,1,1,1,1,1,1,1,1,1,1,1,1,1,1,1,1,1,1,1,1,1,2,1,1,1,1,1,1,1,1,1,1,1,1,1
OTU_835,1,1,1,1,1,1,1,1,1,1,1,1,1,1,1,1,1,1,1,1,1,1,1,1,1,1,1,1,1,1,1,1,1,1,1,1,1,1,1,1,1,1,1,1,1,1,1,1,1,1
OTU_836,1,1,1,1,1,1,1,1,1,1,1,1,1,1,1,1,1,1,1,1,1,1,1,1,1,1,1,1,1,1,1,1,1,1,1,1,1,1,1,1,1,1,1,1,1,1,1,1,1,1
OTU_837,1,1,1,1,1,1,1,1,1,1,1,1,1,1,1,1,1,1,1,1,1,1,1,2,1,1,1,1,1,1,1,1,1,1,1,1,1,1,1,1,1,1,1,1,1,1,1,1,1,1
OTU_838,1,1,1,1,1,1,1,1,1,1,1,1,2,48,1,1,1,1,2,1,1,1,1,1,1,1,1,2,1,1,1,1,1,1,22,1,1,1,1,1,1,1,2,1,1,2,1,1,1,40
OTU_839,1,1,1,1,1,1,1,1,1,1,1,1,1,1,1,1,1,1,1,1,1,1,1,1,1,1,1,1,1,1,1,1,1,1,1,1,1,1,1,1,1,1,1,1,1,1,1,1,1,1
OTU_840,1,1,1,1,1,1,1,1,1,1,1,1,1,1,1,1,1,1,1,1,1,3,1,1,1,1,1,1,1,145,1,1,1,1,1,1,1,1,1,1,1,1,1,1,1,1,1,1,1,1
OTU_841,1,1,1,1,1,1,1,1,1,1,1,1,1,1,1,1,1,1,1,1,1,1,1,1,1,1,1,1,1,1,1,1,1,1,1,1,1,1,1,1,1,1,1,1,1,1,1,1,1,1
OTU_842,1,1,1,1,1,1,1,1,1,1,1,1,1,1,1,1,1,1,1,1,1,1,1,1,1,1,1,1,1,1,1,1,1,1,1,1,1,1,1,1,1,1,1,1,1,1,1,1,1,1
OTU_843,1,1,1,1,1,1,1,1,1,1,1,1,1,1,1,1,1,1,1,1,1,1,1,1,1,1,1,1,1,1,1,1,1,1,1,1,1,1,1,1,1,1,1,1,1,1,1,1,1,1
OTU_844,1,1,1,1,1,1,1,1,1,1,1,1,1,1,1,1,1,1,1,1,1,1,1,1,1,1,1,1,1,1,1,1,1,1,1,1,1,1,1,1,1,1,1,1,1,1,1,1,1,1
OTU_845,1,1,1,1,11,1,1,101,1,1,1,1,1,1,1,1,1,1,1,1,1,1,4,1,6,1,17,1,1,89,1,1,1,1,2,1,1,1,1,13,1,1,1,3,2,1,1,10,1,319
OTU_846,1,1,4,1,1,1,1,264,1,1,1,1,1,2,1,1,1,1,1,1,1,1,1,392,1,1,6,2,1,8,31,1,1,1,142,1,1,8,1,6,1,1,3,2,1,1,1,1,1,2
OTU_847,1,1,1,1,1,1,1,1,1,1,1,1,1,1,1,1,1,1,1,1,1,1,1,1,1,1,1,1,1,1,1,1,1,1,1,1,1,1,1,1,1,1,1,1,1,1,1,1,1,1
OTU_848,4,1,3,1,17,40,1,41,4,1,1,1,1,7,3,1,1,1,1,1,1,1,1,4,1,1,130,1,79,1,1,1,1,239,1,25,2,1,22,1,1,53,5,1,79,31,1,9,18,10
OTU_849,7,1,228,5,11,24,7,2,1,1,1,10,136,179,145,1,2,2,113,1,1,61,14,1,1,1,1,1,236,1,1,260,1,8,87,1,1,29,1,1,166,1,13,1,59,7,8,1,222,74
OTU_850,1,1,1,1,1,1,1,1,1,1,1,1,1,1,1,1,1,1,1,1,1,1,1,1,1,1,1,1,1,1,1,1,1,1,1,1,1,1,1,1,1,1,1,1,1,1,1,1,1,1
OTU_851,1,1,2,1,1,1,1,1,1,1,1,1,1,1,1,1,34,1,1,1,1,1,1,1,1,1,1,4,1,23,1,1,1,1,1,1,1,1,1,1,1,2,1,1,1,1,1,1,1,1
OTU_852,1,104,24,1,1,6,8,1,5,5,44,1,1,1,209,1,1,1,2,1,1,4,8,1,15,15,1,15,1,1,1,1,27,4,1,35,1,1,64,1,1,1,1,1,1,1,1,1,1,1
OTU_853,1,76,127,1,96,1,3,1,1,1,1,4,74,7,2,214,22,2,1,1,3,9,3,22,1,1,2,27,1,1,363,6,1,10,47,2,2,1,4,43,5,247,7,5,1,27,128,6,3,16
OTU_854,1,1,1,1,1,1,1,1,1,1,1,1,1,1,1,1,1,1,1,1,1,1,1,1,1,1,1,1,1,1,1,1,1,1,1,1,1,1,1,1,1,1,1,1,1,1,1,1,5,1
OTU_855,436,465,515,285,122,684,160,351,426,336,376,348,190,86,68,212,300,4,147,234,153,165,686,63,710,139,85,217,305,172,654,46,253,28,235,279,246,329,434,69,20,225,124,100,94,339,83,245,86,404
OTU_856,1,1,1,1,1,1,1,1,1,1,1,1,1,1,1,1,1,1,1,1,1,1,1,1,1,1,1,1,1,1,1,1,1,1,1,1,1,1,1,1,1,1,1,1,1,1,1,1,1,1
OTU_857,1,1,1,1,1,1,1,1,1,1,1,1,1,1,1,1,1,1,1,1,1,1,1,1,1,1,1,1,1,1,1,1,1,1,1,1,1,1,1,1,1,1,1,1,1,1,1,1,1,1
OTU_858,1,1,1,1,1,1,1,1,1,1,1,1,1,1,1,1,1,1,1,1,1,1,1,1,1,1,1,1,1,1,1,1,1,1,1,1,1,1,1,1,1,1,1,1,1,1,1,1,1,1
OTU_859,5,5,1,7,1,1,1,1,1,1,1,1,1,1,3,1,1,1,1,1,1,1,41,1,1,1,68,1,55,1,1,1,2,1,1,1,1,1,1,1,1,1,1,1,1,1,1,1,1,1
OTU_860,22,88,203,34,127,48,171,65,18,59,179,215,24,196,303,36,10,320,266,128,72,277,117,394,99,215,187,50,177,81,429,4,407,309,202,178,104,95,190,47,120,72,200,34,276,30,25,132,85,419
OTU_861,43,3,1,1,1,1,1,3,5,2,24,38,2,328,283,1,1,1,1,1,78,1,1,3,2,1,1,1,2,5,138,1,145,1,2,45,1,44,1,1,11,1,7,1,15,1,56,1,1,104
OTU_862,1,1,1,1,1,1,1,1,1,1,1,1,1,1,1,1,1,1,1,1,1,1,1,1,1,1,1,1,1,1,1,1,1,1,1,1,1,1,1,1,1,1,1,1,1,1,1,1,1,1
OTU_863,1,1,1,1,1,1,1,1,1,1,1,1,1,1,1,1,1,1,1,1,1,1,1,1,1,1,1,1,1,1,1,1,1,1,1,1,1,1,1,1,1,1,1,1,1,32,1,1,1,1
OTU_864,2,1,12,1,67,1,6,1,24,577,6,1,1,70,640,1,1,7,1,4,4,6,1,1,1,4,1,18,5,1,1,16,29,1,1,2,4,14,13,62,1,2,28,34,38,19,189,1,1,17
OTU_865,1,1,1,1,1,1,1,1,1,1,1,1,1,1,1,1,1,1,1,1,1,1,1,1,1,1,1,1,1,1,1,1,1,1,1,1,1,1,1,1,1,1,1,1,1,1,1,1,1,1
OTU_866,1,1,1,7,4,20,7,1,1,1,1,1,6,1,1,3,21,3,1,1,1,1,1,1,1,1,21,1,1,1,1,1,1,1,1,2,1,1,1,1,1,21,1,1,2,24,1,1,1,1
OTU_867,94,1,7,70,69,88,1,10,3,19,26,46,2,220,8,75,1,47,59,480,117,1,23,1,4,4,223,1,4,4,20,1,92,1,17,1,87,18,1,15,35,117,11,12,2,1,1,2,43,15
OTU_868,1,1,1,1,1,1,1,1,1,1,1,1,1,1,1,1,1,1,1,1,1,1,1,1,1,1,1,1,1,1,1,1,1,1,1,1,1,1,1,1,1,1,1,1,1,1,1,1,1,1
OTU_869,1,1,1,1,1,1,1,1,1,1,1,1,1,1,1,1,1,1,1,1,1,1,1,1,1,1,1,1,1,1,1,1,1,1,1,1,1,1,1,1,1,1,1,1,1,1,1,1,1,1
OTU_870,1,1,1,1,1,1,1,1,1,1,1,1,1,1,1,1,1,1,1,1,1,1,1,1,1,1,1,1,1,1,1,1,1,1,1,1,1,1,1,1,1,1,1,1,1,1,1,1,1,1
OTU_871,1,1,1,1,112,51,8,59,5,24,61,71,246,1,26,5,7,6,1,2,161,50,1,23,5,1,1,3,273,7,1,1,1,148,1,6,2,25,1,4,1,2,16,2,1,48,10,10,1,1
OTU_872,1,1,1,1,1,1,1,1,1,1,1,1,1,1,1,1,1,1,1,1,1,1,1,1,1,1,1,1,1,1,1,1,1,1,1,1,1,1,1,1,1,1,1,1,1,1,1,1,1,1
OTU_873,1,1,1,1,1,6,2,52,1,2,1,1,1,1,1,2,50,1,1,1,1,1,1,1,1,1,1,1,1,1,1,1,1,1,13,1,1,2,1,1,1,1,1,1,1,26,1,1,1,1
OTU_874,1,1,1,1,1,1,1,1,1,1,1,1,1,1,1,1,1,1,1,1,1,1,1,1,1,1,1,1,1,1,1,1,1,1,1,1,1,1,1,1,1,1,1,1,1,1,1,1,1,1
OTU_875,1,4,1,1,169,1,1,1,1,3,1,1,2,1,1,1,1,27,1,1,1,1,1,1,6,1,1,1,1,3,14,10,1,1,1,1,1,1,1,1,1,1,1,1,3,1,1,1,1,2
OTU_876,1,1,1,1,1,1,1,1,1,1,1,1,1,1,1,1,1,1,1,6,1,1,1,1,1,1,1,1,1,1,1,1,1,1,1,1,1,1,1,1,1,1,1,1,1,1,1,1,1,1
OTU_877,1,1,1,1,1,1,1,1,1,1,1,1,1,1,1,1,1,1,1,1,1,1,1,1,1,1,1,1,1,1,1,1,1,1,1,1,1,1,1,1,1,1,1,1,1,1,1,1,1,1
OTU_878,1,1,1,1,1,1,1,1,1,1,1,1,1,1,1,1,1,1,1,1,1,1,1,1,1,1,1,1,1,1,1,1,1,1,1,1,1,1,1,1,1,1,1,1,1,1,1,1,1,1
OTU_879,1,1,1,1,1,1,1,1,1,1,1,1,1,1,1,1,1,1,1,1,1,1,1,1,1,1,1,1,1,1,1,1,1,1,1,1,1,1,1,1,1,1,1,1,1,1,1,1,1,1
OTU_880,27,93,111,32,279,3,193,71,174,69,202,104,55,8,16,37,201,24,85,1,12,4,7,54,9,51,69,424,272,3,209,14,15,26,41,7,17,340,1,631,61,23,5,35,38,38,89,5,90,934
OTU_881,1,1,1,1,1,1,1,1,1,1,1,1,1,1,1,1,1,1,1,1,1,1,1,1,1,1,1,1,1,1,1,1,1,1,1,1,1,1,1,1,1,1,1,1,1,1,1,1,1,1
OTU_882,31,116,28,149,56,21,147,92,76,260,351,193,82,211,344,87,184,272,8,7,210,1,258,24,175,38,73,268,19,624,87,153,151,9,29,315,704,600,43,62,13,38,1,15,310,92,88,281,28,23
OTU_883,1,1,1,1,1,1,1,1,1,1,1,1,1,1,1,1,1,1,1,1,1,1,1,1,1,1,1,1,1,1,1,1,1,1,1,1,1,1,1,1,1,1,1,1,1,1,1,1,1,1
OTU_884,1,1,1,1,1,1,1,1,1,1,1,1,1,1,1,1,1,1,1,1,1,1,1,1,1,1,1,1,1,1,1,1,1,1,1,1,1,1,1,1,1,1,1,1,1,1,1,1,1,1
OTU_885,1,1,1,1,1,1,1,1,1,1,1,1,1,1,1,1,1,1,1,1,1,1,1,1,1,1,1,1,1,1,1,1,1,1,1,1,1,1,1,1,1,1,1,1,1,1,1,1,1,1
OTU_886,232,4,42,59,8,136,200,21,290,18,89,99,67,59,142,49,321,14,33,650,257,67,111,207,159,48,462,29,82,296,135,132,160,21,78,242,227,358,186,121,169,153,163,571,33,234,29,28,91,239
OTU_887,28,82,14,148,19,17,1,2,1,3,1,231,20,1,76,215,1,1,2,1,1,7,1,12,1,6,3,8,1,34,29,5,1,20,1,4,76,146,1,1,5,1,14,1,1,6,65,2,42,1
OTU_888,1,1,1,1,1,1,1,1,1,1,1,1,1,1,1,1,1,1,1,1,1,1,1,1,1,1,1,1,1,1,1,1,1,1,1,1,1,1,1,1,1,1,1,1,1,1,1,1,1,1
OTU_889,1,1,1,1,1,1,1,1,1,1,1,1,1,1,1,1,1,1,1,1,1,1,1,1,1,1,1,1,1,1,1,1,1,1,1,1,1,1,1,1,1,1,1,1,1,1,1,1,1,1
OTU_890,1,1,1,1,1,1,1,1,1,1,1,1,1,1,1,1,1,1,1,1,1,1,1,1,1,1,1,1,1,1,1,1,1,1,1,1,1,1,1,1,1,1,1,1,1,1,1,1,1,1
OTU_891,179,1,1,1,1,1,8,1,1,1,1,1,1,1,1,1,1,1,1,1,1,1,1,1,1,1,1,1,1,1,1,1,1,1,1,1,1,1,1,1,1,1,1,1,1,1,1,1,1,1
OTU_892,1,18,54,42,33,1,15,1,2,1,11,55,1,19,1,140,84,8,235,6,173,11,9,3,5,2,94,1,18,1,6,1,1,3,2,1,2,5,148,56,1,9,117,37,17,40,35,1,51,10
OTU_893,1,1,1,1,1,1,1,1,1,1,1,1,1,1,1,1,1,1,1,1,1,1,1,1,1,1,1,1,1,1,1,1,1,1,1,1,1,1,1,1,1,1,1,1,1,1,1,1,1,1
OTU_894,90,38,77,111,131,203,258,105,14,131,20,44,37,218,173,11,3,38,267,332,105,78,44,95,59,317,168,100,42,6,63,23,120,11,337,59,56,31,29,174,1,7,16,7,52,133,73,103,3,37
OTU_895,1,1,1,1,1,1,1,1,1,1,1,1,1,1,1,1,1,1,1,1,1,1,1,1,1,1,1,1,1,1,1,1,1,1,1,1,1,1,1,1,1,1,1,1,1,1,1,1,1,1
OTU_896,1,1,1,1,1,1,1,1,1,1,1,1,1,1,1,1,1,1,1,1,1,1,1,1,1,1,1,1,1,1,1,1,1,1,1,1,1,1,1,1,1,1,1,1,1,1,1,1,1,1
OTU_897,1,149,14,2,296,3,62,28,1,1,1,1,2,1,1,2,36,1,14,1,185,2,1,1,2,1,1,1,1,8,1,1,23,5,1,60,308,1,6,93,12,2,160,52,1,11,13,2,1,1
OTU_898,49,158,249,107,6,159,463,59,25,47,4,13,533,122,246,56,101,394,512,49,287,159,9,180,58,36,509,129,125,143,31,207,73,182,35,150,33,55,87,52,190,200,25,54,306,206,35,222,308,179
OTU_899,1,1,1,1,1,1,1,1,1,1,1,1,1,1,1,1,1,1,1,1,1,1,1,1,1,1,1,1,1,1,1,1,1,1,1,1,1,1,1,1,1,1,1,1,1,1,1,1,1,1
OTU_900,1,3,1,1,1,1,1,1,4,19,1,1,1,21,1,1,1,1,1,12,1,1,1,82,11,1,1,1,1,2,1,1,1,1,2,104,1,1,1,1,1,1,1,11,1,1,1,1,1,2
OTU_901,1,1,1,1,1,1,1,1,1,1,1,1,1,1,1,1,1,1,1,1,1,1,1,1,1,1,1,1,1,1,1,1,1,1,1,1,1,1,1,1,1,1,1,1,1,1,1,1,1,1
OTU_902,1,308,1,1,7,108,13,1,118,7,52,1,1,5,5,1,1,47,25,35,1,1,22,1,1,4,14,1,18,193,19,1,47,34,1,3,15,7,1,8,3,233,2,8,1,1,1,1,4,4
OTU_903,1,1,1,1,1,1,1,1,1,1,1,1,1,1,1,1,1,1,1,1,1,1,1,1,1,1,1,1,1,1,1,1,1,1,1,1,1,1,1,1,1,1,1,1,1,1,1,1,1,1
OTU_904,1,1,1,1,1,4,1,1,1,1,1,1,1,1,1,1,1,1,1,1,1,1,1,1,1,1,1,1,1,1,1,1,1,1,1,1,1,1,1,1,1,1,1,1,1,1,1,1,1,1
OTU_905,21,3,156,248,194,134,155,1,194,270,2,11,2,1,120,7,81,203,68,153,33,21,192,24,164,10,59,9,200,112,352,17,65,3,21,40,59,47,4,9,34,253,14,156,27,7,1,97,12,7
OTU_906,1,24,2,1,2,1,230,1,3,41,21,5,110,18,17,9,190,1,29,115,61,22,5,51,47,73,143,38,3,12,14,10,84,37,2,11,13,4,10,423,31,14,97,9,1,16,9,175,288,5
OTU_907,1,1,1,1,1,1,1,1,1,1,1,1,1,1,1,1,1,1,1,1,1,1,1,1,1,1,1,1,1,1,1,1,1,1,1,1,1,1,1,1,1,1,1,1,1,1,1,1,1,1
OTU_908,1,1,1,1,1,1,1,1,1,1,1,1,1,1,1,1,1,1,1,1,1,1,1,1,1,1,1,1,1,1,1,1,1,1,1,1,1,1,1,1,1,1,1,1,1,1,1,1,1,1
OTU_909,1,1,1,1,1,1,1,1,1,1,1,1,1,1,1,1,1,1,1,1,1,1,1,1,1,1,1,1,1,1,1,1,1,1,1,1,1,1,1,1,1,1,1,1,1,1,1,1,1,1
OTU_910,1,1,1,1,1,1,1,1,1,1,1,2,1,1,1,1,1,1,1,1,1,1,1,1,1,1,1,1,1,1,1,1,1,1,1,1,1,1,1,1,1,1,1,1,1,1,1,1,1,1
OTU_911,1,1,1,1,1,1,1,1,1,1,1,1,1,1,1,1,1,1,1,1,1,1,1,1,1,1,1,1,1,1,1,1,1,1,1,1,1,1,1,1,1,1,1,1,1,1,1,1,1,1
OTU_912,1,1,1,1,1,1,1,1,1,1,1,1,1,1,1,1,1,1,1,1,1,1,1,1,1,1,1,1,1,1,1,1,1,1,1,1,1,1,1,1,1,1,1,1,1,1,1,1,1,1
OTU_913,1,1,1,1,1,1,1,1,1,1,1,1,1,1,1,1,1,1,1,1,1,1,1,1,1,1,1,1,1,1,1,1,1,1,1,1,1,1,1,1,1,1,1,1,1,1,1,1,1,1
OTU_914,17,203,84,306,20,27,133,7,172,45,207,80,11,124,13,4,10,54,16,11,33,63,105,50,22,49,17,32,78,340,3,81,90,65,22,77,1,182,277,29,5,5,33,124,628,24,31,41,2,54
OTU_915,1,1,1,1,1,1,1,1,1,1,1,1,1,1,1,1,1,1,1,1,1,1,1,1,1,1,1,1,1,1,1,1,1,1,1,1,1,1,1,1,1,1,1,1,1,1,1,1,1,1
OTU_916,571,263,348,934,121,252,491,192,1920,440,519,1032,280,800,165,534,949,825,99,139,599,404,525,897,37,608,95,929,982,140,266,529,676,446,190,246,446,778,470,409,565,294,854,609,581,31,635,249,507,290
OTU_917,1,1,1,1,1,1,1,1,1,1,1,1,1,1,1,1,1,1,1,1,1,1,1,1,1,1,1,1,1,1,1,1,1,1,1,1,1,1,1,1,1,1,1,1,1,1,1,1,1,1
OTU_918,1,1,1,1,1,1,1,1,1,1,1,1,1,1,1,1,1,1,1,1,1,1,1,1,1,1,1,1,1,1,1,1,1,1,1,1,1,1,1,1,1,1,1,1,1,1,1,1,1,1
OTU_919,1,1,1,1,1,1,1,1,1,1,1,1,1,1,1,1,1,1,1,1,1,1,1,1,1,1,1,1,1,1,1,1,1,1,1,1,1,1,1,1,1,1,1,1,1,1,1,1,1,1
OTU_920,1,1,1,1,1,1,1,1,1,1,1,1,1,1,1,1,1,1,1,1,1,1,1,1,1,1,1,1,1,1,1,1,1,1,1,1,1,1,1,1,1,1,1,1,1,1,1,1,1,1
OTU_921,1,1,1,1,1,1,1,1,1,1,1,1,1,1,16,1,1,1,1,1,1,1,1,1,1,1,1,1,1,1,1,1,1,1,1,1,1,1,1,1,1,1,1,1,1,1,1,1,1,1
OTU_922,1,1,1,1,1,1,1,1,1,6,1,1,1,1,1,1,1,1,1,2,1,1,1,1,1,1,1,1,1,1,1,1,1,3,1,1,1,1,1,1,1,1,1,1,1,1,1,1,1,1
OTU_923,1,1,1,1,1,1,1,1,1,1,1,1,1,1,1,1,1,1,1,1,1,1,1,1,1,1,1,1,1,1,1,1,1,1,1,1,1,1,1,1,1,1,1,1,1,1,1,1,1,1
OTU_924,31,1,1,1,1,1,1,1,1,2,3,1,1,1,1,1,1,2,1,50,1,1,1,1,1,1,1,1,1,1,1,1,1,1,1,1,1,1,1,1,1,1,1,1,1,1,20,1,1,1
OTU_925,1,1,1,1,1,1,1,1,1,1,1,1,1,1,1,1,1,1,1,1,1,1,1,1,1,1,1,1,1,1,1,1,1,1,1,1,1,1,1,1,1,1,1,1,1,1,1,1,1,1
OTU_926,1,1,1,1,1,1,1,1,1,1,1,1,1,1,1,1,1,1,1,1,1,1,1,1,1,1,1,1,1,1,1,1,1,1,1,1,1,1,1,1,1,1,1,1,1,1,1,1,1,1
OTU_927,12,1,1,1,1,1,1,1,1,1,3,1,1,1,1,1,7,1,77,1,1,1,1,1,1,1,1,1,1,1,1,1,1,1,1,1,1,5,1,1,1,1,1,1,81,1,1,1,1,1
OTU_928,1,1,1,1,1,1,1,1,1,1,1,1,1,1,1,1,1,1,1,1,1,1,1,1,1,1,1,1,1,1,1,1,1,1,1,1,1,1,1,1,1,1,1,1,1,1,1,1,1,1
OTU_929,1,1,1,1,1,1,1,1,1,1,1,1,1,1,1,1,1,1,1,1,1,1,1,1,1,1,1,1,1,1,1,1,1,1,1,1,1,1,1,1,1,1,1,1,1,1,1,1,1,1
OTU_930,1,3,7,1,8,7,1,14,1,1,1,4,84,10,1,3,24,197,1,194,19,1,1,1,2,1,3,34,1,1,1,1,1,1,1,1,1,1,1,1,1,1,1,16,1,5,1,1,1,1
OTU_931,1,1,1,1,1,1,1,1,1,1,1,1,1,1,1,1,1,1,1,1,1,1,1,1,1,1,1,1,1,1,1,1,1,1,1,1,1,1,1,1,1,1,1,1,1,1,1,1,1,1
OTU_932,1,1,1,1,1,1,1,1,1,1,1,1,1,1,1,1,1,1,1,1,1,1,1,1,1,1,1,1,1,1,1,1,1,1,1,1,1,1,1,1,1,1,1,1,1,1,1,1,1,1
OTU_933,11,1,6,2,1,1,29,1,1,27,1,1,1,1,1,1,1,2,1,1,1,1,2,49,1,2,24,1,1,47,20,1,1,1,18,1,1,2,1,1,1,40,7,8,1,57,1,1,116,4
OTU_934,1,1,1,1,1,1,1,1,1,1,1,1,1,1,1,1,1,1,1,1,1,1,1,1,1,1,1,1,1,1,1,1,1,1,1,1,1,1,1,1,1,1,1,1,1,1,1,1,1,1
OTU_935,1,1,1,1,1,1,1,1,1,1,1,1,1,1,1,1,1,1,1,1,1,1,1,1,1,1,1,1,1,1,1,1,1,1,1,1,1,1,1,1,1,1,1,1,1,1,1,1,1,1
OTU_936,40,61,452,13,233,174,122,177,252,7,332,59,219,345,52,68,519,200,348,55,68,81,277,60,51,136,88,18,530,681,179,237,66,524,243,182,597,22,716,517,75,144,407,519,128,479,448,93,321,246
OTU_937,1,1,1,1,1,1,1,1,1,1,1,1,1,1,1,1,1,1,1,1,1,1,1,1,1,1,1,1,1,1,1,1,1,1,1,1,1,1,1,1,1,1,1,1,1,1,1,1,1,1
OTU_938,1,1,1,1,1,1,1,1,1,1,1,1,1,1,1,1,1,1,1,1,1,1,1,1,1,1,1,1,1,1,1,1,1,1,1,1,1,1,1,1,1,1,1,1,1,1,1,1,1,1
OTU_939,1,1,1,1,1,1,1,1,1,1,1,1,1,1,1,1,1,1,1,1,1,1,1,1,1,1,1,1,1,1,1,1,1,1,1,1,1,1,1,1,1,1,1,1,1,1,1,1,1,1
OTU_940,1,1,1,7,1,1,1,1,1,60,3,20,1,1,1,1,1,1,1,1,1,1,60,1,142,5,1,1,1,1,17,2,1,1,2,1,1,1,1,1,1,5,1,1,1,1,1,1,1,1
OTU_941,219,96,280,34,161,97,222,40,9,237,98,572,70,253,231,185,222,147,142,40,43,2,177,1,172,348,7,1,27,17,11,3,187,90,9,11,14,193,434,2,100,25,12,84,45,111,165,88,2,16
OTU_942,1,1,1,1,1,1,1,1,1,1,1,1,1,1,1,1,1,1,1,1,1,1,1,1,1,1,1,1,1,1,1,1,1,1,1,1,1,1,1,1,1,1,1,1,1,1,1,1,1,1
OTU_943,2,1,1,1,1,80,2,1,1,1,1,1,1,1,1,1,1,37,1,1,76,1,77,1,1,1,1,1,1,1,1,1,1,1,1,1,1,1,1,1,1,1,124,7,1,1,1,2,1,1
OTU_944,1,1,1,1,1,1,1,1,1,1,1,1,1,1,1,1,1,1,1,1,1,1,1,1,1,1,1,1,1,1,1,1,1,1,1,1,1,1,1,1,1,1,1,1,1,1,1,1,1,1
OTU_945,1,1,1,1,1,1,1,1,1,1,1,1,12,1,1,1,1,1,1,1,1,1,1,1,1,1,1,1,1,1,1,1,1,1,1,1,1,3,1,1,28,1,1,1,1,1,1,1,1,1
OTU_946,1,1,1,1,1,1,1,1,1,1,1,1,1,1,1,1,1,1,1,1,1,1,1,1,1,1,1,1,1,1,1,1,1,1,1,1,1,1,1,1,1,1,1,1,1,1,1,1,1,1
OTU_947,1,1,1,1,1,1,1,1,1,1,1,1,1,1,1,1,1,1,1,1,1,1,1,1,1,1,1,1,1,1,1,1,1,1,1,1,1,1,1,1,1,1,1,1,1,1,1,1,1,1
OTU_948,1,1,1,1,1,1,1,1,1,1,1,1,1,1,1,1,1,1,1,1,1,1,1,1,1,1,1,1,1,1,1,1,1,1,1,1,1,1,1,1,1,1,1,1,1,1,1,1,1,1
OTU_949,1,1,1,1,3,1,204,1,1,1,5,1,1,1,1,1,1,1,1,1,1,1,2,1,1,50,1,2,1,8,1,1,1,1,1,1,1,1,1,1,19,1,1,6,1,1,1,1,1,6
OTU_950,1,1,1,1,1,1,1,1,1,1,1,10,1,3,1,1,11,1,2,1,1,1,1,1,1,1,1,1,1,1,1,1,1,1,1,1,1,1,1,1,1,1,1,1,1,1,1,1,1,1
OTU_951,65,2,202,10,1,87,1,66,1,1,56,1,15,10,70,1,1,1,1,55,1,2,1,1,1,1,1,51,19,7,1,1,1,2,1,3,1,1,1,22,378,1,1,1,16,1,37,1,45,1
OTU_952,1,1,1,1,1,1,1,1,1,1,1,1,1,1,1,1,1,6,1,1,1,1,1,1,1,1,1,1,1,1,1,1,1,1,223,1,1,1,1,1,1,1,1,1,1,1,1,1,1,1
OTU_953,1,1,1,1,1,1,1,1,1,1,1,1,1,1,1,1,1,1,1,1,1,1,1,1,1,1,1,1,1,1,1,1,1,1,2,1,1,14,1,1,1,1,1,1,1,1,1,1,1,1
OTU_954,1,1,1,1,1,1,1,1,1,1,1,1,1,1,1,1,1,1,1,1,1,1,1,1,1,1,1,1,1,1,1,1,1,1,1,1,1,1,1,1,1,1,1,1,1,1,1,1,1,1
OTU_955,1,1,1,1,1,1,1,1,1,1,1,1,1,1,1,1,1,1,1,1,1,1,1,1,1,1,1,1,1,1,1,1,1,1,1,1,1,1,1,1,1,1,1,1,1,1,1,1,1,1
OTU_956,1,1,1,1,1,1,1,1,1,1,1,1,1,1,1,1,1,1,1,1,1,1,1,1,1,1,1,1,1,1,1,1,1,1,1,1,1,1,1,1,1,1,1,1,1,1,1,1,1,1
OTU_957,1,1,1,1,1,1,1,1,1,1,1,1,1,1,1,1,1,1,1,1,1,1,1,1,1,1,1,1,1,1,1,1,1,1,1,1,1,1,1,1,1,1,1,1,1,1,1,1,1,1
OTU_958,1,1,1,1,1,1,1,1,1,1,1,1,1,1,1,1,1,1,1,1,1,1,1,1,1,1,1,1,1,1,1,1,1,1,1,1,1,1,1,1,1,1,1,1,1,1,1,1,1,1
OTU_959,1,1,1,1,1,1,1,1,1,1,1,1,1,1,1,1,1,1,1,1,1,1,1,9,1,1,1,1,1,1,1,1,1,1,1,1,1,1,1,1,1,1,1,1,1,1,1,1,1,1
OTU_960,1,1,1,1,1,1,1,1,1,1,1,1,1,1,1,1,1,1,1,1,1,1,1,1,1,1,1,1,1,1,1,1,1,1,1,1,1,1,1,1,1,1,1,1,1,1,1,1,1,1
OTU_961,1,1,1,1,1,1,1,1,1,1,1,1,1,1,1,1,1,1,1,1,1,1,1,1,1,1,1,1,1,1,1,1,1,1,1,1,1,1,1,1,1,1,1,1,1,1,1,1,1,1
OTU_962,1,1,1,1,1,1,1,1,1,1,1,1,1,1,1,1,1,1,1,1,1,1,1,1,1,1,1,1,1,1,1,1,1,1,1,1,1,1,1,1,1,1,1,1,1,1,1,1,1,1
OTU_963,82,233,26,1,467,1,104,1,11,1,52,2,1,47,14,57,4,40,12,29,1,20,2,32,86,9,59,6,32,25,248,3,2,123,23,1,74,42,157,47,122,1,1,276,6,9,1,18,1,16
OTU_964,1,1,1,1,1,1,1,1,1,1,1,1,1,1,1,1,1,1,1,1,1,1,1,1,1,1,1,1,1,1,1,1,1,1,1,1,1,1,1,1,1,1,1,1,1,1,1,1,1,1
OTU_965,3,1,2,1,107,104,1,1,163,536,1,9,1,1,1,1,2,1,1,23,3,1,1,7,140,67,40,1,39,1,125,10,131,1,1,1,9,1,16,1,1,301,1,3,9,12,15,1,2,42
OTU_966,1,1,1,1,1,1,1,1,1,1,1,1,1,1,1,1,1,1,1,1,1,1,1,1,1,1,1,1,1,1,1,1,1,1,1,1,1,1,1,1,1,1,1,1,1,1,1,1,1,1
OTU_967,1,1,1,1,1,1,1,1,1,1,1,1,1,1,1,1,1,1,1,1,1,1,1,1,1,1,1,1,1,1,1,1,1,1,1,1,1,1,1,1,1,1,1,1,1,1,1,1,1,1
OTU_968,9,1,1,1,2,6,45,4,1,1,1,1,10,1,1,23,1,31,1,1,1,1,1,2,1,1,86,1,1,1,8,1,1,1,1,1,29,1,1,1,3,1,11,1,22,1,3,1,1,1
OTU_969,1,1,1,1,21,1,1,1,1,24,1,1,1,6,1,1,1,1,1,46,3,1,23,1,1,4,1,1,1,2,1,1,1,1,3,1,1,1,16,33,1,1,1,1,1,1,1,1,4,10
OTU_970,508,768,400,147,88,404,642,113,299,246,275,313,245,118,298,1076,443,297,167,503,313,289,441,318,493,490,318,817,194,115,456,510,231,645,237,78,85,138,129,66,397,42,40,142,372,471,741,183,391,268
OTU_971,1,1,1,1,1,1,1,1,1,1,23,1,1,1,1,1,1,1,1,1,1,1,1,1,1,1,1,1,1,1,1,1,1,1,1,1,1,1,2,1,1,1,1,1,1,1,1,1,1,1
OTU_972,1,1,1,1,1,1,1,1,1,1,1,1,1,1,1,1,1,1,1,1,1,1,1,1,1,1,1,1,1,1,1,1,1,1,1,1,1,1,1,1,1,1,1,1,1,1,1,1,1,1
OTU_973,1,1,1,1,1,1,1,1,1,1,1,1,1,1,1,1,1,1,1,1,1,1,1,1,1,1,1,1,1,1,1,1,1,1,1,1,1,1,1,1,1,1,1,1,1,1,1,1,1,1
OTU_974,1,1,5,111,1,1,1,1,1,1,1,1,1,1,1,1,7,1,1,1,1,1,1,1,1,1,2,36,1,1,1,7,1,1,5,1,1,12,1,1,1,1,49,1,1,1,1,1,1,1
OTU_975,1,1,1,44,1,50,1,1,1,1,1,1,4,1,23,59,19,1,39,2,1,31,1,42,36,12,1,1,27,1,1,1,22,29,1,1,1,1,1,1,1,1,1,1,1,28,5,1,9,2
OTU_976,332,45,7,40,66,5,109,261,4,24,130,16,69,181,116,196,24,222,181,9,270,186,4,8,570,210,201,116,4,7,33,171,59,39,167,140,238,161,82,30,157,20,268,82,209,395,3,5,197,13
OTU_977,1,1,1,1,1,1,1,1,1,1,1,1,1,1,1,1,1,1,1,1,1,1,1,1,2,1,1,1,1,1,1,1,1,1,1,1,1,1,1,1,1,1,1,1,1,1,1,1,1,1
OTU_978,1,1,1,1,1,1,1,1,1,1,1,2,1,1,1,1,1,1,1,1,1,1,1,1,1,1,1,1,1,1,1,1,1,1,1,1,1,1,1,1,1,1,1,1,1,1,1,1,1,1
OTU_979,1,1,1,1,1,1,1,1,1,1,1,1,1,1,1,1,1,1,1,1,1,1,1,1,1,1,1,1,1,1,1,1,1,1,1,1,1,1,1,1,1,1,1,1,1,1,1,1,1,1
OTU_980,1,1,1,1,1,1,1,1,1,1,1,18,1,1,1,1,1,1,1,1,1,1,2,1,1,1,1,1,1,1,1,1,1,1,1,1,1,1,1,1,1,1,1,1,1,1,1,1,1,1
OTU_981,24,1,6,1,30,25,13,172,25,9,3,46,281,15,1,1,6,16,412,94,1,123,35,5,14,8,23,286,1,3,2,1,13,29,67,6,1,191,24,5,3,42,1,1,1,12,14,1,14,1
OTU_982,1,2,1,1,1,1,1,1,1,1,1,1,1,1,1,1,1,1,1,1,1,1,1,1,1,1,1,1,1,1,1,1,1,1,1,1,1,1,1,1,1,1,1,1,1,1,1,1,1,1
OTU_983,43,1,1,67,2,15,4,1,19,244,1,1,1,1,100,1,1,292,2,1,1,2,41,1,1,3,1,1,1,2,592,1,1,1,1,1,5,1,1,2,1,1,69,2,21,2,4,3,1,1
OTU_984,1,1,1,1,1,1,1,1,1,1,1,1,1,1,1,1,1,1,1,1,1,1,1,1,1,1,1,1,1,1,1,1,1,1,1,1,1,1,1,1,1,1,1,1,1,1,1,1,1,1
OTU_985,1,1,1,1,1,4,1,1,1,1,1,1,1,1,1,1,1,1,1,7,1,1,1,1,1,1,1,1,1,1,1,1,23,1,1,1,1,1,1,1,1,2,1,1,1,1,1,1,1,1
OTU_986,1,1,1,1,1,1,1,1,1,1,1,1,1,1,1,1,1,1,1,1,1,1,1,1,1,1,1,1,1,1,1,1,1,1,1,1,1,1,1,1,1,1,1,1,1,1,1,1,1,1
OTU_987,1,1,1,1,1,1,1,1,1,1,1,1,1,1,1,1,1,1,1,1,1,1,1,1,1,1,1,1,1,1,1,1,1,1,1,1,1,23,1,1,1,1,1,1,1,1,1,1,1,1
OTU_988,9,1,1,1,1,1,2,1,1,1,1,1,1,25,6,1,1,1,1,1,1,1,1,1,1,7,1,1,1,1,1,1,1,34,1,1,1,1,1,1,1,1,1,1,1,1,1,1,1,1
OTU_989,1,1,1,1,1,1,1,1,1,1,1,1,1,1,1,1,1,1,1,1,1,1,1,1,1,1,1,1,1,182,1,1,1,1,1,1,1,1,1,1,1,1,1,1,1,1,1,1,1,1
OTU_990,3,179,74,67,31,7,1,31,19,36,1,1,1,5,25,1,1,9,41,143,129,2,12,1,48,4,113,155,80,19,23,12,3,276,5,78,9,2,125,1,8,2,1,5,4,1,3,1,10,2
OTU_991,1,1,1,1,1,1,2,1,8,1,17,1,55,1,1,1,1,37,1,1,1,1,87,1,1,1,1,2,1,9,96,1,1,1,1,1,5,1,1,14,4,1,1,15,1,7,1,1,1,101
OTU_992,180,114,138,108,313,141,86,62,66,275,118,378,229,340,69,449,179,204,444,10,246,336,217,122,244,236,266,195,507,177,111,795,133,20,223,153,28,542,27,335,151,82,32,71,108,129,167,131,856,196
OTU_993,1,1,1,1,1,1,28,1,1,1,1,1,1,1,1,1,1,1,1,1,1,1,1,1,1,1,1,1,2,1,1,1,1,2,1,1,1,1,1,1,2,1,13,5,1,16,1,1,1,30
OTU_994,1,1,1,1,1,1,1,1,1,1,1,1,1,1,1,1,1,1,1,1,1,1,1,1,1,1,1,1,1,1,1,1,1,1,1,1,1,1,1,1,1,1,1,1,1,1,1,1,1,1
OTU_995,1,1,1,1,1,1,1,1,1,1,1,1,1,1,1,1,1,1,1,1,1,1,1,1,1,1,1,1,1,1,1,1,1,1,1,1,1,1,1,1,1,1,1,1,1,1,1,1,1,1
OTU_996,1,1,1,1,1,1,1,1,1,1,1,1,1,1,1,1,1,1,1,1,1,1,1,1,1,1,1,1,1,1,1,1,1,1,1,1,1,1,1,1,1,1,1,1,1,1,1,1,1,1
OTU_997,1,1,2,1,1,140,1,1,1,1,1,1,1,1,1,1,1,1,1,1,1,1,1,1,1,1,1,1,1,3,1,1,1,1,1,1,1,1,1,1,1,1,1,1,1,1,1,1,1,1
OTU_998,1,1,1,1,1,1,1,1,1,1,1,1,1,1,1,1,1,1,1,1,1,1,1,1,1,1,1,1,1,1,1,1,1,1,1,1,1,1,1,1,1,1,1,1,1,1,1,1,1,1
OTU_999,1,1,1,1,1,1,1,1,1,1,1,1,1,1,1,1,1,1,1,1,1,1,1,1,1,1,1,1,1,1,1,1,1,1,1,1,1,1,1,1,1,1,1,1,1,1,1,1,1,1
OTU_1000,1,1,1,1,1,1,1,1,1,1,1,2,4,1,3,1,1,1,1,1,1,1,1,1,1,1,9,1,1,1,1,1,1,1,1,1,1,1,1,1,1,1,1,2,1,1,1,1,1,1
OTU_1001,96,280,251,669,143,352,38,128,106,573,294,261,599,320,85,346,4,319,195,129,14,339,653,594,370,266,154,13,849,267,34,261,904,462,465,438,95,245,210,349,287,49,420,278,182,9,446,335,388,773
OTU_1002,1,1,1,1,1,1,1,220,7,7,19,1,1,1,1,1,58,1,1,1,1,1,1,1,2,1,3,1,4,1,1,2,1,1,1,1,1,13,1,33,1,1,1,1,86,1,1,1,1,1
OTU_1003,1,1,1,1,1,1,1,1,1,1,1,1,1,1,1,1,1,1,1,1,1,1,1,1,1,1,1,1,1,1,1,1,1,1,1,1,1,1,1,1,1,1,1,1,1,1,1,1,1,1
OTU_1004,1,1,1,1,1,1,1,1,1,1,1,1,1,1,1,1,1,1,1,1,1,1,1,1,1,1,1,1,1,1,1,1,1,1,1,1,1,1,1,1,1,1,1,1,1,1,1,1,1,1
OTU_1005,1,1,1,1,1,1,1,1,1,1,1,1,1,1,1,1,1,1,1,1,1,1,1,1,1,1,1,1,1,1,1,1,1,1,1,1,1,1,1,1,1,1,1,1,1,1,1,1,1,1
OTU_1006,1,1,1,14,1,2,23,2,1,1,1,1,1,1,33,118,1,1,139,1,1,13,1,1,104,1,28,1,1,1,1,228,8,1,188,1,80,12,1,2,1,2,1,8,2,1,1,31,11,1
OTU_1007,1,1,1,1,1,1,1,1,19,1,1,1,1,1,1,1,1,1,1,1,1,1,1,1,1,1,1,446,1,1,1,1,1,1,1,1,2,1,1,1,1,1,8,1,1,1,1,1,1,1
OTU_1008,1,1,1,1,1,1,1,1,1,1,1,1,1,1,1,1,1,1,1,1,1,1,1,1,1,1,1,1,1,1,1,1,2,1,1,1,1,1,1,1,1,1,1,1,1,1,1,1,1,1
OTU_1009,1,1,1,1,1,1,1,1,7,1,1,1,1,1,1,1,1,1,1,130,1,1,1,1,1,1,1,1,1,1,1,1,1,1,30,144,1,2,1,1,1,1,1,1,1,16,1,4,1,1
OTU_1010,1,1,1,1,1,1,1,1,1,1,1,1,1,1,1,1,1,1,1,1,1,1,1,1,1,1,1,1,1,1,1,1,1,1,1,1,1,1,1,1,1,1,1,1,1,1,1,1,1,1
OTU_1011,23,44,335,4,21,7,3,550,1,2,1,29,19,80,7,3,46,33,15,46,136,1,151,32,65,32,130,251,74,4,17,160,137,5,1,331,49,1,3,32,139,7,1,1,243,5,3,1,153,7
OTU_1012,1,1,1,1,1,1,1,1,1,1,1,1,1,1,1,1,1,1,1,1,1,1,1,1,1,1,1,1,1,1,1,1,1,1,1,1,1,1,1,1,1,1,1,1,1,1,1,1,1,1
OTU_1013,1,1,1,1,1,1,1,1,1,185,69,1,1,1,1,1,1,1,1,1,1,1,1,1,1,1,1,1,1,1,1,1,1,3,1,1,1,1,1,1,34,1,1,1,1,1,1,1,1,1
OTU_1014,1,1,1,1,1,1,1,1,1,1,1,1,1,1,1,1,1,1,1,1,1,1,1,1,1,1,1,1,1,1,1,1,1,1,1,1,1,1,1,1,1,1,1,1,1,1,1,1,1,1
OTU_1015,2,1,1,1,15,1,1,1,1,1,1,1,1,1,1,1,1,6,1,35,1,1,1,1,1,1,1,1,1,12,1,1,1,1,1,1,1,1,1,1,74,1,1,1,1,2,1,1,1,1
OTU_1016,1,1,1,1,1,1,1,1,1,1,1,1,1,1,1,1,1,1,1,1,1,1,1,1,1,1,1,1,1,1,1,1,1,1,1,1,1,1,1,1,1,1,1,1,1,1,1,1,1,1
OTU_1017,1,1,1,1,1,1,1,1,1,1,26,1,1,1,1,4,4,1,1,1,1,19,1,2,1,1,1,1,1,1,2,2,1,1,1,1,1,1,1,1,4,1,1,1,1,1,1,1,1,15
OTU_1018,1,1,1,1,1,1,1,1,1,1,1,1,1,1,1,1,1,1,1,1,1,1,1,1,1,1,1,1,1,1,1,1,1,1,1,1,1,1,1,1,1,1,1,1,1,1,1,1,1,1
OTU_1019,34,3,7,25,22,1,11,4,1,1,218,1,5,26,1,5,1,75,5,5,37,17,108,1,2,2,4,1,7,2,9,3,1,1,2,3,62,7,1,1,1,9,1,4,1,29,1,1,1,54
OTU_1020,1,1,1,1,1,1,1,1,1,1,1,1,1,1,1,1,1,1,1,1,1,1,1,1,1,1,1,1,1,1,1,1,1,1,1,1,1,1,1,1,1,1,1,1,1,1,1,1,1,1
OTU_1021,1,1,1,1,1,1,1,1,1,2,1,1,1,1,1,1,1,1,1,1,1,1,1,2,1,1,1,1,1,1,1,1,1,1,1,1,1,1,1,1,1,1,1,1,1,2,10,1,1,1
OTU_1022,1,1,1,1,1,1,1,1,1,1,1,1,1,1,1,1,1,1,1,1,1,1,1,1,1,1,1,1,1,1,1,1,1,1,1,1,1,1,1,4,1,1,1,1,1,1,1,1,1,1
OTU_1023,66,2,1,213,4,1,1,3,1,1,9,71,66,1,39,336,20,182,1,134,1,62,17,281,1,1,3,173,119,1,1,8,3,9,1,1,21,73,38,31,185,3,97,5,14,1,363,61,13,1
OTU_1024,1,1,1,1,1,1,1,1,3,1,1,1,1,91,1,11,1,28,2,1,1,1,1,1,1,8,1,1,1,1,44,1,1,175,1,1,1,19,1,1,1,70,1,1,1,1,1,1,1,1
OTU_1025,1,1,1,1,1,1,1,1,1,1,1,1,1,1,1,1,1,1,1,1,1,1,1,1,1,1,1,1,1,1,1,1,1,1,1,1,1,1,1,1,1,1,1,1,1,1,1,1,1,1
OTU_1026,1,1,1,1,1,1,1,1,1,1,1,1,1,1,1,1,1,1,1,1,1,1,1,1,1,1,1,1,1,1,1,1,1,1,1,1,1,1,1,1,1,1,1,1,1,1,1,1,1,1
OTU_1027,1,1,1,1,1,1,1,1,1,1,1,1,1,1,1,1,1,1,1,1,1,1,1,1,1,1,1,1,1,1,1,19,1,1,1,1,1,1,1,1,1,1,2,1,1,1,1,1,1,1
OTU_1028,1,1,1,1,1,1,1,1,1,1,1,1,1,1,1,1,1,1,1,1,1,1,1,1,1,1,1,1,1,1,1,1,1,1,1,1,1,1,1,1,1,1,1,1,1,1,1,1,1,1
OTU_1029,1,1,1,1,1,1,1,1,1,1,1,1,1,1,1,1,1,1,1,1,1,1,1,1,1,1,1,1,1,1,1,1,1,1,1,1,1,1,1,1,1,1,1,1,1,1,1,1,1,1
OTU_1030,1,1,1,1,1,1,1,1,1,1,1,1,1,1,1,1,1,1,1,1,1,1,1,1,1,1,1,1,2,1,1,1,1,1,1,1,1,1,1,1,1,1,1,1,1,1,1,1,1,1
OTU_1031,1,3,1,2,2,1,5,163,1,10,1,43,3,11,2,1,18,1,17,1,5,1,194,45,7,1,3,1,1,31,5,34,5,1,10,2,61,59,1,1,289,1,50,34,1,1,1,2,1,4
OTU_1032,1,1,1,1,1,1,1,1,1,1,1,1,1,1,1,1,1,1,1,1,1,1,1,1,1,1,1,1,1,1,1,1,1,1,1,1,1,1,1,1,1,1,1,1,5,1,1,1,1,1
OTU_1033,89,4,65,74,166,3,158,22,41,73,28,15,18,28,2,28,40,200,27,355,6,500,6,59,21,29,2,8,98,6,24,541,133,45,79,14,5,188,39,3,77,60,211,593,17,63,205,283,24,157
OTU_1034,1,1,1,1,1,1,1,1,1,1,1,1,1,1,1,1,1,1,1,1,1,1,1,1,1,1,1,1,1,1,1,1,1,1,1,1,1,1,1,1,1,1,1,1,1,1,1,1,1,1
OTU_1035,1,1,1,1,1,1,1,1,1,1,1,1,1,1,1,1,1,1,1,1,1,1,1,1,1,1,1,1,1,1,1,1,1,1,1,1,1,1,1,1,1,1,1,1,1,1,1,1,1,1
OTU_1036,1,1,1,1,1,1,1,1,1,1,1,1,1,1,1,1,1,1,1,1,1,1,1,1,1,1,1,1,1,1,1,1,1,1,1,1,1,1,1,1,1,1,1,1,1,1,1,1,1,1
OTU_1037,1,1,83,1,1,1,1,128,1,1,1,1,1,1,5,1,4,1,1,1,1,1,1,1,1,1,7,1,1,1,1,1,1,1,6,1,9,1,1,1,1,1,1,1,2,11,1,1,1,1
OTU_1038,11,307,463,93,348,104,396,119,142,193,476,40,197,625,1033,116,254,134,172,79,62,139,899,82,203,470,103,13,175,268,293,136,189,852,198,255,315,288,148,666,32,231,385,49,152,225,114,178,855,504
OTU_1039,1,1,1,1,1,1,1,1,1,1,1,1,1,1,1,1,2,1,1,1,1,1,1,1,1,1,1,1,1,1,1,1,1,1,1,1,1,1,1,1,1,1,1,1,1,1,1,1,1,1
OTU_1040,1,1,27,1,15,75,28,13,240,1,33,26,1,1,19,122,3,2,4,1,2,1,142,1,1,1,3,42,64,81,40,67,37,1,43,2,4,2,2,142,277,1,14,2,3,1,6,2,8,5
OTU_1041,1,1,1,1,1,1,1,1,1,1,1,1,1,1,1,1,1,1,1,1,1,1,1,1,1,1,1,1,1,1,1,1,1,1,1,1,1,1,1,1,1,1,1,1,1,1,1,1,1,1
OTU_1042,1,1,1,1,1,1,1,1,1,1,1,1,1,1,1,1,1,1,1,1,1,1,1,1,1,1,1,1,1,1,1,1,1,1,1,1,1,1,1,1,1,20,1,1,1,1,1,1,1,1
OTU_1043,31,27,223,355,29,80,122,338,216,156,146,310,17,388,138,304,290,225,143,16,29,2,204,20,35,22,517,150,179,22,68,348,329,145,392,1,247,423,265,186,223,88,168,28,142,555,315,278,160,453
OTU_1044,664,95,41,53,161,156,101,225,329,497,38,343,90,18,282,40,295,437,160,55,252,221,131,123,340,142,63,115,113,118,233,85,538,95,115,225,182,70,139,30,64,189,43,194,138,332,563,230,47,206
OTU_1045,1,1,1,1,1,1,1,1,5,1,1,1,1,1,1,1,1,1,1,1,4,1,1,1,1,1,1,1,1,1,1,1,1,1,1,1,1,1,14,1,1,1,1,1,1,1,1,1,1,1
OTU_1046,1,1,1,1,1,1,1,1,1,1,1,1,1,1,1,1,1,1,1,1,1,1,1,1,1,1,1,1,1,1,1,1,1,1,1,1,1,1,1,1,1,1,19,1,1,1,1,1,1,1
OTU_1047,1,1,1,1,1,1,1,1,1,1,1,1,1,1,1,1,1,1,1,1,1,1,1,1,1,1,1,1,1,1,1,1,1,1,1,1,1,1,1,1,1,1,1,1,1,1,1,1,1,1
OTU_1048,1,1,1,1,1,1,1,1,1,1,1,1,1,1,1,1,1,1,1,1,1,1,1,1,1,1,1,1,1,1,1,1,1,1,1,1,1,1,1,1,1,1,1,1,1,1,1,1,1,1
OTU_1049,1,1,1,1,1,1,1,1,1,1,1,1,1,1,1,1,1,1,1,1,1,1,1,1,1,1,1,1,1,1,1,1,1,1,1,1,1,1,1,1,1,1,1,1,1,1,1,1,1,1
OTU_1050,1,1,1,2,1,1,1,1,1,1,1,1,1,1,1,14,1,1,1,1,1,1,1,1,1,1,1,1,1,1,1,1,1,5,1,1,1,6,1,1,1,1,3,1,1,1,1,1,1,1
OTU_1051,1,1,1,1,1,1,1,1,1,1,1,1,1,1,1,1,1,1,1,1,1,1,1,1,1,1,1,1,1,1,1,1,1,1,1,1,1,1,1,1,1,1,1,1,1,1,1,1,1,1
OTU_1052,20,31,179,392,83,62,4,83,5,163,2,154,9,8,95,193,196,60,259,26,50,378,267,27,37,116,396,22,54,38,38,51,40,76,114,36,255,25,438,53,210,171,328,199,215,9,1,9,211,30
OTU_1053,1,1,1,1,1,1,1,1,1,1,2,1,1,1,1,1,7,1,1,1,1,1,1,1,1,1,1,1,1,1,1,1,1,1,1,1,1,1,1,1,1,3,1,1,1,1,1,1,1,1
OTU_1054,387,181,79,84,68,31,177,110,434,84,282,36,235,69,210,179,544,140,99,97,161,34,117,262,239,136,159,22,181,94,180,50,17,135,26,117,452,637,24,135,42,208,48,85,401,96,41,337,260,79
OTU_1055,1,1,1,1,1,1,1,1,1,1,1,1,1,1,1,1,1,1,1,1,1,1,1,1,1,1,1,1,1,1,1,1,1,1,1,1,1,1,1,1,1,1,1,1,1,1,1,1,1,1
OTU_1056,1,1,1,1,1,1,1,1,1,1,1,1,1,1,1,1,1,1,1,1,1,1,1,1,1,1,1,1,1,1,1,1,1,1,1,1,1,1,1,1,1,1,1,1,1,1,1,1,1,1
OTU_1057,1,1,1,1,1,1,1,1,1,1,1,1,1,1,1,1,1,1,1,1,1,1,1,1,1,1,1,1,1,1,1,73,1,1,1,4,1,1,1,1,1,1,1,1,1,1,1,1,1,1
OTU_1058,1,1,1,1,1,1,1,1,1,1,1,1,1,1,1,1,1,1,1,1,1,1,1,1,1,1,1,1,1,1,1,1,1,1,1,1,1,1,1,1,1,1,1,1,1,1,1,1,1,1
OTU_1059,87,286,312,203,487,252,46,320,111,438,171,107,86,55,349,185,166,449,738,142,97,159,79,172,57,46,36,70,10,73,38,64,31,16,165,55,42,203,135,7,379,42,156,328,165,137,28,178,449,53
OTU_1060,1,1,1,1,1,1,1,1,1,1,1,1,1,1,1,1,1,1,1,1,1,1,1,1,1,1,1,1,1,1,1,1,1,1,1,1,1,1,1,1,1,1,1,1,1,1,1,1,1,1
OTU_1061,239,2,65,182,111,131,24,229,461,86,6,55,362,19,156,54,133,283,67,6,45,202,17,34,229,73,235,124,70,432,124,240,247,58,17,1246,75,278,728,250,50,53,19,136,227,34,329,134,307,261
OTU_1062,1,1,1,1,1,3,1,1,1,1,1,1,1,1,1,1,1,1,1,1,1,1,1,70,1,1,1,1,1,1,1,1,1,1,1,1,1,1,1,1,1,1,1,1,1,1,1,1,1,1
OTU_1063,1,1,1,1,1,1,1,1,1,1,1,1,1,1,1,1,1,1,1,1,1,1,1,1,1,1,1,1,1,1,1,1,1,1,1,1,1,1,1,1,1,1,1,1,1,1,1,1,1,1
OTU_1064,1,1,1,1,1,1,1,1,1,1,1,1,1,1,1,1,1,1,1,1,1,1,1,1,1,1,1,1,1,1,1,1,1,1,1,1,1,1,1,1,1,1,1,1,1,1,1,1,1,1
OTU_1065,1,1,1,1,1,1,1,1,1,1,1,1,1,1,1,1,1,1,1,1,1,1,1,1,1,1,1,1,1,1,1,1,1,1,1,1,1,1,1,1,1,1,1,1,1,1,1,1,1,1
OTU_1066,1,1,1,1,1,1,1,1,1,1,1,1,1,1,1,1,1,1,1,1,1,1,1,1,1,1,1,1,1,1,1,1,1,1,1,1,2,1,1,1,1,1,1,1,1,1,1,1,1,1
OTU_1067,112,64,2,34,435,161,192,29,2,146,86,57,10,93,37,28,5,15,1,10,226,8,3,26,151,150,76,32,339,1,36,84,9,305,70,109,7,38,15,135,63,10,46,181,31,70,118,145,39,356
OTU_1068,1,1,1,1,1,1,1,1,1,1,1,1,1,1,1,1,1,1,1,1,1,1,1,1,1,1,1,1,1,1,1,1,1,1,1,1,1,1,1,1,1,1,1,1,1,1,1,1,1,1
OTU_1069,1,1,1,1,1,1,1,1,1,1,1,1,1,1,1,1,1,1,1,1,1,1,1,1,1,1,1,1,1,1,1,1,1,1,1,1,1,1,1,1,1,1,1,1,1,1,1,1,1,1
OTU_1070,1,1,22,1,142,1,1,2,29,1,61,1,1,1,1,8,1,1,1,17,1,1,1,1,1,1,52,1,1,1,1,1,1,1,1,19,1,1,1,1,16,1,11,1,1,1,3,88,7,1
OTU_1071,1,1,1,1,1,1,1,1,1,1,1,1,1,1,1,1,1,1,1,1,1,1,1,1,1,1,1,1,1,1,1,1,1,1,1,1,1,1,1,1,1,1,1,1,1,1,1,1,1,1
OTU_1072,1,1,1,1,1,1,1,1,1,1,1,1,1,1,1,1,1,1,14,1,1,1,1,1,1,1,1,1,1,1,1,1,1,1,1,1,1,1,1,1,1,1,1,1,1,1,1,1,1,1
OTU_1073,1,1,1,1,1,1,1,1,1,1,1,1,1,1,1,1,1,1,1,1,1,1,1,1,1,1,1,1,1,1,1,1,1,1,1,1,1,1,1,1,1,1,1,1,1,1,1,1,1,1
OTU_1074,1,1,1,1,1,1,1,1,1,1,1,1,1,1,1,1,1,1,1,1,1,1,1,1,1,1,1,1,1,1,1,1,1,1,1,1,1,1,1,1,1,1,1,1,1,1,1,1,1,1
OTU_1075,1,1,1,1,1,1,39,1,1,1,1,3,1,1,1,1,1,1,1,1,1,1,26,16,1,30,22,1,1,1,1,1,1,174,1,1,1,1,1,1,1,70,1,1,1,1,1,1,1,1
OTU_1076,1,1,1,1,1,1,1,1,1,1,1,1,1,1,1,1,1,1,1,1,2,1,1,1,1,1,1,1,1,1,1,1,1,1,1,1,1,1,1,1,1,1,1,1,1,1,1,1,1,1
OTU_1077,31,1,1,1,1,1,1,1,1,1,1,1,1,1,1,1,28,4,1,77,1,1,1,1,15,1,1,4,1,1,1,1,1,1,1,2,1,1,1,1,1,1,1,1,1,1,14,1,1,1
OTU_1078,1,1,1,1,1,1,1,1,1,1,1,1,1,1,1,1,1,1,1,1,1,1,1,1,1,1,1,1,1,1,1,1,1,1,1,1,1,1,1,1,1,1,1,1,1,1,1,1,1,1
OTU_1079,1,1,1,1,1,1,1,1,1,1,1,1,1,1,1,1,1,1,1,1,1,1,1,1,1,1,1,1,1,1,1,1,1,1,1,1,1,1,1,1,1,1,1,1,1,1,1,1,1,1
OTU_1080,1,1,1,1,1,1,1,1,1,1,1,1,1,1,1,1,1,1,1,1,1,1,1,1,1,1,1,1,1,1,1,1,1,1,1,1,1,1,1,1,1,1,1,1,1,1,1,1,1,1
OTU_1081,1,1,1,1,1,1,1,1,1,1,1,1,1,1,1,1,1,1,1,1,1,1,1,1,1,1,1,1,1,1,1,1,1,1,1,1,1,1,1,1,1,1,1,1,1,1,1,1,1,1
OTU_1082,1,1,1,1,1,1,1,1,1,1,1,1,1,1,1,1,1,1,1,1,1,1,1,1,1,1,1,1,1,1,1,1,1,1,1,1,1,1,1,1,1,1,1,1,1,1,1,1,1,1
OTU_1083,1,1,1,1,1,1,1,1,1,1,1,1,1,1,1,1,1,1,1,1,1,1,1,1,1,1,1,1,1,1,1,1,1,1,1,1,1,1,1,1,1,1,1,1,1,1,1,1,1,1
OTU_1084,67,1,1,149,58,58,6,36,4,1,1,2,1,182,150,2,1,4,4,3,14,21,1,41,1,24,13,1,1,1,7,15,23,1,60,3,2,1,60,1,1,1,59,9,4,12,17,3,1,623
OTU_1085,1,1,1,1,1,1,1,1,1,1,1,1,1,1,1,1,1,1,1,1,1,1,1,1,1,1,1,1,1,1,1,1,1,1,1,1,1,1,1,1,1,1,1,1,1,1,1,1,1,1
OTU_1086,7,1,2,1,1,2,1,1,32,3,1,1,14,1,1,1,25,2,11,1,12,17,1,1,5,91,1,28,91,33,4,54,1,1,1,1,4,251,67,1,248,1,89,44,1,21,1,1,7,50
OTU_1087,1,1,1,1,1,1,1,1,1,1,1,1,1,1,1,1,1,1,1,1,1,1,1,1,1,1,1,1,1,1,1,1,1,1,1,1,1,1,1,1,1,1,1,1,1,1,1,1,1,1
OTU_1088,1,1,1,1,1,1,1,1,1,1,1,1,1,1,1,1,1,1,1,1,1,1,1,1,1,1,1,1,1,1,1,1,1,1,1,1,1,1,1,1,1,1,1,1,1,1,1,1,1,1
OTU_1089,1,1,1,1,1,1,1,1,1,1,1,1,1,1,1,1,1,1,1,1,1,1,1,1,1,1,1,1,1,1,1,1,1,1,1,1,1,1,1,1,1,1,1,1,1,1,1,1,1,1
OTU_1090,1,1,1,1,1,1,1,1,1,1,1,1,1,1,1,1,1,1,1,2,1,1,1,1,1,1,1,1,1,1,1,1,1,1,1,1,1,1,1,1,1,1,1,1,1,1,1,1,1,1
OTU_1091,1,1,1,1,1,1,1,1,1,1,1,1,1,1,1,1,1,1,1,1,1,1,1,1,1,1,1,1,1,1,1,1,1,1,1,1,1,1,1,1,1,1,1,1,1,1,1,1,1,1
OTU_1092,1,1,1,1,1,1,1,1,1,1,1,1,1,1,1,1,1,1,1,1,1,1,1,1,1,1,1,1,1,1,1,1,1,1,1,1,1,1,1,1,1,1,1,1,1,1,1,1,1,1
OTU_1093,1,1,1,1,1,1,1,1,1,1,1,1,1,1,1,1,1,1,1,1,1,1,1,1,1,1,1,1,1,1,1,1,1,1,1,1,1,2,1,16,1,1,1,1,1,1,1,1,1,1
OTU_1094,54,149,1,33,3,1,3,1,1,15,47,4,147,1,247,1,20,1,1,36,1,3,12,2,1,11,55,1,1,1,1,1,8,1,60,5,1,1,90,98,1,2,1,10,1,1,1,7,1,1
OTU_1095,6,1,1,1,50,1,1,1,1,1,1,1,1,1,1,1,1,1,1,1,3,1,1,1,14,1,1,1,1,1,1,1,36,1,1,1,1,1,1,1,1,1,1,1,1,1,1,1,1,1
OTU_1096,1,1,1,1,1,1,1,1,1,1,1,1,1,1,1,1,1,1,1,1,1,1,1,1,1,1,1,1,1,1,3,1,5,1,1,1,1,1,1,1,1,1,1,1,1,20,1,1,1,1
OTU_1097,1,1,1,1,1,1,1,1,1,1,1,1,1,1,1,1,1,1,1,1,1,1,1,1,1,1,1,1,1,1,1,1,1,1,1,1,1,1,1,1,1,1,1,1,1,1,1,1,1,1
OTU_1098,1,1,33,13,10,3,152,1,6,2,1,21,245,87,43,79,36,13,9,2,64,405,258,2,168,137,74,1,57,141,144,22,123,11,327,66,1,144,123,272,108,1,1,212,114,35,119,150,336,3
OTU_1099,7,56,181,15,135,262,61,23,8,150,4,17,1,135,9,32,16,48,27,87,5,4,166,71,25,3,31,31,194,32,8,29,24,23,326,262,549,15,7,1,155,3,90,7,239,43,64,132,192,32
OTU_1100,1,1,1,1,1,1,1,1,1,1,1,1,1,1,1,1,1,1,1,1,1,1,1,1,1,1,1,29,1,1,1,1,1,1,1,1,1,1,1,1,1,1,1,1,1,1,1,1,1,1
OTU_1101,1,1,1,1,1,1,1,1,1,1,1,1,1,1,1,1,1,1,1,1,1,1,1,1,1,1,1,1,1,1,1,1,1,1,1,1,1,1,1,1,1,1,1,1,1,1,1,1,1,1
OTU_1102,826,269,266,462,531,192,315,444,1115,70,370,74,156,103,192,208,232,201,390,1507,203,44,67,256,204,110,172,560,1155,196,464,270,490,249,390,190,575,103,1000,238,715,187,336,634,295,133,565,45,145,90
OTU_1103,1,1,1,1,1,1,1,1,1,1,1,2,28,1,1,1,1,2,1,1,1,1,2,1,1,1,1,1,8,1,1,1,1,1,23,1,100,10,1,1,1,1,1,1,15,1,5,1,1,1
OTU_1104,1,1,1,1,1,1,1,1,1,1,1,1,1,1,1,1,1,1,1,1,1,1,1,1,1,1,1,1,1,1,1,1,1,1,1,1,1,1,1,1,1,1,1,1,1,1,1,1,1,1
OTU_1105,11,44,1,5,1,1,1,248,1,1,23,1,1,1,1,1,1,1,167,1,1,1,1,1,1,1,1,1,1,70,1,36,2,1,15,1,1,1,1,2,1,1,1,1,1,1,1,1,1,1
OTU_1106,716,553,453,388,703,1394,648,536,898,877,457,468,782,417,503,224,477,697,333,422,359,149,1248,1167,378,670,723,274,555,372,541,344,524,1041,1089,340,1269,318,466,467,852,626,517,555,204,303,948,1065,1091,335
OTU_1107,1,1,1,1,1,1,1,1,1,1,1,1,1,1,1,1,1,1,1,1,1,1,1,1,1,1,1,289,1,1,1,1,1,1,1,1,1,1,1,1,1,1,1,1,1,1,1,1,1,1
OTU_1108,1,1,1,1,1,1,1,1,1,1,1,1,1,1,1,1,1,1,1,1,1,1,1,1,1,1,1,1,1,1,1,1,1,1,1,1,1,1,1,1,1,1,1,1,1,1,1,1,1,1
OTU_1109,376,345,4,70,5,132,149,14,269,1,63,39,1,1,84,1,12,53,1,4,64,5,14,166,70,131,128,53,102,1,164,1,11,3,2,2,43,1,10,92,15,12,20,302,1,46,4,118,20,3
OTU_1110,1,1,1,1,1,1,1,1,1,1,1,1,1,1,1,1,1,1,1,1,1,1,1,1,1,1,1,1,1,1,1,1,1,1,1,1,1,1,1,1,1,1,1,1,1,1,1,1,1,1
OTU_1111,1,1,1,1,1,1,1,1,1,1,1,1,1,1,1,1,1,1,1,1,1,1,1,1,1,1,1,1,1,1,1,1,1,1,1,1,1,1,1,1,1,1,1,1,1,1,1,1,1,1
OTU_1112,1,2,1,2,1,24,1,1,1,1,1,1,8,3,1,42,1,1,1,1,1,1,1,1,1,46,1,1,1,1,1,1,1,1,3,1,1,9,1,1,4,1,1,1,1,1,1,1,1,1
OTU_1113,1,1,1,1,1,1,1,1,1,1,1,1,1,1,1,1,1,1,1,1,1,1,1,1,1,1,1,1,1,1,1,1,1,1,1,1,1,1,1,1,1,1,1,1,1,1,1,1,1,1
OTU_1114,1,1,1,1,1,1,1,1,1,1,1,1,1,1,1,1,1,1,1,1,1,1,1,1,1,1,1,1,1,1,1,1,1,1,1,1,1,1,1,1,1,1,1,1,1,1,1,1,1,1
OTU_1115,1,1,1,1,1,1,1,1,1,1,1,1,1,1,1,1,1,1,1,1,1,1,1,1,1,1,1,1,1,1,1,52,6,1,1,1,1,1,1,1,1,1,1,1,1,1,1,1,1,1
OTU_1116,17,33,35,2,53,1,3,57,1,15,24,17,2,3,2,3,2,1,13,102,3,28,22,4,122,4,22,44,1,1,1,1,3,2,12,98,34,1,1,1,1,60,45,19,21,16,44,1,1,12
OTU_1117,1,1,1,1,1,1,1,1,1,1,1,1,1,1,1,1,1,1,1,1,1,1,1,1,1,1,1,1,1,1,1,1,1,1,1,1,1,1,1,1,1,1,1,1,1,1,1,1,1,1
OTU_1118,1,1,1,1,1,1,1,1,1,1,1,1,1,1,1,1,1,1,1,1,1,1,1,1,1,1,1,1,1,1,1,1,1,1,1,1,1,1,1,1,1,1,1,1,1,1,1,1,1,1
OTU_1119,1,1,1,1,1,1,1,1,1,1,1,1,1,1,1,1,1,1,1,1,1,1,1,1,1,1,1,1,1,1,1,1,1,1,1,1,1,1,1,1,1,1,1,1,1,1,1,1,1,1
OTU_1120,1,1,1,1,1,1,1,1,1,1,1,1,1,1,1,1,1,1,1,1,1,1,1,1,1,1,1,1,1,1,1,1,1,1,1,1,1,1,1,1,1,1,1,1,1,1,1,1,1,1
OTU_1121,285,23,7,2,85,2,1,7,63,9,292,108,340,16,21,190,25,4,112,12,351,179,1,63,10,14,1,259,5,1,50,9,1,57,2,26,111,7,1,1,32,102,4,73,78,63,7,30,11,298
OTU_1122,88,120,27,144,159,57,9,52,67,15,2,26,128,50,1,2,6,11,450,16,90,160,35,194,5,69,43,37,101,4,84,93,152,221,9,96,22,80,60,42,269,108,129,116,8,5,241,1,32,110
OTU_1123,1,1,1,1,1,1,1,1,1,1,1,1,1,1,1,1,1,1,1,1,1,1,1,1,1,1,1,1,1,1,1,1,1,1,1,1,1,1,1,1,1,1,1,1,1,1,1,1,1,1
OTU_1124,1,1,1,1,1,1,1,1,1,1,2,1,1,1,1,1,1,1,1,1,1,1,1,1,1,1,1,1,1,1,1,1,1,1,1,1,1,1,1,1,1,1,1,1,1,1,1,1,1,1
OTU_1125,1,1,1,1,1,1,1,1,1,1,1,1,1,1,1,1,1,1,1,1,1,1,1,1,1,1,1,1,1,1,1,1,1,1,1,1,1,1,1,1,1,1,1,1,1,1,1,1,1,1
OTU_1126,1,1,1,1,1,1,1,1,1,1,1,1,1,1,1,1,1,1,1,1,1,1,1,1,1,1,1,1,1,1,1,1,1,1,1,1,1,1,1,1,1,1,1,1,1,1,1,1,1,1
OTU_1127,1,1,1,1,1,1,1,1,1,1,1,1,1,1,1,1,1,1,1,1,1,1,1,1,1,1,1,1,1,1,1,1,1,1,1,1,1,1,1,1,1,1,1,1,1,1,1,1,1,1
OTU_1128,1,1,1,1,1,1,1,1,1,1,1,1,1,1,1,1,1,1,1,1,1,1,1,1,1,1,1,1,1,1,1,1,1,1,1,1,1,1,1,1,1,1,1,1,1,1,1,1,1,1
OTU_1129,1,1,1,1,1,1,1,1,1,1,1,1,1,1,1,1,1,1,1,1,1,1,1,1,1,1,1,1,1,1,1,1,1,1,1,1,1,1,1,1,1,1,1,1,1,1,1,1,1,1
OTU_1130,1,1,1,1,1,1,1,1,1,1,1,1,1,1,1,1,1,1,1,1,1,1,1,1,1,1,1,1,1,1,1,1,1,1,1,1,1,1,1,1,1,1,1,1,1,1,1,1,1,1
OTU_1131,175,133,11,78,40,192,62,9,13,33,107,171,43,177,220,179,163,1,195,14,42,86,133,16,118,164,15,2,125,241,216,339,64,138,44,71,102,454,46,36,9,172,19,85,403,107,300,51,126,179
OTU_1132,1,1,1,1,1,1,1,1,1,1,1,1,1,1,1,1,1,1,1,1,1,1,1,1,1,1,1,1,1,1,1,1,1,1,1,1,1,1,1,1,1,1,1,1,1,1,1,1,1,1
OTU_1133,1,1,1,1,1,1,1,1,1,1,1,1,1,1,1,1,1,1,1,1,1,1,1,1,2,1,1,1,1,1,1,1,1,1,1,1,1,1,1,1,1,1,1,1,1,1,1,1,1,1
OTU_1134,1,1,1,1,1,1,1,1,1,1,1,1,1,1,1,1,1,1,1,1,1,1,1,1,1,1,1,1,1,1,1,1,1,1,1,1,1,1,1,1,1,1,1,1,1,1,1,1,1,1
OTU_1135,1,1,1,1,1,1,1,1,1,1,1,1,1,1,1,1,1,1,1,1,1,1,1,1,1,1,1,1,1,1,1,1,1,1,1,1,1,1,1,1,1,1,1,1,1,1,1,1,1,1
OTU_1136,1,1,1,1,1,1,1,1,1,1,1,1,1,1,1,1,1,1,1,1,1,1,1,1,1,1,1,1,1,1,1,1,1,1,1,1,1,1,1,1,1,1,1,1,1,1,1,1,1,1
OTU_1137,1,1,1,1,1,1,1,1,1,1,1,1,1,1,1,1,1,1,1,1,1,1,1,1,1,1,1,1,1,1,1,1,1,1,1,1,1,1,1,1,1,1,1,1,1,1,1,1,1,1
OTU_1138,1,1,5,39,1,1,47,1,3,39,136,6,35,1,1,5,1,1,15,2,24,1,1,1,82,1,8,2,9,89,5,1,5,34,3,33,1,1,82,9,1,7,17,43,20,1,19,1,10,3
OTU_1139,1,1,1,1,1,1,1,1,1,6,2,1,1,28,1,2,1,1,20,1,35,1,1,51,1,41,1,1,1,16,1,6,2,1,1,1,1,95,1,2,1,1,35,1,13,1,4,1,1,138
OTU_1140,1,1,1,1,2,1,1,1,1,1,1,1,1,1,1,1,1,1,1,1,1,1,1,1,1,1,1,1,1,1,1,1,1,1,1,1,1,1,1,1,1,1,1,1,1,1,1,1,1,1
OTU_1141,1,1,1,1,1,1,1,1,1,1,1,1,1,1,1,1,1,1,1,1,1,1,1,1,1,1,1,1,1,1,1,1,1,1,1,1,1,1,1,1,1,1,1,1,1,1,1,1,1,1
OTU_1142,1,1,1,1,40,46,66,1,2,1,1,1,1,1,1,1,57,1,19,8,1,1,1,1,1,2,1,1,1,1,15,1,2,1,2,1,1,3,1,1,1,1,2,1,1,2,1,1,1,1
OTU_1143,61,33,4,7,26,284,5,1,26,2,168,2,1,84,1,29,173,66,4,2,69,122,10,1,1,1,3,23,1,4,97,11,28,125,10,32,33,21,31,1,19,21,3,20,14,13,13,101,45,39
OTU_1144,1,1,1,1,1,1,1,1,1,1,1,1,1,1,1,1,1,1,1,1,1,1,1,1,1,2,1,1,1,1,1,1,1,1,1,1,1,1,1,1,1,1,1,1,1,1,1,1,1,1
OTU_1145,1,1,1,260,1,1,1,1,1,1,1,1,1,1,1,1,2,1,1,1,1,28,1,1,1,1,1,1,1,1,1,1,1,1,1,1,1,2,1,1,1,1,1,1,1,1,1,1,1,1
OTU_1146,1,1,1,1,1,1,1,1,1,1,1,1,1,1,1,1,1,1,1,1,1,1,1,1,1,1,1,1,1,1,1,1,1,1,1,1,1,1,1,1,1,1,1,1,1,1,1,1,1,1
OTU_1147,1,1,1,1,1,1,1,1,1,1,1,1,1,1,1,1,1,1,1,1,1,1,1,1,1,1,1,1,1,1,1,1,1,1,1,1,1,1,1,1,1,1,1,1,1,1,1,1,1,1
OTU_1148,1,1,1,1,1,1,1,1,1,1,1,1,1,1,1,1,1,1,1,1,1,1,1,1,1,1,1,1,1,1,1,1,1,1,1,1,1,1,1,1,1,1,1,1,1,1,1,1,1,1
OTU_1149,1,1,1,1,1,1,1,1,1,1,1,1,1,1,1,1,1,1,1,1,1,1,1,1,1,1,1,1,1,1,1,1,1,1,1,1,1,1,1,1,1,1,1,1,1,1,1,1,1,1
OTU_1150,1,1,1,1,1,1,1,1,1,1,1,1,1,1,1,1,1,1,1,1,1,1,1,1,1,1,1,1,1,1,1,1,1,1,1,1,1,1,1,1,1,1,1,1,1,1,1,1,1,1
OTU_1151,1,1,1,1,1,1,1,1,1,1,1,1,1,1,1,1,1,1,1,1,1,1,1,1,1,1,1,1,1,1,1,1,1,1,1,1,1,1,1,1,1,1,1,1,1,1,1,1,1,1
OTU_1152,1,1,1,1,1,1,1,1,1,1,1,1,1,1,1,1,1,1,1,1,1,1,1,1,1,1,1,1,1,1,1,1,1,1,1,1,1,1,1,1,1,1,1,1,1,1,1,1,1,1
OTU_1153,1,1,1,1,1,1,1,1,1,1,1,1,1,1,1,1,1,1,1,1,1,1,1,1,1,1,1,1,1,1,1,1,1,1,1,1,1,1,1,1,1,1,1,1,1,1,1,1,1,1
OTU_1154,1,1,1,1,1,1,1,1,1,1,1,1,1,1,1,1,1,1,1,1,1,1,1,1,1,1,1,1,1,1,1,1,1,1,1,1,1,1,1,1,1,1,1,1,1,1,1,1,1,1
OTU_1155,1,1,1,1,1,1,1,1,1,1,1,1,1,1,1,1,1,1,1,1,1,1,1,1,1,1,1,1,1,1,1,1,1,1,1,1,1,1,1,1,1,1,1,1,1,1,1,1,1,1
OTU_1156,1,1,1,1,1,1,1,1,1,1,1,1,1,1,1,1,1,1,1,1,1,1,1,1,1,1,1,1,1,1,1,1,1,1,1,1,1,1,1,1,1,1,1,1,1,1,1,1,1,1
OTU_1157,128,50,1,30,220,118,2,121,57,56,557,40,172,289,444,192,7,1,94,139,452,278,13,6,23,279,240,212,80,171,75,86,150,3,243,166,42,43,122,195,69,94,73,68,30,22,37,177,1,66
OTU_1158,1,1,1,1,1,1,1,1,1,1,1,1,1,1,1,1,1,1,1,1,1,1,1,1,1,1,1,1,1,1,1,1,1,1,1,1,1,1,1,1,1,1,1,1,1,1,1,1,1,1
OTU_1159,1,1,1,1,1,1,1,1,1,1,1,1,1,1,1,2,1,1,1,1,1,1,1,1,1,1,1,1,1,1,1,1,1,1,1,1,1,1,1,1,1,1,1,1,1,1,1,1,1,1
OTU_1160,1,1,1,1,1,1,1,1,1,1,1,1,1,1,1,1,1,1,1,1,1,1,1,1,1,1,1,1,1,1,1,1,1,1,1,1,1,1,1,1,1,1,1,1,1,1,1,1,1,1
OTU_1161,1,1,1,1,1,1,1,1,1,1,1,1,1,1,1,1,1,1,1,1,1,1,1,1,1,1,1,1,1,1,1,1,1,1,1,1,1,1,1,1,1,1,1,1,1,1,1,1,1,1
OTU_1162,1,1,1,1,1,1,1,1,1,1,1,1,1,1,1,1,1,1,1,1,1,1,1,1,1,1,1,1,1,14,1,1,1,1,1,1,1,1,1,1,1,1,1,1,1,1,1,1,1,1
OTU_1163,1,1,1,1,1,1,1,1,1,1,1,1,1,1,1,1,1,1,1,1,1,1,1,1,1,1,1,1,1,1,1,1,1,1,1,1,1,1,1,1,1,1,1,1,1,1,1,1,1,1
OTU_1164,1,1,1,1,16,1,1,1,1,1,1,26,1,2,4,1,1,1,1,1,1,1,1,75,1,297,1,1,1,1,183,1,1,1,1,1,1,110,82,1,1,48,1,1,1,1,1,1,1,1
OTU_1165,1,1,1,1,1,1,1,1,1,1,1,1,1,1,1,1,2,1,1,1,10,1,1,1,1,1,1,1,1,1,1,1,1,1,1,1,1,1,1,1,1,1,1,1,1,1,1,1,1,1
OTU_1166,1,1,1,1,1,1,1,1,1,1,1,1,1,1,1,1,1,1,1,1,1,1,1,1,1,1,1,1,1,1,1,1,1,1,2,1,1,1,1,1,1,1,1,1,1,1,1,1,1,13
OTU_1167,3,10,100,82,1,6,158,12,88,264,6,1,22,5,119,299,1,37,60,1,1,107,1,68,36,1,6,46,5,1,51,1,1,1,2,8,3,257,1,77,118,85,12,8,29,10,1,92,16,3
OTU_1168,1,1,1,1,1,1,1,1,1,1,1,1,1,1,1,1,1,1,1,1,1,1,1,1,1,1,1,1,20,1,1,1,1,1,1,1,1,1,1,1,1,1,1,1,1,1,1,1,1,1
OTU_1169,316,1,1,1,20,9,242,12,1,1,14,22,316,2,338,5,187,1,142,1,30,4,281,6,5,21,1,3,53,1,1,1,58,2,2,6,34,54,88,59,81,11,77,26,1,20,123,1,26,9
OTU_1170,1,1,1,1,1,1,1,1,1,1,1,1,1,1,1,1,1,1,1,1,1,1,1,1,1,1,1,1,1,1,1,1,1,1,1,1,1,1,1,1,1,1,1,1,1,1,1,1,1,1
OTU_1171,1,1,1,1,1,1,1,1,1,1,1,1,1,1,1,1,1,1,1,1,1,1,1,1,1,1,1,1,1,1,1,1,1,1,1,1,1,1,1,1,1,1,1,1,1,1,1,1,2,1
OTU_1172,1,1,1,1,1,1,1,1,1,1,1,1,1,1,1,1,1,1,1,1,1,1,1,1,1,1,1,1,1,1,1,1,1,1,1,1,1,1,1,1,1,1,1,1,1,1,1,1,1,1
OTU_1173,43,7,73,12,1,1,89,15,19,1,36,3,2,1,1,1,3,1,53,2,7,84,4,2,39,8,5,1,8,89,6,6,57,1,1,25,1,94,1,38,28,79,185,32,4,429,1,1,1,15
OTU_1174,1,1,1,1,1,1,1,1,1,1,1,1,1,1,1,1,1,1,1,1,1,1,1,1,1,1,1,1,1,1,1,1,1,1,1,1,1,1,1,1,1,1,1,1,1,1,1,1,1,1
OTU_1175,486,106,775,272,369,171,92,161,213,414,643,263,384,131,130,341,357,122,69,789,425,334,378,917,62,230,240,155,260,121,292,283,212,359,464,236,175,438,427,209,147,327,545,175,256,92,31,195,105,789
OTU_1176,1,1,1,1,1,1,1,1,1,1,1,1,1,1,1,1,1,1,1,1,1,1,1,1,1,1,1,1,1,1,1,1,1,1,1,1,1,1,1,1,1,1,1,1,1,1,1,1,1,1
OTU_1177,16,238,83,594,139,338,391,177,136,77,134,707,113,17,337,9,365,181,208,179,125,45,61,191,83,160,55,58,81,127,227,167,14,160,291,192,397,138,69,736,14,65,263,83,158,40,458,195,112,194
OTU_1178,1,1,1,1,1,1,1,1,1,1,1,1,1,1,1,1,1,1,1,1,1,1,1,1,1,1,1,1,1,1,1,1,1,1,1,1,1,1,1,1,1,1,1,1,1,1,1,1,1,1
OTU_1179,1,1,1,1,1,1,1,1,1,1,1,1,1,1,1,1,1,1,1,1,1,1,1,1,1,1,1,1,1,1,1,1,1,1,1,1,1,1,1,1,1,1,1,1,1,1,1,1,1,1
OTU_1180,1,1,1,1,1,1,1,1,1,1,1,1,1,1,1,1,1,1,1,1,1,1,1,1,1,1,1,1,1,1,1,1,1,1,1,1,1,1,1,1,1,1,1,1,1,1,1,1,1,1
OTU_1181,1,1,1,1,1,1,1,1,1,1,1,1,1,1,1,1,1,1,1,1,1,1,1,1,1,1,1,1,1,1,1,1,1,1,1,1,1,1,1,1,1,1,1,1,1,1,1,1,1,1
OTU_1182,1,1,1,3,1,1,1,1,1,1,1,1,1,1,1,1,1,1,1,1,1,1,1,1,1,1,1,1,1,1,1,1,1,1,1,1,1,1,1,1,1,1,1,1,1,1,1,1,1,1
OTU_1183,1,1,1,1,1,1,1,1,1,1,1,1,1,1,1,1,1,1,1,1,1,1,1,1,1,1,1,1,1,1,1,1,1,1,1,1,1,1,1,1,1,1,1,1,1,1,1,1,1,1
OTU_1184,1,1,1,7,1,1,10,1,1,32,1,1,1,3,1,2,1,114,51,1,1,1,16,1,4,69,1,3,1,1,62,3,1,1,1,1,1,1,1,1,1,2,1,1,1,1,1,1,1,1
OTU_1185,1,1,1,1,1,1,1,1,1,1,1,1,1,1,1,1,1,1,1,1,1,1,1,1,1,1,1,1,1,1,1,1,1,1,1,1,1,1,1,1,1,1,1,1,1,1,1,1,1,1
OTU_1186,1,1,1,1,1,5,1,1,2,1,1,1,1,2,1,1,1,1,1,1,1,1,1,1,1,1,1,1,1,1,1,1,1,1,1,116,1,2,1,1,122,5,1,1,174,1,1,1,1,1
OTU_1187,1,47,1,15,7,70,1,1,80,1,1,1,1,9,1,84,1,169,2,1,1,1,1,14,2,1,73,2,1,74,17,8,1,1,14,3,6,3,1,40,5,21,25,1,1,16,14,1,1,1
OTU_1188,1,1,1,1,1,1,1,36,1,1,1,1,1,1,1,1,1,1,1,7,1,83,1,1,1,1,1,1,1,1,1,1,1,1,1,1,1,1,1,1,1,1,1,1,1,1,1,1,1,1
OTU_1189,1,5,1,1,1,1,1,4,1,1,1,1,1,1,2,1,1,7,1,1,1,1,1,1,1,1,1,258,1,1,1,1,1,1,1,1,1,1,1,1,2,1,1,1,8,1,1,1,1,14
OTU_1190,1,1,1,1,1,1,1,1,1,1,1,1,1,1,1,1,1,1,1,1,1,1,1,1,1,1,1,1,1,1,1,1,1,1,1,1,1,1,1,1,1,1,1,1,1,1,1,1,1,1
OTU_1191,6,5,1,1,45,19,3,8,4,9,1,15,1,2,1,6,1,30,1,4,26,1,6,52,1,1,1,4,47,216,1,45,14,1,2,9,1,3,7,1,299,33,9,15,149,1,1,86,10,36
OTU_1192,220,2,27,1,1,16,1,1,1,1,105,2,1,2,1,161,8,3,1,1,1,200,1,218,3,1,1,1,1,1,6,2,1,1,1,1,1,2,2,1,1,1,1,1,114,1,1,1,2,1
OTU_1193,71,61,123,69,153,92,9,77,7,529,17,41,19,406,81,179,82,50,150,52,834,197,35,117,134,90,314,27,194,52,27,40,87,90,196,74,409,239,117,85,90,93,50,8,218,9,309,275,111,49
OTU_1194,1,1,1,1,1,1,1,1,1,1,1,1,1,1,1,1,1,1,1,1,1,1,1,1,1,1,1,1,1,1,1,1,1,1,1,1,1,1,1,1,1,1,1,1,1,1,1,1,1,1
OTU_1195,1,1,1,1,1,1,1,1,1,1,1,1,1,1,1,1,1,1,1,1,1,1,1,1,1,1,1,1,1,1,1,1,1,1,1,1,1,1,1,1,1,1,1,1,1,1,1,1,1,1
OTU_1196,1,1,1,1,1,1,1,1,1,2,40,1,27,1,1,3,1,1,1,1,1,1,36,1,1,1,1,1,1,1,1,1,1,1,4,5,1,1,1,1,1,1,1,1,1,3,1,1,1,1
OTU_1197,1,1,1,1,1,1,1,1,1,1,1,1,1,1,1,1,1,1,1,1,1,1,1,1,1,1,1,1,1,1,1,1,1,1,1,1,1,1,1,1,1,1,1,1,1,1,1,1,1,1
OTU_1198,173,19,11,47,108,182,239,54,259,78,254,101,300,167,544,650,92,124,27,15,25,523,400,27,172,42,315,171,52,35,97,187,4,94,82,165,87,385,240,177,31,628,81,64,142,54,72,395,53,8
OTU_1199,1,1,1,15,1,35,1,1,1,1,1,4,1,1,1,1,1,1,1,1,1,1,1,1,1,1,1,1,1,1,1,1,1,1,1,1,1,1,1,1,1,1,1,1,1,1,1,1,1,1
OTU_1200,1,1,1,1,1,1,1,1,1,1,1,1,1,1,1,1,1,1,2,1,1,1,1,1,1,1,1,1,1,1,1,1,1,1,1,1,1,1,1,1,1,1,1,1,1,1,1,1,1,1
OTU_1201,1,1,1,1,1,1,1,1,1,1,1,1,1,1,1,1,1,1,1,1,1,1,1,1,1,1,2,1,1,1,1,1,1,1,1,1,1,1,1,1,1,1,1,1,1,1,1,1,1,1
OTU_1202,2,150,1,304,1,72,91,7,30,79,2,27,3,25,73,4,235,254,20,111,74,13,139,41,24,103,58,148,70,270,3,24,4,284,43,29,10,16,7,405,21,38,30,260,5,34,20,94,102,3
OTU_1203,1,1,1,1,1,1,1,1,1,1,1,1,1,1,1,1,1,1,1,1,1,1,1,1,1,1,1,1,1,1,1,1,1,1,1,1,1,1,1,1,1,1,1,1,1,1,1,1,1,1
OTU_1204,31,15,124,30,285,68,17,182,50,225,115,2,59,20,44,157,86,13,13,190,26,183,1,10,104,314,39,4,11,76,1,391,3,462,31,174,94,10,311,3,257,156,73,11,22,37,35,206,136,35
OTU_1205,1,1,1,1,1,1,1,1,1,1,1,1,1,1,1,1,1,1,1,1,1,1,1,1,1,1,1,1,1,1,1,1,1,1,1,1,1,1,1,1,1,1,1,1,1,1,1,1,1,1
OTU_1206,1,1,1,1,1,1,1,1,1,1,1,1,1,1,1,1,1,1,1,1,1,1,1,1,1,1,1,1,1,1,1,1,1,1,1,1,1,1,1,1,1,1,1,1,1,1,1,1,1,1
OTU_1207,2,1,1,1,1,1,1,1,1,1,1,1,1,1,1,1,1,1,1,99,1,1,1,1,1,1,1,1,146,1,1,1,1,1,1,1,1,1,1,1,1,1,1,1,1,2,1,1,1,1
OTU_1208,44,1,69,29,141,251,4,321,1,11,1,182,95,1,106,21,235,15,1,1,3,5,1,26,61,1,1,1,85,6,14,1,31,6,14,1,3,1,37,1,36,2,2,124,49,37,4,5,165,1
OTU_1209,1,1,1,1,1,1,2,2,1,1,70,4,13,1,1,1,1,1,1,1,1,1,53,1,7,1,64,1,1,2,109,8,1,40,1,1,4,1,1,57,115,1,1,1,1,67,1,1,26,2
OTU_1210,1,1,22,1,1,1,13,1,1,1,1,1,1,1,4,1,1,1,1,1,1,1,1,1,1,1,1,1,1,1,2,1,43,1,1,1,1,1,1,1,1,1,1,1,2,9,1,49,3,1
OTU_1211,1,1,1,1,1,1,1,1,1,1,1,1,1,1,1,1,1,1,1,1,1,1,1,1,1,1,1,1,1,1,1,1,1,1,1,1,1,1,1,1,1,1,1,1,1,1,1,1,1,1
OTU_1212,1,1,1,1,1,1,1,1,1,1,1,1,1,1,1,1,1,1,1,1,1,1,1,1,1,1,1,1,1,1,1,1,1,1,1,1,1,1,1,1,1,1,1,1,1,1,1,1,1,1
OTU_1213,52,6,21,235,36,42,39,1,3,122,28,42,3,46,1,54,2,60,15,24,1,10,1,16,1,96,2,3,9,161,18,4,2,54,258,598,1,34,80,4,82,1,28,290,23,23,1,6,2,39
OTU_1214,1,1,1,1,1,1,1,1,1,1,1,1,1,1,1,1,1,1,1,1,1,1,1,1,1,1,1,1,1,1,1,1,1,1,1,1,1,1,1,1,1,1,1,1,1,1,1,1,1,1
OTU_1215,1,1,1,1,1,1,1,1,1,1,1,1,1,1,1,1,1,1,1,1,1,1,1,1,1,1,1,1,1,1,1,1,1,1,1,1,1,1,1,1,1,1,1,1,1,1,1,1,1,1
OTU_1216,133,208,64,11,7,130,69,1,19,35,6,52,13,10,125,6,418,43,1,1,2,28,5,78,5,90,1,1,1,5,158,31,4,103,1,44,23,2,3,15,22,1,177,69,125,23,3,4,2,1
OTU_1217,1,1,1,1,1,1,1,1,1,1,1,1,1,1,1,1,1,1,1,1,1,1,1,1,1,1,1,1,1,1,1,1,1,1,1,1,1,1,1,1,1,1,1,1,1,1,1,1,1,1
OTU_1218,487,621,1252,648,487,668,370,647,627,333,760,641,317,182,218,921,362,333,542,986,959,651,366,494,677,925,342,1288,685,1079,618,663,990,271,902,583,655,424,396,406,100,1084,712,375,416,252,343,303,787,319
OTU_1219,1,1,1,1,1,1,1,1,1,1,1,1,1,1,1,1,1,1,1,1,1,1,1,1,1,1,1,1,1,1,1,1,1,1,1,1,1,1,1,1,1,1,1,1,1,1,1,1,1,1
OTU_1220,32,1,1,38,1,1,1,1,1,1,1,1,1,1,1,1,1,2,21,1,1,1,100,1,1,1,1,3,1,17,1,1,16,1,1,1,1,1,1,1,1,1,2,1,1,3,1,58,24,1
OTU_1221,1,1,1,1,1,1,1,1,2,1,1,1,1,1,1,1,1,1,1,1,1,1,1,1,1,1,1,1,1,1,1,1,1,1,1,1,1,1,1,1,1,1,1,1,1,1,1,1,1,1
OTU_1222,1,1,1,1,1,1,1,1,1,1,1,1,1,1,1,1,1,1,1,1,1,1,1,1,1,1,1,1,1,1,1,1,1,1,1,1,1,1,1,1,1,1,1,1,1,1,1,1,1,1
OTU_1223,1,1,1,1,1,1,1,1,1,1,1,1,1,1,1,1,1,1,1,1,1,1,1,1,1,1,1,1,1,1,1,1,1,1,1,1,1,1,1,1,1,1,1,1,1,1,1,1,1,1
OTU_1224,1,1,1,1,1,1,1,1,1,1,1,1,1,1,1,1,1,1,1,1,1,1,1,1,1,1,1,1,1,1,1,1,1,1,1,1,1,1,1,1,1,1,1,1,1,1,1,1,1,1
OTU_1225,1,1,1,1,1,1,1,1,1,1,1,1,1,1,1,1,1,1,1,1,1,1,1,1,1,1,1,1,1,1,1,1,1,1,1,1,6,1,1,1,1,1,1,1,1,1,1,1,1,1
OTU_1226,239,17,8,625,39,213,9,190,7,174,206,9,196,458,39,179,114,73,52,236,90,188,139,78,16,143,188,26,668,23,62,24,98,114,164,32,154,9,67,72,447,138,9,162,31,77,105,46,207,223
OTU_1227,1,1,1,1,1,1,1,1,1,1,1,1,1,1,1,1,1,1,1,1,1,1,1,1,1,1,1,1,1,1,1,1,1,1,1,1,1,1,1,1,1,1,1,1,1,1,1,1,1,1
OTU_1228,1,1,1,1,1,1,1,1,1,1,1,1,1,1,1,1,1,1,1,1,1,1,1,1,1,1,1,1,1,1,1,1,1,1,1,1,1,1,1,1,1,1,1,1,1,1,1,1,1,1
OTU_1229,1,1,1,1,1,1,1,1,1,1,1,1,1,1,1,1,1,1,1,1,1,1,1,1,1,1,1,1,1,1,1,1,1,1,1,1,1,1,1,1,1,1,1,1,1,1,1,1,1,1
OTU_1230,158,1,1,1,1,1,18,1,81,3,12,1,1,1,6,6,1,1,1,9,1,1,72,1,1,1,1,1,2,1,1,1,18,31,8,1,1,1,1,1,1,1,13,1,1,1,1,1,1,1
OTU_1231,1,1,1,1,1,1,1,1,1,1,1,1,1,1,1,1,1,1,1,1,1,1,1,1,1,1,1,1,1,1,1,1,1,1,1,1,1,1,1,1,1,1,1,1,1,1,1,1,1,1
OTU_1232,1,1,1,1,1,1,1,1,1,1,1,1,1,1,1,1,1,1,1,1,1,1,1,1,1,1,1,1,1,1,1,1,1,1,1,1,1,1,1,1,1,1,1,1,1,1,1,1,1,1
OTU_1233,1,1,1,1,1,1,1,1,1,1,1,1,1,1,1,1,1,1,1,1,1,1,1,1,1,1,1,1,1,1,1,1,1,1,1,1,1,1,1,1,1,1,1,1,1,1,1,1,1,1
OTU_1234,1,1,1,1,1,1,1,1,1,1,1,1,1,1,1,1,1,1,1,1,1,1,1,1,1,1,1,1,1,1,1,1,1,1,1,1,1,1,1,1,1,1,1,1,1,1,1,1,1,1
OTU_1235,1,1,1,1,1,1,1,1,1,1,1,1,1,1,1,1,1,1,1,1,1,1,1,1,1,1,1,1,1,1,1,1,1,1,1,1,1,1,1,1,1,1,1,1,1,1,1,1,1,1
OTU_1236,1,1,1,1,1,1,1,1,1,1,1,1,1,1,1,1,1,1,1,1,1,1,1,1,1,1,1,1,1,1,1,1,1,1,1,1,1,1,2,1,1,1,1,1,1,1,1,1,1,1
OTU_1237,1,1,1,1,1,1,1,1,1,1,1,1,1,1,1,1,1,1,1,1,1,1,1,1,1,1,1,1,1,1,1,1,1,1,1,1,1,1,1,1,1,1,1,1,1,1,1,1,1,1
OTU_1238,76,1,1,2,1,1,11,27,5,1,1,1,1,1,1,1,1,1,1,4,1,1,1,23,16,2,127,22,1,1,13,1,1,1,1,1,1,1,4,8,1,1,1,1,5,7,1,1,28,2
OTU_1239,1,1,1,1,1,1,1,1,1,1,1,1,1,1,1,1,1,1,1,1,1,1,1,1,1,1,1,1,1,1,1,1,1,1,1,1,1,1,1,1,1,1,1,1,1,1,1,1,1,1
OTU_1240,3,3,5,1,1,19,20,1,9,4,205,54,1,1,2,1,17,1,1,20,1,1,1,50,17,1,1,1,7,1,1,17,2,464,4,1,35,1,3,1,1,1,1,25,1,22,1,1,1,1
OTU_1241,1,1,1,1,1,1,1,1,1,1,1,1,1,1,1,1,1,1,1,1,1,1,1,1,1,1,1,1,1,1,1,1,1,1,1,1,1,1,1,1,1,1,1,1,1,1,1,1,1,1
OTU_1242,1,1,1,1,1,1,11,14,1,1,1,1,44,1,1,3,1,18,16,1,3,40,1,1,1,1,1,1,1,1,7,1,1,2,1,1,1,1,1,1,1,1,1,22,5,21,9,1,1,1
OTU_1243,1,1,1,1,1,1,1,1,1,1,1,1,1,1,1,1,1,1,1,1,1,1,2,1,1,1,1,1,1,1,1,1,1,1,1,1,1,1,1,1,1,1,1,1,1,1,1,1,1,1
OTU_1244,230,41,200,48,66,121,246,4,501,136,307,45,134,113,56,136,372,255,75,182,215,53,133,253,166,239,218,181,7,262,125,264,121,159,107,202,78,106,414,18,32,216,203,715,394,332,257,237,19,18
OTU_1245,1,1,1,1,1,1,1,54,1,1,1,1,1,1,1,1,1,1,1,1,1,1,1,1,1,1,1,24,1,1,1,1,1,1,1,1,1,1,1,1,1,1,1,1,1,1,1,1,1,1
OTU_1246,1,1,4,1,1,137,6,16,1,2,2,49,3,5,2,1,7,2,3,40,46,20,32,73,1,1,1,19,18,1,1,1,2,2,95,2,1,19,1,1,1,141,6,22,1,1,1,61,1,12
OTU_1247,1,1,1,1,1,1,1,1,1,1,1,1,1,1,1,1,1,1,1,1,1,1,1,1,1,1,1,1,1,1,1,1,1,1,1,1,1,1,1,1,1,1,1,1,1,1,1,1,1,1
OTU_1248,1,1,49,64,1,2,130,63,5,41,3,18,50,1,1,59,78,171,12,48,14,4,56,3,268,118,12,177,31,90,39,18,4,1,46,3,17,90,1,24,5,40,32,41,22,1,36,15,1,126
OTU_1249,1,1,1,1,1,1,1,1,1,1,1,1,1,1,1,1,1,1,1,1,1,1,1,1,1,1,1,1,1,1,1,1,1,1,1,1,1,1,1,1,1,1,1,1,1,1,1,1,1,1
OTU_1250,1,1,1,1,1,1,1,1,1,1,1,1,1,1,1,1,1,1,1,1,1,1,1,1,1,1,1,1,1,1,1,1,1,1,1,1,1,1,1,1,1,1,1,1,1,1,29,1,2,1
OTU_1251,2,25,37,2,1,3,1,14,1,39,86,1,1,1,1,1,54,24,1,1,1,1,4,1,1,233,6,1,2,2,6,1,35,163,1,46,26,4,2,1,9,40,1,1,5,21,41,31,50,1
OTU_1252,1,1,1,1,1,1,80,1,1,1,1,1,1,1,1,1,1,1,1,1,1,1,1,1,1,1,1,1,1,1,1,1,1,1,1,1,1,5,1,1,1,1,18,1,1,1,1,1,1,1
OTU_1253,65,45,1,5,1,5,1,83,1,1,10,1,1,1,1,1,2,1,1,1,2,2,1,13,1,2,1,1,1,2,1,1,1,1,1,5,1,1,1,1,1,8,1,174,1,1,1,1,1,12
OTU_1254,1,1,1,9,1,1,1,1,1,1,2,4,1,1,1,1,1,1,1,1,1,3,1,1,1,1,1,1,1,1,1,1,1,1,6,1,2,1,1,1,1,1,1,1,40,1,2,1,1,1
OTU_1255,1,1,1,1,1,1,1,1,1,1,1,1,1,1,1,1,1,1,1,1,1,1,1,1,1,1,1,1,1,1,1,1,1,1,1,1,1,1,1,1,1,1,1,1,1,1,1,1,1,1
OTU_1256,1,1,1,1,1,1,1,1,1,1,1,1,1,1,1,1,1,1,1,1,1,1,1,1,1,1,1,1,1,1,1,1,1,1,1,1,2,1,1,1,1,1,1,1,1,1,1,1,1,1
OTU_1257,1,1,1,14,1,1,1,1,1,9,1,1,1,1,1,1,1,1,1,1,1,1,1,1,1,1,1,2,1,1,1,4,1,1,1,1,1,1,1,1,1,1,1,1,1,1,1,1,1,1
OTU_1258,3,2,1,1,6,2,27,2,1,2,5,1,8,33,3,1,3,1,10,1,99,1,2,16,64,1,1,4,1,1,1,74,1,84,12,63,1,9,1,1,1,1,73,1,2,1,31,1,1,269
OTU_1259,1,1,1,1,1,1,1,1,1,1,1,1,1,1,1,1,1,1,1,1,1,1,1,1,1,1,1,1,1,1,1,1,1,1,1,1,1,1,1,1,1,1,1,1,1,1,1,1,1,1
OTU_1260,1,1,1,1,1,1,1,1,1,1,1,1,1,1,1,1,1,1,2,1,1,1,1,1,1,1,1,1,1,1,1,1,1,1,1,1,1,1,1,1,1,1,1,1,1,1,1,1,1,1
OTU_1261,1,1,1,1,3,11,1,3,1,4,1,117,1,1,1,2,14,1,1,1,1,1,1,1,1,5,4,35,2,1,1,1,1,1,7,8,1,6,4,5,1,1,1,1,1,1,1,1,1,1
OTU_1262,268,175,269,23,296,72,359,255,215,241,303,145,458,67,55,337,170,138,25,232,893,114,40,497,318,90,113,80,264,189,14,101,125,44,133,241,20,6,48,474,167,76,184,52,403,219,601,168,38,316
OTU_1263,1,1,1,1,1,1,1,1,1,1,1,1,1,1,1,1,1,1,1,1,1,1,1,1,1,1,1,1,1,1,1,1,1,1,1,1,1,1,1,1,1,1,1,1,1,1,1,1,1,1
OTU_1264,1,1,1,1,1,1,1,1,1,1,1,1,1,1,1,1,1,1,1,1,1,1,1,1,1,1,1,1,1,1,1,1,1,1,1,1,1,1,1,1,1,1,1,1,1,1,1,1,1,1
OTU_1265,351,155,122,17,2,138,104,54,2,8,5,80,83,10,4,39,28,12,3,27,21,2,10,93,46,87,155,85,172,8,34,48,44,1,46,40,38,103,15,47,1,156,39,206,43,225,15,5,64,156
OTU_1266,1,1,1,1,1,1,1,1,1,1,1,1,1,1,1,1,1,1,1,1,1,1,1,1,1,1,1,1,1,1,1,1,1,1,1,1,1,1,1,1,1,1,1,1,1,1,1,1,1,1
OTU_1267,1,1,1,1,1,1,1,1,1,1,1,1,1,1,1,1,1,1,1,1,1,1,1,1,1,1,1,1,1,1,1,1,1,1,1,1,1,1,1,1,1,1,1,1,1,1,1,1,1,1
OTU_1268,1,1,1,1,1,1,1,1,1,1,1,1,1,1,1,1,1,1,1,1,1,1,1,1,1,1,1,1,1,1,1,1,1,1,1,1,1,1,1,1,1,1,1,1,1,1,1,1,1,1
OTU_1269,1,1,1,1,1,1,1,25,1,5,1,1,1,1,23,1,1,1,1,1,1,1,78,1,1,4,1,1,1,1,1,1,13,1,1,1,1,1,1,1,1,1,1,1,1,1,1,1,1,1
OTU_1270,6,1,1,1,1,1,10,1,96,4,4,1,1,1,1,1,2,1,1,1,1,1,4,1,41,38,45,1,1,37,1,18,2,1,1,5,20,1,1,1,1,1,1,10,1,181,1,4,8,5
OTU_1271,1,1,1,1,1,1,1,1,1,1,1,1,1,1,1,1,1,1,1,1,1,1,1,1,1,1,1,1,1,1,1,1,1,1,1,1,1,1,1,1,1,1,1,1,1,1,1,1,1,1
OTU_1272,1,1,1,1,1,1,1,1,1,1,1,1,1,1,1,1,1,1,1,1,1,1,35,1,1,1,1,1,1,1,1,1,1,1,1,1,1,1,1,1,1,1,1,1,1,1,1,1,1,1
OTU_1273,45,1,1,1,31,1,20,1,1,1,1,1,1,1,1,50,1,2,1,1,12,10,3,1,1,12,1,2,1,1,83,2,1,1,1,78,1,1,6,1,1,6,4,14,40,76,85,253,7,9
OTU_1274,163,499,78,5,41,13,141,265,179,125,174,45,13,1,119,4,1,608,46,7,62,223,244,45,413,154,172,1161,2,58,51,140,46,22,426,83,374,109,165,135,302,106,210,45,150,110,193,35,52,112
OTU_1275,1,1,1,144,1,1,1,1,1,1,1,1,1,1,1,1,1,1,1,1,1,1,1,1,1,1,1,1,1,1,1,1,1,1,1,1,1,1,1,1,1,1,1,1,1,1,1,1,1,1
OTU_1276,1,1,1,1,5,1,1,1,1,1,1,1,1,1,1,1,1,1,22,108,1,1,1,5,1,1,1,1,1,1,2,1,1,1,1,1,1,1,1,1,2,1,6,1,1,1,1,1,1,1
OTU_1277,1,1,1,1,1,1,1,1,1,1,1,1,1,1,1,1,1,1,1,1,1,1,1,1,1,1,1,1,1,1,1,1,1,1,1,1,1,1,1,1,1,1,1,1,1,1,1,1,1,1
OTU_1278,35,45,9,24,40,70,96,275,39,2,2,40,40,20,60,11,60,2,143,43,87,24,270,12,55,7,5,12,315,101,1,19,56,29,146,313,7,1,83,40,56,46,142,163,74,41,55,1,2,5
OTU_1279,1,1,1,1,1,1,1,1,1,1,1,1,1,1,1,1,1,1,1,1,1,1,1,1,1,1,1,1,1,1,1,1,1,1,1,1,1,1,1,1,1,1,1,1,1,1,1,1,1,1
OTU_1280,1,179,196,1,19,1,4,1,2,1,1,1,12,1,1,43,1,1,1,1,1,1,1,59,1,1,2,1,7,1,1,2,8,3,1,1,1,1,2,1,4,1,1,1,1,1,1,1,2,22
OTU_1281,1,1,1,1,1,1,1,1,1,1,1,1,1,1,1,1,1,1,1,1,1,1,1,1,1,1,1,1,1,1,1,1,1,1,1,1,1,1,1,1,1,1,1,1,1,1,1,1,1,1
OTU_1282,1,1,1,1,1,1,1,1,1,1,1,1,1,1,1,1,1,1,1,1,1,1,1,1,1,1,1,1,1,1,1,1,1,1,1,1,1,1,1,1,1,1,1,1,1,1,1,1,1,1
OTU_1283,1,1,1,1,1,1,1,1,1,1,1,1,1,1,1,1,1,1,1,1,1,1,1,1,1,1,1,1,1,1,1,1,1,1,1,1,1,1,1,1,1,1,1,1,1,1,1,1,1,1
OTU_1284,1,1,1,1,1,1,1,1,1,1,1,1,1,1,1,1,1,1,1,1,1,1,1,1,1,1,1,1,1,1,1,1,1,1,1,1,1,1,1,1,1,1,1,1,1,1,1,1,1,1
OTU_1285,1,1,1,1,11,1,1,7,1,64,2,49,1,15,1,5,1,1,6,72,2,3,1,6,19,1,1,1,15,1,16,1,1,1,1,82,1,1,1,1,31,1,2,1,3,1,10,1,1,4
OTU_1286,1,1,1,1,1,1,1,1,1,1,1,1,1,1,1,1,1,1,1,1,1,1,1,1,1,1,1,1,1,1,1,1,1,1,1,1,1,1,1,1,1,1,1,1,1,1,1,1,1,1
OTU_1287,1,1,1,1,1,2,4,1,1,1,1,1,8,1,1,1,1,48,110,2,1,11,1,1,1,1,1,1,1,1,1,1,3,45,1,1,1,13,1,1,4,49,1,31,1,2,1,1,2,1
OTU_1288,671,362,705,766,610,492,503,223,361,135,113,193,58,1562,382,480,675,150,92,154,769,240,380,297,1030,746,420,322,691,618,941,217,586,269,627,203,347,676,1242,144,517,824,259,321,303,253,112,351,375,588
OTU_1289,1,1,1,1,1,1,1,1,1,1,1,1,1,1,1,1,1,1,1,1,1,1,1,1,1,1,1,1,1,1,1,1,1,1,1,1,1,1,1,1,1,1,1,1,1,1,1,1,1,1
OTU_1290,1,1,1,1,1,1,1,1,1,1,1,90,1,1,1,1,1,1,1,1,1,8,1,1,1,1,1,1,1,1,1,1,1,1,1,1,1,1,1,1,1,1,1,1,90,1,1,1,1,1
OTU_1291,1,5,1,1,1,1,1,1,1,1,1,1,1,1,1,1,1,1,1,1,1,1,1,1,1,1,1,1,1,1,1,1,1,1,1,1,8,1,1,1,1,1,1,1,1,1,1,1,1,1
OTU_1292,1,1,1,1,1,1,1,1,1,1,1,1,1,1,1,1,1,1,1,1,1,1,1,1,1,1,1,1,1,1,1,1,1,1,1,1,1,1,1,1,1,1,1,1,1,1,1,1,1,1
OTU_1293,1,1,1,1,1,1,1,1,1,1,1,1,1,1,1,1,1,1,1,1,1,1,1,1,1,1,1,1,1,1,1,1,1,1,1,1,1,1,1,1,1,1,1,1,1,1,1,1,1,1
OTU_1294,1,1,1,1,1,1,1,2,1,1,1,1,1,1,1,1,1,1,1,1,1,1,1,1,1,1,1,1,1,1,1,1,1,1,1,1,1,1,1,1,1,1,1,1,1,1,1,1,1,1
OTU_1295,1,1,1,1,1,1,1,1,1,1,1,1,1,1,1,1,1,1,1,1,1,1,1,1,1,1,1,1,1,1,1,1,1,1,1,1,1,1,1,1,1,1,1,1,1,1,1,1,1,1
OTU_1296,1,1,1,1,1,1,1,1,1,1,1,1,1,1,1,1,1,1,1,1,1,1,1,1,1,1,1,1,1,1,1,1,1,1,1,1,1,1,1,1,1,1,1,1,1,1,1,1,1,1
OTU_1297,2,1,1,6,23,1,254,2,5,15,1,208,1,1,138,29,21,1,1,1,1,1,113,1,1,1,1,26,10,52,3,1,57,8,1,1,1,13,1,1,1,1,3,1,3,28,392,18,25,1
OTU_1298,1,30,1,1,1,1,1,1,12,1,1,2,1,21,3,1,1,1,1,1,1,1,1,1,1,3,20,119,1,1,1,3,1,1,5,1,1,1,11,35,1,1,1,1,1,1,1,1,17,1
OTU_1299,1,1,1,1,1,1,1,1,1,1,1,1,1,1,1,1,2,1,1,1,1,1,1,1,1,1,1,1,1,1,1,1,2,1,1,1,1,1,1,1,1,1,1,2,1,1,1,1,1,1
OTU_1300,1,1,1,1,1,1,1,1,1,1,1,1,1,1,1,1,1,1,1,1,1,1,1,1,1,1,1,1,1,1,1,1,1,1,1,1,1,1,1,1,1,1,1,1,1,1,1,1,1,1
OTU_1301,1,1,1,1,1,1,1,1,1,1,1,1,1,1,1,1,1,1,1,1,1,1,1,1,1,1,1,1,1,1,1,1,1,1,233,1,1,1,1,1,1,1,1,1,1,4,1,1,1,1
OTU_1302,1,1,1,1,1,1,2,8,1,1,1,1,1,5,1,1,1,1,1,1,1,1,1,8,1,1,1,1,19,1,91,130,81,1,2,1,1,21,1,1,1,15,1,1,2,1,4,1,1,5
OTU_1303,63,238,219,295,250,343,69,18,345,2,1,116,40,673,576,132,689,1,290,36,40,181,90,86,73,5,21,170,74,22,319,38,137,98,61,27,13,21,192,60,95,15,233,167,1,280,45,25,53,3
OTU_1304,1,1,1,1,1,1,1,1,1,1,1,1,1,1,1,1,1,1,1,1,1,1,1,1,1,1,1,1,1,1,1,1,1,1,1,1,1,1,1,1,1,1,1,1,1,1,1,1,1,1
OTU_1305,1,1,1,1,1,1,1,1,1,1,1,1,1,1,1,1,1,1,1,1,1,1,1,1,1,1,1,1,1,1,1,1,1,1,1,1,1,1,1,1,1,1,1,1,1,1,1,1,1,1
OTU_1306,1,1,1,1,1,1,1,1,1,1,1,1,1,1,1,1,1,1,1,1,1,1,1,1,1,1,1,1,1,1,1,1,1,1,1,1,1,1,1,1,1,1,1,1,1,1,1,1,1,1
OTU_1307,481,293,1,1,3,17,1,39,18,1,1,1,3,9,3,22,2,28,1,1,53,2,1,2,1,1,26,1,1,5,1,1,40,1,1,28,67,1,2,6,18,14,33,28,1,3,2,11,1,8
OTU_1308,1,1,1,1,1,1,1,1,1,1,1,1,1,1,1,1,1,1,1,1,1,1,1,1,1,1,1,1,1,1,1,1,1,1,1,1,1,1,1,1,1,1,1,1,1,1,1,1,1,1
OTU_1309,491,16,243,123,61,25,159,171,506,169,11,1,7,42,133,27,20,7,16,34,4,94,2,30,59,6,92,112,85,162,205,8,402,66,71,29,1,1,8,4,20,12,221,14,3,23,29,26,6,1
OTU_1310,1,1,1,1,1,1,1,1,1,1,1,1,1,1,1,1,1,1,1,1,1,1,1,1,1,1,1,1,1,1,1,1,1,1,1,1,1,1,1,1,1,1,1,1,1,1,1,1,2,1
OTU_1311,1,1,1,1,1,1,1,1,1,1,1,1,1,1,1,1,1,1,1,1,1,1,1,1,1,1,1,1,1,1,1,1,1,1,1,1,1,1,1,1,1,1,1,1,1,1,1,1,1,1
OTU_1312,1,1,1,1,1,1,1,1,1,1,1,1,1,1,1,1,1,1,1,1,1,1,1,1,1,1,1,1,1,1,1,1,1,1,1,1,1,1,1,1,1,1,1,1,1,1,1,1,1,1
OTU_1313,1,1,1,1,1,1,1,1,1,1,1,1,1,1,1,1,1,1,1,1,1,1,1,1,1,1,1,1,1,1,1,1,1,1,1,1,1,1,1,1,1,1,1,1,1,1,1,1,1,1
OTU_1314,19,131,2,110,139,17,46,1,2,13,301,204,18,3,4,2,1,106,64,67,26,20,7,11,1,4,1,284,321,108,3,3,286,4,33,78,1,1,6,54,311,8,39,60,47,39,2,232,45,99
OTU_1315,1,1,1,1,1,1,1,1,1,1,1,1,1,1,1,1,1,1,1,1,1,1,1,1,1,1,1,1,1,1,1,1,1,1,1,1,1,1,1,1,1,1,1,1,1,1,1,1,1,1
OTU_1316,1,1,1,1,1,1,1,1,1,1,1,1,1,1,1,1,1,1,1,1,1,1,1,1,1,1,1,1,1,1,1,1,1,1,1,1,1,1,1,1,1,1,1,1,1,1,1,1,1,1
OTU_1317,1,5,1,1,1,1,1,1,1,1,1,1,1,1,1,1,1,1,1,1,1,1,1,1,1,1,1,1,1,1,1,1,1,1,1,1,1,1,1,1,1,1,1,1,1,1,1,1,1,1
OTU_1318,1,1,1,1,1,1,1,1,1,1,1,1,1,1,1,1,1,1,1,1,1,1,1,1,1,1,1,1,1,1,1,1,1,1,1,1,1,1,1,1,1,1,1,1,1,1,1,1,1,1
OTU_1319,1,1,1,1,1,1,1,1,1,1,1,1,1,1,1,1,1,1,1,1,1,1,1,1,1,1,1,1,1,1,1,1,1,1,1,1,1,1,1,1,1,1,1,1,1,1,1,1,1,1
OTU_1320,1,1,1,1,1,1,1,1,1,1,1,1,1,1,1,1,1,1,1,1,1,1,1,1,1,1,1,1,1,1,1,1,1,1,1,1,1,1,1,1,1,1,1,1,1,1,1,1,1,1
OTU_1321,1,1,1,1,1,1,1,1,1,1,1,1,1,1,1,1,1,1,1,1,1,1,1,1,1,1,1,1,1,1,1,1,1,1,1,1,1,1,1,1,1,1,1,1,1,1,1,1,1,1
OTU_1322,1,1,1,1,1,1,1,1,1,1,92,2,8,1,2,1,1,68,2,5,3,2,1,22,1,4,1,1,7,1,1,1,1,2,4,1,1,1,36,90,5,2,2,2,110,98,1,101,1,1
OTU_1323,1,1,1,1,1,1,1,1,1,1,1,1,1,1,1,1,1,1,1,1,1,1,1,1,1,1,1,1,1,1,1,1,1,1,1,1,1,1,1,1,1,1,1,1,1,1,1,1,1,1
OTU_1324,1,1,1,1,1,1,1,1,1,1,1,1,1,1,1,1,1,1,1,1,1,1,1,1,1,1,1,1,1,1,1,1,1,1,1,1,1,1,1,1,1,1,1,1,1,1,1,1,1,1
OTU_1325,60,1,3,2,11,10,19,19,57,51,1,79,179,85,116,579,334,246,138,90,1,54,10,56,44,199,217,188,36,1,4,3,2,269,407,16,17,1,4,3,1,1,1,6,215,232,68,179,1,74
OTU_1326,1,1,1,1,1,1,1,1,1,1,1,1,1,1,314,1,1,1,1,1,1,1,6,1,1,1,1,1,1,1,1,1,1,1,1,1,1,1,1,1,1,1,1,1,1,1,1,1,1,1
OTU_1327,1,1,1,1,1,1,1,1,1,1,1,1,1,1,1,1,1,1,1,1,1,1,1,1,1,1,1,1,1,1,1,1,1,1,1,1,1,1,1,1,1,1,1,1,1,1,1,1,1,1
OTU_1328,1,1,1,1,29,1,1,1,1,1,1,1,1,1,1,1,1,1,1,3,424,1,1,4,1,1,1,1,1,10,1,1,1,1,1,1,1,1,6,1,1,1,1,15,1,1,203,1,1,1
OTU_1329,1,1,1,1,1,1,1,1,1,1,1,1,1,1,1,1,1,1,1,1,1,1,1,1,1,1,1,1,1,1,1,1,1,1,1,1,1,1,1,1,1,1,1,1,1,1,1,1,1,1
OTU_1330,1,1,1,1,1,1,1,1,1,1,1,1,1,1,1,1,1,1,1,1,1,1,1,1,1,1,1,1,1,1,1,1,1,1,1,1,1,1,1,1,1,1,1,1,1,1,1,1,2,1
OTU_1331,5,2,85,1,21,45,29,1,1,1,37,8,349,3,2,1,8,53,37,1,206,136,111,10,1,1,1,2,158,1,1,199,115,4,4,27,1,1,47,1,1,1,183,1,1,304,3,54,1,8
OTU_1332,1,1,1,1,1,1,1,1,1,1,1,1,1,1,1,1,1,1,1,1,1,1,1,1,1,1,1,1,1,1,1,1,1,1,1,1,1,1,1,1,1,1,1,1,1,1,1,1,1,1
OTU_1333,1,1,1,1,1,1,1,1,1,1,1,1,1,1,1,1,1,1,1,1,1,1,1,1,1,1,1,1,1,1,1,1,1,1,1,1,1,1,1,1,1,1,1,1,1,1,1,1,1,1
OTU_1334,449,123,113,1167,465,287,699,232,156,363,448,265,222,52,97,343,75,517,147,457,563,308,163,181,42,482,279,202,322,106,160,416,71,602,1245,391,478,197,72,182,237,955,378,229,568,181,526,287,98,237
OTU_1335,1,1,1,1,1,1,1,1,1,1,1,1,1,1,1,1,1,1,1,1,1,1,1,1,1,1,1,1,1,1,1,1,1,1,1,1,1,1,1,1,1,1,1,1,1,1,1,1,1,1
OTU_1336,1,1,1,1,1,1,1,1,1,1,1,1,1,1,1,1,1,1,1,1,1,1,1,1,1,1,1,1,1,1,1,1,1,1,1,1,1,1,1,1,1,1,1,1,1,1,1,1,1,1
OTU_1337,1,1,1,1,1,1,1,1,1,1,1,1,1,1,1,1,1,1,1,1,1,1,1,1,1,1,1,1,1,1,1,1,1,1,1,1,1,1,1,1,1,1,1,1,1,1,1,1,1,1
OTU_1338,1,1,1,1,1,1,69,12,1,1,1,1,3,5,1,1,1,2,1,2,1,1,1,1,3,1,4,1,1,1,1,1,1,1,1,1,2,174,33,1,1,1,1,1,1,1,1,9,1,1
OTU_1339,1,1,1,1,1,1,1,1,1,1,1,1,1,1,1,1,1,1,1,1,1,1,1,1,1,1,1,1,1,1,1,1,1,1,1,1,1,1,1,1,1,1,1,1,1,1,1,1,1,1
OTU_1340,1,1,1,1,1,1,1,1,7,1,1,1,1,1,1,1,1,1,1,1,1,1,1,1,1,1,1,1,1,1,1,1,1,1,1,1,1,1,1,1,1,1,1,1,1,1,1,1,1,1
OTU_1341,1,1,1,3,1,1,2,21,3,1,99,2,5,1,6,4,1,1,1,1,1,5,6,2,38,1,13,52,1,1,1,1,1,2,17,41,1,1,1,1,3,1,1,1,2,1,82,58,9,1
OTU_1342,1,1,1,1,1,1,1,1,1,1,1,1,1,1,1,1,1,1,1,1,1,1,1,1,1,1,1,1,1,1,1,1,1,1,1,1,1,1,1,1,1,1,1,1,1,1,1,1,1,1
OTU_1343,2,1,1,1,1,132,8,122,1,1,1,12,155,1,4,1,1,40,1,1,1,178,1,1,1,1,1,267,1,2,1,1,1,1,1,1,15,58,2,1,1,6,2,1,2,1,1,2,1,1
OTU_1344,1,1,1,1,1,1,1,1,1,6,1,1,1,1,52,1,1,1,1,1,1,1,1,1,1,1,1,1,1,1,4,1,1,1,1,5,1,1,1,1,1,1,1,1,1,165,1,1,1,1
OTU_1345,115,177,309,154,23,187,17,264,13,234,50,118,121,68,830,419,257,191,207,78,376,332,367,575,166,115,114,104,518,29,349,657,111,828,193,104,225,189,110,292,119,140,45,24,157,285,95,110,587,90
OTU_1346,1,1,1,1,1,1,1,1,1,1,1,1,1,1,1,1,1,1,1,1,1,1,1,1,1,1,1,1,1,1,1,1,1,1,1,1,1,1,1,1,1,1,1,1,1,1,1,1,1,1
OTU_1347,1,1,1,1,11,1,1,1,1,7,1,1,1,1,1,1,1,21,1,1,1,1,1,1,1,2,7,1,1,1,1,1,1,1,1,1,1,1,1,1,1,46,68,1,1,1,1,1,1,1
OTU_1348,1,1,1,1,1,1,1,1,1,1,1,1,1,1,1,1,1,1,1,1,1,1,1,1,1,1,1,1,1,1,1,1,1,1,1,1,1,1,1,1,1,1,1,1,1,1,1,1,1,1
OTU_1349,1,1,1,1,1,1,1,1,1,1,1,1,1,1,1,1,1,1,1,1,1,1,1,1,1,1,1,1,1,1,1,1,1,1,1,1,1,1,1,1,1,1,1,1,1,1,1,1,1,1
OTU_1350,1,1,1,1,1,1,1,1,1,1,1,1,1,1,1,1,1,1,1,1,1,1,1,1,1,1,1,1,1,1,1,1,1,1,1,1,1,1,1,1,1,1,1,1,1,1,1,1,1,1
OTU_1351,20,1,1,1,1,1,2,2,1,1,1,1,1,1,1,1,1,1,1,2,1,1,1,1,4,1,280,1,14,1,1,1,1,1,3,1,1,1,274,2,1,19,1,1,1,1,1,5,1,1
OTU_1352,1,1,1,1,1,1,1,1,1,1,1,1,1,1,1,1,1,1,1,1,1,1,1,1,1,1,1,1,1,1,1,1,1,1,1,1,1,1,1,1,1,1,1,1,1,1,1,1,1,1
OTU_1353,127,2,218,18,87,105,80,178,48,4,93,153,1,39,576,36,77,24,5,30,43,15,174,22,27,364,121,207,83,29,10,257,6,75,123,66,26,55,37,13,62,33,69,542,37,27,91,169,11,2
OTU_1354,1,1,1,1,1,18,1,1,1,1,1,1,1,1,1,1,1,1,1,1,1,1,1,3,1,1,1,1,1,1,1,1,1,1,1,1,10,1,1,1,1,1,1,1,1,1,1,1,1,79
OTU_1355,1,1,1,1,1,1,1,1,1,1,1,1,1,1,1,1,1,1,1,1,1,1,1,1,1,1,1,1,1,1,1,1,1,1,1,1,1,1,1,1,1,1,1,1,1,1,1,1,1,1
OTU_1356,1,1,1,1,1,1,1,1,1,1,1,1,1,1,1,1,1,1,1,1,1,1,1,1,1,1,1,1,1,1,1,1,1,1,1,1,1,1,1,1,1,1,1,1,1,1,1,1,1,1
OTU_1357,1,1,1,1,1,1,1,1,1,1,1,1,1,1,1,1,1,1,1,1,1,1,1,1,1,1,1,1,1,1,1,1,1,1,1,1,1,1,1,1,1,1,1,1,1,1,1,1,1,1
OTU_1358,1,1,1,1,1,1,1,1,1,1,6,1,1,1,2,17,1,1,2,3,186,1,16,1,4,2,11,1,1,1,1,1,1,1,1,1,16,27,1,1,1,1,1,14,1,1,5,1,73,1
OTU_1359,6,102,8,6,15,3,1,1,1,132,1,29,2,34,6,2,1,10,1,187,1,1,34,1,1,3,2,3,1,23,56,1,1,43,30,9,1,1,1,1,173,2,1,17,13,1,41,1,1,182
OTU_1360,1,1,1,1,1,1,1,1,1,1,1,1,1,1,1,1,1,1,1,1,1,1,1,1,1,1,1,1,1,1,1,1,1,1,1,1,1,1,1,1,1,1,1,1,1,1,1,1,1,1
OTU_1361,1,1,1,1,1,1,1,1,1,1,1,1,1,1,1,1,1,1,1,1,1,1,1,1,1,1,1,1,1,1,1,1,1,1,1,1,1,1,1,1,1,1,1,1,1,1,1,1,1,1
OTU_1362,1,1,1,1,1,1,1,1,1,1,1,1,1,1,1,1,1,1,1,1,1,1,1,1,1,1,1,1,1,1,1,1,1,1,1,1,1,1,1,1,1,1,1,1,1,1,1,1,1,1
OTU_1363,1,1,1,1,1,1,1,1,1,1,1,1,1,1,1,1,1,1,1,1,1,1,1,1,1,1,1,1,1,1,1,1,1,1,1,1,1,1,1,1,1,1,1,1,1,1,1,1,1,1
OTU_1364,1,1,1,1,1,1,1,1,1,1,2,1,1,1,5,1,1,1,1,1,1,1,4,1,1,1,32,1,2,2,1,1,10,1,2,37,1,1,12,5,3,46,1,72,3,1,1,1,17,1
OTU_1365,1,1,1,1,1,1,1,1,1,1,1,1,1,1,1,1,1,1,1,1,1,1,1,1,1,1,1,1,1,1,1,1,1,1,1,1,1,1,1,1,1,1,1,1,1,1,1,1,1,1
OTU_1366,1,1,1,1,1,1,1,1,1,1,1,1,1,1,1,1,1,1,1,1,1,1,1,1,1,1,1,1,1,1,1,1,1,1,1,1,1,1,1,1,1,1,1,1,1,1,1,1,1,1
OTU_1367,1,1,1,1,1,1,1,1,1,1,1,1,1,1,1,1,1,1,1,1,1,1,1,1,1,1,1,1,1,1,1,1,1,1,1,1,1,1,1,1,1,1,1,1,1,1,1,1,1,1
OTU_1368,1,1,1,1,1,1,1,1,1,1,1,1,1,1,1,1,1,1,1,1,1,1,1,1,1,1,1,1,1,1,1,1,1,1,1,1,1,1,1,1,1,1,1,1,1,1,1,1,1,1
OTU_1369,1,1,1,1,1,1,1,1,1,1,1,1,1,1,1,1,1,1,1,1,1,1,1,1,1,1,1,1,1,1,1,1,1,1,1,1,1,1,1,1,1,1,1,1,1,60,1,1,1,1
OTU_1370,1,1,1,1,2,15,1,1,1,1,1,1,5,1,1,1,1,1,1,1,1,1,1,1,1,1,1,1,1,1,1,1,3,1,1,1,1,1,1,1,1,1,1,1,1,2,1,7,1,1
OTU_1371,90,8,152,128,102,188,1,118,10,1,291,3,171,38,118,32,57,269,12,93,87,63,27,42,1,26,9,18,1,4,86,1,1,1,43,53,4,12,129,449,145,254,113,2,2,104,17,1,60,1
OTU_1372,1,1,1,1,1,1,1,1,1,1,1,1,1,1,1,1,1,1,1,1,1,1,1,1,1,1,1,1,1,1,1,1,1,1,1,1,1,1,1,1,1,1,1,1,1,1,1,1,1,1
OTU_1373,408,304,234,108,194,43,668,287,420,735,233,135,142,263,652,28,257,193,180,78,428,44,187,68,328,56,124,33,154,359,144,606,58,217,238,281,50,107,840,128,102,147,113,350,241,482,291,222,478,56
OTU_1374,251,1,47,1,57,1,61,1,1,2,1,1,106,1,1,1,1,30,4,1,1,10,1,1,1,1,1,1,1,2,1,1,1,1,2,1,1,5,1,1,1,88,1,1,1,13,1,32,57,1
OTU_1375,1,1,1,1,1,1,1,1,1,1,1,1,1,1,1,1,1,1,1,1,1,1,1,1,1,84,1,1,1,1,17,1,1,1,1,3,1,1,1,1,1,1,1,1,1,1,1,1,1,1
OTU_1376,53,142,220,52,325,285,379,205,496,663,252,56,69,180,270,165,49,491,389,93,192,84,76,328,22,22,1195,801,83,148,333,124,220,179,11,87,137,111,266,332,249,294,153,206,439,121,345,201,373,111
OTU_1377,1,1,1,1,1,1,1,1,1,1,1,1,1,1,1,1,11,1,1,1,1,1,1,1,1,1,1,16,1,1,1,1,1,1,1,1,1,1,1,1,1,1,1,1,1,1,3,1,5,1
OTU_1378,1,1,1,1,1,1,1,1,1,1,1,1,1,1,1,1,1,1,1,1,1,1,1,1,1,1,1,1,1,1,1,1,1,1,1,1,1,1,1,1,1,1,1,1,1,1,1,1,1,1
OTU_1379,116,159,9,210,68,61,165,70,66,15,106,65,1,64,49,12,79,1,18,52,110,20,41,146,238,55,204,25,402,3,266,6,17,3,11,129,4,27,113,177,28,130,52,33,583,28,2,164,86,518
OTU_1380,1,1,1,1,1,1,1,1,1,1,1,1,1,1,1,1,1,1,1,1,1,1,1,1,1,1,1,1,1,1,1,1,1,1,1,1,1,1,1,1,1,1,1,1,1,1,1,1,1,1
OTU_1381,1,19,1,45,1,32,1,70,10,23,1,1,90,3,1,17,1,16,179,1,1,115,1,1,1,19,1,4,7,30,1,14,1,13,1,1,5,1,1,29,1,19,5,2,2,1,41,217,2,2
OTU_1382,5,313,63,99,230,166,7,23,334,160,259,65,9,288,49,221,56,42,160,31,210,355,128,34,194,189,15,596,287,352,115,53,27,137,223,67,107,598,492,220,205,34,466,107,171,2,268,342,26,86
OTU_1383,30,48,41,2,17,524,1,49,82,127,1,62,64,55,84,1,19,551,19,9,74,10,3,8,410,4,21,212,210,40,6,157,4,59,102,68,174,183,68,40,39,34,35,7,6,1,60,109,136,12
OTU_1384,1,1,1,1,1,1,1,1,1,1,1,1,1,1,1,1,1,1,1,1,1,1,1,1,1,1,1,1,1,1,1,1,1,1,1,1,1,1,1,1,1,1,1,1,1,1,1,1,1,1
OTU_1385,1,1,1,1,1,1,1,1,1,1,1,1,1,1,1,1,1,1,1,1,1,1,1,1,1,1,1,1,1,1,1,1,1,1,1,1,1,1,1,1,1,1,1,1,1,1,1,1,1,1
OTU_1386,1,1,1,1,1,1,1,1,1,1,1,1,1,1,1,1,1,1,1,1,1,1,1,1,1,1,1,1,1,1,1,1,1,1,1,1,1,1,1,1,1,1,1,1,1,1,1,1,1,1
OTU_1387,23,11,1,79,29,16,1,85,13,2,1,2,1,3,34,1,64,328,168,1,138,2,17,1,8,127,14,6,1,98,1,1,1,1,1,4,19,3,1,51,1,1,2,1,19,1,2,11,59,13
OTU_1388,1,1,1,1,1,1,1,1,1,1,1,1,1,1,1,1,1,1,1,1,1,1,1,1,1,1,1,1,1,1,1,1,1,1,1,1,1,1,1,1,1,1,1,1,1,1,1,1,1,1
OTU_1389,506,598,91,829,91,764,490,28,244,177,106,144,380,91,448,380,535,58,85,633,667,254,144,539,264,204,273,20,148,207,153,231,271,57,21,88,124,104,54,1112,385,335,313,269,29,39,33,187,305,138
OTU_1390,1,1,1,1,1,1,1,1,1,1,1,1,1,1,1,1,1,1,1,1,1,1,1,1,1,1,1,1,1,1,1,1,1,1,1,1,1,1,1,1,1,1,1,1,1,1,1,1,1,1
OTU_1391,1,1,1,1,1,1,1,1,1,1,1,1,1,1,1,1,1,1,1,1,1,1,1,1,1,1,1,1,1,1,1,1,1,1,1,1,1,1,1,1,1,1,1,1,1,1,1,1,1,8
OTU_1392,1,1,1,1,1,1,1,1,1,1,1,1,1,1,1,1,1,1,1,1,1,1,1,1,1,1,1,1,1,1,1,1,1,1,1,1,1,1,1,1,1,1,1,1,1,1,1,1,1,1
OTU_1393,1,1,1,1,1,1,1,1,1,1,1,1,1,1,1,1,1,1,1,1,1,1,1,1,1,1,1,1,1,1,1,1,1,1,1,1,1,1,1,1,1,1,1,1,1,1,1,1,1,1
OTU_1394,1,1,1,1,1,1,1,1,1,1,1,1,1,1,1,1,1,1,1,1,1,1,1,1,1,1,1,1,1,1,1,1,1,1,1,1,1,1,1,1,1,1,1,1,1,1,1,1,1,1
OTU_1395,1,1,4,8,1,9,9,18,3,51,4,1,1,1,1,3,157,42,339,117,10,5,120,5,1,16,62,2,1,37,37,62,171,262,5,108,15,1,1,2,4,1,12,2,166,99,31,15,1,75
OTU_1396,1,10,2,1,56,89,1,4,1,47,1,1,10,7,1,1,1,30,1,3,3,1,1,76,7,74,26,1,15,3,1,344,1,20,20,2,12,56,4,1,21,7,1,1,1,122,64,95,12,119
OTU_1397,1,5,1,1,5,1,8,1,3,9,1,2,1,1,2,1,10,4,6,1,43,1,1,33,1,1,1,2,1,1,6,1,1,1,1,1,1,1,2,2,112,7,1,56,1,1,69,1,1,165
OTU_1398,1,1,1,1,1,1,1,1,1,1,1,1,1,1,1,1,1,1,1,1,1,1,1,1,1,1,1,1,1,1,1,1,1,1,1,1,1,1,1,1,1,1,1,1,1,1,1,1,1,1
OTU_1399,1,1,1,1,1,1,1,1,1,1,1,1,1,1,1,1,1,1,1,1,1,1,1,1,1,1,1,1,1,1,1,1,1,1,1,1,1,11,1,1,1,1,1,1,1,1,1,1,1,1
OTU_1400,1,108,5,1,1,93,1,93,12,3,1,4,2,4,5,1,1,1,1,100,1,1,67,1,18,14,16,1,23,7,1,8,1,1,1,2,1,4,1,1,1,19,7,46,1,7,46,116,13,138
OTU_1401,1,1,1,1,1,1,1,1,1,1,1,1,1,1,1,1,1,1,1,1,1,1,1,1,1,1,1,1,1,1,1,1,1,1,1,1,1,1,1,1,1,1,1,1,1,1,1,1,1,1
OTU_1402,1,1,1,1,1,1,1,1,1,1,1,1,1,1,1,1,1,1,1,1,1,1,1,1,1,1,1,1,1,1,1,1,1,1,1,1,1,1,1,1,1,1,1,1,1,1,2,1,1,1
OTU_1403,229,63,91,253,67,7,68,288,898,320,315,68,18,103,66,90,180,91,322,9,77,115,599,329,118,87,15,79,64,414,64,684,130,52,171,170,121,459,19,35,42,399,371,72,59,189,108,94,75,121
OTU_1404,1,1,1,1,1,1,1,1,1,1,1,1,1,1,1,1,1,1,1,1,1,1,1,1,1,1,1,1,1,1,1,1,1,1,1,1,1,1,1,1,1,1,1,1,1,1,1,1,1,1
OTU_1405,1,1,1,1,1,1,1,1,1,1,1,1,1,1,1,1,1,1,1,1,1,1,1,1,1,1,1,1,1,1,1,1,1,1,1,1,1,1,1,1,1,1,1,1,1,1,1,1,1,1
OTU_1406,141,10,158,2,149,101,1,8,10,4,19,39,121,54,20,14,43,67,13,378,240,34,26,588,1,91,4,31,10,13,9,6,42,1,45,38,71,41,3,21,25,16,26,1,32,1,1,2,32,29
OTU_1407,1,1,1,1,1,1,1,1,1,1,1,1,1,1,1,1,1,1,1,1,1,1,1,1,1,1,1,1,1,1,1,1,1,1,1,1,1,1,1,1,1,1,1,1,1,1,1,1,1,1
OTU_1408,1,1,1,1,1,1,1,1,1,1,1,1,1,1,1,1,1,1,1,1,1,1,1,1,1,1,1,1,1,1,1,1,1,1,1,1,1,1,1,1,1,1,1,1,1,1,1,1,1,1
OTU_1409,1,1,1,1,1,1,1,1,1,1,1,1,1,1,1,1,1,1,1,1,1,1,1,1,1,1,1,1,1,1,1,1,1,1,1,1,1,1,1,1,1,1,1,1,1,1,1,1,1,1
OTU_1410,1,1,1,1,1,1,1,1,1,1,1,1,1,1,1,1,1,1,1,1,1,1,1,1,1,1,1,1,1,1,1,1,1,1,1,1,1,1,1,1,1,1,1,1,1,1,1,1,1,1
OTU_1411,1,1,1,1,1,1,1,1,1,1,1,1,1,1,1,1,1,1,1,1,1,1,1,1,1,1,1,1,1,1,1,1,1,1,1,1,1,1,1,1,1,1,1,1,1,1,1,1,1,1
OTU_1412,1,1,1,1,1,1,1,1,1,1,1,1,1,1,1,1,1,1,1,1,1,1,1,1,1,1,1,1,1,1,1,1,1,1,1,1,1,1,1,1,1,1,1,1,1,1,1,1,1,1
OTU_1413,1,1,1,1,1,1,1,1,1,1,1,1,1,1,1,1,1,1,1,1,1,1,1,1,1,1,1,1,1,1,1,1,1,1,1,1,1,1,1,1,1,1,1,1,1,1,1,1,1,1
OTU_1414,1,1,1,1,1,1,1,1,1,1,1,1,1,1,1,1,1,1,1,1,1,1,1,1,1,1,1,1,1,1,1,1,1,1,1,1,1,1,1,1,1,1,1,1,1,1,1,1,1,1
OTU_1415,1,1,1,1,1,1,1,1,1,1,1,1,1,1,1,1,1,1,1,1,1,1,1,1,1,1,1,1,1,1,1,1,1,1,1,1,1,1,1,1,1,1,1,1,1,1,1,1,1,1
OTU_1416,1,1,175,1,1,1,1,1,1,1,1,1,1,1,1,1,1,1,1,1,1,1,1,1,1,1,1,1,1,1,1,1,1,1,1,1,1,1,1,1,1,1,1,1,1,1,1,1,1,1
OTU_1417,1,1,1,1,1,1,1,1,30,1,1,1,1,1,1,1,1,1,1,1,1,1,1,1,1,1,1,1,1,1,1,1,1,1,1,1,1,1,1,1,1,1,1,1,1,1,1,1,1,1
OTU_1418,1,1,1,1,1,1,1,1,1,1,1,1,1,1,1,1,1,1,1,1,1,1,1,1,1,1,1,1,1,1,1,1,1,1,1,1,1,1,1,1,1,1,1,1,1,1,1,1,1,1
OTU_1419,1,1,1,1,1,1,1,1,1,1,1,1,1,1,1,1,1,1,1,1,1,1,1,1,1,1,1,1,1,1,1,1,1,1,1,1,1,1,1,1,1,1,1,1,1,1,1,1,1,1
OTU_1420,1,1,1,1,1,1,1,1,1,1,1,50,1,1,1,1,1,1,1,1,1,1,1,1,1,1,1,1,1,1,1,1,1,1,1,1,2,1,1,1,1,1,1,1,1,1,1,1,1,1
OTU_1421,1,1,285,2,1,1,1,9,1,1,1,1,1,61,1,34,1,1,78,2,2,1,320,7,1,8,1,39,1,1,2,4,1,1,5,1,1,1,1,1,1,1,1,196,1,1,9,143,14,1
OTU_1422,1,1,1,1,1,1,1,1,1,1,1,1,1,1,1,1,1,1,1,1,1,1,1,1,1,1,1,1,1,1,1,1,1,1,1,1,1,1,1,1,1,1,1,1,1,1,1,1,1,1
OTU_1423,1,1,1,1,1,1,1,1,1,1,1,1,1,1,1,1,1,1,1,1,1,1,1,1,1,1,1,1,1,1,1,1,1,1,1,1,1,1,1,1,1,1,1,1,1,1,1,1,1,1
OTU_1424,1,1,1,1,1,1,1,1,1,1,1,1,1,1,1,1,1,1,1,1,1,1,1,1,1,1,1,1,1,1,1,1,1,1,1,1,1,1,1,1,1,1,1,1,1,1,1,1,1,1
OTU_1425,1,10,1,1,1,1,1,1,1,1,1,1,1,1,1,1,1,23,1,1,1,1,1,1,1,1,1,1,1,1,1,1,1,1,1,1,1,1,1,1,1,1,1,1,1,1,1,1,1,1
OTU_1426,1,36,1,21,1,46,4,1,1,1,5,21,1,1,1,1,3,1,3,1,1,88,109,1,63,2,29,5,23,27,2,9,279,3,2,1,1,3,1,4,1,60,47,5,3,1,10,2,1,4
OTU_1427,1,1,1,1,1,1,1,1,1,1,1,1,1,1,1,1,1,1,1,1,1,1,1,1,1,1,1,1,1,1,1,1,1,1,1,1,1,1,1,1,1,1,1,1,1,1,1,1,1,1
OTU_1428,1,1,1,52,5,1,1,1,89,1,1,1,7,5,39,1,298,169,2,15,1,56,28,1,1,4,1,3,23,91,1,1,1,1,1,3,1,1,11,1,2,1,1,39,51,1,1,16,5,1
OTU_1429,9,1,1,7,1,20,4,5,1,12,1,104,2,10,128,6,3,2,1,1,1,48,1,4,1,1,1,4,6,1,205,17,1,1,1,59,67,1,1,1,33,19,3,3,1,1,1,4,1,5
OTU_1430,1,1,1,1,1,1,1,1,1,1,1,1,1,1,1,1,1,1,1,1,1,1,1,1,1,1,1,1,1,1,1,1,1,1,1,1,1,1,1,1,1,1,1,1,1,1,1,1,1,1
OTU_1431,1,1,1,1,1,1,1,1,1,1,1,1,1,1,1,1,1,1,1,1,1,1,1,1,1,1,1,1,1,1,1,1,1,1,1,1,1,1,1,1,1,1,1,1,1,1,1,1,1,1
OTU_1432,1,1,1,1,1,1,1,1,1,1,1,1,1,1,1,1,1,1,1,1,1,1,1,1,1,1,1,1,1,1,1,1,1,1,1,1,1,1,1,1,1,1,1,1,1,1,1,1,1,1
OTU_1433,1,1,1,1,1,1,1,1,1,1,1,1,1,1,1,1,1,1,1,1,1,1,1,1,1,1,1,1,1,1,1,1,1,1,1,1,1,1,1,1,1,1,1,1,1,1,1,1,1,1
OTU_1434,1,1,1,1,1,1,1,1,1,1,1,1,1,1,1,1,1,1,1,1,1,1,1,1,1,1,1,1,1,1,1,1,1,1,1,1,1,1,1,1,1,1,1,1,1,1,1,1,1,1
OTU_1435,1,1,1,1,1,1,1,1,1,1,1,1,1,1,1,1,1,1,1,1,1,1,1,1,1,1,1,1,1,1,2,1,1,1,1,1,1,1,1,1,1,1,1,1,1,1,1,1,1,1
OTU_1436,17,123,58,529,16,313,156,110,100,253,95,250,137,27,139,338,23,84,154,124,46,120,83,637,80,152,48,208,271,14,44,83,19,211,309,53,102,199,27,118,60,117,43,489,229,108,36,281,91,201
OTU_1437,1,1,1,1,1,1,1,1,1,1,8,1,1,1,1,1,33,1,1,75,1,1,1,1,1,1,1,12,1,1,1,1,1,1,24,1,1,1,1,1,1,1,2,1,1,1,3,1,94,1
OTU_1438,185,111,60,15,355,142,132,163,396,45,11,13,6,111,39,69,352,115,58,106,38,20,141,9,209,17,49,6,423,18,146,81,51,405,4,186,310,80,130,40,319,226,31,125,80,134,94,98,438,297
OTU_1439,1,1,1,1,1,1,1,1,1,1,1,1,1,1,1,1,1,1,1,1,1,1,1,1,1,1,1,1,1,1,1,1,1,1,1,1,1,1,1,1,1,1,1,1,1,1,1,1,1,1
OTU_1440,1,8,7,6,116,1,4,1,1,7,1,17,1,1,1,16,1,5,1,1,41,2,1,1,17,1,68,1,1,32,29,1,66,1,2,50,3,2,7,1,1,7,2,12,6,83,158,3,1,243
OTU_1441,1,1,1,1,1,1,1,1,1,1,1,1,1,1,1,1,1,1,1,1,1,1,1,1,1,1,1,1,1,1,1,1,1,1,1,1,1,1,1,1,1,1,1,1,1,1,1,1,1,11
OTU_1442,1,1,1,1,1,1,1,1,1,1,1,1,1,1,1,1,1,1,1,1,1,1,1,1,1,1,1,1,1,1,1,1,1,1,1,1,1,1,1,1,1,1,1,1,1,1,1,1,1,1
OTU_1443,1,1,1,1,1,1,1,1,1,1,1,1,1,1,1,1,1,1,1,1,1,1,1,1,1,1,1,1,1,1,1,1,1,1,1,1,1,1,1,1,1,1,1,1,1,1,1,1,1,1
OTU_1444,1,1,1,1,1,1,1,1,1,1,1,1,1,1,1,1,1,1,1,1,1,1,1,1,1,1,1,1,1,1,1,1,1,1,1,1,1,1,1,1,1,1,1,1,1,1,1,1,1,1
OTU_1445,1,1,1,1,1,1,1,1,1,1,1,1,1,1,1,1,1,1,1,1,1,1,1,1,1,1,1,1,1,1,1,1,1,1,1,1,1,1,1,1,1,1,1,1,1,1,1,1,1,1
OTU_1446,1,1,1,1,1,1,1,1,1,1,1,1,1,1,1,1,1,1,1,1,1,1,1,1,1,1,1,1,1,1,1,1,1,1,1,1,1,1,1,1,1,1,1,1,1,1,1,1,1,1
OTU_1447,1,2,11,8,1,6,3,79,36,1,1,1,15,11,26,8,3,13,1,1,15,1,1,40,2,6,11,1,69,1,25,1,1,1,24,13,1,1,5,83,58,13,40,1,134,1,1,271,11,1
OTU_1448,1,1,1,1,1,1,1,1,1,1,1,1,1,1,1,1,1,1,1,1,1,1,1,1,1,1,1,1,1,1,1,1,1,1,1,1,1,1,1,1,1,1,1,1,1,1,1,1,1,1
OTU_1449,1,1,1,1,1,1,1,1,1,1,1,1,1,1,1,1,1,1,1,1,1,1,1,1,1,48,1,1,1,1,1,1,1,1,1,1,1,1,1,1,1,1,1,1,1,1,1,1,1,1
OTU_1450,1,1,1,1,1,1,1,1,1,1,1,1,1,1,1,1,1,1,1,1,1,1,1,1,1,1,1,1,1,1,1,1,1,1,1,1,1,1,1,1,1,1,1,1,1,1,1,1,1,1
OTU_1451,1,1,1,1,1,1,1,1,1,1,1,1,1,1,1,1,1,1,1,1,1,1,1,1,1,1,1,1,1,1,1,1,1,1,1,1,1,1,1,1,1,1,1,1,1,1,1,1,1,1
OTU_1452,1,123,1,2,9,1,1,1,1,1,1,1,1,4,1,1,1,1,1,31,1,2,1,1,1,61,3,1,1,7,1,1,1,116,1,1,6,38,1,1,1,1,1,1,1,1,1,1,1,2
OTU_1453,1,1,1,1,1,10,1,1,55,1,4,20,141,145,86,1,1,32,1,1,1,1,1,3,1,3,1,1,2,1,1,1,1,3,1,1,3,28,10,1,1,1,1,1,8,1,1,1,1,1
OTU_1454,1,1,1,1,1,1,1,1,1,1,1,1,1,1,1,1,1,1,1,1,1,1,1,1,1,1,1,1,1,259,1,1,1,1,1,1,1,1,1,1,1,1,1,1,1,1,1,1,1,1
OTU_1455,1,1,1,1,1,1,1,1,1,1,1,1,1,1,1,1,1,1,1,1,1,1,1,1,1,1,1,1,1,1,1,1,1,1,1,1,1,1,1,1,1,1,1,1,1,1,1,1,1,1
OTU_1456,1,1,1,1,1,1,1,1,1,1,1,1,1,1,1,1,1,1,1,1,1,1,1,1,1,1,1,1,1,1,1,1,1,1,1,1,1,1,1,1,1,1,1,1,1,1,1,1,1,1
OTU_1457,23,1,45,4,1,116,3,6,6,73,45,2,1,149,1,1,48,1,3,172,12,1,13,7,93,1,1,3,12,152,3,1,11,2,1,56,20,94,9,68,1,1,3,1,5,2,1,187,14,46
OTU_1458,1,1,1,286,1,3,2,1,17,33,1,8,1,2,1,28,1,1,1,3,35,2,1,1,1,1,1,8,3,58,4,11,1,1,1,1,1,1,2,1,52,1,5,45,47,43,9,25,9,1
OTU_1459,9,1,1,1,1,1,44,1,1,3,1,1,2,7,1,1,1,2,1,1,1,1,1,1,1,1,1,1,4,1,1,1,1,8,1,1,2,17,1,1,26,1,33,1,182,1,1,4,1,1
OTU_1460,1,1,1,149,10,1,3,1,57,1,1,2,1,1,1,15,2,1,1,1,1,1,7,1,1,8,1,1,1,1,20,1,4,9,1,9,1,15,1,1,6,1,1,1,1,4,35,4,1,1
OTU_1461,1,1,1,1,1,1,1,1,1,1,1,1,1,1,1,1,1,1,1,1,1,1,1,1,1,1,1,1,1,1,1,1,1,1,1,1,1,1,1,1,1,1,1,1,1,1,1,1,1,1
OTU_1462,1,1,1,1,1,1,1,1,1,1,1,1,1,1,1,1,1,1,1,1,1,1,1,1,1,1,1,1,1,1,1,1,1,1,1,1,1,1,1,1,1,1,1,1,1,1,1,1,1,1
OTU_1463,96,4,68,13,37,111,6,1,16,28,1,189,118,1,155,11,27,62,5,2,1,344,2,48,124,141,3,2,40,48,17,21,12,11,24,164,152,16,8,2,26,2,16,15,8,13,8,23,10,82
OTU_1464,1,1,1,1,1,1,1,1,1,1,1,1,1,1,1,1,1,1,1,1,1,1,1,1,1,1,1,1,1,1,1,1,1,1,1,1,1,1,1,1,1,1,1,1,1,1,1,1,1,1
OTU_1465,1,1,1,1,1,1,1,1,1,1,1,1,1,1,1,1,1,1,1,1,1,1,1,1,1,1,1,1,1,1,1,1,1,1,1,1,1,1,1,1,1,1,1,1,1,1,1,1,1,1
OTU_1466,2,1,11,41,4,1,1,9,40,1,10,4,9,1,1,1,2,1,1,123,1,1,1,27,6,1,3,4,1,1,3,59,276,3,1,53,1,117,1,1,1,3,1,1,33,32,17,25,1,1
OTU_1467,5,2,3,26,7,1,50,83,2,2,7,1,48,1,178,11,113,1,2,95,120,68,1,2,56,118,1,1,7,43,45,347,38,11,5,299,13,1,1,17,10,1,294,33,1,1,51,1,1,4
OTU_1468,1,1,1,1,1,1,1,1,1,1,1,1,1,1,1,1,1,1,1,1,1,1,1,1,1,1,1,1,1,1,1,1,1,1,1,1,1,1,1,1,1,1,1,1,1,1,1,1,1,1
OTU_1469,1,1,1,1,1,1,1,1,1,1,1,1,1,1,1,1,1,1,1,1,1,1,1,1,1,1,1,1,1,1,1,1,1,1,1,1,1,1,1,1,1,1,1,1,1,1,1,1,1,1
OTU_1470,832,35,82,11,164,117,753,124,175,10,20,71,204,6,151,473,95,275,6,23,184,33,54,74,31,144,45,59,28,322,1,359,4,107,256,150,163,99,120,24,75,99,11,255,24,19,2,60,91,159
OTU_1471,24,174,1,2,71,6,10,15,33,29,4,22,1,65,2,1,4,1,1,96,322,6,1,1,439,12,1,60,12,15,42,8,1,19,1,100,1,1,1,33,51,83,14,28,1,1,2,348,2,5
OTU_1472,1,1,1,1,1,1,1,1,1,1,1,1,1,1,1,1,1,1,426,1,1,1,1,4,1,1,1,1,20,1,1,1,1,1,1,1,1,1,1,62,1,1,1,1,1,1,1,1,1,1
OTU_1473,116,65,23,1,6,1,39,21,51,79,1,1,46,1,1,1,1,3,7,6,27,39,99,1,33,1,65,12,1,1,1,1,1,92,1,40,45,1,1,24,1,31,6,167,14,1,1,275,4,1
OTU_1474,203,1,1,1,3,11,1,1,1,1,241,20,46,187,1,82,1,4,1,1,1,97,1,201,1,1,1,9,19,10,206,1,19,1,1,15,1,1,1,1,1,30,3,43,1,1,2,4,158,4
OTU_1475,1,1,1,1,1,1,1,1,1,1,1,1,1,1,1,1,1,1,1,1,1,1,1,1,1,1,1,1,1,1,1,1,1,1,1,1,1,1,1,1,1,1,1,1,1,1,1,1,1,1
OTU_1476,1,1,1,1,1,1,1,1,1,1,1,1,1,1,1,1,1,1,1,1,1,1,1,1,1,1,1,1,1,1,1,1,1,1,1,1,1,1,1,1,1,1,1,1,1,1,1,1,1,1
OTU_1477,1,1,1,1,1,1,1,1,1,1,1,1,1,1,1,1,1,1,1,1,1,1,1,1,1,1,1,1,1,1,1,1,1,1,1,1,1,1,1,1,1,1,1,1,1,1,1,1,1,1
OTU_1478,1,1,1,1,1,8,23,1,1,35,1,1,1,1,1,1,1,1,1,1,1,1,1,1,1,1,16,1,1,1,1,1,152,1,1,6,1,9,1,1,1,1,1,3,1,1,1,1,1,1
OTU_1479,1,1,1,1,1,1,1,1,1,1,1,1,2,1,16,1,1,1,1,1,1,1,1,1,1,4,1,1,1,1,1,1,1,1,1,1,1,1,1,1,1,1,2,1,1,1,1,1,1,1
OTU_1480,392,328,189,206,307,146,219,332,123,205,97,193,50,53,479,62,85,100,458,376,166,205,93,257,152,114,62,267,50,201,223,201,47,272,180,304,236,449,521,89,114,105,261,174,68,434,449,270,123,1151
OTU_1481,1,1,1,1,1,1,1,1,1,1,1,1,1,1,1,1,1,1,1,1,1,1,1,1,1,1,1,1,1,1,1,1,1,1,1,1,1,1,1,1,1,1,1,1,1,1,1,1,1,1
OTU_1482,1,1,1,1,1,1,1,1,1,1,1,1,1,1,1,1,1,1,1,1,1,1,1,1,1,1,1,1,1,1,1,1,1,1,1,1,1,1,1,1,1,1,1,1,1,1,1,1,1,1
OTU_1483,1,1,1,1,1,1,1,1,1,1,1,1,1,1,1,1,1,1,1,1,1,1,1,1,1,1,1,1,1,1,1,1,1,1,1,1,1,1,1,1,1,1,1,1,1,1,1,1,1,1
OTU_1484,1,1,1,1,1,1,1,1,1,1,1,1,1,1,1,1,1,1,1,1,1,1,1,1,1,1,1,1,1,1,1,1,1,1,1,1,1,1,1,1,1,1,1,1,1,1,1,1,1,1
OTU_1485,592,5,1,56,1,1,1,52,10,1,1,12,30,1,1,1,235,1,13,1,2,1,5,4,1,38,1,5,3,1,74,13,3,1,1,1,1,1,34,71,1,1,1,1,1,1,1,10,7,1
OTU_1486,4,37,6,7,1,3,12,71,62,20,196,61,27,212,136,35,113,150,27,104,83,76,47,422,3,318,22,63,28,34,21,268,303,5,117,124,1,11,118,40,119,213,2,179,38,134,17,44,5,193
OTU_1487,1,1,1,1,1,2,1,1,1,1,1,1,1,1,1,1,1,1,1,1,1,1,1,1,1,1,1,1,1,1,1,1,1,1,1,1,1,1,1,1,1,1,1,1,1,1,1,1,1,1
OTU_1488,1,1,1,1,1,1,1,1,1,1,1,1,1,1,1,1,1,1,1,1,1,1,3,1,1,1,1,1,1,1,1,1,1,1,1,1,1,1,1,1,1,1,1,1,1,1,1,1,1,1
OTU_1489,1,1,1,1,1,1,1,1,1,1,1,1,1,1,1,1,1,1,1,1,1,1,1,1,1,1,1,1,1,1,1,1,1,1,1,1,1,1,1,1,1,1,1,1,1,1,1,1,1,1
OTU_1490,1,1,1,1,1,1,1,1,1,1,1,1,1,1,1,1,1,1,1,1,1,1,1,1,1,1,1,1,1,1,1,1,1,1,1,1,1,1,1,1,1,1,1,1,1,1,1,1,1,1
OTU_1491,1,1,1,1,1,1,1,1,1,1,1,1,1,1,1,1,1,1,1,1,1,1,1,1,1,1,1,1,1,1,1,1,1,1,1,1,1,1,1,1,1,1,1,1,1,1,1,1,1,1
OTU_1492,48,1,1,1,1,1,13,1,5,1,1,1,21,1,1,1,2,1,1,1,1,1,10,1,15,1,6,70,1,44,1,1,1,1,1,1,1,1,1,266,1,1,1,1,1,1,1,1,92,1
OTU_1493,1,1,1,1,1,1,1,1,1,1,1,1,1,1,1,1,1,1,1,1,1,1,1,1,1,1,1,1,1,1,1,1,1,1,1,1,1,1,1,1,1,1,1,1,1,1,1,1,1,1
OTU_1494,45,1,1,1,1,1,1,23,1,1,1,1,1,1,1,1,1,1,1,2,1,1,1,1,1,1,1,1,1,1,1,1,1,1,1,1,1,1,1,1,1,1,1,1,1,1,1,1,1,1
OTU_1495,122,309,189,318,133,363,26,223,436,169,404,86,307,416,324,92,341,262,398,250,61,99,470,71,643,47,79,200,104,230,29,35,98,261,621,78,76,223,271,101,442,56,255,272,28,130,1076,110,424,622
OTU_1496,1,1,1,1,1,1,1,1,1,1,1,1,1,1,1,1,1,1,1,1,1,1,1,1,1,1,1,1,1,1,1,1,1,1,1,1,1,1,1,1,1,1,1,1,1,1,1,1,1,1
OTU_1497,1,1,1,1,1,1,1,1,1,1,1,1,1,1,1,1,1,1,1,1,1,1,1,1,1,1,1,1,1,1,1,1,1,1,1,1,1,1,1,1,1,1,1,1,1,1,1,1,1,1
OTU_1498,30,35,19,1,8,9,16,38,4,22,50,2,1,4,1,6,93,256,1,142,1,1,1,47,107,40,55,1,100,9,182,3,22,17,1,1,80,112,10,39,157,23,71,33,2,59,58,62,256,2
OTU_1499,1,1,1,1,1,1,1,1,1,1,1,1,1,1,1,1,1,1,1,1,1,1,1,1,1,1,1,1,1,1,1,1,1,1,1,1,1,1,1,1,1,1,1,1,1,1,1,1,1,1
OTU_1500,2,11,66,1,3,147,22,4,55,1,23,6,12,59,372,253,1,6,3,632,18,9,1,64,90,1,85,6,33,2,217,79,38,46,118,62,13,16,1,178,20,339,51,1,8,17,2,1,18,228
OTU_1501,1,1,1,1,1,1,1,1,1,1,1,1,1,1,1,1,1,1,1,1,1,1,1,1,1,1,1,1,1,1,1,1,1,2,1,1,1,1,4,1,1,1,1,1,1,1,1,1,1,1
OTU_1502,1,1,1,1,1,1,1,1,1,1,1,1,1,1,1,1,1,1,1,1,1,1,1,1,1,1,1,1,1,1,1,1,1,1,1,1,1,1,1,1,1,1,1,1,1,1,1,1,1,1
OTU_1503,1,1,1,1,1,1,1,1,1,1,1,1,1,1,1,1,1,1,1,1,1,1,1,1,1,1,1,1,1,1,1,1,1,1,1,1,1,1,1,1,1,1,1,1,1,1,1,1,1,1
OTU_1504,1,1,1,1,1,1,1,1,1,1,1,1,1,1,1,1,1,1,1,1,1,1,1,1,1,1,1,1,1,1,1,1,1,1,1,2,1,1,1,1,1,1,1,1,1,1,1,1,1,1
OTU_1505,1,1,1,1,1,1,1,1,1,1,1,1,1,1,1,1,1,1,1,1,1,1,1,1,1,1,1,2,1,1,3,1,1,1,1,1,1,1,1,1,1,1,1,1,5,1,1,1,1,1
OTU_1506,1,1,1,1,1,2,1,1,2,1,3,1,1,1,1,1,1,1,1,1,1,1,2,1,1,1,1,1,1,1,1,1,1,1,1,1,1,1,1,1,1,1,1,1,1,1,1,1,2,1
OTU_1507,1,1,1,1,1,1,1,1,1,1,1,1,1,1,1,1,1,1,1,1,1,1,1,1,1,1,1,1,1,1,1,1,1,1,1,1,1,1,1,1,1,1,1,1,1,1,1,1,1,1
OTU_1508,1,1,1,1,1,1,1,1,1,1,1,1,1,1,1,1,1,1,1,1,1,1,1,1,1,1,1,1,1,1,1,1,1,1,1,1,1,1,1,1,1,1,1,1,1,1,1,1,1,1
OTU_1509,1,1,1,1,16,1,198,166,41,2,36,30,341,7,1,2,1,1,1,1,1,1,17,1,1,5,7,1,1,1,1,1,4,179,2,76,12,1,1,18,12,1,1,7,111,1,3,24,28,1
OTU_1510,1,1,1,1,1,1,1,1,1,1,1,1,1,1,1,1,1,1,1,1,1,1,1,1,1,1,1,1,1,1,1,1,1,1,1,1,1,1,1,1,1,1,1,1,1,1,1,1,1,1
OTU_1511,12,2,1,1,1,3,1,5,1,1,144,15,1,5,1,1,21,1,4,8,7,3,1,5,4,1,2,56,186,1,2,18,1,49,1,8,1,1,72,9,2,7,3,54,1,1,16,1,8,1
OTU_1512,1,1,1,1,1,1,1,1,1,1,1,1,1,1,1,1,1,1,1,1,1,1,1,1,1,1,1,1,1,1,1,1,1,1,1,1,1,1,1,1,1,1,1,1,1,1,1,1,1,1
OTU_1513,1,1,1,1,1,1,1,1,1,1,1,1,1,1,1,1,1,1,1,1,1,1,1,1,1,1,1,1,1,1,1,1,1,1,1,1,1,1,1,1,1,1,1,1,1,1,1,1,1,1
OTU_1514,1,1,1,1,1,1,1,1,1,1,1,1,1,1,1,1,1,1,1,1,1,1,1,1,1,1,1,1,1,1,1,1,1,1,1,1,1,1,1,1,1,1,1,1,1,1,1,1,1,1
OTU_1515,1,1,1,1,1,1,1,1,1,1,1,1,1,1,1,1,1,1,1,1,1,1,1,1,1,1,1,1,59,1,1,1,1,1,1,1,1,1,1,1,1,1,1,1,1,1,1,1,1,1
OTU_1516,1,1,1,1,1,1,1,1,1,1,1,1,1,1,1,1,1,1,1,1,1,1,1,1,1,1,1,1,1,1,1,1,1,1,1,1,1,1,1,1,1,1,1,1,1,1,1,1,1,1
OTU_1517,1,1,1,1,1,1,1,1,1,1,1,1,1,1,1,1,1,1,1,1,1,1,1,1,1,1,1,1,1,1,1,1,1,1,1,1,1,1,1,1,1,1,1,1,1,1,1,1,1,1
OTU_1518,4,1,70,1,10,1,1,5,1,7,1,1,1,1,1,1,1,1,1,1,2,1,1,1,1,1,1,1,1,1,1,1,1,1,1,1,1,1,1,1,1,1,1,1,12,1,108,1,3,1
OTU_1519,1,1,1,1,1,1,1,1,1,1,1,1,1,1,1,1,1,1,1,1,1,1,1,1,1,1,1,1,1,1,1,1,1,1,1,1,1,1,1,1,1,1,1,1,1,1,1,1,1,1
OTU_1520,1,1,1,1,1,1,1,1,1,1,1,1,1,1,1,1,1,1,1,1,1,1,1,1,1,1,1,1,1,1,1,1,1,1,1,1,1,1,1,1,1,1,1,1,1,1,1,1,1,1
OTU_1521,1,1,1,1,1,1,1,1,1,1,1,1,1,1,1,1,1,1,1,1,1,1,1,1,1,1,1,1,1,1,1,1,1,1,1,1,1,1,1,1,1,1,1,1,1,1,1,1,1,1
OTU_1522,1,1,1,1,1,1,1,1,1,1,1,1,1,1,1,1,1,1,1,1,1,1,1,1,1,1,1,1,1,1,1,1,1,1,1,1,1,1,1,1,1,1,1,1,1,1,1,1,1,1
OTU_1523,1,1,1,1,1,1,1,1,1,1,1,1,1,1,1,1,4,1,1,1,163,120,2,1,1,51,1,1,1,1,1,1,1,1,1,1,1,1,1,1,4,1,61,1,16,7,1,1,1,3
OTU_1524,48,47,297,7,231,46,265,9,75,140,7,79,24,9,75,78,87,126,14,226,141,141,686,35,44,150,78,227,31,9,337,163,300,297,227,104,75,275,282,182,81,231,40,118,19,278,28,22,118,53
OTU_1525,1,1,1,1,1,1,1,54,1,1,1,1,1,1,1,1,1,1,1,1,1,1,1,1,1,1,1,1,1,1,4,1,1,1,1,1,1,1,1,1,1,1,1,1,1,1,1,1,1,1
OTU_1526,13,23,247,37,2,36,9,1,2,9,1,3,59,54,35,2,12,2,89,4,1,42,16,1,49,60,2,55,145,1,1,1,23,1,1,121,24,8,8,19,1,6,8,1,7,114,1,14,3,1
OTU_1527,1,17,12,1,1,1,1,1,1,1,1,1,1,69,1,1,2,2,1,12,1,33,35,20,37,7,2,1,1,16,1,8,1,1,1,1,1,3,6,1,1,3,1,29,38,1,15,1,1,1
OTU_1528,1,1,1,1,1,1,1,1,1,1,1,1,1,1,1,1,1,1,1,1,1,1,1,1,1,1,1,1,1,1,1,1,1,1,1,1,1,1,1,1,1,1,1,1,1,1,1,1,1,1
OTU_1529,1,1,1,1,1,1,1,1,1,1,1,1,1,1,1,1,1,1,1,1,1,1,1,1,1,1,1,1,1,1,1,1,1,1,1,1,1,1,1,1,1,1,1,1,1,1,1,1,1,1
OTU_1530,2,1,1,1,1,1,1,1,1,1,1,1,1,1,1,1,1,1,1,1,1,1,1,1,1,1,1,1,1,1,1,1,1,1,1,1,1,1,1,1,1,1,1,1,1,1,1,1,45,1
OTU_1531,1,1,1,1,1,1,1,1,1,1,1,1,1,1,1,1,1,1,1,1,1,1,1,1,1,1,1,1,1,1,1,1,1,1,1,1,1,1,1,1,1,1,1,1,1,1,1,1,1,1
OTU_1532,1,1,1,1,1,1,1,1,2,1,1,1,1,1,1,1,1,1,1,1,1,1,1,1,1,1,1,1,1,1,1,1,1,1,1,1,1,1,1,1,1,1,1,1,1,1,1,1,1,1
OTU_1533,1,1,1,1,1,1,1,1,1,1,1,1,1,1,1,1,1,1,1,1,1,1,1,1,1,1,1,1,1,1,1,1,1,1,1,1,1,1,1,1,1,1,1,1,1,1,1,1,1,1
OTU_1534,1,1,1,1,1,1,1,1,1,1,1,1,1,1,1,1,1,1,1,1,1,1,1,1,1,1,1,1,1,1,1,1,1,1,1,1,1,1,1,1,1,1,1,1,1,1,1,1,1,1
OTU_1535,3,1,1,1,6,1,1,1,1,1,3,2,20,10,1,1,63,1,1,1,54,1,1,50,1,1,29,1,1,1,172,3,1,1,1,20,71,1,1,1,1,1,1,1,1,1,1,1,1,104
OTU_1536,1,1,1,1,1,1,1,1,1,1,1,1,1,1,1,1,1,1,1,1,1,1,1,1,1,1,1,1,1,1,1,1,1,1,1,1,1,1,1,1,1,1,1,1,1,1,1,1,1,1
OTU_1537,1,1,1,1,1,1,1,1,1,1,1,1,1,1,1,1,1,1,1,1,1,1,1,1,1,1,1,1,1,1,1,1,1,1,1,1,1,1,1,1,1,1,1,1,1,1,1,1,1,1
OTU_1538,1,1,1,1,1,1,1,1,1,1,1,1,1,1,1,1,1,1,1,1,1,1,1,1,1,1,1,1,1,1,1,1,1,1,1,1,1,1,1,1,1,1,1,1,1,1,1,1,1,1
OTU_1539,1,11,77,38,1,1,1,16,1,1,1,2,1,1,1,1,15,4,3,1,48,1,1,24,1,1,1,1,15,15,1,1,1,32,1,107,1,1,1,1,1,1,1,1,1,1,1,1,3,1
OTU_1540,1,1,1,1,1,1,1,1,1,1,1,1,1,1,1,1,1,1,1,1,1,1,1,1,1,1,1,1,1,1,1,1,1,1,1,1,1,1,1,1,1,1,1,1,1,1,1,1,1,1
OTU_1541,14,14,14,1,1,1,1,10,1,3,28,1,1,1,1,1,49,53,21,310,45,1,31,12,159,1,1,1,105,1,36,1,6,1,5,43,1,1,1,1,44,1,1,12,6,1,5,5,1,1
OTU_1542,1,1,1,1,1,1,1,1,1,1,1,1,1,1,1,1,1,1,1,1,1,1,1,1,1,1,1,1,1,1,2,1,1,1,1,1,1,1,1,1,1,1,1,1,1,1,1,1,1,1
OTU_1543,194,30,53,52,148,127,547,42,104,72,98,571,12,116,6,39,413,306,2,147,73,298,40,47,32,161,64,25,202,355,95,90,11,91,341,95,53,279,228,26,39,266,108,109,110,233,5,56,3,730
OTU_1544,1,1,1,1,1,1,1,8,1,1,1,1,1,1,1,1,1,1,1,1,1,1,1,1,1,1,1,1,1,1,141,1,1,1,1,1,1,1,1,1,1,1,1,1,1,1,1,1,1,1
OTU_1545,1,1,1,1,1,1,1,1,1,1,1,1,1,1,1,1,1,1,1,1,1,1,1,1,1,1,1,1,1,1,1,1,1,1,1,1,1,1,1,1,1,1,1,1,1,1,1,1,1,1
OTU_1546,201,214,207,114,63,266,303,283,26,286,26,10,192,125,280,87,109,188,219,271,102,221,115,221,465,17,282,416,183,123,504,43,47,159,335,549,101,257,269,358,218,153,89,45,52,613,50,480,118,102
OTU_1547,8,1,3,1,1,1,1,9,1,1,1,1,1,1,1,1,3,1,3,1,1,10,7,1,1,1,57,236,2,1,1,14,1,1,33,1,1,1,1,5,5,1,1,1,1,10,1,2,1,1
OTU_1548,1,1,1,1,1,1,1,1,1,1,1,1,1,1,1,1,1,1,1,1,1,1,1,1,1,1,1,1,1,1,1,1,1,1,1,1,1,1,1,1,1,1,1,1,1,1,1,1,1,1
OTU_1549,455,514,569,187,426,314,309,74,462,554,710,617,469,719,251,166,556,194,113,55,674,655,255,733,311,348,536,452,324,285,246,1369,644,413,352,331,236,243,369,971,297,135,385,345,612,538,524,152,539,415
OTU_1550,219,74,90,430,21,170,362,377,20,258,281,86,264,587,139,433,79,533,488,116,208,258,676,142,419,268,114,217,344,186,77,185,148,617,97,1204,1004,83,391,76,380,121,13,812,425,811,216,178,236,175
OTU_1551,1,1,1,1,1,1,1,1,1,1,1,1,1,1,1,1,1,1,1,1,1,1,1,1,1,1,1,1,1,1,1,1,1,1,1,1,1,1,1,1,1,1,1,1,1,1,1,1,1,1
OTU_1552,1,1,1,1,1,23,12,10,1,1,1,1,1,1,1,4,1,1,1,1,1,5,1,1,1,1,1,1,1,1,1,1,1,1,4,1,3,2,2,1,29,1,1,1,1,1,1,1,1,1
OTU_1553,10,1,2,1,3,86,11,1,42,10,30,104,1,10,5,31,1,206,146,77,551,1,212,2,5,78,60,1,1,50,36,1,31,1,31,52,13,50,1,44,4,2,22,38,114,1,86,4,1,132
OTU_1554,95,336,210,318,37,334,114,167,651,426,100,598,157,579,487,317,209,115,305,90,473,343,122,597,283,78,38,97,29,86,464,185,335,339,250,77,74,56,169,360,44,674,112,58,217,447,207,645,59,371
OTU_1555,1,1,1,1,1,1,1,1,1,1,1,1,1,1,1,1,1,1,1,1,1,1,1,1,1,1,1,1,1,1,1,1,1,1,1,1,1,1,1,1,1,1,1,1,1,1,1,1,1,1
OTU_1556,1,1,1,1,1,1,1,1,1,1,1,1,1,1,1,1,1,1,1,1,1,1,1,1,1,1,1,1,1,1,1,1,1,1,1,1,1,1,1,1,1,1,1,1,1,1,1,1,1,1
OTU_1557,43,118,194,51,38,16,89,582,204,2,84,352,77,5,46,346,245,236,129,32,66,74,99,21,113,717,28,35,502,99,197,1,402,59,78,102,26,213,71,81,13,51,159,10,18,52,322,49,2,177
OTU_1558,1,1,1,1,1,1,1,1,1,1,1,1,1,1,1,1,1,1,1,1,1,1,1,1,1,1,1,1,1,1,1,1,1,1,1,1,1,1,1,1,1,1,1,1,1,1,1,1,1,1
OTU_1559,1,1,1,1,1,1,1,1,1,1,1,1,1,1,1,1,1,1,1,1,1,1,1,1,1,1,1,1,1,1,1,1,1,1,1,1,1,1,1,1,1,1,1,1,1,1,1,1,1,1
OTU_1560,1,1,1,1,1,1,1,1,1,1,1,1,1,1,1,1,1,1,2,13,1,1,1,1,1,1,1,1,1,1,1,1,1,1,1,1,1,3,1,1,1,4,1,1,1,1,1,1,1,1
OTU_1561,1,1,1,1,1,1,1,1,1,1,1,1,1,1,1,1,1,1,1,1,1,1,1,1,1,1,1,1,1,1,1,1,1,1,1,1,1,1,1,1,1,1,1,1,1,1,1,1,1,1
OTU_1562,1,267,14,1,1,1,10,1,8,5,23,1,1,1,1,119,1,1,1,1,1,1,1,1,1,1,1,1,1,1,133,119,1,12,1,1,1,4,149,1,1,5,1,1,1,1,1,1,54,1
OTU_1563,1,1,1,1,1,1,1,1,1,1,1,1,1,1,1,1,1,1,1,1,1,1,1,1,1,1,1,1,1,1,1,1,1,1,1,1,1,1,1,1,1,1,1,1,1,1,1,1,1,1
OTU_1564,1,1,1,1,1,1,1,1,1,1,1,1,1,1,1,1,1,1,1,1,1,1,1,1,1,1,1,1,1,1,1,1,1,1,1,1,1,1,1,1,1,1,1,1,1,1,1,1,1,1
OTU_1565,1,1,1,1,1,1,1,1,1,1,1,1,1,1,1,1,1,1,1,1,1,1,1,1,1,1,1,1,1,1,1,1,1,1,1,1,1,1,1,1,1,1,1,1,1,1,1,1,1,1
OTU_1566,40,36,1,195,177,241,38,10,268,1,65,50,11,69,10,50,461,21,56,2,1,159,26,5,322,20,28,109,47,211,135,31,74,44,69,30,32,213,121,3,68,2,135,7,205,14,112,89,3,1
OTU_1567,1,4,1,1,1,1,1,1,23,1,1,1,1,11,6,1,1,1,6,1,1,1,1,1,9,20,281,1,1,1,1,11,8,1,1,1,1,1,1,1,40,1,1,2,1,78,1,1,1,1
OTU_1568,1,1,1,1,1,1,1,1,1,1,1,1,1,1,1,1,1,1,1,1,1,1,1,1,1,1,1,1,1,1,1,1,1,1,1,1,1,1,1,1,1,1,1,1,1,1,1,1,1,1
OTU_1569,1,1,1,1,1,1,1,1,1,1,1,1,1,1,1,1,1,1,1,1,1,1,1,1,1,1,1,1,1,1,1,1,1,1,1,1,1,1,1,1,1,1,1,1,1,1,1,1,1,1
OTU_1570,1,61,89,22,31,113,1,151,25,24,51,28,17,163,1,23,50,105,1,537,10,17,52,153,42,93,39,12,15,14,1,24,448,3,376,1,6,7,64,7,35,24,90,14,1,175,15,1,45,14
OTU_1571,1,1,1,1,1,1,1,1,1,1,1,1,1,1,1,1,1,1,1,1,1,1,1,1,1,1,1,1,1,1,1,1,1,1,1,1,1,1,1,1,1,1,1,1,1,1,1,1,1,1
OTU_1572,1,1,1,1,1,1,1,1,1,1,1,1,1,1,1,1,1,1,1,1,1,1,1,1,1,1,1,1,1,1,1,1,1,1,1,1,1,1,1,1,1,1,1,1,1,1,1,1,1,1
OTU_1573,1,1,1,1,1,1,1,1,1,1,1,1,1,1,1,1,1,1,1,1,1,1,1,1,1,1,1,1,1,1,1,1,1,1,1,1,1,1,1,1,1,1,1,1,1,1,1,1,1,1
OTU_1574,1,1,1,1,1,1,1,1,1,1,1,1,1,1,1,1,1,1,1,1,1,1,1,1,1,1,1,1,1,2,1,1,1,1,1,1,1,1,1,1,1,1,1,1,1,1,1,1,1,1
OTU_1575,1,1,28,2,1,1,1,1,1,1,1,1,1,1,1,1,1,1,1,1,79,1,1,1,30,1,1,1,1,1,1,1,1,1,1,1,1,1,1,1,1,1,1,1,1,1,1,2,1,1
OTU_1576,1,1,1,1,1,1,1,2,136,27,1,1,1,1,1,1,21,1,1,1,1,1,1,1,1,7,1,1,22,1,1,4,1,1,1,1,1,1,1,1,1,1,1,1,1,1,2,1,5,1
OTU_1577,1,1,1,1,1,1,1,1,1,1,1,1,1,1,1,1,1,1,1,1,1,1,1,1,1,1,1,1,1,1,1,1,1,1,1,1,1,1,1,1,1,1,1,1,1,1,1,1,1,1
OTU_1578,1,1,1,1,1,16,1,1,1,1,1,1,1,1,1,1,1,1,1,1,1,1,1,1,1,422,1,1,1,1,12,22,1,1,1,1,1,1,1,1,1,1,1,2,1,1,21,1,1,1
OTU_1579,76,887,223,452,382,79,77,72,543,24,77,58,29,121,411,394,191,111,36,659,5,261,128,56,164,18,927,15,94,102,145,37,172,429,64,251,353,305,74,260,338,335,138,117,369,79,73,78,177,258
OTU_1580,155,349,730,357,392,519,387,245,395,150,382,775,110,160,191,236,371,185,275,162,391,66,257,159,194,232,518,396,719,510,273,436,161,718,487,409,612,530,238,237,144,157,408,716,617,27,463,286,461,133
OTU_1581,1,1,1,1,1,1,1,1,1,1,1,1,1,1,1,1,1,1,1,1,1,1,1,1,1,1,1,1,1,1,1,1,1,1,1,1,1,1,1,1,1,1,1,1,1,1,1,1,1,1
OTU_1582,1,1,1,1,1,1,1,1,1,1,1,1,1,1,1,1,1,1,1,1,1,1,1,1,1,1,1,1,1,1,1,1,1,1,1,1,1,1,1,1,1,1,1,1,1,1,1,1,1,1
OTU_1583,1,1,1,1,1,1,1,1,1,1,1,1,1,1,1,1,1,1,1,1,1,1,1,1,1,1,1,1,1,1,1,1,1,1,1,1,1,1,1,1,1,1,1,1,1,1,1,1,1,1
OTU_1584,31,1,7,13,28,2,3,1,3,91,1,57,17,87,1,69,587,33,38,136,342,43,25,7,6,8,3,15,3,4,3,336,5,671,17,1,19,2,45,46,114,48,7,1,18,353,8,22,2,32
OTU_1585,1,1,1,1,1,1,1,1,1,1,1,1,1,1,1,1,1,1,1,1,1,1,1,1,1,1,1,1,1,1,1,1,1,1,1,1,1,1,1,1,1,1,1,1,1,1,1,1,1,1
OTU_1586,1,1,1,1,1,1,4,1,1,1,1,1,1,1,1,1,1,1,1,1,1,1,2,1,1,1,1,1,1,1,1,1,2,71,1,1,1,2,1,1,1,1,1,1,1,1,1,1,1,1
OTU_1587,6,1,3,1,1,10,1,1,1,1,1,1,1,1,1,11,1,1,1,1,1,1,1,1,1,1,1,1,1,1,1,1,1,1,1,1,1,1,1,1,1,1,1,1,1,1,1,1,1,1
OTU_1588,378,21,5,1,37,47,240,43,1,6,94,4,2,6,24,22,4,17,229,7,15,12,4,276,17,101,58,143,44,82,2,56,1,29,4,6,305,29,1,2,12,5,25,24,3,3,77,57,5,2
OTU_1589,1,1,1,1,1,1,1,1,1,1,1,1,1,1,1,1,1,1,1,2,1,1,1,1,1,1,1,1,1,1,1,1,1,1,1,1,1,1,1,1,1,1,1,1,1,1,1,1,1,1
OTU_1590,1,1,1,1,1,1,1,1,1,1,1,1,1,1,1,1,1,1,1,1,1,1,1,1,1,1,1,1,1,1,1,1,1,1,1,1,1,1,1,1,1,1,1,1,1,1,1,1,1,1
OTU_1591,495,1383,514,1332,1041,645,266,507,1557,682,929,796,1053,470,1033,499,1074,935,1297,1353,887,583,1010,743,1020,1173,1250,1536,827,941,1130,1110,1183,1431,1374,664,644,567,1476,649,428,733,733,1329,549,730,1622,1364,905,612
OTU_1592,1,1,1,1,1,1,1,1,1,1,1,1,1,1,1,1,1,1,1,1,1,1,1,1,1,1,1,1,1,1,1,1,1,1,1,1,1,1,1,1,1,1,1,1,1,1,1,1,1,1
OTU_1593,190,339,68,244,29,40,159,180,72,142,48,131,130,389,203,217,126,245,689,1547,66,77,24,69,33,71,500,338,50,234,466,386,162,129,74,142,95,318,226,153,59,46,90,432,174,70,98,775,190,57
OTU_1594,1,1,1,1,1,1,1,1,1,1,1,1,1,1,1,1,1,1,1,1,1,1,1,1,1,1,1,1,1,1,1,1,1,1,1,1,1,1,1,1,1,1,1,1,1,1,1,1,1,1
OTU_1595,1,1,1,1,1,1,1,1,1,1,1,1,1,1,1,1,1,1,1,1,1,1,1,1,1,1,1,1,1,1,1,1,1,1,1,1,1,1,1,1,1,1,1,1,1,1,1,1,1,1
OTU_1596,1,1,1,1,1,1,1,1,1,1,1,1,1,1,1,1,1,1,1,1,1,1,1,1,1,1,1,1,1,1,1,1,1,1,1,1,1,1,1,1,1,1,1,1,1,1,1,1,1,1
OTU_1597,1,1,1,1,1,1,1,1,1,1,1,1,1,1,1,1,1,1,1,1,1,1,1,1,1,1,1,1,1,1,1,1,1,1,1,1,1,1,1,1,1,1,1,1,1,1,1,1,1,1
OTU_1598,1,1,1,1,1,1,1,1,1,1,1,1,1,1,1,1,1,1,1,1,1,1,1,1,1,1,1,1,1,1,1,1,1,1,1,1,1,1,1,1,1,1,1,1,1,1,1,1,1,1
OTU_1599,1,1,1,1,18,1,4,87,40,1,1,1,1,1,1,1,8,1,1,1,1,54,1,1,1,1,1,1,1,2,1,1,2,1,49,2,1,1,1,1,1,1,6,1,1,3,26,1,1,10
OTU_1600,1,1,1,1,1,1,1,1,1,1,1,1,1,1,1,1,1,1,1,1,1,1,1,1,1,1,1,1,1,1,1,1,1,1,1,1,1,1,1,1,1,1,1,1,1,1,1,1,1,1
OTU_1601,43,1,73,3,28,22,29,1,129,2,1,1,170,32,99,33,30,150,6,24,26,46,1,71,75,1,1,82,4,41,203,1,91,1,2,360,154,1,1,1,59,2,76,11,1,147,90,282,1,323
OTU_1602,1,1,1,1,1,1,1,1,1,1,1,1,1,1,1,1,1,1,1,1,1,1,1,1,1,1,1,1,1,1,1,1,1,1,1,1,1,1,1,1,1,1,1,1,1,1,1,1,1,2
OTU_1603,1,1,1,1,1,72,1,1,7,1,1,1,9,9,1,1,1,3,1,26,1,1,1,1,59,1,1,1,1,1,1,1,1,6,16,1,1,2,1,1,1,1,5,1,113,8,1,1,1,1
OTU_1604,1,1,1,1,4,1,1,1,1,1,1,35,1,1,149,1,1,1,5,33,94,49,1,1,1,1,49,1,1,2,1,64,1,1,19,1,1,1,1,5,14,1,1,1,1,208,32,1,1,1
OTU_1605,1,1,1,1,1,1,1,1,1,1,1,1,1,1,1,1,1,1,1,1,1,1,1,1,1,1,1,1,1,1,1,1,1,1,1,1,1,1,1,1,1,1,1,1,1,1,1,1,1,1
OTU_1606,1,1,1,1,1,1,1,1,1,1,1,1,1,1,1,1,1,1,1,1,1,1,1,1,1,1,1,1,1,1,1,1,1,1,1,1,1,1,1,1,1,1,1,1,1,1,1,1,1,1
OTU_1607,1,1,1,1,1,1,1,1,1,1,1,1,1,1,1,1,1,1,1,1,1,1,1,2,1,1,1,1,1,1,1,1,1,1,1,1,1,1,1,1,1,1,1,1,1,1,1,1,1,1
OTU_1608,1,1,1,1,1,1,1,1,1,1,1,1,1,1,1,1,1,1,1,1,1,1,1,1,1,1,1,1,1,1,1,1,1,1,1,1,1,1,1,1,1,1,1,1,1,1,1,1,1,1
OTU_1609,39,1,1,1,1,3,1,1,1,4,1,1,1,1,1,1,1,1,1,1,1,1,1,1,3,1,1,1,1,1,1,1,1,1,1,1,1,1,1,8,1,1,1,1,1,1,1,1,1,1
OTU_1610,1,1,1,7,1,1,1,7,1,1,1,1,1,1,1,71,1,1,375,1,1,1,1,1,2,1,1,76,12,1,1,1,66,1,1,24,5,16,4,1,1,1,1,1,1,1,1,1,1,1
OTU_1611,1,1,1,1,1,1,1,1,1,1,1,1,1,1,1,1,1,1,1,1,1,1,1,1,1,1,1,1,1,1,1,1,1,1,1,1,1,1,1,1,1,1,1,1,1,1,1,1,1,1
OTU_1612,3,4,2,12,9,3,1,5,225,1,64,1,28,2,100,13,1,10,8,1,48,271,1,1,10,167,4,1,1,4,2,1,46,7,1,159,1,1,1,3,2,10,9,1,1,1,177,1,3,11
OTU_1613,1,1,1,1,1,1,1,1,1,1,1,1,1,1,1,1,1,1,1,1,1,1,1,1,1,1,1,1,1,1,1,1,37,1,1,1,1,1,1,1,1,1,1,1,1,1,1,1,1,1
OTU_1614,1,1,1,1,1,1,1,1,1,1,1,1,1,1,1,1,1,1,1,1,1,1,1,1,1,1,1,1,1,1,1,1,1,1,1,1,1,1,1,1,1,1,1,1,1,1,1,1,1,1
OTU_1615,2,55,4,1,65,50,7,16,61,272,56,73,67,1,2,54,1,13,28,2,36,39,5,109,1,5,1,1,17,6,1,2,1,281,347,58,1,139,122,27,23,1,21,2,25,56,104,3,2,67
OTU_1616,28,421,139,1,309,5,155,170,21,556,76,101,32,1,131,26,3,267,6,61,29,275,39,8,23,82,50,119,34,270,1,137,18,148,18,269,49,4,152,90,52,413,143,37,45,138,95,539,77,114
OTU_1617,1,1,1,1,1,1,1,1,1,1,1,1,1,1,1,1,1,1,1,1,1,1,1,1,1,1,1,1,1,1,1,1,1,1,1,1,1,1,1,1,1,1,1,1,1,1,1,1,1,1
OTU_1618,1,1,1,1,1,1,1,1,1,1,1,1,1,1,1,1,1,1,1,1,1,1,1,1,1,1,1,1,1,1,1,1,1,1,1,1,1,1,1,1,1,1,1,1,1,1,1,1,1,1
OTU_1619,1,1,1,1,1,1,1,1,1,1,1,1,1,1,1,1,1,1,1,1,1,1,1,1,1,1,1,1,1,1,1,1,1,1,1,1,1,1,1,1,1,1,1,1,1,1,1,1,1,1
OTU_1620,6,1,49,1,1,14,222,6,1,1,43,5,95,17,1,7,1,1,1,1,1,1,61,1,18,1,17,1,1,88,1,1,1,2,1,1,1,42,1,7,1,105,2,28,1,1,1,1,1,1
OTU_1621,1,1,1,1,1,1,1,1,1,1,1,1,1,1,1,1,1,1,1,1,1,1,1,1,1,1,1,1,1,1,1,1,1,1,1,1,1,1,1,1,1,1,1,1,1,1,1,1,1,1
OTU_1622,1,1,1,1,1,1,1,1,1,1,1,1,1,1,1,1,1,1,1,1,1,1,1,1,1,1,1,1,1,1,1,1,1,1,1,1,1,1,1,1,1,1,1,1,1,1,1,1,1,1
OTU_1623,1,1,1,1,1,1,1,1,1,1,1,1,1,1,1,1,1,1,1,1,1,1,1,1,1,1,1,1,1,1,1,1,1,1,1,1,1,1,1,1,1,1,1,1,1,1,1,1,1,1
OTU_1624,1,1,1,1,1,1,1,1,1,1,1,1,1,1,1,1,1,1,1,1,1,1,1,1,1,1,1,1,1,1,1,1,1,1,1,1,1,1,1,1,1,1,1,1,1,1,1,1,1,1
OTU_1625,1,1,1,1,1,1,1,1,1,1,1,1,1,1,1,1,1,1,1,1,1,1,1,1,1,1,1,1,1,1,1,1,1,1,1,1,1,1,1,1,1,1,1,1,1,1,1,1,1,1
OTU_1626,167,1,33,8,10,1,17,222,1,244,1,107,52,1,29,1,2,10,13,4,1,10,16,119,48,90,81,3,38,20,44,340,356,41,15,13,167,8,2,1,885,8,1,10,150,4,1,167,71,100
OTU_1627,1,1,1,1,1,1,1,1,1,1,1,1,1,1,1,1,1,1,1,1,1,1,1,1,1,1,1,1,1,1,1,1,1,1,1,1,1,1,1,1,1,1,1,1,1,1,1,1,1,1
OTU_1628,1,1,1,1,1,1,1,1,1,1,1,1,1,1,1,1,1,1,1,1,1,1,1,1,1,1,1,1,1,1,1,1,1,1,1,1,1,1,1,1,1,1,1,1,1,1,1,1,1,1
OTU_1629,1,1,1,1,1,1,1,1,1,1,1,1,1,1,1,1,1,1,1,1,1,1,1,1,1,1,1,1,1,1,1,1,1,1,1,1,1,1,1,1,1,1,1,1,1,1,1,1,1,1
OTU_1630,1,1,1,1,1,1,1,1,1,1,1,1,1,1,1,1,1,1,1,1,1,1,1,1,1,1,1,1,1,1,1,1,1,1,1,1,1,1,1,1,1,17,1,1,1,1,1,1,1,1
OTU_1631,1,1,1,2,1,31,4,1,1,2,1,1,1,1,1,1,1,1,1,1,1,1,1,1,1,1,2,1,1,1,1,10,1,1,5,1,1,1,2,1,1,1,1,1,1,27,1,7,2,1
OTU_1632,1,1,1,1,1,1,1,1,1,1,1,1,1,1,1,1,1,1,1,1,1,1,1,1,1,1,1,1,1,1,1,1,1,1,1,1,1,1,1,1,1,1,1,1,1,1,1,1,1,1
OTU_1633,1,1,1,1,1,1,1,1,1,1,1,1,1,1,1,1,1,1,1,1,1,1,1,1,1,1,1,1,1,1,1,1,1,1,1,1,1,1,1,1,1,1,1,1,1,1,1,1,1,1
OTU_1634,92,50,1,693,302,388,409,41,8,250,384,40,378,124,97,88,184,44,444,168,67,437,114,278,3,78,324,46,286,261,626,51,11,339,301,35,462,255,18,10,181,27,28,40,121,41,162,48,89,11
OTU_1635,1,1,1,1,1,1,1,1,1,1,1,1,1,1,1,1,1,1,1,1,1,1,1,1,1,1,1,1,1,1,1,1,1,1,1,1,1,1,1,1,1,1,1,1,1,1,1,1,1,1
OTU_1636,1,1,1,1,1,1,1,1,1,4,1,1,1,1,1,91,1,1,1,1,1,1,36,1,1,1,1,1,1,1,1,1,1,1,1,1,1,1,1,1,190,5,20,7,13,1,1,129,103,1
OTU_1637,7,1,1,1,1,1,1,1,2,1,1,2,1,1,1,1,1,1,1,1,1,1,1,30,1,1,1,1,1,26,5,1,1,23,1,1,37,1,1,4,107,1,1,76,1,1,1,1,1,82
OTU_1638,1,1,1,1,1,1,1,1,1,1,1,1,1,1,1,1,1,1,1,1,1,1,1,1,1,1,1,1,1,1,1,1,1,1,1,1,1,1,1,1,1,1,1,1,1,1,1,1,1,1
OTU_1639,1,1,1,1,1,1,1,1,1,1,1,1,1,1,1,1,1,1,1,1,1,1,1,1,1,1,1,1,1,1,1,1,1,1,1,1,1,1,1,1,1,1,1,1,1,1,1,1,1,1
OTU_1640,1,1,1,1,1,1,1,1,1,1,1,1,1,1,1,1,1,1,1,1,1,1,1,1,1,1,1,1,1,1,1,1,1,1,1,1,1,1,1,1,1,1,1,1,1,1,1,1,1,1
OTU_1641,1,1,1,1,1,1,1,1,1,1,1,1,1,1,1,1,1,1,1,1,1,1,1,1,1,1,1,1,1,1,1,1,1,1,1,1,1,1,1,1,1,1,1,1,1,1,1,1,1,1
OTU_1642,1,1,1,1,1,1,1,1,1,1,1,1,1,1,1,1,1,1,1,1,1,1,1,1,1,1,1,1,1,1,1,1,1,1,1,1,1,1,1,1,1,1,1,1,1,1,1,1,1,1
OTU_1643,1,1,1,1,1,1,1,1,1,1,1,1,1,1,1,1,1,1,1,1,1,1,1,1,1,1,1,1,1,1,1,1,1,1,1,1,1,1,1,1,1,1,1,1,1,1,1,1,1,1
OTU_1644,14,3,1,1,9,1,1,1,2,9,57,1,15,1,1,1,1,8,1,31,1,1,1,1,2,3,1,3,1,1,7,1,7,1,1,1,4,206,5,1,1,145,3,15,13,6,1,1,16,5
OTU_1645,1,1,1,1,1,1,1,1,1,1,1,1,1,1,1,1,1,1,1,1,1,1,1,1,1,1,1,1,1,1,1,1,1,1,1,1,1,1,1,1,1,1,1,1,1,1,1,1,1,1
OTU_1646,1,1,20,2,15,149,8,3,10,1,34,18,12,49,51,50,1,5,51,2,7,1,2,3,12,1,330,18,4,3,1,3,165,53,177,4,1,19,1,105,113,6,66,7,1,1,34,4,1,8
OTU_1647,1,1,1,1,1,1,1,1,1,1,1,1,1,1,1,1,1,1,1,1,1,1,1,1,1,1,1,1,1,1,1,1,1,1,1,1,1,1,1,1,1,1,1,1,1,1,1,1,1,1
OTU_1648,243,177,7,10,6,1,39,376,2,310,238,206,60,348,338,46,5,1,12,17,286,146,127,165,26,4,267,198,114,2,14,146,146,34,194,315,58,5,40,10,3,173,59,19,4,49,1,21,1,208
OTU_1649,1,1,1,1,1,1,1,1,1,1,1,1,1,1,1,1,1,1,1,1,1,1,1,1,1,1,1,1,1,1,1,1,1,1,1,1,1,1,1,1,1,1,1,1,1,1,1,1,1,1
OTU_1650,1,1,1,1,1,1,1,1,1,1,1,1,1,1,1,1,1,1,1,1,1,1,1,1,1,1,1,1,1,1,1,1,1,1,1,1,1,1,1,1,1,1,1,1,1,1,1,1,1,1
OTU_1651,1,1,11,45,18,1,1,1,1,123,4,3,1,1,1,1,1,1,27,2,25,1,61,1,12,42,1,1,1,3,1,45,1,4,1,1,1,1,30,1,5,5,26,1,4,1,14,2,15,1
OTU_1652,1,1,1,1,1,1,1,1,1,1,1,1,1,1,1,1,1,1,1,1,1,1,1,1,1,1,1,1,1,1,1,1,1,1,1,1,1,2,1,1,1,1,1,1,1,1,1,1,1,1
OTU_1653,1,1,1,1,1,1,1,1,1,1,1,1,1,1,1,1,1,1,1,1,1,1,1,1,1,1,1,1,1,1,1,1,1,1,1,1,1,1,1,1,1,1,1,1,1,1,1,1,1,1
OTU_1654,1,1,1,1,1,1,1,1,1,1,1,1,1,1,1,1,1,1,1,1,1,1,1,1,1,1,1,1,1,1,1,1,1,1,1,1,1,1,1,1,1,1,1,1,1,1,1,1,1,1
OTU_1655,11,56,143,4,29,70,33,8,119,5,63,3,6,10,81,7,500,41,273,7,57,25,112,13,127,379,35,26,7,150,8,115,38,3,133,96,1,80,144,3,16,138,66,182,10,50,63,317,134,79
OTU_1656,1,1,1,1,1,1,1,1,1,1,1,1,1,1,1,1,1,1,1,1,1,1,1,1,1,1,1,1,1,1,1,1,1,1,1,1,1,1,1,1,1,1,1,1,1,1,1,1,1,1
OTU_1657,2,80,209,1,2,1,2,1,6,384,184,155,16,2,35,6,50,5,15,1,1,1,1,2,1,1,5,20,14,28,409,5,1,2,4,1,7,1,7,1,1,1,1,27,36,76,1,1,100,1
OTU_1658,1,1,1,1,1,1,1,1,1,1,1,1,1,1,1,1,1,1,1,1,1,1,1,1,1,1,1,1,1,1,1,1,1,1,1,1,1,1,1,1,1,1,1,1,1,1,1,1,2,1
OTU_1659,151,276,244,161,72,561,60,460,70,254,56,327,557,63,241,71,275,177,35,375,394,386,213,203,819,304,227,534,16,153,540,554,403,333,47,100,149,380,80,232,492,296,214,264,183,530,401,100,788,269
OTU_1660,100,14,1,1,20,1,1,1,4,5,1,59,54,1,26,1,5,104,11,19,99,39,1,4,10,3,1,7,6,84,265,10,1,1,3,341,1,28,38,90,1,1,3,2,48,4,1,1,7,34
OTU_1661,118,245,127,245,24,125,243,177,26,233,106,271,109,68,75,30,83,57,93,186,24,6,10,73,313,43,21,266,166,408,66,12,6,13,67,12,28,37,119,98,67,21,2,130,84,127,78,47,57,152
OTU_1662,1,1,1,1,1,1,1,1,1,1,1,1,1,1,1,1,1,1,1,1,1,1,1,1,1,1,1,1,1,1,1,1,1,1,1,1,1,1,1,1,1,1,1,1,1,1,1,1,1,1
OTU_1663,1,1,1,1,1,1,1,1,1,1,1,1,1,1,1,1,1,1,1,1,1,1,1,1,1,1,1,1,1,1,1,1,1,1,1,1,1,1,1,1,1,1,1,1,1,1,1,1,1,1
OTU_1664,1,17,8,1,1,2,3,1,1,1,63,1,1,1,1,1,1,1,1,1,1,1,1,7,1,6,96,1,1,10,1,1,143,1,57,1,1,1,1,1,1,1,1,1,1,1,1,2,1,1
OTU_1665,1,1,2,18,1,1,1,1,1,1,1,1,1,1,1,1,1,1,1,1,1,1,1,1,1,1,1,1,1,1,1,1,1,1,1,1,1,5,2,1,1,1,1,1,1,1,1,1,1,1
OTU_1666,1,1,1,1,1,1,1,1,1,1,1,1,1,1,1,1,1,1,1,1,1,1,1,1,1,1,1,1,1,1,1,1,1,1,1,1,1,1,1,1,1,1,1,1,1,1,1,1,1,1
OTU_1667,1,1,1,1,1,1,1,1,1,1,1,1,1,1,1,1,1,1,1,1,1,1,1,1,1,1,1,1,1,1,1,1,1,1,1,1,1,1,1,1,1,1,1,1,1,1,1,1,1,1
OTU_1668,1,1,1,1,1,1,1,1,1,1,1,1,1,1,1,1,1,1,1,1,1,1,1,1,1,1,1,1,1,1,1,1,1,1,1,1,1,1,1,1,1,1,1,1,1,1,1,1,1,1
OTU_1669,72,2,1,1,1,1,1,1,1,1,1,1,1,1,1,1,1,1,1,1,1,1,1,1,1,6,1,1,1,1,1,1,1,1,1,1,1,1,1,1,1,1,1,1,1,1,1,1,1,1
OTU_1670,108,48,229,159,266,61,259,247,124,214,105,547,64,265,843,68,78,238,386,15,564,104,328,767,174,72,384,63,105,137,281,119,126,622,542,214,113,189,220,164,365,66,61,475,255,39,301,78,56,416
OTU_1671,1,1,1,1,1,1,1,1,1,1,1,1,1,1,1,1,1,1,1,1,1,1,1,1,10,1,1,1,1,1,1,1,51,1,1,1,1,1,3,1,1,1,1,1,1,1,1,1,1,1
OTU_1672,1,1,1,1,1,1,1,1,1,1,1,1,1,1,1,1,1,1,1,1,1,1,1,1,1,1,1,1,1,1,1,1,1,1,1,1,1,1,1,1,1,1,1,1,1,1,1,1,1,1
OTU_1673,1,5,1,27,1,1,1,1,115,10,6,1,5,1,61,1,2,1,1,30,3,1,1,6,10,12,1,2,2,1,1,5,2,1,6,1,8,1,19,1,1,1,1,1,1,1,1,34,2,3
OTU_1674,1,1,1,1,1,1,1,1,1,1,1,1,1,1,1,1,1,1,1,1,1,1,1,1,1,1,1,1,1,1,1,1,1,1,1,1,1,1,1,1,1,1,1,1,1,1,1,1,1,1
OTU_1675,1,1,1,1,1,1,1,1,1,1,1,1,1,1,1,1,1,1,1,1,1,1,1,1,1,1,1,1,1,1,1,1,1,1,1,1,1,1,1,1,1,1,1,1,1,1,1,1,1,1
OTU_1676,1,1,1,1,1,1,1,1,1,1,1,1,1,1,1,1,1,1,1,1,1,1,1,1,1,1,1,1,1,1,1,1,1,1,1,1,1,1,1,1,1,1,1,1,1,1,1,1,1,1
OTU_1677,1,1,1,1,1,1,1,1,1,1,1,1,1,1,1,1,1,1,1,1,1,1,1,1,1,1,1,1,1,1,1,1,1,1,1,1,1,1,1,1,1,1,1,1,1,1,1,1,1,1
OTU_1678,1,1,17,1,1,1,3,47,10,1,1,1,1,168,1,1,1,1,1,3,1,1,32,1,1,1,7,1,1,1,10,1,1,1,72,1,1,1,1,1,1,3,1,1,10,1,1,1,1,1
OTU_1679,1,1,1,1,1,1,1,1,1,1,1,1,1,1,1,1,1,1,1,1,1,1,1,1,1,1,1,1,1,1,1,1,1,1,1,1,1,1,1,1,1,1,1,1,1,1,1,1,1,1
OTU_1680,1,1,1,1,1,1,1,1,1,1,1,1,1,1,1,1,1,1,1,1,1,1,1,1,1,1,1,1,1,1,1,1,1,1,1,1,1,1,1,1,1,1,1,1,1,1,1,1,1,1
OTU_1681,1,1,1,1,1,1,1,1,1,1,1,1,1,1,1,1,1,1,1,1,1,1,1,1,1,1,1,1,1,1,1,1,1,1,1,1,1,1,1,1,1,1,1,1,1,1,1,1,1,1
OTU_1682,1,1,1,1,1,1,1,1,1,1,1,1,1,1,1,1,1,1,1,1,1,1,1,1,1,1,1,1,1,1,1,1,1,1,1,1,1,1,1,1,1,1,1,1,1,1,1,1,1,1
OTU_1683,1,1,1,1,1,1,1,1,1,1,1,1,1,1,1,1,1,1,1,1,1,1,1,1,1,1,1,1,1,1,1,1,1,1,1,1,1,1,1,1,1,1,1,1,1,1,1,1,1,1
OTU_1684,1,1,1,1,1,1,1,1,1,1,1,1,1,1,1,1,2,1,1,1,1,1,1,1,1,1,1,1,1,1,1,1,1,1,1,1,1,1,1,1,1,1,1,1,1,2,1,1,1,1
OTU_1685,1,1,1,1,1,1,1,1,1,1,1,1,1,1,1,1,1,1,1,1,1,1,1,1,1,1,1,1,1,1,1,1,1,1,1,1,1,1,1,1,1,1,1,1,1,1,1,1,1,1
OTU_1686,1,1,4,1,1,1,1,1,1,1,1,1,1,1,1,1,1,12,1,1,1,1,1,1,1,1,31,7,1,1,1,1,1,1,2,1,1,1,1,1,20,1,1,1,1,1,1,1,1,1
OTU_1687,1,1,1,1,1,1,1,1,1,1,1,1,1,1,1,1,1,1,1,1,1,1,1,1,1,1,1,1,1,1,1,1,1,1,1,1,1,1,1,1,1,1,1,1,1,1,1,1,1,1
OTU_1688,1,1,1,1,1,1,1,1,1,1,1,1,1,1,1,1,1,1,1,1,1,1,1,1,1,1,1,1,1,1,1,1,1,1,1,1,1,1,1,1,1,1,1,1,1,1,1,1,1,1
OTU_1689,17,1,3,2,41,43,1,1,2,2,1,2,25,5,1,8,18,1,1,1,19,1,1,124,10,3,9,2,1,1,8,1,1,8,1,1,1,14,1,1,1,1,1,1,1,1,2,8,1,1
OTU_1690,1,1,1,1,1,1,1,1,1,1,1,1,1,1,1,1,1,1,1,1,1,1,1,1,1,1,1,1,1,1,1,1,1,1,1,1,1,1,1,1,1,1,1,1,1,1,1,1,1,1
OTU_1691,1,1,1,1,1,1,1,1,1,1,1,1,1,1,1,1,1,1,1,1,1,1,1,1,1,1,1,1,1,1,1,1,1,1,1,1,1,1,1,1,1,1,1,1,1,1,1,1,1,1
OTU_1692,1,3,1,14,1,1,4,6,1,3,1,2,1,1,1,1,1,1,1,1,1,1,1,1,1,1,1,1,1,1,1,1,1,1,1,1,1,1,1,5,1,1,1,1,1,1,1,1,34,1
OTU_1693,1,1,1,1,1,1,1,1,1,1,1,1,1,1,1,1,1,1,1,1,1,1,1,1,1,1,1,1,1,1,1,1,1,1,1,1,1,1,1,1,1,1,1,1,1,1,1,1,1,1
OTU_1694,570,12,2,72,6,33,101,16,128,80,56,314,1,1,6,1,50,8,161,124,9,3,8,109,249,6,377,203,61,80,15,1,2,217,76,259,117,71,45,1,649,169,137,11,102,35,9,31,35,166
OTU_1695,1,1,1,1,1,1,1,1,1,1,1,1,1,1,1,1,1,1,1,1,1,1,1,1,1,1,1,1,1,1,1,1,1,1,1,1,1,1,1,1,1,1,1,1,1,1,1,1,1,1
OTU_1696,1,1,1,1,1,1,1,1,1,1,1,1,8,1,1,1,1,1,1,1,1,1,1,1,1,73,1,1,1,1,1,1,1,1,1,1,1,1,1,1,1,1,1,1,1,1,1,1,1,1
OTU_1697,274,2,1,5,269,1,1,1,1,28,10,91,1,129,1,11,1,5,7,32,216,61,1,211,8,1,168,31,12,7,1,3,2,134,1,81,22,2,88,42,3,1,31,1,4,14,1,8,11,1
OTU_1698,1,1,1,1,1,1,1,1,1,1,1,1,1,1,1,1,1,1,1,1,1,4,1,1,1,1,1,1,1,1,4,1,1,1,1,1,1,1,1,1,1,1,1,1,1,1,1,1,1,1
OTU_1699,1,1,1,3,1,1,1,1,1,1,1,1,1,1,1,1,1,104,1,1,1,1,1,1,116,4,1,1,1,1,1,1,1,6,1,1,52,1,1,1,1,1,423,1,129,1,1,1,1,1
OTU_1700,1,1,1,1,1,1,1,1,1,1,1,1,1,1,1,1,1,1,1,1,1,1,1,1,1,1,1,1,1,1,1,1,1,1,1,1,1,1,1,1,1,1,1,1,1,1,1,1,1,1
OTU_1701,1,2,1,1,1,1,32,34,4,4,1,32,12,1,1,1,1,1,1,1,5,2,1,1,35,1,1,11,1,1,1,1,1,1,1,1,1,1,1,177,6,1,1,1,1,4,1,18,2,17
OTU_1702,1,1,1,1,1,1,1,1,1,1,1,4,1,1,1,1,1,1,16,153,1,1,1,1,122,1,1,1,1,1,1,1,1,1,1,1,1,1,1,1,1,1,1,1,1,1,1,1,1,1
OTU_1703,1,1,1,1,1,1,1,1,1,1,1,1,1,1,1,1,1,1,1,1,1,1,1,1,1,1,1,1,1,1,1,1,1,1,1,1,1,1,1,1,1,1,1,1,1,1,1,1,1,1
OTU_1704,1,1,57,8,1,1,1,1,1,16,1,1,1,1,1,1,1,1,1,1,1,1,1,1,1,1,1,1,1,1,1,1,1,1,1,1,1,1,1,1,1,1,1,1,1,1,1,4,1,1
OTU_1705,1,1,1,1,1,1,1,1,1,1,1,1,1,1,1,1,1,1,1,1,1,1,1,1,1,1,1,1,1,1,1,1,1,1,1,1,1,1,1,1,1,1,1,1,1,1,1,1,1,1
OTU_1706,1,1,1,1,1,1,1,1,1,1,1,1,1,1,1,1,1,1,1,1,1,1,1,1,1,1,1,1,1,1,1,1,1,1,1,1,1,1,1,1,1,1,1,1,1,1,1,1,1,1
OTU_1707,1,1,1,1,1,1,1,1,1,1,1,1,1,1,1,1,1,1,1,1,1,1,1,1,1,1,1,1,1,1,1,1,1,1,1,1,1,1,1,1,1,1,1,1,1,1,1,2,1,1
OTU_1708,1,1,1,1,1,1,1,1,1,1,1,1,1,1,1,1,1,1,1,1,1,1,1,1,1,1,1,1,1,1,1,1,1,1,1,1,1,1,1,1,1,1,1,1,1,1,1,1,1,1
OTU_1709,1,1,1,1,1,1,1,1,1,1,1,1,1,1,1,1,1,1,1,1,1,1,1,1,1,1,1,1,1,1,1,1,1,1,1,1,1,1,1,1,1,1,1,1,1,1,1,1,1,1
OTU_1710,1,1,1,1,1,1,1,1,1,1,1,2,1,1,1,1,1,1,1,1,1,1,1,1,1,1,1,1,1,1,3,1,1,1,1,1,1,1,1,1,1,1,1,1,1,1,1,1,2,1
OTU_1711,1,1,28,1,1,1,1,1,1,1,1,1,1,1,1,1,1,1,1,1,1,1,1,1,1,1,1,1,1,1,1,1,1,1,1,1,28,1,1,1,1,1,1,1,1,1,1,1,1,1
OTU_1712,1,1,1,1,1,1,1,1,1,1,1,1,1,1,1,1,1,1,1,1,1,1,1,1,1,1,1,1,1,1,1,1,1,1,1,1,1,1,1,1,1,1,1,1,1,1,1,1,1,1
OTU_1713,1,1,1,1,1,1,1,1,1,1,1,1,1,1,1,1,1,1,1,1,1,1,1,1,1,1,1,1,1,1,1,1,1,1,1,1,1,1,1,1,1,1,1,1,1,1,1,1,1,1
OTU_1714,602,862,416,178,214,236,202,97,267,67,276,64,221,303,76,39,196,485,49,317,337,165,333,376,787,445,356,695,667,362,224,308,218,272,349,394,228,279,34,197,362,149,253,174,152,883,277,60,276,199
OTU_1715,1,1,1,1,1,1,1,1,1,1,1,1,1,1,1,1,1,1,1,1,1,1,1,1,1,1,1,1,1,1,1,1,1,1,1,1,1,1,1,1,1,1,1,1,1,1,1,1,1,1
OTU_1716,1,1,18,2,4,5,1,375,52,49,1,1,58,57,27,1,1,138,4,1,1,1,35,1,41,181,217,10,1,1,1,257,53,1,1,1,1,1,16,2,4,28,71,1,10,1,4,1,1,9
OTU_1717,1,1,1,1,1,1,1,1,1,1,1,1,1,1,1,1,1,1,1,1,1,1,1,1,1,1,1,1,1,1,1,1,1,1,1,1,1,1,1,1,1,1,1,1,1,1,1,1,1,1
OTU_1718,1,1,1,1,1,62,1,1,1,13,1,34,1,2,1,1,4,3,1,1,1,1,4,13,1,1,1,1,4,1,1,1,7,2,2,6,1,80,5,1,1,1,19,1,2,1,7,1,1,1
OTU_1719,1,1,1,1,1,1,1,1,1,1,1,1,1,1,1,1,1,40,1,1,1,1,1,1,1,1,1,1,1,1,1,1,1,19,1,1,1,1,1,1,1,1,1,1,1,1,1,1,1,40
OTU_1720,1,1,1,1,1,1,2,1,1,1,1,86,1,82,1,1,89,4,1,1,1,3,1,1,1,1,1,1,2,1,1,143,1,13,1,1,12,1,9,11,1,1,1,1,37,1,1,1,1,1
OTU_1721,1,1,1,1,1,1,1,1,1,1,1,1,1,1,1,1,1,1,1,1,1,1,1,1,1,1,1,1,1,1,1,1,1,1,1,1,1,1,1,1,1,1,1,1,1,1,1,1,1,1
OTU_1722,1,1,1,1,1,1,1,1,1,1,1,1,1,1,1,1,1,1,1,1,1,1,1,1,1,1,1,1,1,1,1,1,1,1,1,1,1,1,1,1,1,1,1,1,1,1,1,1,1,1
OTU_1723,1,1,1,1,1,1,1,1,1,1,1,1,1,1,1,1,1,1,1,1,1,1,1,1,1,1,1,1,1,1,1,1,1,1,1,1,1,1,1,1,1,1,1,1,1,1,1,1,1,1
OTU_1724,425,301,113,373,98,103,392,43,82,624,37,206,21,224,170,167,95,27,394,113,65,158,205,93,588,193,111,32,38,66,884,357,1079,284,84,169,111,153,47,163,366,52,390,91,652,208,381,25,156,477
OTU_1725,1,1,1,1,1,1,1,1,1,1,1,1,1,1,1,1,1,1,1,1,1,1,1,1,1,1,1,1,1,1,1,1,1,1,1,1,1,1,1,1,1,1,1,1,1,1,1,1,1,1
OTU_1726,1,1,1,1,1,1,1,1,1,1,1,1,1,1,1,1,1,1,1,1,1,1,1,1,1,1,1,1,1,1,1,1,1,1,1,1,1,1,1,1,1,1,1,1,1,1,1,1,1,1
OTU_1727,8,2,1,21,1,17,1,11,1,145,440,23,1,8,7,2,60,1,32,1,1,11,1,25,51,1,1,1,1,2,1,1,38,120,1,2,3,1,1,8,1,1,13,1,3,1,6,1,1,2
OTU_1728,1,1,1,1,1,1,1,1,1,1,1,1,1,1,1,1,1,1,1,1,1,1,1,1,1,1,1,1,1,1,1,1,1,1,1,1,1,1,1,1,1,1,1,1,1,1,1,1,1,1
OTU_1729,1,1,8,1,19,1,1,1,1,1,1,1,1,1,1,1,1,1,30,1,2,1,2,1,1,1,1,1,1,1,1,1,1,1,1,1,1,1,1,1,1,1,1,24,1,1,1,1,1,1
OTU_1730,1,1,1,1,1,1,1,1,1,1,1,1,1,1,1,1,1,1,1,1,1,1,1,1,1,1,1,1,1,1,1,1,1,1,1,1,1,1,1,1,1,1,1,1,1,1,1,1,1,1
OTU_1731,1,1,1,1,1,1,1,1,31,4,1,1,1,1,194,1,1,1,1,1,1,1,1,1,8,1,1,1,1,1,2,1,1,1,1,1,1,1,1,1,1,1,1,1,2,1,1,1,1,43
OTU_1732,1,1,1,1,1,1,1,1,1,1,1,1,1,1,1,1,1,1,1,1,1,1,1,1,1,1,1,1,1,1,1,1,1,1,1,1,1,1,1,1,1,1,1,1,1,1,1,1,1,1
OTU_1733,1,1,1,1,1,1,1,1,1,1,1,1,1,1,1,1,1,1,1,1,1,1,1,1,1,1,1,1,1,1,1,1,1,1,1,1,1,1,1,1,1,1,1,1,1,1,1,1,1,1
OTU_1734,1,1,1,1,1,1,1,1,1,1,1,1,1,1,1,1,1,1,1,1,1,1,1,1,1,1,1,1,1,1,1,1,1,1,1,1,1,1,1,1,1,1,1,1,1,1,1,1,1,1
OTU_1735,1,1,1,1,1,1,1,1,1,1,1,1,1,1,1,1,1,1,1,1,1,1,1,1,1,1,1,1,1,1,1,1,1,1,1,1,1,1,1,1,1,1,1,1,1,1,1,1,1,1
OTU_1736,1,1,1,1,1,1,1,1,1,1,1,1,1,1,1,1,1,1,1,1,1,1,1,1,1,1,1,1,1,1,1,1,1,1,1,1,1,1,1,1,1,1,1,1,1,1,1,1,1,1
OTU_1737,189,306,172,49,553,265,126,75,207,61,402,151,79,554,165,209,635,132,48,78,51,687,705,140,82,35,23,61,380,155,423,568,246,143,378,200,82,737,106,321,137,499,546,319,703,214,115,67,117,102
OTU_1738,1,1,1,1,1,1,1,1,1,1,1,1,1,1,1,1,1,1,1,1,1,1,1,1,1,1,1,1,1,1,1,1,1,1,1,1,1,1,1,1,1,1,1,1,1,1,1,1,1,1
OTU_1739,82,2,3,2,117,9,143,48,282,1,1,5,37,40,52,9,3,28,1,54,3,1,2,3,34,1,1,1,50,5,10,1,71,42,8,1,1,16,11,1,346,3,2,38,90,1,1,39,1,1
OTU_1740,2,1,2,1,5,1,1,2,1,4,4,1,1,1,1,1,73,1,1,2,1,1,74,1,1,1,13,1,1,4,1,1,1,38,1,1,1,1,1,21,1,9,11,4,13,1,29,1,3,4
OTU_1741,1,1,1,1,1,1,1,1,1,1,1,1,1,1,1,1,1,1,1,1,1,1,1,1,1,1,1,1,1,1,1,1,1,1,1,1,1,1,1,1,1,1,1,1,1,1,1,1,1,1
OTU_1742,1,1,1,1,1,1,1,1,1,1,1,1,1,1,1,1,1,1,1,1,1,1,1,1,1,1,1,1,1,1,1,1,1,1,1,1,1,1,1,1,1,1,1,1,1,1,1,1,1,1
OTU_1743,41,25,14,1,29,1,86,188,18,1,219,22,1,8,422,107,202,90,18,238,99,30,4,26,67,7,137,22,12,2,40,99,75,30,34,1,2,110,73,23,2,15,26,2,3,27,3,1,1,64
OTU_1744,1,1,1,1,1,1,1,1,1,1,1,1,1,1,1,1,1,1,1,1,1,1,1,1,1,1,1,1,1,1,1,1,1,1,1,1,1,1,1,1,1,1,1,1,1,1,1,1,1,1
OTU_1745,1,1,1,1,1,1,1,1,1,1,1,1,1,1,1,1,1,1,19,1,1,1,1,1,1,1,1,1,1,1,1,1,1,1,1,1,1,1,1,1,1,1,1,1,1,1,1,1,1,1
OTU_1746,1,1,1,1,1,1,1,1,1,1,1,1,1,1,1,1,1,1,1,1,1,1,1,1,1,1,1,1,1,1,1,1,1,1,1,1,1,1,1,1,1,1,1,1,1,1,1,1,1,1
OTU_1747,1,1,1,1,1,1,1,1,1,1,1,1,1,1,1,1,1,1,1,1,40,1,1,1,1,1,1,1,1,1,1,1,1,5,1,1,1,1,2,1,1,1,1,18,1,1,182,1,1,1
OTU_1748,1,1,1,1,1,1,1,1,1,1,1,1,1,1,1,1,1,1,1,1,1,1,1,1,1,1,1,1,1,1,1,1,1,1,1,1,1,1,1,1,1,1,1,1,1,1,1,1,1,1
OTU_1749,1,1,1,1,6,1,1,1,1,1,1,1,1,1,1,1,1,1,1,1,1,1,1,1,1,1,2,1,1,1,1,1,1,1,1,1,1,1,1,1,1,1,1,1,1,1,1,1,1,1
OTU_1750,1,3,1,1,1,3,4,1,1,1,49,3,6,1,1,1,2,87,1,99,3,157,1,1,18,23,11,1,65,2,30,48,1,5,211,1,20,35,1,52,1,8,32,3,1,1,1,1,1,258
OTU_1751,1,1,1,1,1,1,1,1,1,1,1,1,1,1,1,1,1,1,1,1,1,1,1,1,1,1,1,1,1,1,1,1,1,1,1,1,1,1,1,1,1,1,1,1,1,1,1,1,1,1
OTU_1752,1,1,1,1,1,1,1,1,1,1,1,1,1,1,1,1,1,1,1,1,1,1,1,1,1,1,1,1,1,1,1,1,1,1,1,1,1,1,1,1,1,1,1,1,1,1,1,1,1,1
OTU_1753,1,1,1,28,1,1,1,11,1,1,1,1,1,1,1,1,22,66,1,1,1,1,21,47,1,1,1,1,1,1,1,1,1,1,1,1,1,1,1,1,1,1,1,1,1,1,2,1,1,1
OTU_1754,1,1,1,1,1,1,1,1,1,1,1,1,1,1,1,1,1,1,1,1,1,1,1,1,1,1,1,1,1,1,1,1,1,1,1,1,1,1,1,1,1,1,1,1,1,1,1,1,1,1
OTU_1755,1,1,1,1,1,1,1,1,1,1,1,1,1,1,1,1,1,1,1,1,1,1,1,1,1,1,1,1,1,1,1,1,1,1,1,1,1,1,1,1,1,1,1,1,1,1,1,1,1,1
OTU_1756,1,1,1,1,1,1,1,1,1,1,1,1,1,1,1,1,1,1,1,1,1,1,1,1,1,1,1,1,1,1,1,1,1,1,1,1,1,1,1,1,1,1,1,1,1,1,1,1,1,1
OTU_1757,1,1,1,1,1,1,1,1,1,1,1,1,1,1,1,1,1,1,1,1,1,1,1,1,1,1,1,1,1,1,1,1,1,1,1,1,1,1,1,1,1,1,1,1,1,1,1,1,1,1
OTU_1758,1,1,1,1,1,1,1,1,1,1,1,1,1,1,1,1,1,1,1,1,1,1,1,1,1,1,1,1,1,1,1,1,1,1,1,1,1,1,1,1,1,1,1,1,1,1,1,1,1,1
OTU_1759,4,132,15,77,157,40,2,125,13,128,98,10,331,197,39,5,52,81,159,19,270,85,15,69,73,2,60,88,322,21,129,61,73,140,247,206,46,78,254,144,12,75,105,40,452,168,17,3,48,268
OTU_1760,1,1,1,1,1,1,1,1,1,1,1,1,1,1,1,1,1,1,1,1,1,1,1,1,1,1,1,1,1,1,1,1,1,1,1,1,1,1,1,1,1,1,1,1,1,1,1,1,1,1
OTU_1761,114,379,286,1,135,70,27,157,65,301,8,64,66,478,240,42,240,4,232,78,137,489,119,72,156,14,118,33,108,181,101,70,14,207,18,281,51,26,63,125,422,121,66,31,36,103,33,81,224,367
OTU_1762,1,1,1,1,1,1,1,1,1,1,1,1,1,1,1,1,1,1,1,1,1,1,1,1,1,1,1,1,1,1,1,1,1,1,1,1,1,1,1,1,1,1,1,1,1,1,1,1,1,1
OTU_1763,1,1,1,1,1,1,1,1,1,1,1,1,1,1,1,1,1,1,1,1,1,1,1,1,1,1,1,1,1,1,1,1,1,1,1,1,1,1,1,1,1,1,1,1,1,1,1,1,1,1
OTU_1764,1,1,1,1,1,1,1,1,1,1,1,1,1,1,1,1,1,1,1,1,1,1,1,1,1,1,1,1,1,1,1,1,1,1,1,1,1,1,1,1,1,1,1,1,1,1,1,1,1,1
OTU_1765,1,1,1,1,1,1,1,1,1,1,1,1,1,1,1,1,1,1,1,1,1,1,1,1,1,1,1,2,1,1,1,1,1,1,1,1,1,1,1,17,1,1,1,1,1,1,1,1,16,1
OTU_1766,1,1,1,1,1,1,1,1,1,1,1,1,1,1,1,1,1,1,1,1,1,1,1,1,1,1,1,1,1,1,1,1,1,1,1,1,1,1,1,1,1,1,1,1,1,1,1,1,1,1
OTU_1767,1,1,1,1,2,2,27,1,1,195,1,1,1,1,1,36,1,56,1,1,1,1,1,1,1,1,1,1,1,2,1,13,1,1,1,2,1,1,1,3,1,3,1,1,1,3,1,1,1,1
OTU_1768,1,1,30,57,1,1,1,2,1,1,1,1,1,1,1,1,1,1,1,1,2,1,1,1,1,1,1,1,1,1,1,1,1,5,1,1,2,1,1,1,1,1,30,1,1,1,1,1,16,1
OTU_1769,1,1,1,1,1,1,1,1,1,1,1,1,1,1,1,1,1,1,1,1,1,1,1,1,1,1,1,1,1,1,1,1,1,1,1,1,145,1,1,1,1,1,1,1,1,1,1,1,1,1
OTU_1770,1,1,1,1,1,1,1,1,1,1,1,1,1,1,1,1,1,1,1,1,1,1,1,1,2,1,1,1,1,1,1,1,1,1,1,1,1,1,1,1,1,1,2,1,1,1,1,1,1,1
OTU_1771,1,1,1,1,1,1,1,1,1,1,1,1,1,1,1,1,1,1,1,1,1,1,1,1,1,1,1,1,1,1,1,1,1,1,1,1,1,1,1,1,1,1,1,1,1,1,1,1,1,1
OTU_1772,1,1,1,1,1,1,1,1,1,1,1,1,1,1,1,1,1,1,1,1,1,1,1,1,1,1,1,1,1,1,1,1,1,1,1,1,1,1,1,1,1,1,1,1,1,1,1,1,1,1
OTU_1773,1,1,1,1,1,1,1,1,1,1,1,1,1,1,1,1,1,1,1,1,1,1,1,1,1,1,1,1,1,1,1,1,1,1,1,1,1,1,1,1,1,1,1,1,1,1,1,1,1,1
OTU_1774,1,1,1,1,1,1,1,1,1,1,1,1,1,1,1,1,1,1,1,1,1,1,1,1,1,1,1,1,1,1,1,1,1,1,1,1,1,1,1,1,1,1,1,1,1,1,1,1,1,1
OTU_1775,1,1,1,1,1,1,1,1,1,1,1,1,1,1,1,1,1,1,1,1,1,1,1,1,1,1,1,1,1,1,1,2,1,1,1,1,1,1,1,1,1,1,1,1,1,1,1,1,1,1
OTU_1776,1,1,1,1,1,1,1,1,1,1,1,1,1,1,1,1,1,1,1,1,1,1,1,1,1,1,1,1,1,1,1,1,1,1,1,1,1,1,1,1,1,1,1,1,1,1,1,1,1,1
OTU_1777,1,1,1,1,1,1,1,1,1,1,1,1,1,1,1,1,1,1,1,1,1,1,1,1,1,1,1,1,1,1,1,1,1,1,1,1,1,1,1,1,1,1,1,1,1,1,1,1,1,1
OTU_1778,1,1,1,1,1,1,1,11,1,22,1,5,1,71,3,1,1,22,1,1,4,1,8,1,1,2,1,1,1,1,1,1,1,1,1,1,15,1,1,1,1,1,4,1,1,1,1,1,1,107
OTU_1779,1,1,1,1,1,1,1,1,1,1,1,1,1,1,1,1,1,1,1,1,1,1,1,1,1,1,1,1,1,1,1,1,1,1,1,1,1,1,1,1,1,1,1,1,1,1,1,1,1,1
OTU_1780,1,1,1,1,1,1,1,1,1,1,1,1,1,1,1,1,1,1,1,1,1,1,1,1,1,1,1,1,1,1,1,1,1,1,1,1,1,1,1,1,1,1,1,1,1,1,1,1,1,1
OTU_1781,1,1,1,1,1,1,1,1,1,1,1,1,1,1,1,1,1,1,1,1,1,1,1,1,1,1,1,1,1,1,1,1,1,1,1,1,1,1,1,1,1,1,1,1,1,1,1,1,1,1
OTU_1782,1,1,1,1,1,1,1,1,1,1,1,1,1,1,1,1,1,1,1,1,1,1,1,1,1,1,1,1,1,1,1,1,1,3,1,1,1,1,1,1,1,1,1,1,4,2,5,1,1,1
OTU_1783,1,1,1,1,1,1,1,1,1,1,1,1,1,1,1,1,1,1,1,1,1,1,1,1,1,1,1,1,1,1,1,1,1,1,1,1,1,1,1,1,1,1,1,1,1,1,1,1,1,1
OTU_1784,1,1,1,1,1,1,1,1,1,1,1,1,1,1,1,1,1,1,1,1,1,1,1,1,1,1,1,1,1,1,1,1,1,1,1,1,1,1,1,1,1,1,1,1,1,1,1,1,1,1
OTU_1785,1,1,1,1,1,1,1,1,1,1,1,1,1,1,1,1,1,1,1,1,1,1,1,1,1,1,1,1,1,1,1,1,1,1,1,1,1,1,1,1,1,1,1,1,1,1,1,1,1,1
OTU_1786,1,1,1,1,1,1,1,1,1,1,1,1,1,1,1,1,1,1,1,1,1,1,1,1,1,1,1,1,1,1,1,1,1,1,1,1,1,1,1,1,1,1,1,1,1,1,1,1,1,1
OTU_1787,1,1,1,1,1,1,1,1,1,1,1,1,1,1,1,1,1,1,1,1,1,1,1,1,1,1,1,1,1,1,1,1,1,1,1,1,1,1,1,1,1,1,1,1,1,1,1,1,1,1
OTU_1788,1,1,1,1,1,1,1,1,1,1,1,1,1,1,1,1,1,1,1,1,1,1,1,1,1,1,1,1,1,1,1,1,1,1,1,1,1,1,1,1,1,1,1,1,1,1,1,1,1,1
OTU_1789,139,23,831,24,641,236,43,53,17,93,7,214,92,39,51,8,3,200,77,3,23,4,14,107,20,84,7,21,59,313,245,101,9,45,35,34,140,28,345,38,112,40,121,97,195,126,31,37,69,9
OTU_1790,59,55,2,4,104,17,6,8,27,1,37,24,82,5,5,40,9,2,14,343,4,9,130,3,60,40,23,12,280,6,100,15,1,20,262,45,7,88,2,1,6,12,36,18,43,6,2,20,1,13
OTU_1791,64,2,1,1,1,1,5,1,136,6,75,7,99,73,31,352,18,134,25,4,3,1,5,1,65,1,2,3,1,5,1,4,1,2,3,3,34,197,20,8,3,34,9,1,56,33,1,3,31,1
OTU_1792,1,1,1,1,1,1,1,1,1,1,1,1,1,1,1,1,1,1,1,1,1,1,1,1,1,1,1,1,1,1,1,1,1,1,1,1,1,1,1,1,1,1,1,1,1,1,1,1,1,1
OTU_1793,1,1,1,1,1,1,1,1,1,1,1,1,1,1,1,1,1,1,1,1,1,1,1,1,1,1,1,1,1,1,2,1,1,1,1,1,1,1,1,1,1,1,1,1,1,1,1,1,1,1
OTU_1794,1,1,1,1,1,1,1,1,1,1,1,1,1,1,1,1,1,1,1,1,2,1,1,1,1,1,1,1,1,1,1,1,1,1,1,1,1,1,1,1,1,1,1,1,1,1,1,1,1,1
OTU_1795,1,1,1,1,1,1,1,1,1,1,1,1,1,1,1,1,1,1,1,1,1,1,1,1,1,1,1,1,1,1,1,1,1,1,1,1,1,1,1,1,1,1,1,1,1,1,1,1,1,1
OTU_1796,1,58,1,105,80,1,289,1,1,1,38,1,109,105,76,1,1,3,1,3,1,1,1,7,1,1,5,44,1,46,12,2,1,6,1,3,4,9,9,14,55,3,218,37,13,196,2,3,1,13
OTU_1797,1,1,1,1,1,1,1,6,1,1,1,1,1,1,60,1,1,1,1,1,1,1,1,1,1,1,1,1,1,1,1,1,1,1,1,1,1,1,1,1,1,1,1,1,1,1,1,1,1,1
OTU_1798,1,1,1,1,1,1,1,1,1,1,1,1,1,1,1,1,1,1,1,1,1,1,1,1,1,1,1,1,1,1,1,1,1,1,1,1,1,1,1,1,1,1,1,1,1,1,1,1,1,1
OTU_1799,1,1,1,1,9,1,1,1,1,131,1,1,1,1,1,1,1,1,1,1,1,28,1,1,1,1,1,8,1,1,1,1,1,1,1,1,1,1,1,1,1,1,1,1,5,1,1,1,1,1
OTU_1800,1,1,1,1,1,1,1,1,1,1,1,1,1,1,1,1,1,1,1,1,1,1,1,1,1,1,1,1,1,1,1,1,1,1,1,1,1,1,1,1,1,1,1,1,1,1,1,1,1,1
OTU_1801,1,1,1,1,1,1,1,1,1,1,1,1,1,1,1,1,1,1,1,1,1,1,1,1,1,1,1,1,1,1,1,1,1,1,1,1,1,1,1,1,1,1,1,1,1,1,1,1,1,1
OTU_1802,1,1,1,1,1,1,1,1,1,1,1,1,1,1,1,1,1,1,1,1,1,1,1,1,1,1,1,1,1,1,1,1,1,1,1,1,28,1,1,1,1,1,1,1,1,1,1,2,1,1
OTU_1803,1,1,1,1,8,1,1,1,1,1,1,1,1,1,1,1,1,1,1,1,1,1,1,1,1,1,1,1,1,1,1,1,1,1,1,1,1,1,1,1,1,1,1,1,1,1,1,1,1,1
OTU_1804,68,176,8,21,2,6,19,172,71,23,105,1,2,53,23,23,1,6,31,466,92,2,11,5,80,17,198,11,12,12,66,23,1,7,72,740,215,2,13,131,7,392,4,19,24,4,1,84,107,31
OTU_1805,1,1,1,1,1,1,1,1,1,1,1,1,1,1,1,1,1,1,1,1,1,1,1,1,1,1,1,1,1,1,1,1,1,1,1,1,1,1,1,1,1,1,1,1,1,1,1,1,1,1
OTU_1806,1,1,1,1,1,1,1,1,1,1,1,1,5,1,1,1,1,1,1,1,1,1,1,1,1,1,1,1,1,1,1,8,1,1,1,1,1,1,1,1,1,1,1,1,1,1,1,1,1,1
OTU_1807,52,102,90,74,21,147,724,143,64,117,181,78,109,23,224,123,115,181,19,112,18,68,80,426,99,97,4,305,263,14,235,491,37,205,74,304,274,235,75,26,138,510,605,202,800,68,120,45,60,91
OTU_1808,1,1,1,1,1,1,1,1,1,1,1,1,1,1,1,1,1,1,1,1,1,1,19,1,1,1,1,1,1,1,1,1,1,1,1,1,1,1,1,1,1,1,1,1,1,1,1,1,1,1
OTU_1809,10,17,1,1,12,13,44,49,2,15,3,314,30,9,84,60,1,1,27,101,1,314,9,3,30,5,1,4,38,5,11,1,2,18,2,155,55,102,3,87,2,1,360,17,1,257,7,19,140,2
OTU_1810,1,1,1,1,1,1,1,1,1,1,1,1,1,1,1,1,1,1,1,1,1,1,1,1,1,1,1,1,1,1,1,1,1,1,1,1,1,1,1,1,1,1,1,1,1,1,1,1,1,1
OTU_1811,1,1,1,1,1,1,1,1,1,1,1,1,1,1,1,1,1,1,1,1,1,1,1,1,1,1,1,1,1,1,1,1,1,1,1,1,1,1,1,1,1,1,1,1,1,1,1,1,1,1
OTU_1812,1,1,1,1,1,1,1,1,1,1,1,1,1,1,1,1,1,1,1,1,1,1,1,1,1,1,1,1,1,1,1,1,1,1,1,1,1,1,1,1,1,1,1,1,1,1,1,1,1,1
OTU_1813,1,1,4,1,1,1,1,1,1,1,1,1,1,1,1,1,1,1,1,1,1,1,1,1,1,1,1,1,1,1,1,1,1,1,1,1,1,1,1,1,1,1,1,1,1,1,1,1,1,1
OTU_1814,1,1,1,1,1,1,1,1,1,1,1,1,1,1,1,1,1,1,1,1,1,1,1,1,1,1,1,1,1,1,1,1,1,1,1,1,1,1,1,1,1,1,1,1,1,1,1,1,1,1
OTU_1815,1,1,1,1,1,1,1,1,1,1,1,1,1,1,1,1,1,1,1,1,1,1,1,1,1,1,1,1,1,1,1,1,1,1,1,1,1,1,1,1,1,1,1,1,1,1,1,1,1,1
OTU_1816,1,1,1,1,1,1,1,1,1,1,1,1,1,2,1,1,1,1,1,1,1,1,1,1,1,1,1,1,1,1,1,1,1,1,1,1,1,1,1,1,1,1,1,1,1,1,1,1,1,1
OTU_1817,1,1,1,1,1,1,1,1,1,1,1,1,1,1,1,1,1,1,1,1,1,1,1,1,1,1,1,1,1,1,1,1,1,1,1,1,1,1,1,1,1,1,1,1,1,1,1,1,1,1
OTU_1818,1,1,1,1,1,1,1,1,1,1,1,1,1,1,1,1,1,1,1,1,1,1,3,1,1,1,1,1,1,1,1,1,1,1,1,1,1,1,8,1,4,1,1,1,9,128,2,1,1,1
OTU_1819,1,1,3,1,1,1,32,203,1,1,1,97,1,17,4,1,43,64,1,1,1,24,1,35,1,37,1,1,85,1,1,12,1,2,1,1,1,1,9,1,14,192,1,6,1,276,4,63,1,173
OTU_1820,1,1,1,1,1,1,1,1,1,1,1,1,1,1,1,1,1,1,1,1,1,1,1,1,1,1,1,1,1,1,1,1,1,1,1,1,1,1,1,1,1,1,1,1,1,1,1,1,1,1
OTU_1821,1,1,2,2,1,202,79,476,50,33,457,50,25,5,3,19,1,10,17,199,98,9,28,1,84,25,31,1,27,4,4,124,12,78,1,23,21,1,3,1,1,1,26,2,68,15,1,190,54,1
OTU_1822,1,1,1,1,1,1,1,1,1,1,331,1,1,1,1,1,1,1,1,1,1,1,1,1,1,1,1,1,1,1,1,1,1,1,1,1,1,1,1,1,1,1,1,1,1,1,1,1,1,1
OTU_1823,1,1,1,1,1,1,1,1,1,1,1,1,1,1,1,1,1,1,1,1,1,1,1,1,1,1,1,1,1,1,1,1,1,1,1,1,1,1,1,1,1,1,1,1,1,1,1,1,1,1
OTU_1824,1,1,1,1,1,1,1,1,1,1,1,1,1,1,1,1,1,1,1,1,1,1,1,1,1,1,325,1,1,1,1,1,1,1,1,1,1,1,1,1,1,1,1,1,1,1,1,1,1,1
OTU_1825,1,1,1,1,1,1,1,1,1,1,1,1,1,1,1,1,1,1,1,1,1,1,1,1,1,1,1,1,1,1,1,1,1,1,1,1,1,1,1,1,1,1,1,1,1,1,1,1,1,1
OTU_1826,1,1,1,1,1,1,1,1,1,1,1,1,1,1,1,1,1,1,1,1,1,1,1,1,1,1,1,1,1,1,1,1,1,1,1,1,1,1,1,1,1,1,1,1,1,1,1,1,1,1
OTU_1827,1,34,1,1,1,1,1,1,1,1,1,1,1,1,1,1,1,1,1,77,18,1,1,1,1,1,1,1,1,1,1,1,1,1,1,1,1,1,1,1,1,1,1,1,1,1,1,1,1,1
OTU_1828,2,1,1,1,1,1,23,1,59,1,1,5,1,1,1,1,1,1,1,1,1,1,4,1,3,1,1,1,1,1,1,1,1,1,1,1,1,1,1,1,1,1,1,1,1,1,1,1,1,4
OTU_1829,1,1,1,1,1,1,1,1,1,1,1,1,1,1,1,1,1,1,1,1,1,1,1,1,1,1,1,1,1,1,1,1,1,1,1,1,1,1,1,1,1,1,1,1,1,1,1,1,1,1
OTU_1830,1,1,1,1,1,1,1,1,1,1,1,1,1,1,1,1,1,1,1,1,1,1,1,1,1,1,1,1,1,1,1,1,1,1,1,1,1,1,1,1,1,1,1,1,1,1,1,1,1,1
OTU_1831,1,9,1,1,1,1,1,1,1,1,1,1,1,1,1,1,1,1,1,1,1,1,1,1,1,1,1,1,1,1,1,1,1,1,1,1,1,1,1,1,1,1,1,1,1,1,1,1,1,1
OTU_1832,64,44,19,128,109,184,17,13,83,327,66,66,216,33,307,124,138,13,71,49,168,98,134,821,56,34,370,34,36,12,796,278,64,5,476,247,30,258,120,155,34,128,184,877,60,92,241,251,137,201
OTU_1833,1,1,1,1,1,1,1,1,1,1,1,1,1,1,1,1,1,1,1,1,1,1,1,1,1,1,1,1,1,1,1,1,1,1,1,1,1,1,1,1,1,1,1,1,1,1,1,1,1,1
OTU_1834,1,1,294,42,9,1,157,1,15,90,1,56,120,4,1,7,20,40,87,41,1,105,82,66,9,1,1,62,92,24,67,135,1,23,1,3,2,56,7,348,1,104,39,2,6,26,4,1,130,5
OTU_1835,1,1,1,1,1,1,1,1,1,1,1,1,1,1,1,1,1,1,1,1,1,1,1,1,1,1,1,1,1,1,1,41,1,1,1,1,1,1,1,1,1,1,1,1,1,1,1,1,1,1
OTU_1836,1,1,1,1,1,1,1,1,1,1,1,1,1,1,1,1,1,1,1,1,1,1,1,1,1,1,1,1,1,1,1,1,1,1,1,1,1,1,1,1,1,1,1,1,1,1,1,1,1,1
OTU_1837,1,1,1,1,1,1,1,1,1,1,1,1,1,1,1,1,1,1,1,1,1,1,1,1,1,1,1,1,1,1,1,1,1,1,1,1,1,1,1,1,1,1,1,1,1,1,1,1,1,1
OTU_1838,1,1,1,1,1,1,1,1,1,1,1,1,1,1,1,1,1,1,1,1,1,1,1,1,1,1,1,1,1,1,1,1,1,1,1,1,1,1,1,1,1,1,1,1,1,1,1,1,1,1
OTU_1839,1,1,1,1,31,1,1,1,1,1,1,1,1,1,1,1,1,1,1,1,1,1,1,1,1,1,1,1,1,1,1,1,1,1,1,1,1,1,1,1,1,1,1,1,1,1,1,1,1,1
OTU_1840,1,1,1,1,1,1,1,1,1,1,1,1,1,1,1,1,1,1,1,1,1,1,1,1,1,1,1,1,1,1,1,1,1,1,1,1,1,1,1,1,1,1,1,1,1,1,1,1,1,1
OTU_1841,1,1,1,1,1,1,1,1,1,1,1,1,1,1,1,1,1,1,1,1,1,1,1,1,1,1,1,1,1,1,1,1,1,1,1,1,1,1,1,1,1,1,1,1,1,1,1,1,1,1
OTU_1842,1,1,1,1,1,1,1,1,1,1,1,1,1,1,1,1,1,1,1,1,1,2,1,1,1,1,1,1,1,1,1,1,1,1,1,1,1,1,1,1,1,1,1,1,1,1,1,1,1,1
OTU_1843,1,1,1,1,1,1,1,1,1,1,1,1,1,1,1,1,1,1,1,1,1,1,1,1,1,1,1,1,1,1,1,1,1,1,1,1,1,1,1,1,1,1,1,1,1,1,1,1,1,1
OTU_1844,1,1,1,1,1,1,1,1,1,1,1,1,1,1,1,1,1,1,1,1,1,1,1,1,1,1,1,1,1,1,1,1,1,1,1,1,1,1,1,1,1,1,1,1,1,1,1,1,1,1
OTU_1845,1,1,1,1,15,1,69,1,2,2,1,1,1,1,1,1,1,1,1,1,2,1,1,1,97,25,1,1,1,1,1,1,12,148,1,1,1,1,1,1,1,1,16,1,1,1,1,1,1,285
OTU_1846,1,1,44,132,33,29,1,39,1,8,1,8,1,8,27,1,1,43,1,5,7,1,1,1,40,12,45,1,1,1,1,2,1,1,10,1,1,1,1,1,16,5,1,1,1,1,1,18,1,56
OTU_1847,1,1,1,1,1,1,1,1,1,1,1,1,1,1,1,1,1,1,1,1,1,1,1,1,1,1,1,1,1,1,1,1,1,1,2,1,1,1,1,1,1,1,1,1,1,1,1,1,1,1
OTU_1848,1,1,1,1,1,1,1,1,1,1,1,1,1,1,1,1,1,1,1,1,1,1,1,1,1,1,1,1,1,1,1,1,1,1,1,1,1,1,1,1,1,1,1,1,1,1,1,1,1,1
OTU_1849,3,1,1,1,1,1,1,1,71,1,1,1,1,1,2,1,1,2,1,1,1,2,91,1,1,11,7,1,1,1,1,1,1,46,1,103,1,1,1,1,1,1,1,1,1,1,1,1,2,1
OTU_1850,1,1,1,1,1,1,1,1,1,1,1,1,1,1,1,1,1,1,1,1,1,1,1,1,1,1,1,1,1,1,1,1,1,1,1,1,1,1,1,1,1,1,1,1,1,1,1,1,1,1
OTU_1851,1,1,26,1,1,1,1,1,1,1,1,1,1,1,1,1,1,1,1,1,1,1,1,1,1,1,1,1,1,1,1,1,1,1,1,1,1,1,1,1,1,1,1,65,1,1,1,1,1,1
OTU_1852,1,1,1,1,1,1,1,1,1,1,1,1,1,1,1,1,1,1,1,1,1,1,1,1,1,1,1,1,1,1,1,85,1,1,1,1,1,1,1,1,1,1,1,1,1,1,1,1,1,1
OTU_1853,127,33,55,1,86,1,1,199,1,1,1,2,1,2,1,1,1,1,1,1,5,5,5,1,12,1,1,1,24,3,1,1,3,1,1,55,7,1,3,1,1,1,1,1,1,1,1,5,1,1
OTU_1854,4,20,6,48,3,82,5,26,264,16,46,38,26,1,176,1,2,19,16,1,2,2,2,1,2,287,365,58,143,19,12,60,1,1,52,1,5,8,305,1,1,1,1,283,1,1,33,8,2,43
OTU_1855,1,1,1,1,1,1,1,1,1,1,1,1,1,1,1,1,1,1,1,1,1,1,1,1,1,1,1,1,1,1,1,1,1,1,1,1,1,1,1,1,1,1,1,1,1,1,1,1,8,1
OTU_1856,1,1,1,1,1,1,1,1,1,1,1,1,1,1,1,1,1,1,1,1,1,1,1,1,1,1,1,1,1,1,1,1,1,1,1,1,1,1,1,1,1,1,1,1,1,1,1,1,1,1
OTU_1857,1,1,1,1,1,1,1,1,1,1,1,1,1,1,1,1,1,1,1,1,1,1,1,1,1,1,1,1,1,1,1,1,1,1,1,1,1,1,1,1,1,1,1,1,1,1,1,1,1,1
OTU_1858,1,1,54,18,1,1,45,18,1,3,57,1,1,4,46,2,6,115,1,5,2,3,24,3,31,49,55,47,21,1,99,7,69,6,29,1,1,14,2,22,2,1,1,39,1,1,48,9,33,35
OTU_1859,1,1,1,1,1,1,1,10,1,1,1,1,1,1,1,1,1,1,1,1,1,270,1,1,1,1,1,1,1,1,1,1,1,1,95,1,1,1,1,1,1,1,1,1,1,1,1,1,1,6
OTU_1860,1,1,1,1,1,1,1,1,1,1,1,2,1,1,1,1,1,1,1,1,1,1,1,1,1,1,1,1,1,1,1,1,1,1,1,1,1,1,1,1,1,1,1,1,1,1,1,1,1,1
OTU_1861,346,2,2,1,1,8,33,24,4,23,42,1,1,1,103,32,1,23,1,1,1,2,37,1,107,164,3,1,13,23,19,1,11,47,1,145,1,21,3,16,7,1,1,2,3,2,1,4,4,69
OTU_1862,1,1,1,1,1,1,1,1,1,1,1,1,198,25,1,1,1,1,1,1,1,1,1,1,1,1,1,1,1,1,1,1,1,1,1,1,1,1,1,1,1,1,1,1,1,1,1,1,1,1
OTU_1863,1,1,1,1,1,1,1,1,1,1,1,1,1,1,1,1,1,1,1,1,1,1,1,1,1,1,1,1,1,1,1,1,1,1,1,1,1,1,1,1,1,1,1,1,1,1,1,1,1,1
OTU_1864,1,1,1,1,1,1,1,1,1,1,1,1,1,1,1,1,1,1,1,1,1,1,1,1,1,1,1,1,1,1,1,1,1,1,1,1,1,1,1,1,1,1,1,1,1,1,1,1,1,1
OTU_1865,1,1,2,1,1,1,1,1,1,1,1,1,1,1,1,1,1,1,1,1,1,1,1,1,1,1,1,1,1,1,1,23,1,1,1,1,1,1,1,1,1,1,1,1,1,1,1,1,1,1
OTU_1866,1,1,2,3,1,1,2,1,1,5,1,1,1,1,14,2,1,1,1,1,26,90,1,1,1,1,1,1,1,1,1,1,1,1,20,1,1,1,1,1,13,349,1,9,3,7,1,1,5,1
OTU_1867,1,1,1,1,1,1,1,1,1,1,1,1,1,1,1,1,1,1,1,1,1,1,1,1,1,1,1,1,1,1,1,1,1,1,1,1,1,1,1,1,1,1,1,1,1,1,1,1,1,1
OTU_1868,1,1,1,1,1,1,1,1,1,1,1,1,1,1,1,1,1,1,1,1,1,1,1,2,1,1,1,1,1,1,12,1,1,1,1,1,1,1,1,1,1,1,1,1,1,1,1,1,1,1
OTU_1869,1,1,1,1,1,1,1,1,1,1,1,1,1,1,1,1,1,1,1,1,1,1,1,1,1,1,1,1,1,1,1,1,1,1,1,1,1,1,1,1,1,1,1,1,1,1,1,1,1,1
OTU_1870,1,1,1,1,1,1,1,1,37,1,1,1,1,1,1,1,1,1,1,1,1,1,1,1,1,1,1,1,1,1,1,181,1,1,1,1,1,1,2,1,1,1,1,1,1,1,1,1,1,1
OTU_1871,1,1,1,1,1,1,9,1,1,1,1,1,1,1,1,1,1,1,1,1,1,1,67,1,1,1,2,1,1,1,1,1,1,1,1,1,1,1,1,2,1,1,1,1,1,1,1,1,1,1
OTU_1872,1,1,1,1,1,1,1,1,1,1,1,1,1,1,1,1,1,1,1,1,1,1,1,1,1,1,1,1,1,1,1,1,1,1,1,1,1,1,1,1,1,1,1,1,1,1,1,1,1,1
OTU_1873,1,1,1,1,1,1,1,1,1,1,1,1,1,1,1,1,1,1,1,1,1,1,1,1,1,1,1,1,1,1,1,1,1,1,1,1,1,1,1,1,1,1,1,1,1,1,1,1,1,1
OTU_1874,1,1,1,1,1,1,1,1,1,1,1,1,1,1,1,1,1,1,1,1,1,1,1,1,1,1,1,1,1,1,1,1,1,1,1,1,1,1,1,1,1,1,1,1,1,1,1,1,1,1
OTU_1875,1,1,1,1,1,1,1,1,1,1,1,1,1,1,1,1,1,1,1,1,1,1,1,1,1,1,1,1,1,1,1,1,1,1,1,1,1,1,1,1,1,1,1,1,1,1,1,1,1,1
OTU_1876,1,1,1,1,1,1,1,1,1,1,1,1,1,1,1,1,1,1,1,1,1,1,1,1,1,1,1,1,1,1,1,1,1,1,1,1,1,1,1,1,1,1,1,1,1,1,1,1,1,1
OTU_1877,1,1,1,1,1,1,1,1,1,1,1,1,1,1,1,1,1,1,1,1,1,1,1,1,1,1,1,1,1,1,1,1,1,1,1,1,1,1,1,1,1,1,1,1,1,1,1,1,1,1
OTU_1878,1,1,2,1,1,1,1,1,1,1,1,1,1,1,1,1,1,10,1,1,1,3,1,5,1,1,1,1,1,1,1,1,1,1,1,1,1,1,1,1,1,1,1,1,1,1,1,10,1,1
OTU_1879,1,1,11,3,94,1,1,23,200,1,152,1,5,24,4,1,91,1,2,9,3,1,85,1,16,92,5,10,4,7,2,1,2,1,7,1,353,3,48,32,94,436,48,43,98,1,1,5,1,68
OTU_1880,1,1,1,1,1,1,1,1,1,1,1,1,1,1,1,1,1,1,1,1,1,1,1,1,1,1,1,1,1,1,1,1,1,1,1,1,1,1,1,1,1,1,1,1,1,1,1,1,1,1
OTU_1881,1,1,1,1,1,1,1,1,1,1,1,1,1,1,1,1,1,1,1,1,1,1,1,1,1,1,1,1,1,1,1,1,1,1,1,1,1,1,1,1,1,1,1,1,1,1,1,1,1,1
OTU_1882,915,481,549,693,291,569,140,68,116,343,715,584,146,397,213,214,429,255,1091,153,774,207,372,677,622,607,970,226,324,735,550,639,316,158,700,261,591,502,998,1064,646,85,266,715,249,976,206,594,354,311
OTU_1883,1,1,1,1,1,1,1,1,1,1,1,1,1,1,1,1,1,1,1,1,1,1,1,1,1,1,1,1,1,1,1,1,1,1,1,1,1,1,1,1,1,1,1,1,1,1,1,1,1,1
OTU_1884,1,1,1,1,1,1,1,1,1,4,1,1,1,1,1,1,1,1,1,1,1,1,1,1,1,1,1,1,1,1,1,1,1,1,1,1,1,1,1,1,1,1,1,1,1,1,1,1,1,1
OTU_1885,1,1,1,1,1,1,1,1,1,1,1,1,1,1,1,1,1,1,1,1,1,1,1,1,1,1,1,1,1,1,1,1,1,1,1,1,1,1,1,1,1,1,1,1,2,1,1,1,1,1
OTU_1886,1,1,1,1,1,1,1,1,1,1,1,1,1,1,1,1,1,1,1,1,1,1,1,1,1,1,1,1,1,1,1,1,1,1,1,1,1,1,1,1,1,1,1,1,1,1,1,1,1,1
OTU_1887,1,1,1,1,1,1,1,1,1,1,1,1,1,1,1,1,1,1,1,1,1,1,1,1,1,1,1,1,1,1,1,1,1,1,1,1,1,1,1,1,1,1,1,1,1,1,1,1,1,1
OTU_1888,1,1,1,1,1,1,1,1,1,1,1,1,1,1,1,1,1,1,1,1,1,1,1,1,1,1,1,1,1,1,1,1,1,1,1,1,1,1,1,1,1,1,1,1,1,1,1,1,1,1
OTU_1889,1,1,1,3,27,1,1,6,1,1,1,1,1,1,1,6,1,1,1,2,1,1,1,1,1,1,1,1,7,1,1,1,1,1,1,8,1,1,1,1,1,1,1,1,1,1,1,4,1,1
OTU_1890,1,1,1,1,1,1,1,1,1,1,1,1,1,1,1,1,1,1,1,1,1,1,1,1,1,1,1,1,1,1,1,1,1,1,1,1,1,1,1,1,1,1,1,1,1,1,1,1,1,1
OTU_1891,1,1,1,1,1,1,1,1,1,1,1,2,1,1,1,1,1,1,1,1,1,1,1,1,1,1,1,1,1,1,1,1,1,1,1,1,1,1,1,1,1,1,1,1,1,1,1,1,1,1
OTU_1892,21,28,304,146,309,123,68,98,74,90,54,11,12,57,27,443,187,35,37,189,16,28,208,6,200,71,23,99,11,77,14,28,2,50,299,122,58,41,277,97,120,96,607,165,26,8,84,59,100,31
OTU_1893,1,1,1,1,1,1,1,1,1,1,1,1,1,1,1,1,1,1,1,1,1,1,1,1,1,1,1,1,1,1,1,1,1,1,1,1,1,1,1,1,1,1,1,1,1,2,1,1,1,1
OTU_1894,1,1,1,1,1,1,1,1,1,1,1,1,1,1,1,1,1,1,1,1,1,1,1,1,1,1,1,1,1,1,1,1,1,1,1,1,1,1,1,1,1,1,1,1,1,1,1,1,1,1
OTU_1895,1,1,1,1,1,1,1,1,1,1,1,1,1,1,1,1,1,1,1,1,1,1,1,1,1,1,1,1,1,1,1,1,1,1,1,1,1,1,1,1,1,1,1,1,1,1,1,1,1,1
OTU_1896,1,1,1,1,1,1,1,1,1,1,1,1,1,1,1,1,1,1,1,1,1,1,1,1,1,1,1,1,1,1,1,1,1,1,1,1,1,1,1,1,1,1,1,1,1,1,1,1,1,1
OTU_1897,1,1,1,1,1,1,1,1,1,1,1,1,1,1,1,1,1,1,1,1,1,1,1,1,1,1,1,1,1,1,1,1,1,1,1,1,1,1,1,1,1,1,1,1,1,1,1,1,1,1
OTU_1898,1,1,1,1,1,1,1,1,1,1,1,1,1,1,1,1,1,1,1,1,1,1,1,1,1,1,1,1,1,1,1,1,1,1,1,1,1,1,1,1,1,1,1,1,1,1,1,1,1,1
OTU_1899,1,1,1,1,1,1,1,1,1,1,1,1,1,1,1,1,1,1,1,1,1,1,1,1,1,1,1,1,1,1,1,1,1,1,1,1,1,1,1,1,1,1,1,1,1,1,1,1,1,1
OTU_1900,1,1,1,1,1,1,2,1,1,2,1,1,1,1,1,1,1,1,1,1,1,1,1,2,1,1,2,11,1,1,31,1,1,1,1,1,1,2,35,182,1,7,1,1,1,1,1,1,1,17
OTU_1901,1,1,1,1,1,1,1,1,1,1,1,1,1,1,1,1,1,1,1,1,1,1,1,1,1,1,1,1,1,1,1,1,1,1,1,1,1,1,1,1,1,1,1,1,1,1,1,1,1,1
OTU_1902,1,1,1,1,1,1,1,1,1,1,1,1,1,1,1,1,1,1,1,1,1,1,1,1,1,1,1,1,1,1,1,1,3,1,1,1,1,1,1,1,1,1,1,1,1,1,1,1,1,1
OTU_1903,1,1,1,1,1,1,1,1,1,1,1,1,1,1,1,1,1,1,1,1,1,1,1,1,1,1,1,1,1,1,1,88,1,1,1,1,1,1,1,1,1,1,1,1,1,1,1,1,1,1
OTU_1904,1,1,1,1,1,1,1,1,1,1,1,1,1,1,1,1,1,1,1,1,1,1,1,1,1,1,1,1,1,1,1,1,1,1,1,1,1,1,1,1,1,1,1,1,1,1,1,1,1,1
OTU_1905,1,1,1,1,1,1,1,1,1,1,1,1,1,1,1,1,1,1,1,1,1,1,1,1,1,1,1,1,1,1,1,1,1,1,1,1,1,1,1,1,1,1,1,1,1,1,1,1,1,1
OTU_1906,1,1,1,1,1,1,1,1,1,1,1,1,1,1,1,1,1,1,1,1,1,1,1,1,1,1,1,1,2,1,1,1,1,1,1,1,1,1,1,1,1,1,1,1,1,1,1,1,1,1
OTU_1907,1,1,1,1,1,1,1,1,1,1,1,1,1,1,1,1,1,1,1,1,1,1,1,1,1,1,1,1,1,1,1,1,1,1,1,1,1,1,1,1,1,1,1,1,1,1,1,1,1,1
OTU_1908,1,1,1,1,1,1,1,1,1,1,1,1,1,1,1,1,1,1,1,1,1,1,1,1,1,1,1,1,1,1,1,1,1,1,1,1,1,1,1,1,1,1,1,1,1,1,1,1,1,1
OTU_1909,1,1,1,1,1,1,1,1,1,1,1,1,1,1,1,1,1,1,1,1,1,1,1,1,1,1,1,1,1,1,1,1,1,1,1,1,1,1,1,1,1,1,1,1,1,1,1,1,1,1
OTU_1910,1,1,1,1,1,1,1,1,1,1,1,1,1,1,1,1,1,1,1,1,1,1,1,1,1,1,1,1,1,1,1,1,1,1,1,1,1,1,1,1,1,1,1,1,1,1,1,1,1,1
OTU_1911,1,20,176,15,14,5,1,35,119,46,276,372,212,47,109,214,6,90,195,18,37,29,288,366,538,84,65,211,19,30,77,69,217,60,407,191,221,230,28,15,88,227,32,27,44,63,1,52,137,18
OTU_1912,1,1,1,1,1,1,1,1,1,1,1,1,1,1,1,1,1,1,1,1,1,1,1,1,1,1,1,1,1,1,1,1,1,1,1,1,1,1,1,1,1,1,1,1,1,1,1,1,1,1
OTU_1913,1,1,1,1,1,1,1,1,1,1,1,1,1,1,1,1,1,1,1,1,1,1,1,1,1,1,1,1,1,1,1,1,1,1,1,1,1,1,1,1,1,1,1,1,1,1,1,1,1,1
OTU_1914,1,1,1,1,1,1,1,1,1,1,1,1,1,1,1,1,1,1,1,1,1,1,1,1,1,1,1,1,1,1,1,1,1,1,1,1,1,1,1,1,1,1,1,1,1,1,1,1,1,1
OTU_1915,1,1,1,1,1,1,1,1,1,1,1,1,1,1,1,1,1,1,1,1,1,1,1,1,1,1,1,1,1,1,1,1,1,1,1,1,1,1,1,1,1,1,1,1,1,1,1,1,1,1
OTU_1916,1,1,1,1,1,1,1,1,1,1,1,1,1,1,3,1,1,1,1,1,1,1,1,1,1,1,1,1,1,1,356,1,1,1,1,1,2,1,1,1,1,1,1,1,1,1,1,1,1,1
OTU_1917,1,1,1,1,1,1,1,1,1,1,1,1,1,1,1,1,1,1,1,1,1,1,1,1,1,1,1,1,1,1,1,1,1,1,1,1,1,1,1,1,1,1,1,1,1,1,1,1,1,1
OTU_1918,98,41,39,2,51,5,7,53,42,585,206,362,300,335,92,10,94,31,56,83,73,24,198,332,193,848,72,7,196,41,216,3,43,226,259,129,242,15,82,151,120,237,242,31,384,1,298,37,81,2
OTU_1919,1,1,1,1,1,1,1,1,1,1,1,1,1,1,1,1,1,1,1,1,1,1,1,1,1,1,1,1,1,1,1,16,1,1,1,1,1,1,1,1,1,1,1,1,1,1,1,1,1,1
OTU_1920,1,1,1,1,1,1,1,1,1,1,1,1,1,1,1,1,1,1,1,1,1,1,1,1,1,1,1,1,1,1,1,1,1,1,1,1,1,1,1,1,1,1,1,1,1,1,1,1,1,1
OTU_1921,15,1,24,169,5,214,41,44,1,44,287,20,19,4,4,2,1,2,3,2,5,5,1,51,6,7,136,10,64,1,2,2,2,89,1,8,2,16,78,23,33,15,74,2,4,57,5,1,59,98
OTU_1922,1,1,1,1,1,1,1,1,1,1,1,1,1,1,1,1,1,1,1,1,1,1,1,1,1,1,1,1,1,1,1,1,1,1,1,1,1,1,1,1,1,1,1,1,1,1,1,1,1,1
OTU_1923,1,1,1,1,1,3,1,1,1,2,1,1,1,1,1,1,1,1,1,1,1,1,1,1,73,1,1,1,1,1,1,102,1,1,12,53,1,1,1,20,1,1,1,1,1,1,1,1,1,1
OTU_1924,1,1,1,1,1,1,1,1,1,1,1,1,1,1,1,1,1,1,1,1,1,1,1,1,1,1,1,1,1,1,1,1,1,1,1,1,1,1,1,1,1,1,1,1,1,1,1,1,1,1
OTU_1925,312,528,733,136,553,230,84,106,166,248,120,446,190,449,160,258,119,196,137,206,366,448,133,124,167,199,138,874,199,162,402,86,62,208,140,326,173,264,298,254,215,505,255,189,243,167,350,23,254,161
OTU_1926,1,1,1,1,1,1,1,1,1,1,1,1,1,1,1,1,1,1,1,1,1,1,1,1,1,1,1,1,1,1,1,1,1,1,1,1,1,1,1,1,1,1,1,1,1,1,1,1,1,1
OTU_1927,1,1,1,1,1,1,1,1,1,1,1,1,1,1,1,1,1,1,1,1,1,1,1,1,1,1,1,1,1,1,1,4,1,1,1,3,1,1,1,1,1,1,1,1,1,1,1,1,1,1
OTU_1928,1,1,1,1,1,1,1,1,1,1,1,1,1,1,1,1,1,1,1,1,1,1,1,1,1,1,1,1,1,1,1,1,1,1,1,1,1,1,1,1,1,1,1,1,1,1,1,1,1,1
OTU_1929,1,1,1,1,1,1,1,1,1,1,1,1,1,1,1,1,1,1,1,1,1,1,1,1,1,1,1,1,1,1,1,1,1,1,1,1,1,1,1,1,1,1,1,1,1,1,1,1,1,1
OTU_1930,1,1,1,1,1,1,1,1,1,1,3,1,1,1,1,1,1,1,1,1,1,1,1,1,1,1,1,1,1,1,1,1,1,1,1,1,1,1,1,1,1,1,1,1,1,1,1,1,1,1
OTU_1931,1,1,1,1,1,1,1,1,1,1,1,1,1,1,1,1,1,1,1,1,1,1,1,1,1,1,1,1,1,1,1,1,1,1,1,1,1,1,1,1,1,1,1,1,1,1,1,1,1,1
OTU_1932,5,10,1,9,5,1,1,1,1,6,1,1,45,34,60,1,1,1,1,1,2,1,1,1,1,1,1,1,1,1,1,1,6,1,1,1,1,1,1,1,1,37,1,1,1,1,1,9,1,1
OTU_1933,1,1,1,1,1,1,1,1,1,1,1,1,1,1,1,1,1,1,1,1,1,1,1,1,1,1,1,1,1,1,1,1,1,1,1,1,1,1,1,1,1,1,1,1,1,1,1,1,1,1
OTU_1934,1,1,1,1,1,1,1,1,1,1,1,1,1,1,1,1,1,1,1,1,1,1,1,1,1,1,1,1,1,1,1,1,1,1,1,1,1,1,1,1,1,1,1,1,1,1,1,1,1,1
OTU_1935,1,1,1,1,1,1,1,1,1,1,1,1,1,1,1,1,1,1,1,1,1,1,1,1,1,1,1,1,1,1,1,1,1,1,1,1,1,1,1,1,1,1,1,1,1,1,1,1,1,1
OTU_1936,1,1,1,1,1,1,1,1,1,1,1,1,1,1,1,1,1,1,1,1,1,1,1,1,1,1,1,1,1,1,1,1,1,1,1,1,1,1,1,1,1,1,1,1,1,1,1,1,1,1
OTU_1937,4,5,2,1,366,81,1,1,2,1,1,26,22,51,153,122,48,5,1,180,305,3,28,286,4,48,14,25,39,14,1,13,96,446,11,40,3,1,1,145,143,52,4,68,1,2,18,211,5,9
OTU_1938,1,1,1,1,1,1,1,1,1,1,1,1,1,1,1,1,1,1,1,1,1,1,1,1,1,1,1,1,1,1,1,1,1,1,1,1,1,1,1,1,1,1,1,1,1,1,1,1,1,1
OTU_1939,1,1,1,1,1,1,1,1,1,1,1,1,1,1,1,1,1,1,1,1,1,1,1,1,1,1,1,1,1,1,1,1,1,1,1,1,1,1,1,1,1,1,1,1,1,1,1,1,1,1
OTU_1940,1,2,1,2,1,8,8,1,53,24,16,1,121,1,42,153,186,15,1,1,3,1,1,1,1,1,29,2,1,7,32,1,4,1,1,1,1,1,8,1,1,1,2,114,97,2,7,131,1,22
OTU_1941,1,1,1,1,1,1,1,1,1,1,1,1,1,1,1,1,1,1,1,1,1,1,1,1,1,1,1,1,1,1,1,1,1,1,1,1,1,1,1,1,1,1,1,1,1,1,1,1,1,1
OTU_1942,1,1,1,1,1,1,1,1,1,1,1,1,1,10,1,1,1,1,1,4,1,1,1,1,1,1,1,1,1,1,4,1,1,26,1,1,1,2,1,2,1,1,1,1,1,1,42,1,1,1
OTU_1943,8,1,1,1,1,1,1,1,1,1,1,1,1,1,1,1,1,1,1,1,4,1,1,1,1,1,1,1,1,1,1,1,1,1,1,1,2,1,1,1,1,1,1,1,1,1,1,1,1,1
OTU_1944,1,1,1,1,1,1,1,1,1,1,1,1,1,1,1,1,1,1,1,1,1,1,1,1,1,1,1,1,1,1,1,1,1,1,1,1,1,1,1,1,1,1,1,1,1,1,1,1,1,1
OTU_1945,66,1,1,7,1,44,442,8,7,1,9,1,183,1,14,1,1,1,318,45,1,28,5,1,1,2,1,5,8,7,1,11,1,1,6,1,28,6,147,1,7,1,4,1,1,2,1,2,244,1
OTU_1946,1,1,1,1,1,1,1,1,1,1,1,1,2,1,1,1,1,1,1,1,1,1,1,1,1,1,1,1,1,1,1,2,1,1,1,1,1,1,1,1,1,1,1,1,1,1,1,1,1,1
OTU_1947,1,1,3,1,1,1,1,1,1,1,1,1,1,1,1,1,1,1,1,1,1,1,1,1,1,1,1,1,1,1,1,1,1,1,1,1,1,4,1,1,1,1,3,6,1,27,1,1,1,1
OTU_1948,1,1,1,1,1,1,1,1,1,1,1,1,1,1,1,1,1,1,1,1,1,1,1,1,1,1,1,1,1,1,1,1,1,1,1,1,1,1,1,1,1,1,1,1,1,1,1,1,1,1
OTU_1949,1,1,1,1,1,1,1,1,1,1,1,1,1,1,1,1,1,1,1,1,1,1,1,1,1,1,1,1,1,1,1,1,1,1,1,1,1,1,1,1,1,1,1,1,1,1,1,1,1,1
OTU_1950,1,1,1,1,1,1,1,1,1,1,1,1,1,1,1,1,1,1,1,4,1,1,1,1,23,1,1,1,1,1,1,1,1,1,1,1,37,1,1,1,1,1,1,1,1,1,1,1,1,1
OTU_1951,7,1,1,1,1,1,1,1,1,1,1,1,1,1,1,1,1,1,1,1,1,1,1,1,1,1,1,1,1,1,1,1,1,1,1,1,1,1,1,1,1,1,1,1,1,1,1,1,1,1
OTU_1952,1,1,1,1,1,1,1,1,1,1,1,1,1,1,1,1,1,1,1,1,1,1,1,1,1,1,1,1,1,1,1,1,1,1,1,1,1,1,1,1,1,1,1,1,1,1,1,2,1,1
OTU_1953,1,1,1,1,1,1,1,1,1,1,1,1,1,1,1,1,1,1,1,1,1,1,1,1,1,1,1,1,1,1,1,1,3,1,1,1,1,1,1,1,1,3,1,1,1,1,1,1,1,1
OTU_1954,1,1,1,1,1,1,1,1,1,1,1,1,2,1,1,1,1,1,1,1,1,1,1,1,1,1,1,1,1,1,1,1,1,1,1,1,1,1,1,1,1,1,1,1,203,1,1,1,1,1
OTU_1955,40,10,50,1,108,1,87,1,1,47,1,78,56,17,1,15,5,83,1,243,1,1,1,24,9,1,15,4,1,12,1,81,13,1,4,2,1,1,1,101,1,3,1,1,56,173,4,1,2,1
OTU_1956,1,1,1,1,1,1,1,1,1,1,1,1,1,1,1,1,1,1,1,1,1,1,1,1,1,1,1,1,1,1,1,1,1,1,1,1,1,1,1,1,1,1,1,1,1,1,1,1,1,1
OTU_1957,1,1,1,1,1,1,1,1,1,1,1,1,1,1,1,1,1,1,1,1,1,1,1,1,1,1,1,1,1,1,1,1,1,1,1,1,1,1,1,1,1,1,1,1,1,1,1,1,1,1
OTU_1958,1,1,1,1,1,1,1,1,1,1,1,1,1,1,1,1,1,1,1,1,1,1,1,1,1,1,1,1,1,1,1,1,1,1,1,1,1,1,1,1,1,1,1,1,1,1,1,1,1,1
OTU_1959,1,1,1,1,1,1,1,1,1,1,1,1,1,1,1,1,1,1,1,1,1,1,1,1,1,1,1,1,1,1,1,1,1,1,1,1,1,1,1,1,1,1,1,1,1,1,1,1,1,1
OTU_1960,1,1,1,1,1,1,1,1,1,1,1,1,1,1,1,1,1,1,1,1,1,1,1,1,1,1,1,1,1,1,1,1,1,1,1,1,1,1,1,1,1,1,1,1,1,1,1,1,1,1
OTU_1961,1,1,1,1,1,1,1,1,1,1,1,1,1,1,1,1,1,1,1,1,1,1,1,1,1,1,1,1,1,1,5,1,1,1,1,1,1,1,1,1,1,1,1,1,1,1,1,1,1,1
OTU_1962,1,1,1,1,2,1,1,1,1,1,1,1,1,1,1,1,1,1,1,1,1,1,1,1,1,1,1,1,1,1,1,1,1,1,1,1,1,1,1,1,1,1,1,1,1,1,1,1,1,1
OTU_1963,1,1,1,1,1,1,1,1,1,1,1,1,1,1,1,1,1,1,1,1,1,1,1,1,1,1,1,1,1,1,1,1,1,1,1,1,1,1,1,1,1,1,1,1,1,1,1,1,1,1
OTU_1964,5,2,1,6,2,6,1,186,12,3,30,57,8,1,1,6,1,1,1,13,1,2,1,2,1,1,42,1,1,1,1,1,1,1,1,3,5,1,3,1,1,1,1,1,1,8,1,1,1,1
OTU_1965,1,1,1,1,1,1,1,1,1,1,1,1,1,1,1,1,1,1,1,1,1,1,1,1,1,1,1,1,1,1,1,1,1,1,1,1,1,1,1,1,1,1,1,1,1,1,1,1,1,1
OTU_1966,1,1,1,1,1,1,1,1,4,1,2,1,1,1,1,1,1,8,3,1,1,4,1,1,2,1,5,1,64,1,11,4,1,1,1,1,1,1,1,1,1,1,1,1,2,1,1,1,2,1
OTU_1967,1,233,67,1,24,29,29,3,57,6,2,186,1,5,2,18,125,17,12,94,5,86,29,7,243,2,1,2,33,1,4,2,1,43,3,1,1,1,2,199,1,2,1,3,2,1,14,48,5,32
OTU_1968,1,1,1,1,1,1,1,1,1,1,1,1,1,1,1,1,1,1,1,1,1,1,1,1,1,1,1,1,1,1,1,1,1,1,1,1,1,1,1,1,1,1,1,1,1,1,1,1,1,1
OTU_1969,1,75,1,7,1,1,1,1,1,1,1,1,37,147,3,1,1,1,1,1,15,75,1,6,1,1,1,1,1,1,1,1,15,1,1,1,1,1,1,1,1,1,1,1,1,1,2,1,1,1
OTU_1970,1,1,1,1,1,1,1,1,1,1,1,1,1,1,1,1,1,1,1,1,1,1,1,1,1,1,1,1,1,1,1,1,1,1,1,1,1,1,1,1,1,1,1,1,1,1,1,1,1,1
OTU_1971,1,1,1,1,1,1,1,1,1,20,1,1,1,1,1,12,1,1,2,1,1,1,1,13,1,1,1,1,1,19,190,1,4,1,2,1,1,1,1,1,1,1,1,1,1,1,1,1,1,1
OTU_1972,1,1,1,1,1,1,1,1,1,1,1,1,1,1,1,1,1,1,1,1,1,1,1,1,1,1,1,1,1,1,1,1,1,1,1,1,1,1,1,1,1,1,1,1,1,1,1,1,1,1
OTU_1973,1,1,1,1,1,1,1,1,1,1,1,1,1,1,1,1,1,1,1,1,1,1,1,1,1,1,1,1,1,1,1,1,1,1,1,1,1,1,1,1,1,1,1,1,1,1,1,1,1,1
OTU_1974,2,18,2,271,40,3,11,1,24,1,1,191,1,23,458,42,11,51,16,129,89,1,121,69,10,13,1,86,22,1,5,14,8,1,365,226,166,48,48,1,9,124,18,24,77,3,114,10,8,125
OTU_1975,1,1,1,1,1,1,1,1,1,1,1,1,1,1,1,1,1,1,1,1,1,1,1,1,1,1,1,1,1,1,1,1,1,1,1,1,1,1,1,1,1,1,1,1,1,1,1,1,1,1
OTU_1976,1,1,1,1,1,1,1,1,2,1,1,1,1,1,1,1,1,1,1,1,1,1,1,1,1,1,1,1,1,1,1,1,1,1,1,1,1,1,1,1,1,1,1,1,1,1,1,1,1,1
OTU_1977,1,17,3,30,32,163,119,38,4,129,1,55,2,1,178,458,5,121,7,46,1,2,134,16,10,23,10,1,23,1,4,198,1,32,1,13,19,11,1,17,109,124,6,1,7,4,51,34,111,144
OTU_1978,1,1,1,1,1,1,1,195,1,1,1,1,1,1,20,1,1,61,1,1,215,1,1,1,1,1,1,1,32,1,1,1,1,1,16,1,1,1,110,1,1,29,1,1,33,1,1,1,1,1
OTU_1979,1,1,1,1,1,1,1,1,1,1,1,1,1,1,1,1,1,1,1,1,1,1,1,1,1,1,1,1,1,1,1,1,1,1,1,1,1,1,1,1,1,1,1,1,1,1,1,1,1,1
OTU_1980,1,1,1,1,1,1,1,1,1,1,1,1,1,1,1,1,1,1,1,1,1,1,1,1,1,1,1,1,1,1,1,1,1,1,1,1,1,1,1,1,1,1,1,1,1,1,1,18,1,1
OTU_1981,1,1,1,1,1,1,1,1,1,1,1,1,1,1,1,1,1,1,1,1,1,1,1,1,1,1,1,1,1,1,1,1,1,1,1,1,1,1,1,1,1,1,1,1,1,1,1,1,1,1
OTU_1982,1,111,1,1,2,1,11,1,1,83,6,1,5,1,1,1,1,1,1,2,194,1,1,1,1,1,1,1,1,1,1,1,1,1,1,20,1,1,3,1,1,1,1,1,1,1,1,58,1,8
OTU_1983,1,1,1,1,1,1,1,1,1,1,1,1,1,1,1,1,1,1,1,1,1,1,1,1,1,284,1,1,1,1,1,1,1,1,1,1,1,1,1,1,1,1,1,1,1,1,1,1,1,1
OTU_1984,1,1,1,1,1,1,1,1,1,1,1,1,1,1,1,1,1,1,1,1,1,1,1,1,1,1,1,1,1,1,1,1,1,1,1,1,1,1,1,1,1,1,1,1,1,1,1,1,1,1
OTU_1985,1,1,1,1,1,1,1,1,1,1,1,1,1,1,1,2,14,1,2,1,1,1,1,1,1,2,1,1,1,1,1,1,1,73,1,1,1,1,1,16,1,1,2,1,1,1,1,1,1,1
OTU_1986,1,1,1,3,1,1,1,1,1,1,1,1,1,1,1,1,1,1,1,1,1,1,1,1,1,1,1,1,1,1,1,1,1,1,1,1,1,1,1,1,1,1,1,1,1,1,1,1,1,1
OTU_1987,1,1,1,1,1,1,1,1,1,1,1,1,1,1,1,1,1,1,1,1,1,1,1,1,1,1,1,1,1,1,1,1,1,1,1,1,1,1,1,1,1,1,1,1,1,1,1,1,1,1
OTU_1988,1,1,1,1,1,1,1,1,1,1,1,1,1,1,1,1,1,1,1,1,1,1,1,1,1,1,1,1,1,1,1,1,1,1,1,1,1,1,1,1,1,1,1,1,1,1,1,1,1,1
OTU_1989,1,1,1,1,1,1,1,1,1,1,1,1,1,1,1,1,1,1,1,1,1,1,1,1,1,1,1,1,1,1,1,1,1,1,1,1,1,1,1,1,1,1,1,1,1,1,1,1,1,1
OTU_1990,1,1,1,1,1,1,1,1,1,1,1,1,1,1,1,1,1,1,1,1,1,1,1,1,1,1,1,1,1,1,1,1,1,1,1,1,1,1,1,1,1,1,1,1,1,1,1,1,1,1
OTU_1991,1,4,4,37,1,1,1,1,8,1,1,1,27,1,1,1,1,1,11,1,1,1,1,40,1,1,1,1,9,1,1,1,2,1,2,38,1,1,1,8,23,1,1,1,1,1,1,1,3,1
OTU_1992,1,1,1,1,1,1,1,1,1,1,1,1,1,1,1,1,1,1,1,1,1,1,1,1,1,1,1,1,1,1,1,1,1,1,1,1,1,1,1,1,1,1,1,1,1,1,1,1,1,1
OTU_1993,1,1,1,1,1,1,1,1,1,1,1,1,1,1,1,1,1,1,1,1,1,1,1,1,1,1,1,1,1,1,1,1,1,1,1,1,1,1,1,1,1,1,1,1,1,1,1,1,1,1
OTU_1994,1,1,1,1,22,1,1,1,1,1,1,1,90,2,1,1,1,1,1,1,1,1,1,1,1,1,1,1,141,1,1,1,1,1,1,1,1,1,1,1,1,1,36,1,1,1,116,1,1,51
OTU_1995,1,1,9,25,1,1,1,1,1,1,1,1,1,1,1,1,1,1,1,1,1,1,1,1,1,1,1,1,1,1,1,1,1,1,1,1,1,1,1,1,1,1,1,1,1,1,1,1,1,1
OTU_1996,140,14,33,42,267,65,269,462,47,138,320,57,16,10,245,111,65,4,138,63,144,102,59,155,28,117,59,125,28,150,150,32,34,32,91,66,539,293,65,54,22,175,13,60,123,278,17,340,370,45
OTU_1997,1,1,1,1,1,1,1,1,1,1,1,1,1,1,1,1,1,1,1,1,1,1,1,1,1,1,1,1,1,1,1,1,1,1,1,1,1,1,1,1,1,1,1,1,1,1,1,1,1,1
OTU_1998,1,34,1,1,1,1,1,86,1,1,1,1,59,1,1,1,2,1,1,19,1,1,1,1,1,1,1,1,53,1,1,1,1,8,1,1,1,1,1,2,1,1,1,1,1,1,1,82,1,1
OTU_1999,1,1,1,1,1,1,1,1,1,36,1,4,1,1,1,1,1,1,1,1,1,1,1,3,61,1,1,1,1,1,69,1,1,1,1,133,1,1,1,1,2,1,2,1,1,1,1,1,1,1
OTU_2000,1,1,1,1,1,1,1,1,1,1,1,1,1,1,1,1,1,1,1,1,1,1,1,1,1,1,1,1,1,1,1,1,1,1,1,1,1,1,1,1,1,1,1,1,1,1,1,1,1,1
OTU_2001,1,1,1,1,1,1,1,1,1,1,1,1,1,1,1,1,1,1,1,1,1,1,1,1,1,1,1,1,1,1,1,1,1,1,1,1,1,1,1,1,1,1,1,1,1,1,1,1,1,1
OTU_2002,1,1,1,2,1,1,1,1,1,1,1,1,1,1,1,1,1,1,1,1,1,1,1,1,1,1,1,1,1,1,1,1,1,1,1,1,1,1,1,1,1,1,1,1,1,1,101,1,1,1
OTU_2003,193,89,8,61,3,3,3,52,1,2,2,2,2,1,34,1,1,49,1,5,1,7,43,1,42,11,112,2,243,4,3,2,1,1,5,1,1,3,11,1,44,6,2,3,137,125,22,46,2,108
OTU_2004,1,1,1,1,1,1,1,1,1,1,1,1,1,1,1,1,1,1,1,1,1,1,1,1,1,1,1,1,1,1,1,1,1,1,1,1,1,1,1,1,1,1,1,1,1,1,1,1,1,1
OTU_2005,1,1,1,1,1,1,1,1,1,1,1,1,1,1,1,1,1,1,1,1,1,1,1,1,1,1,1,7,1,1,1,1,1,1,8,1,1,1,1,1,1,1,1,3,1,1,2,1,3,6
OTU_2006,1,1,1,1,1,1,1,1,1,1,1,1,1,1,1,1,1,1,1,1,1,1,1,1,1,1,1,1,1,1,1,1,1,1,1,1,1,1,1,1,1,1,1,1,1,1,1,1,1,1
OTU_2007,1,1,1,1,1,1,1,1,1,1,1,1,1,1,1,1,1,1,1,1,1,1,1,1,1,1,1,1,1,1,1,1,1,1,1,1,58,1,1,1,1,1,1,1,1,1,1,1,1,1
OTU_2008,1,1,1,1,1,1,1,1,1,1,1,1,1,1,1,1,1,1,1,1,1,1,1,1,1,1,1,1,1,1,1,1,1,1,1,1,1,1,1,1,1,1,1,1,1,1,1,1,1,1
OTU_2009,1,1,1,1,1,1,1,1,1,1,1,1,1,1,1,1,1,1,1,1,1,1,1,1,1,1,1,1,1,1,1,1,1,1,1,1,1,1,1,1,1,1,1,1,1,1,1,1,1,1
OTU_2010,1,1,1,1,1,1,1,1,1,1,1,1,1,1,1,1,1,1,1,1,1,1,1,1,1,1,1,1,1,1,1,1,1,1,1,1,1,1,1,1,1,1,1,1,1,1,1,1,1,1
OTU_2011,676,188,117,451,199,461,26,457,151,479,77,141,338,80,818,47,456,74,530,275,600,213,159,200,774,119,663,745,368,704,340,343,238,660,245,211,186,357,162,244,898,289,156,211,233,108,65,498,212,360
OTU_2012,69,1,232,1,1,20,6,1,1,11,7,1,1,3,1,1,1,1,5,1,1,1,2,1,14,1,5,213,10,1,1,1,15,3,7,6,1,2,6,132,2,1,1,21,37,24,3,165,1,1
OTU_2013,317,177,1,293,45,1,1,1,1,3,8,91,1,15,1,30,1,2,1,1,4,1,7,1,1,10,1,72,1,2,1,1,1,3,1,1,1,1,1,4,5,3,1,29,1,48,11,1,1,4
OTU_2014,1,1,1,1,1,1,1,59,1,1,1,1,1,1,1,1,1,1,1,1,1,1,1,1,1,1,1,1,32,1,1,1,1,1,1,1,1,1,1,1,1,1,1,1,1,1,1,1,1,1
OTU_2015,1,1,1,1,1,1,1,1,1,1,1,1,1,1,1,1,1,1,1,1,1,1,1,1,1,1,1,1,1,1,1,1,1,1,1,1,1,1,1,1,1,1,1,1,1,1,1,1,1,1
OTU_2016,1,1,1,1,1,1,1,1,1,1,1,1,1,1,1,1,1,1,1,1,1,1,1,1,1,1,1,1,1,1,1,1,1,1,1,1,1,1,1,1,1,1,1,1,1,1,1,1,1,1
OTU_2017,1,1,1,1,1,1,1,1,1,1,1,1,1,1,1,1,1,1,1,1,1,1,1,1,1,1,1,1,1,1,1,1,1,1,1,1,1,1,1,1,1,1,1,1,1,1,1,1,1,1
OTU_2018,1,19,1,3,1,2,82,1,1,1,282,102,1,1,1,5,3,495,14,1,17,1,1,1,1,1,3,1,1,9,58,1,1,1,91,15,1,1,1,1,1,6,1,1,1,9,1,97,1,1
OTU_2019,1,1,18,1,1,1,1,1,1,1,1,1,1,1,1,1,1,1,1,1,2,1,1,1,1,1,1,1,1,1,1,1,1,1,1,1,1,1,1,1,2,1,1,1,1,1,1,1,1,1
OTU_2020,1,1,1,1,1,1,1,1,1,1,1,1,1,1,1,1,1,1,1,1,1,1,1,1,1,1,1,1,1,1,1,1,1,1,1,1,1,1,1,1,1,1,1,1,1,1,1,1,1,1
OTU_2021,1,1,1,1,1,1,1,1,1,1,1,1,1,1,1,1,1,1,1,7,1,7,1,1,1,1,1,1,1,1,1,1,1,1,1,1,56,1,1,1,1,12,1,1,1,1,1,1,1,1
OTU_2022,1,1,1,6,1,49,20,1,3,1,1,2,1,26,55,1,1,1,1,29,1,44,24,6,1,1,1,1,46,1,1,1,25,1,1,1,1,1,1,1,9,1,1,1,1,1,1,3,1,1
OTU_2023,1,1,1,1,1,1,1,1,1,1,1,1,1,1,1,1,1,1,1,1,1,1,1,1,1,1,1,1,1,1,1,1,1,1,1,1,1,1,1,1,1,1,1,1,1,1,1,1,1,1
OTU_2024,1,1,1,1,1,1,1,1,1,1,1,1,1,1,1,1,1,1,1,1,1,1,1,1,1,1,1,1,1,1,1,1,1,1,1,1,1,1,1,1,1,1,1,1,1,1,1,1,1,1
OTU_2025,147,97,16,42,129,33,1,1,1,31,2,404,41,84,11,7,65,26,6,1,509,54,22,4,2,3,68,13,25,80,130,56,4,3,2,26,1,130,39,46,22,3,125,60,427,4,42,148,116,122
OTU_2026,1,1,1,1,1,1,1,1,1,1,1,1,1,1,1,1,1,1,1,1,1,1,1,1,1,1,1,1,1,1,1,1,1,1,1,1,1,1,1,1,1,1,1,1,1,1,1,1,1,1
OTU_2027,97,435,544,214,78,287,240,58,169,133,75,57,52,241,240,101,199,338,201,6,155,148,150,298,90,544,103,94,480,62,15,151,200,117,321,382,201,169,95,168,76,69,46,500,367,306,88,206,196,224
OTU_2028,1,1,1,1,1,1,1,1,1,1,1,1,1,1,1,1,1,1,1,1,1,1,1,1,1,1,1,1,1,32,1,1,1,1,1,1,1,1,1,1,1,1,1,1,1,1,1,1,1,1
OTU_2029,54,1,48,16,10,5,3,6,1,125,18,4,1,1,1,25,1,1,1,1,6,7,52,2,11,44,1,1,1,3,1,16,2,1,1,290,10,1,1,1,205,1,46,1,63,29,49,5,2,12
OTU_2030,1,1,8,18,161,107,2,1,46,27,20,1,16,20,6,88,7,37,26,1,81,2,2,5,3,1,36,1,2,18,2,1,8,75,1,18,9,12,13,3,68,1,19,1,8,12,1,91,15,178
OTU_2031,1,1,1,1,1,1,1,1,1,1,1,1,1,1,1,1,1,1,1,1,1,1,1,1,1,1,1,1,1,1,1,1,1,1,1,1,1,1,1,1,1,1,1,1,1,1,1,1,1,1
OTU_2032,1,1,1,1,1,1,1,1,1,1,1,1,1,1,1,1,1,1,1,1,1,1,1,1,1,1,1,1,1,1,1,1,1,1,1,1,1,1,1,1,1,1,1,1,1,1,1,1,1,1
OTU_2033,1,1,1,1,1,1,1,1,1,1,1,1,1,1,1,1,1,1,1,1,1,1,1,1,1,1,1,1,1,1,1,1,1,1,1,1,1,1,1,1,1,1,1,1,1,1,1,1,1,1
OTU_2034,290,8,254,37,13,67,12,50,180,69,1,199,36,50,23,26,69,17,190,135,99,359,48,264,616,552,38,51,75,12,190,130,15,50,356,2,38,15,188,44,142,21,112,9,144,37,223,4,303,3
OTU_2035,10,1,2,1,9,1,5,7,52,1,246,6,183,2,7,2,21,28,24,1,3,1,1,35,20,16,1,22,350,3,4,1,157,1,1,24,15,220,1,1,1,11,1,13,1,1,1,1,2,1
OTU_2036,1,1,1,1,1,1,1,1,1,3,10,60,1,1,1,1,1,1,1,1,1,1,1,4,1,1,1,1,1,1,1,1,1,1,1,1,1,18,8,5,1,1,1,1,1,2,1,1,1,1
OTU_2037,1,1,1,1,1,1,2,5,1,1,1,1,1,1,1,1,1,1,1,1,1,1,1,1,1,1,1,1,1,1,1,1,1,1,20,1,1,1,1,1,1,41,1,1,1,1,1,1,1,7
OTU_2038,1,1,1,1,1,1,1,1,1,1,10,1,1,1,1,1,1,5,1,1,1,1,1,1,1,1,1,109,49,1,1,1,1,1,1,1,1,1,1,1,1,1,1,4,1,38,1,1,1,1
OTU_2039,11,192,17,33,1,92,4,5,1,4,12,35,8,15,18,11,3,4,41,10,36,15,63,3,58,216,4,85,88,85,1,265,27,1,29,56,220,85,22,69,171,91,9,10,108,27,59,2,44,101
OTU_2040,1,1,1,1,1,1,1,1,1,1,1,1,1,1,1,1,1,1,1,1,1,1,1,1,1,1,1,1,1,1,1,1,1,1,1,1,1,1,1,1,1,1,1,1,1,1,1,1,1,1
OTU_2041,1,1,1,1,1,1,1,1,1,1,1,1,1,1,1,1,1,1,1,1,1,1,1,1,1,1,1,1,1,1,1,1,1,1,1,1,1,1,1,1,1,1,1,1,1,1,1,1,1,1
OTU_2042,1,1,1,1,1,1,1,1,1,1,1,1,1,1,1,1,1,1,1,1,1,1,1,1,1,1,1,1,1,1,1,1,1,1,1,1,1,1,1,1,1,1,1,1,1,1,1,1,1,1
OTU_2043,1,1,1,1,1,1,1,1,1,1,1,1,1,1,1,1,1,1,1,1,1,1,1,1,1,1,1,1,1,1,1,1,1,1,1,1,1,1,1,1,1,1,1,1,1,1,1,1,1,1
OTU_2044,1,1,1,79,1,1,1,1,1,2,1,1,1,1,1,1,1,1,1,1,1,1,1,1,1,1,1,1,1,1,1,1,1,1,1,1,1,1,1,1,1,1,1,1,1,1,1,12,1,35
OTU_2045,1,1,1,1,1,1,1,1,1,1,1,1,1,1,1,1,1,1,1,1,1,1,1,1,1,1,1,1,1,1,1,1,1,1,1,1,1,1,1,1,1,1,1,1,1,1,1,1,1,1
OTU_2046,1,1,1,1,1,1,1,1,1,1,1,1,1,1,1,1,1,1,6,1,1,1,1,1,1,1,1,1,1,1,1,1,1,1,1,1,1,2,1,1,1,1,1,1,1,1,1,1,1,1
OTU_2047,1,1,1,1,1,1,1,1,1,1,1,1,1,1,1,1,1,1,1,1,1,1,1,1,1,1,1,1,1,1,1,1,1,1,1,1,1,1,1,1,1,1,1,1,1,1,1,1,1,1
OTU_2048,1,1,1,1,1,1,1,7,1,1,1,1,1,1,1,1,1,1,1,1,1,1,1,1,1,1,1,1,1,1,1,1,1,1,1,1,1,1,1,1,1,1,1,1,1,1,1,1,1,1
OTU_2049,1,1,1,1,1,1,1,1,1,1,1,1,1,1,1,1,1,1,1,1,1,1,1,1,1,1,1,1,1,1,1,1,1,1,1,1,1,1,1,1,1,1,1,1,1,1,1,1,1,1
OTU_2050,1,1,1,1,1,1,1,1,1,1,1,1,1,1,1,1,1,1,1,1,1,1,1,1,1,1,1,1,1,1,1,1,1,1,1,1,1,1,1,1,1,1,1,1,1,1,1,1,1,1
OTU_2051,1,1,1,1,1,1,1,1,1,1,1,1,1,1,1,1,1,1,1,1,1,1,1,1,1,1,1,1,1,1,1,1,1,1,29,1,1,1,1,1,1,1,1,1,1,4,1,1,1,1
OTU_2052,9,5,202,79,51,1,2,1,6,29,19,13,109,51,40,1,1,56,1,4,1,48,1,87,48,6,91,1,55,2,1,1,18,11,136,15,2,8,4,276,5,3,135,9,29,361,2,34,47,2
OTU_2053,1,1,1,1,1,1,1,1,7,1,1,1,1,1,1,1,13,1,1,1,1,13,1,3,39,1,1,1,1,1,1,1,1,37,1,1,1,1,1,15,1,1,13,1,1,1,1,7,135,1
OTU_2054,1,1,1,1,1,1,1,1,1,1,1,1,1,1,1,1,1,1,1,1,1,1,1,1,1,1,1,1,1,1,1,1,1,1,1,1,1,1,1,1,5,8,1,1,1,1,1,1,1,1
OTU_2055,66,38,501,164,217,218,170,23,136,357,194,79,422,275,14,6,73,78,530,433,170,61,368,129,39,79,101,274,50,130,55,391,203,91,173,212,277,26,21,173,180,390,10,46,300,76,21,80,163,284
OTU_2056,1,1,1,1,1,1,1,1,1,1,1,1,1,1,1,1,1,1,1,1,1,1,1,1,1,1,1,1,1,1,1,1,1,1,1,1,1,1,1,1,1,1,1,1,1,1,1,1,1,1
OTU_2057,1,1,1,1,1,1,1,1,1,1,1,1,1,1,1,1,1,1,1,1,1,1,1,1,1,1,1,1,1,1,1,1,1,1,1,1,1,1,1,1,1,1,1,1,1,1,1,1,1,1
OTU_2058,387,242,519,447,273,141,669,414,58,325,564,213,126,339,323,223,259,192,174,337,779,228,878,82,587,355,217,367,257,433,220,750,277,690,172,702,517,285,37,391,281,546,452,290,238,343,313,509,624,645
OTU_2059,1,1,1,1,1,1,1,1,1,1,1,1,1,1,1,1,1,1,1,1,1,1,1,1,1,1,1,1,1,1,1,1,1,1,1,1,1,1,1,1,1,1,1,1,1,1,1,1,1,1
OTU_2060,1,1,1,1,1,1,1,1,1,1,1,1,1,1,1,1,1,1,1,1,1,1,1,1,1,1,1,1,1,1,1,1,1,1,1,1,1,1,1,1,1,1,1,1,1,1,1,1,1,1
OTU_2061,1,1,1,1,1,1,1,1,1,1,1,1,1,1,1,1,1,1,1,1,1,1,1,1,1,1,1,1,1,1,1,1,1,1,1,1,1,1,1,1,1,1,1,1,1,1,1,1,1,1
OTU_2062,1,1,1,1,1,1,1,1,1,1,1,1,1,1,1,1,1,1,1,1,1,1,1,1,1,1,1,1,1,1,1,1,1,1,1,1,1,1,1,1,1,1,1,1,1,1,1,1,1,1
OTU_2063,193,22,372,64,36,15,30,51,15,75,8,6,46,4,5,3,119,43,11,1,86,1,322,2,48,3,4,4,5,13,20,16,655,65,2,8,22,127,367,89,17,79,299,4,19,31,28,7,223,2
OTU_2064,1,1,1,1,1,1,1,1,1,1,1,1,1,1,1,1,1,1,47,1,1,1,1,1,1,11,1,1,1,1,1,1,1,41,1,1,1,1,1,1,1,1,1,3,1,1,1,2,2,1
OTU_2065,1,1,1,1,1,1,1,1,1,1,1,1,1,1,1,1,1,1,1,1,1,1,1,1,1,1,1,1,1,1,1,1,1,1,1,1,1,1,1,1,1,1,1,1,1,1,1,1,1,1
OTU_2066,1,1,1,1,1,1,1,1,1,1,1,1,1,1,1,1,1,1,1,1,1,1,1,1,1,1,1,1,1,1,1,1,1,1,1,1,1,1,1,1,1,1,1,1,1,1,1,1,1,1
OTU_2067,1,1,1,1,1,1,1,1,1,1,1,1,1,1,1,1,1,1,1,1,1,1,1,1,1,1,1,1,1,1,1,1,1,1,1,1,1,1,1,1,1,1,1,1,1,1,1,1,1,1
OTU_2068,1,1,1,1,116,1,3,1,82,1,1,60,1,4,12,2,1,1,1,17,6,3,55,250,7,1,148,1,10,1,2,1,1,1,2,3,6,1,1,2,1,81,9,14,102,431,2,4,27,9
OTU_2069,5,8,135,6,144,61,419,295,191,290,130,39,67,80,15,86,192,36,124,32,33,12,48,12,9,100,17,1092,40,1,31,279,6,61,6,33,121,158,52,28,8,104,5,37,148,726,123,301,10,130
OTU_2070,1,1,1,1,1,1,1,1,1,1,1,1,1,1,1,1,1,1,1,1,1,1,1,1,1,1,1,1,1,1,1,1,1,1,1,1,1,1,1,1,1,1,1,1,1,1,1,1,1,1
OTU_2071,1,1,1,1,1,1,1,1,1,1,1,1,1,1,1,1,1,1,1,1,1,1,1,1,1,1,1,1,1,1,1,1,1,1,1,1,1,1,1,1,1,1,1,1,1,1,1,1,1,1
OTU_2072,1,1,1,1,1,1,1,1,1,1,1,1,1,1,1,1,1,1,1,2,1,1,1,1,1,1,9,1,1,1,1,1,5,1,1,1,1,1,1,1,1,1,1,1,1,1,1,1,1,1
OTU_2073,1,1,1,1,1,1,1,1,1,1,1,1,1,1,1,1,1,1,1,1,1,1,1,1,1,1,1,1,1,1,1,1,1,1,1,1,1,1,1,1,1,1,1,1,1,1,1,1,1,1
OTU_2074,1,1,1,1,1,1,1,1,2,1,1,1,1,1,1,1,1,1,1,1,1,1,1,1,1,1,1,1,1,1,1,1,1,1,1,1,1,1,1,1,1,1,1,1,1,1,1,1,1,1
OTU_2075,1,1,1,1,1,1,1,1,1,1,1,1,1,1,1,1,1,1,1,1,1,1,1,1,1,1,1,1,1,1,1,1,1,1,1,1,1,1,1,1,1,1,1,1,1,1,1,1,1,1
OTU_2076,1,1,1,1,1,1,1,1,1,1,1,1,1,1,1,1,1,1,1,1,1,1,1,1,1,1,1,1,1,1,1,1,1,1,1,1,1,1,1,1,1,1,1,1,1,1,1,1,1,1
OTU_2077,1,1,1,1,1,1,1,1,1,1,1,1,1,1,1,1,1,1,1,1,1,1,1,1,1,1,1,1,1,1,1,1,1,1,1,1,1,1,1,1,1,1,1,1,1,1,1,1,1,1
OTU_2078,98,880,24,143,334,206,112,476,116,191,141,273,200,50,199,99,219,236,365,67,131,49,493,301,80,31,244,66,223,489,118,430,424,37,239,119,335,86,126,98,272,404,337,241,158,177,107,104,782,177
OTU_2079,1,1,1,1,1,1,1,1,1,1,1,1,1,1,1,1,1,1,1,1,1,1,14,1,1,1,1,1,1,1,1,1,1,1,1,1,1,1,1,1,1,1,1,1,1,1,1,1,1,1
OTU_2080,1,1,1,1,1,1,1,1,1,1,1,1,1,1,1,1,1,1,1,1,1,1,1,1,1,1,1,1,1,1,1,1,1,1,1,1,1,1,1,1,1,1,1,1,1,1,1,1,1,1
OTU_2081,1,1,1,1,1,1,2,1,1,1,1,1,1,1,1,1,1,1,1,1,1,1,1,1,1,1,1,1,1,1,1,1,1,1,1,1,1,1,1,1,1,1,1,1,1,1,1,1,1,1
OTU_2082,1,1,1,1,1,1,1,1,1,1,1,1,1,1,1,1,1,1,1,1,1,1,1,1,1,1,1,1,1,1,1,1,1,1,1,1,1,1,1,1,1,1,1,1,1,1,1,1,1,1
OTU_2083,1,1,1,1,1,1,1,1,1,1,1,1,1,1,1,1,1,1,1,1,1,1,1,1,1,1,1,1,1,1,1,1,1,1,1,1,1,1,1,1,1,1,1,1,1,1,1,1,1,1
OTU_2084,1,1,1,1,1,1,1,1,97,1,1,1,1,1,1,1,1,1,1,1,1,1,1,1,1,1,1,1,1,1,1,1,1,1,1,1,1,1,1,1,1,1,1,1,1,1,1,1,1,1
OTU_2085,1,1,1,1,1,1,1,1,1,1,1,1,1,1,1,1,1,1,1,1,1,1,1,1,1,1,1,1,1,1,1,1,1,1,1,1,1,1,1,1,1,1,2,1,1,1,1,1,1,1
OTU_2086,2,1,1,1,1,1,1,1,1,1,2,1,1,1,1,1,1,1,1,1,1,1,1,1,1,1,1,1,1,1,1,1,239,1,1,1,1,1,1,1,1,14,1,1,1,1,1,1,1,29
OTU_2087,1,1,1,16,1,9,1,131,1,1,1,1,1,1,1,1,1,1,1,1,1,14,11,1,341,8,2,1,1,80,1,11,1,1,1,1,1,1,1,1,1,1,6,1,95,1,6,1,1,1
OTU_2088,1,1,1,1,1,1,1,1,1,1,1,1,1,1,1,1,1,1,1,1,1,1,1,1,1,1,1,1,1,1,1,1,1,1,1,1,1,1,1,1,1,1,1,1,1,1,1,1,1,1
OTU_2089,1,1,1,1,1,1,1,1,1,1,1,1,1,1,1,1,1,1,1,1,1,1,1,1,1,1,1,1,1,1,1,1,1,1,1,1,1,1,1,1,1,1,1,1,1,1,1,1,1,1
OTU_2090,1,1,1,1,1,1,1,1,1,1,1,1,1,1,2,1,1,1,1,1,1,2,1,1,1,1,1,1,1,61,1,1,1,1,3,1,1,1,1,1,1,1,2,1,1,1,1,1,1,1
OTU_2091,1,1,1,1,1,1,1,1,1,1,1,1,1,1,1,1,1,1,1,1,1,1,1,1,1,1,1,1,1,1,1,1,1,1,1,1,1,1,1,1,1,1,1,1,1,1,1,1,1,1
OTU_2092,1,1,1,1,1,1,1,1,1,1,1,1,1,1,1,1,1,1,1,1,1,1,1,1,1,1,1,1,1,1,1,1,1,1,1,1,1,1,1,1,1,1,1,1,1,1,1,1,1,1
OTU_2093,7,1,1,1,1,1,1,1,1,1,1,1,1,1,1,1,1,1,1,1,1,1,1,1,1,1,1,1,1,1,1,1,1,1,1,1,1,1,1,1,1,1,1,1,1,1,1,1,1,1
OTU_2094,3,809,9,31,563,1,143,813,42,45,78,94,21,16,602,131,8,26,23,458,215,58,116,18,221,174,59,200,284,5,17,1,2,229,207,32,67,72,87,126,5,30,100,154,105,18,89,4,72,234
OTU_2095,1,10,1,1,1,1,2,1,1,1,1,1,2,1,1,1,4,2,1,90,1,1,1,5,1,1,1,1,1,1,1,1,1,53,1,1,1,1,1,1,1,1,1,1,1,1,25,1,1,1
OTU_2096,1,1,1,1,1,1,1,1,1,1,1,1,1,1,1,1,1,1,1,1,1,1,1,1,1,1,1,1,1,1,1,1,1,1,1,1,1,1,1,1,1,1,1,1,1,1,1,1,1,1
OTU_2097,1,1,1,1,1,1,1,1,1,1,1,1,1,1,1,1,1,1,1,1,1,1,1,1,1,1,1,1,1,1,1,1,1,1,1,1,1,1,1,1,1,1,1,1,1,1,1,1,1,1
OTU_2098,1,1,1,1,1,1,1,1,1,1,1,1,1,1,1,1,1,1,1,1,1,1,1,1,1,1,1,1,1,1,1,1,1,1,1,1,1,1,1,1,1,1,1,1,1,1,1,1,1,1
OTU_2099,1,1,1,1,1,1,1,1,1,1,1,1,1,1,1,1,1,1,1,1,1,1,1,1,1,1,1,1,1,1,1,1,1,1,1,1,1,1,1,1,1,1,1,1,1,1,1,1,1,1
OTU_2100,1,19,1,4,1,15,1,11,110,34,7,49,1,7,1,12,1,1,1,1,12,1,1,1,2,203,7,305,22,1,21,15,6,22,1,1,1,52,33,10,1,14,1,1,1,1,1,1,1,1
OTU_2101,12,1,1,1,1,1,1,1,1,1,1,1,1,1,1,2,1,1,12,1,44,1,1,1,1,1,1,1,1,1,1,1,1,1,1,1,1,1,1,1,1,1,1,1,1,1,1,1,1,1
OTU_2102,1,1,1,1,1,1,1,1,1,1,1,1,1,1,1,1,1,1,1,1,1,1,1,1,1,1,1,1,1,1,1,1,1,1,1,1,1,1,1,1,1,1,1,1,1,1,1,1,1,1
OTU_2103,1,1,1,1,1,1,1,1,1,1,1,1,1,1,1,1,1,1,1,1,1,1,1,1,1,1,1,1,1,1,1,1,1,1,1,1,1,1,1,1,1,1,1,1,1,1,1,1,1,1
OTU_2104,1,1,1,1,1,1,1,1,1,1,1,1,1,1,1,1,1,1,1,1,1,1,1,1,1,1,1,1,1,1,1,1,1,1,1,1,1,1,1,1,1,1,1,1,1,1,1,1,1,1
OTU_2105,1,1,1,1,1,1,1,1,1,1,1,1,1,1,1,1,1,1,1,1,1,1,1,1,1,1,1,1,1,1,1,1,1,1,1,1,1,1,1,1,1,1,1,1,1,1,1,1,1,1
OTU_2106,1,1,1,1,1,1,1,1,1,1,1,1,1,1,1,1,1,1,1,1,1,1,1,1,37,1,1,1,1,1,1,1,1,1,1,1,1,1,1,1,1,1,1,1,1,1,1,1,1,1
OTU_2107,1,1,1,1,1,1,1,1,1,1,1,1,1,1,1,1,1,1,1,1,1,1,1,1,1,1,1,1,1,1,1,1,1,1,1,1,1,1,1,1,1,1,1,1,1,1,1,1,1,1
OTU_2108,1,1,1,1,1,1,1,1,1,1,1,1,17,1,1,1,1,1,1,1,1,1,1,1,1,1,1,1,1,1,1,1,1,1,1,1,1,1,1,1,1,1,1,1,1,1,1,1,1,1
OTU_2109,1,1,1,1,1,1,1,1,1,1,1,1,1,1,1,1,1,1,1,1,1,1,1,1,1,1,1,1,1,1,1,1,1,1,1,1,1,1,1,1,1,1,1,1,1,1,1,1,1,1
OTU_2110,6,104,26,38,55,27,1,1,11,134,13,2,1,80,29,74,4,13,10,1,19,4,186,50,2,1,62,19,1,1,1,1,30,1,49,1,199,20,31,7,25,1,14,309,1,62,118,4,10,34
OTU_2111,1,1,1,1,1,1,1,1,1,1,1,1,1,1,1,1,1,1,2,1,1,1,1,1,1,1,1,1,1,1,1,1,1,1,1,1,1,1,1,1,1,1,1,1,1,1,1,1,1,1
OTU_2112,1,1,1,1,1,1,1,1,1,1,1,1,1,1,1,1,1,4,1,1,1,1,1,1,1,1,1,1,1,1,1,1,1,1,1,1,1,1,1,13,1,1,1,1,1,1,1,1,1,1
OTU_2113,1,1,1,1,1,1,1,1,1,1,1,1,1,1,1,1,1,1,1,1,1,1,1,1,1,1,1,1,1,1,1,1,1,1,1,1,1,1,1,1,1,1,1,1,1,1,1,1,1,1
OTU_2114,1,1,1,1,1,1,1,1,1,1,1,1,1,1,1,1,1,1,1,1,1,1,1,1,1,1,1,1,1,1,1,1,1,1,1,1,1,1,1,1,1,1,1,1,1,1,1,1,1,1
OTU_2115,1,1,1,1,1,1,1,1,1,1,1,1,1,1,1,1,1,1,1,1,1,1,1,1,2,1,1,1,1,1,1,1,1,1,1,1,1,1,1,1,1,1,1,1,1,1,1,1,1,1
OTU_2116,1,1,16,1,1,1,1,1,1,1,1,1,7,55,1,1,1,31,1,1,1,1,2,1,1,2,1,1,1,1,2,1,1,1,1,1,1,2,67,199,1,1,84,289,2,2,1,1,18,1
OTU_2117,1,1,1,1,1,1,1,1,1,1,1,1,1,1,1,1,1,1,1,1,1,1,1,1,1,1,1,1,1,1,1,1,1,1,1,1,1,1,1,1,1,1,1,1,1,1,1,1,1,1
OTU_2118,1,1,1,1,1,1,1,1,1,1,1,1,1,1,1,1,1,1,1,1,1,1,1,1,1,1,1,1,1,1,1,1,1,1,1,1,1,1,1,1,1,1,1,1,1,1,1,1,1,1
OTU_2119,1,1,1,1,1,1,1,1,1,1,1,1,1,1,1,1,1,1,1,1,1,1,1,1,1,1,1,1,1,1,1,1,1,1,1,1,1,1,1,1,1,1,1,1,1,1,1,1,1,1
OTU_2120,1,1,1,1,1,1,1,1,1,1,1,1,1,1,1,1,1,1,1,1,1,1,1,1,1,1,1,1,1,1,1,1,1,1,1,1,1,1,1,1,1,1,1,1,1,1,1,1,1,1
OTU_2121,1,1,1,1,1,1,1,1,1,1,1,1,1,1,1,1,1,1,1,1,1,1,1,1,1,1,1,1,1,1,1,1,1,1,1,1,1,1,1,1,1,1,1,1,1,1,1,1,1,1
OTU_2122,1,1,1,1,1,1,1,1,1,1,1,1,1,1,1,1,1,1,1,1,1,1,1,1,1,1,1,1,1,1,1,1,1,1,1,1,1,1,1,1,1,1,1,1,1,1,1,1,1,1
OTU_2123,1,1,1,1,1,1,1,1,1,1,1,1,1,1,1,1,1,1,1,1,1,1,1,1,1,1,1,1,1,1,1,1,1,1,1,1,1,1,1,1,1,1,1,1,1,1,1,1,1,1
OTU_2124,1,1,1,1,1,1,1,1,1,1,1,1,1,1,1,1,1,1,1,1,1,1,1,1,1,1,1,1,1,1,1,1,1,1,1,1,1,1,1,1,1,1,1,1,1,1,1,1,1,1
OTU_2125,1,15,1,1,1,1,1,1,1,1,1,1,1,1,1,1,1,1,1,1,1,1,1,1,1,1,1,1,1,1,1,1,1,1,1,1,1,1,1,1,1,1,1,1,1,1,1,1,1,1
OTU_2126,1,1,1,1,1,1,1,1,1,1,1,1,1,1,1,1,1,1,1,1,1,1,1,1,1,1,1,1,1,1,1,1,1,1,1,1,1,1,1,1,1,1,1,1,1,1,1,1,1,1
OTU_2127,1,1,10,2,1,1,92,1,131,6,2,1,5,1,2,1,1,18,5,4,1,2,1,1,2,158,1,1,12,1,1,369,1,1,1,1,1,132,32,390,1,11,11,1,1,41,1,25,3,224
OTU_2128,1,1,1,1,1,1,1,1,1,1,1,1,1,1,1,1,1,1,1,1,1,1,1,1,1,1,1,1,1,1,1,1,1,1,1,1,1,1,1,1,1,1,1,1,1,1,1,1,1,1
OTU_2129,2,1,4,1,1,2,1,5,1,1,1,16,56,2,144,27,1,10,1,3,4,1,1,27,1,7,116,1,1,40,1,311,1,1,13,5,1,98,48,18,162,1,161,1,20,1,1,1,38,1
OTU_2130,1,1,25,1,1,1,12,1,1,1,1,48,2,1,1,1,5,1,1,1,1,20,1,1,1,6,4,1,2,1,5,1,1,106,38,1,1,1,1,1,4,1,1,1,2,1,58,1,1,1
OTU_2131,1,1,1,11,1,1,1,2,1,1,1,1,1,17,1,1,1,1,1,1,1,1,1,1,1,1,1,2,1,1,18,1,1,13,1,1,1,1,1,1,1,1,1,1,1,1,1,1,1,1
OTU_2132,1,1,1,1,1,1,1,1,2,1,1,1,1,1,1,1,1,1,1,1,1,107,1,1,1,32,1,1,1,1,1,1,1,1,1,1,1,1,1,1,2,1,3,1,1,1,33,1,103,1
OTU_2133,1,2,2,1,514,1,19,1,3,137,494,1,1,7,8,1,1,1,34,1,100,1,76,2,1,1,14,1,1,1,141,1,2,1,29,1,11,1,1,1,4,8,211,1,1,33,135,1,1,1
OTU_2134,48,1,1,1,1,29,1,1,1,1,1,1,1,1,1,1,1,95,1,1,1,1,2,1,1,2,69,1,1,1,1,1,1,2,15,1,1,1,1,1,4,1,1,1,1,1,1,1,39,1
OTU_2135,1,1,1,1,1,1,1,1,1,1,1,1,1,1,1,1,1,1,1,1,1,1,1,1,1,1,1,1,1,1,1,1,1,1,1,1,1,1,1,1,1,1,1,1,1,1,1,1,1,1
OTU_2136,1,1,8,1,1,1,1,3,1,1,1,1,1,1,22,96,1,2,1,1,1,1,1,1,57,1,1,1,1,1,1,1,2,1,1,1,1,1,1,1,1,4,2,1,93,1,5,1,1,4
OTU_2137,1,1,1,1,1,1,1,1,1,1,1,1,1,1,1,1,1,1,1,1,1,1,1,1,1,1,1,1,1,1,1,1,1,1,1,1,1,1,1,1,1,1,1,1,1,1,1,1,1,1
OTU_2138,67,2,272,7,123,78,133,179,7,35,12,25,1,210,2,319,22,54,11,1,160,30,135,299,3,73,33,11,28,2,35,1,183,1,1,12,109,4,1,98,60,5,206,41,401,2,4,84,5,198
OTU_2139,1,1,1,1,1,1,1,1,1,1,1,1,1,1,1,1,1,1,1,1,1,1,1,1,1,1,1,1,1,1,1,1,1,1,1,1,1,1,1,1,1,1,1,1,1,1,1,1,1,1
OTU_2140,1,1,1,1,1,1,1,1,52,2,5,1,7,1,1,1,1,1,1,1,1,1,1,1,1,6,1,1,1,1,1,1,13,1,3,1,1,10,1,1,1,71,1,1,1,1,1,1,1,1
OTU_2141,1,1,1,1,1,1,1,1,1,4,2,1,32,1,1,1,1,1,140,1,1,14,1,1,1,1,5,8,1,1,20,2,1,1,1,1,1,1,1,1,1,21,1,2,18,1,1,1,16,50
OTU_2142,1,1,1,1,1,1,1,1,1,1,1,1,1,1,1,1,1,1,1,1,1,1,1,1,1,1,1,1,1,1,1,1,1,1,1,1,1,1,1,1,1,1,1,1,1,1,1,1,1,1
OTU_2143,1,1,1,1,1,1,1,1,1,1,1,1,1,1,1,1,1,1,1,1,1,1,1,1,1,1,1,1,1,1,1,1,1,1,1,1,1,1,1,1,1,1,1,1,1,1,1,1,1,1
OTU_2144,2,1,165,247,12,266,12,56,89,1,87,1,1,19,2,26,85,2,62,111,1,42,7,138,253,15,1,7,405,1,30,2,45,1,34,10,9,90,277,171,1,10,166,4,3,189,25,179,30,20
OTU_2145,1,1,30,1,1,3,1,1,1,1,32,1,2,78,1,1,5,1,1,1,1,1,16,80,1,1,1,19,1,1,1,55,61,1,24,35,16,1,1,1,1,3,1,1,1,1,3,16,24,2
OTU_2146,1,1,1,1,1,1,1,1,1,1,1,1,1,1,1,1,21,1,1,1,1,1,1,1,1,1,1,1,1,1,1,1,1,1,1,1,1,1,1,1,1,1,1,1,1,1,1,1,1,1
OTU_2147,2,1,1,1,1,1,1,1,1,1,1,2,1,1,1,1,1,1,1,1,2,1,1,1,1,1,1,1,1,1,1,1,1,1,1,1,1,178,1,1,1,1,1,1,1,1,1,1,1,1
OTU_2148,1,1,1,1,1,1,1,1,1,1,1,1,1,1,1,1,2,1,1,2,1,1,1,1,1,1,1,1,2,1,1,1,1,12,1,1,1,1,1,1,1,1,1,1,1,1,1,1,1,1
OTU_2149,1,1,1,1,1,1,1,13,2,1,4,113,1,1,69,7,1,1,1,1,1,54,1,2,1,4,1,1,22,1,1,1,1,28,1,47,1,1,4,1,2,1,1,4,3,1,15,2,1,1
OTU_2150,1,1,1,1,1,1,1,1,1,1,1,1,1,1,1,1,1,1,1,1,1,1,1,1,1,1,1,1,1,1,1,1,1,1,1,1,1,1,1,1,1,1,1,1,1,1,1,1,1,1
OTU_2151,1,1,1,1,1,1,1,1,1,1,1,1,1,1,1,1,1,1,1,1,1,1,1,1,1,1,1,1,1,1,1,1,1,1,1,1,1,1,1,1,1,1,1,1,1,1,1,1,1,1
OTU_2152,82,259,214,61,43,479,408,56,17,21,26,89,19,3,35,4,69,4,12,351,23,272,34,96,145,20,36,15,31,38,64,8,523,19,1,146,491,3,27,112,181,28,85,80,21,46,8,29,211,24
OTU_2153,1,1,1,1,1,1,1,1,2,1,1,1,1,1,1,1,1,1,1,1,1,1,1,1,1,1,1,1,1,1,1,1,1,1,1,1,1,1,1,1,1,1,1,1,1,1,1,1,1,1
OTU_2154,1,1,1,1,1,1,1,1,1,1,1,1,1,1,1,1,1,1,1,1,1,1,1,1,1,1,1,1,1,1,1,1,1,1,1,1,1,1,1,1,1,1,1,1,1,1,1,1,1,1
OTU_2155,1,1,1,1,1,1,1,1,1,1,1,1,1,1,1,1,1,1,1,1,1,1,1,1,1,1,1,1,1,1,1,1,1,1,1,1,1,1,1,1,1,1,1,1,1,1,1,1,1,1
OTU_2156,1,1,1,1,1,1,1,1,12,1,1,1,1,1,1,1,1,1,1,1,1,1,1,1,1,1,1,1,1,1,1,1,1,1,1,1,1,1,1,1,1,1,1,1,1,1,1,1,1,1
OTU_2157,1,1,1,549,1,1,1,3,1,1,1,55,5,1,39,1,4,3,1,2,12,24,1,10,1,1,1,1,1,1,1,8,1,1,3,3,1,6,12,1,1,1,9,76,1,7,7,1,18,2
OTU_2158,1,1,1,1,1,1,1,1,1,1,1,1,1,1,1,1,1,1,1,1,1,1,1,1,1,1,1,1,1,1,1,1,1,1,1,1,1,1,1,1,1,1,1,1,1,1,1,1,1,1
OTU_2159,1,1,1,1,1,1,1,1,1,1,1,1,1,1,1,1,1,1,1,1,1,1,1,1,1,1,1,1,1,1,1,1,1,1,1,1,1,1,1,1,1,1,1,1,1,1,1,1,1,1
OTU_2160,3,1,2,1,14,91,60,1,66,7,10,82,1,50,1,17,11,6,47,1,13,1,3,1,259,57,2,20,3,2,15,1,1,1,1,131,1,2,1,2,26,38,133,2,1,3,8,7,2,16
OTU_2161,1,1,1,1,1,1,1,1,1,1,1,1,1,1,1,1,1,1,1,1,1,1,1,1,1,1,1,1,1,1,1,1,1,1,1,1,1,1,1,1,1,1,1,1,1,1,1,1,1,1
OTU_2162,1,1,1,1,1,1,1,1,1,1,1,1,1,1,1,1,1,1,1,1,1,1,1,1,1,1,1,1,1,1,1,1,1,1,1,1,1,1,1,1,1,1,1,1,1,1,1,1,1,1
OTU_2163,1,1,1,1,1,1,1,1,1,1,1,1,1,1,1,1,1,1,1,1,1,1,1,1,1,1,1,1,1,1,1,1,1,1,1,1,1,1,1,1,1,1,1,1,1,1,1,1,1,1
OTU_2164,1,1,1,1,1,1,1,1,1,1,1,1,1,1,1,1,1,1,1,1,1,1,1,1,1,1,1,1,1,1,1,1,1,1,1,1,1,35,1,1,1,1,1,1,1,1,11,1,1,1
OTU_2165,1,154,1,1,1,1,1,1,2,1,1,1,1,1,1,1,1,1,1,1,1,1,1,1,1,1,1,1,1,1,1,1,1,1,1,1,1,1,1,1,1,1,1,1,1,1,1,1,1,1
OTU_2166,1,1,1,1,1,1,1,1,105,1,1,1,1,39,1,1,1,1,1,1,27,1,1,1,1,2,1,8,5,307,1,1,11,1,1,116,1,1,29,1,1,1,1,1,1,4,1,91,1,1
OTU_2167,3,1,1,1,281,1,1,1,88,1,1,1,1,1,1,1,1,1,1,1,1,43,1,1,1,1,19,1,2,1,1,1,1,1,1,1,1,11,1,1,1,1,1,18,1,1,1,1,1,1
OTU_2168,1,1,8,1,1,1,1,1,1,1,1,1,1,1,1,1,1,1,22,1,1,1,1,1,1,1,1,34,1,1,1,1,1,1,1,1,1,1,1,1,1,79,1,1,1,1,1,1,1,1
OTU_2169,1,1,1,1,1,1,1,1,1,1,1,1,1,1,1,1,1,1,1,1,1,1,1,1,1,1,1,1,1,1,1,1,1,1,1,1,1,1,1,1,1,1,1,1,1,1,1,1,1,1
OTU_2170,1,1,1,1,1,1,1,1,1,1,1,1,1,1,1,1,1,1,1,1,1,1,1,1,1,1,1,1,1,1,1,1,1,1,1,1,1,1,1,1,1,1,1,1,1,1,1,1,1,1
OTU_2171,1,1,1,1,1,1,1,1,1,1,2,1,1,1,1,1,1,1,1,1,1,1,1,1,1,1,1,1,1,1,1,1,1,1,1,1,1,1,1,1,1,1,1,1,1,1,1,1,1,1
OTU_2172,1,1,1,1,1,1,1,1,1,1,1,1,1,1,1,1,1,1,1,1,1,1,1,1,1,1,1,1,1,1,1,1,1,1,1,1,1,1,1,1,1,1,1,1,1,1,1,1,1,1
OTU_2173,1,1,1,1,1,1,1,1,1,1,1,1,1,1,1,1,1,1,1,1,1,1,1,1,1,1,1,1,85,1,1,1,1,1,1,1,1,1,1,1,1,1,1,1,1,1,1,1,1,1
OTU_2174,1,1,1,1,1,1,1,1,1,1,1,1,1,1,1,1,1,1,1,1,1,1,1,1,1,1,1,1,1,1,1,1,1,1,1,1,1,1,1,1,1,1,1,1,1,1,1,1,1,1
OTU_2175,1,1,1,1,1,1,1,1,1,1,1,1,1,1,1,1,1,1,1,1,1,1,1,1,1,1,1,1,1,17,1,50,1,1,1,1,1,1,1,1,1,1,1,1,1,1,1,1,1,1
OTU_2176,119,150,68,423,47,69,189,54,204,328,261,248,133,229,13,42,72,220,35,184,13,209,29,250,76,6,64,17,66,6,152,60,209,24,90,27,5,5,110,2,12,27,129,23,2,260,138,104,12,67
OTU_2177,7,7,8,40,220,185,2,7,9,26,3,70,43,10,7,120,4,2,114,57,92,41,21,1,23,127,1,135,74,57,94,517,66,18,1,1,1,2,34,29,2,119,3,2,66,47,23,1,18,79
OTU_2178,1,1,1,1,1,1,1,1,1,1,1,1,1,1,1,1,1,1,1,1,1,1,1,1,1,1,1,1,1,1,1,1,1,1,1,1,1,1,1,1,1,1,1,1,1,1,1,1,1,1
OTU_2179,19,1,55,133,26,201,1,3,27,2,33,19,17,22,12,28,8,206,1,19,4,108,92,49,21,160,2,5,115,46,1267,264,372,3,42,3,1,377,5,1,24,21,7,4,122,3,80,249,89,29
OTU_2180,1,1,1,1,1,1,1,1,1,1,1,1,1,1,1,1,1,1,1,1,1,1,1,1,1,1,1,1,1,1,1,1,1,1,1,1,1,1,1,1,1,1,1,1,1,1,1,1,1,1
OTU_2181,1,1,1,1,1,1,1,1,1,1,1,1,1,1,1,1,1,1,1,1,1,1,1,1,1,1,1,1,1,1,1,1,1,1,1,1,1,1,1,1,1,1,1,1,1,1,1,1,1,1
OTU_2182,1,1,1,1,1,1,1,1,1,1,1,1,1,1,1,1,1,1,1,1,1,1,1,1,1,1,1,1,1,1,1,1,1,1,1,1,1,1,1,1,1,1,1,1,1,1,1,1,1,1
OTU_2183,79,1,1,3,23,1,1,1,4,1,10,9,1,1,2,1,2,1,1,1,1,12,42,1,1,19,1,24,3,114,1,9,1,63,1,115,2,55,12,2,1,2,1,47,47,3,182,1,7,46
OTU_2184,1,1,1,1,1,1,1,1,1,1,1,1,1,1,1,1,1,1,1,1,1,1,1,1,1,1,1,1,1,1,1,1,1,1,1,1,1,1,1,1,1,1,1,1,1,1,1,1,1,1
OTU_2185,1,1,1,1,1,1,1,1,1,1,1,1,1,1,1,1,1,1,1,1,1,1,1,1,1,1,1,1,1,1,1,1,1,1,1,1,1,1,1,1,1,1,1,1,1,1,1,1,1,1
OTU_2186,1,1,1,1,1,1,1,1,1,1,1,1,1,1,1,1,1,1,1,1,1,1,1,1,1,1,1,1,1,1,1,1,1,1,1,1,1,1,1,1,1,1,1,1,1,1,1,1,1,1
OTU_2187,65,7,4,10,2,4,1,27,37,41,2,212,3,232,4,80,2,1,4,3,2,3,1,11,1,19,4,2,1,59,36,89,32,1,1,5,1,7,39,1,2,3,41,38,7,1,3,4,1,49
OTU_2188,1,1,1,1,1,1,1,1,1,1,1,1,1,1,1,1,1,1,1,1,1,1,1,2,1,1,1,1,1,1,1,1,1,1,1,1,1,1,1,1,1,1,1,1,1,1,1,1,1,1
OTU_2189,1,1,1,1,1,1,1,1,1,1,1,1,1,1,1,1,1,1,1,1,1,1,1,1,1,1,1,1,1,1,1,1,1,1,1,1,1,1,1,1,1,1,1,1,1,1,1,1,1,1
OTU_2190,1,1,1,1,1,1,1,1,1,1,1,1,1,1,1,1,1,1,1,1,1,1,1,1,1,1,1,1,1,1,1,1,1,1,1,1,1,1,1,1,1,1,1,1,1,1,1,1,1,1
OTU_2191,1,1,1,1,1,1,1,1,1,1,1,1,1,1,1,1,1,1,1,1,1,1,1,1,1,1,1,1,1,1,1,1,1,5,1,1,1,1,3,1,1,1,1,1,1,1,1,1,1,1
OTU_2192,1,1,1,1,1,1,1,1,1,1,1,1,1,1,1,1,1,1,1,1,1,1,1,1,1,1,1,1,1,1,1,1,1,1,1,1,1,1,1,1,1,1,1,1,1,1,1,1,1,1
OTU_2193,125,221,31,166,205,274,46,3,353,51,5,26,55,4,144,439,600,248,53,166,100,103,71,24,95,12,2,260,3,31,2,142,49,116,67,83,144,201,15,98,44,126,18,41,1,17,68,116,166,23
OTU_2194,1,1,1,1,1,1,1,1,1,1,1,1,1,1,1,1,1,1,1,1,1,1,1,1,1,1,1,1,1,1,1,1,1,1,1,1,1,1,1,1,1,1,1,1,1,1,1,1,1,1
OTU_2195,1,1,1,1,1,1,1,1,1,1,1,1,1,1,1,1,1,1,1,1,1,1,1,1,1,1,1,1,1,1,1,1,1,1,1,1,1,1,1,1,1,1,1,1,1,1,1,18,1,1
OTU_2196,1,1,1,1,1,1,1,1,2,1,1,1,1,1,171,1,1,1,1,1,1,1,1,1,103,1,1,1,1,1,1,63,1,1,1,1,1,1,1,1,1,1,1,1,1,252,1,1,1,1
OTU_2197,30,12,74,125,1,225,1,1,88,24,156,5,5,1,40,24,2,246,31,6,109,11,6,12,204,2,94,42,5,1,21,293,3,2,4,5,1,16,296,109,2,1,15,163,28,47,42,11,9,1
OTU_2198,1,1,1,1,1,1,1,1,1,1,1,1,1,1,1,1,14,1,1,1,1,1,1,1,1,1,100,1,1,1,1,1,1,1,1,1,1,1,1,1,1,1,1,1,1,1,1,1,1,3
OTU_2199,160,169,6,3,50,27,219,12,68,11,18,33,252,87,85,134,219,170,80,22,27,131,11,298,144,181,151,2,213,7,37,157,54,37,99,227,228,323,53,228,13,342,78,95,13,31,116,39,259,31
OTU_2200,1,1,1,1,1,1,1,1,1,1,1,1,1,1,1,1,1,1,1,1,1,1,1,1,1,1,1,1,1,1,1,1,1,1,1,1,2,1,1,1,5,1,1,1,1,1,1,1,1,1
OTU_2201,1,1,1,2,1,1,1,1,1,1,1,1,1,1,1,1,1,1,1,1,1,1,1,1,1,1,1,1,1,1,2,1,1,1,1,1,1,1,1,1,1,1,1,1,1,1,1,1,1,1
OTU_2202,82,160,2,1,1,4,1,13,16,2,2,3,165,3,2,1,4,87,4,11,98,16,1,1,20,9,20,39,8,4,1,1,1,9,28,419,2,49,1,16,1,42,3,5,4,1,299,2,1,8
OTU_2203,1,1,1,1,1,1,1,1,1,1,1,1,1,1,1,1,1,1,1,1,1,1,1,1,1,1,1,1,1,1,1,1,1,1,1,1,1,1,1,1,1,1,1,1,1,1,1,1,1,1
OTU_2204,1,1,1,1,1,1,1,1,1,1,1,1,1,1,1,1,1,1,1,1,1,1,1,1,1,1,1,1,1,1,1,1,1,1,1,1,1,1,1,1,1,1,1,1,1,1,1,1,1,1
OTU_2205,1,1,1,1,1,1,1,1,1,1,1,1,1,1,1,1,1,1,1,1,1,1,1,1,1,1,1,1,1,1,1,1,1,1,1,1,1,1,1,1,1,1,1,1,1,1,1,1,1,1
OTU_2206,26,68,12,48,97,44,46,14,236,18,89,97,12,122,81,543,32,53,32,67,484,61,57,21,607,165,69,8,46,51,272,14,186,3,170,305,12,9,8,4,85,18,56,22,64,56,84,19,3,14
OTU_2207,1,1,1,1,1,1,1,1,1,1,1,1,1,1,1,1,1,1,1,1,1,1,1,1,1,1,1,1,1,1,1,1,1,1,1,1,1,1,1,1,1,1,1,1,1,1,1,1,1,1
OTU_2208,1,1,1,1,1,1,1,1,1,1,1,1,1,1,1,1,1,1,1,1,1,1,1,1,1,1,1,45,1,1,1,1,1,1,1,1,1,10,1,1,1,1,1,1,1,1,1,1,1,1
OTU_2209,1,1,1,1,1,1,1,1,1,1,1,1,1,1,1,1,1,1,1,1,1,1,1,1,1,1,1,1,1,1,1,1,1,1,1,1,1,1,1,1,1,1,1,1,1,1,1,1,1,1
OTU_2210,1,1,1,1,1,173,1,1,1,17,1,1,1,1,1,1,1,8,6,7,1,1,1,2,2,1,1,1,11,7,1,1,1,5,72,59,1,8,1,1,1,1,1,3,1,1,1,1,26,51
OTU_2211,1,1,1,1,1,1,1,1,1,1,1,1,1,1,1,1,1,1,1,1,1,1,1,1,1,1,1,1,1,1,1,1,1,1,1,1,1,1,1,1,1,1,1,1,1,1,1,1,1,1
OTU_2212,1,4,1,5,14,1,5,28,5,6,28,20,494,3,1,1,1,1,2,32,2,27,27,178,7,2,1,18,1,95,1,3,30,4,8,87,1,2,1,1,1,1,1,131,14,25,40,47,7,44
OTU_2213,42,28,19,87,25,12,284,185,1,20,10,17,167,17,54,15,7,147,245,2,245,19,7,29,12,57,9,14,95,42,35,14,61,157,20,101,17,1,249,266,43,22,134,1,9,143,2,99,17,3
OTU_2214,1,1,1,1,1,1,1,1,1,1,1,1,1,1,1,1,1,1,1,1,1,1,1,1,1,1,1,1,1,1,1,1,1,1,1,1,1,1,1,1,1,1,1,1,1,1,1,1,1,1
OTU_2215,28,29,71,42,7,2,3,1,5,6,1,19,576,56,7,81,1,2,152,2,39,146,12,258,15,4,17,14,1,40,4,75,1,23,352,1,44,2,84,1,207,1,138,8,64,23,116,32,1,57
OTU_2216,11,18,1,2,6,76,6,58,106,2,215,67,1,4,3,1,1,1,3,16,8,575,310,1,1,9,81,1,22,8,98,33,1,118,2,1,21,1,1,6,1,24,122,10,7,6,7,21,67,1
OTU_2217,1,1,1,1,1,1,1,1,1,1,1,1,1,1,1,1,1,1,1,1,1,1,1,1,1,1,1,1,1,1,1,1,1,1,1,1,1,1,1,1,1,1,1,1,1,1,1,1,1,1
OTU_2218,432,2,32,2,48,17,156,4,42,101,51,127,20,25,316,11,296,5,64,82,166,11,33,1,6,310,1,30,153,30,1,25,50,79,46,122,37,17,152,39,174,19,102,53,186,18,559,39,2,318
OTU_2219,1,1,1,1,1,1,1,1,1,1,1,1,1,1,1,1,1,1,1,1,1,1,1,1,1,1,1,1,1,1,1,1,1,1,1,1,1,1,1,1,1,1,1,1,1,1,1,1,1,1
OTU_2220,1,1,1,1,1,1,1,1,1,1,1,1,1,1,1,1,1,1,1,1,1,1,1,1,1,1,1,1,1,1,1,1,1,1,1,1,1,1,1,1,1,1,1,1,1,1,1,1,1,1
OTU_2221,1,1,1,1,1,1,1,1,1,1,1,1,1,1,1,1,1,1,1,1,1,1,1,1,1,1,1,1,1,1,1,1,1,1,1,1,1,1,1,1,1,1,1,1,1,1,1,1,1,1
OTU_2222,1,1,1,1,1,1,1,33,1,1,1,1,1,1,1,1,1,1,1,1,1,1,1,1,1,1,1,1,1,1,1,1,1,1,1,1,1,1,1,1,1,1,1,1,1,1,1,1,1,1
OTU_2223,1,1,1,1,1,1,1,1,1,1,1,1,1,1,1,1,1,1,1,1,1,1,1,1,1,1,1,1,1,1,1,1,1,1,1,1,1,1,1,1,1,1,1,1,1,1,1,1,1,1
OTU_2224,1,1,1,1,1,1,1,1,1,1,1,1,1,1,1,1,1,1,1,1,1,1,1,1,1,1,1,1,1,1,1,1,1,1,1,1,1,1,1,1,1,1,1,1,1,1,1,1,1,1
OTU_2225,1,1,1,1,1,1,1,1,1,1,1,1,1,1,1,1,1,1,1,1,1,1,1,1,1,1,1,1,1,1,1,1,1,1,1,1,1,1,1,1,2,1,1,1,1,1,1,1,1,1
OTU_2226,1,1,1,1,1,1,1,1,1,1,1,1,1,1,1,1,1,1,1,1,1,1,1,1,1,1,1,1,1,1,1,1,1,1,1,1,1,1,1,1,1,1,1,1,1,1,1,1,1,1
OTU_2227,7,2,55,1,74,9,131,3,89,128,94,32,3,4,9,139,90,43,14,11,29,26,116,37,294,154,60,7,90,129,72,103,34,37,457,1,40,29,34,284,5,34,46,55,14,220,43,6,14,2
OTU_2228,1,1,1,1,1,1,1,1,1,1,1,1,1,1,1,1,1,1,1,1,1,1,1,1,1,1,1,1,1,1,1,1,1,1,1,1,1,1,1,1,1,1,1,1,1,1,1,1,1,1
OTU_2229,1,1,1,1,1,1,1,1,1,1,62,1,1,7,1,4,1,1,1,1,1,1,1,1,1,1,1,1,1,1,1,1,1,1,1,1,1,1,1,12,1,1,3,1,1,1,1,1,1,1
OTU_2230,1,1,1,1,1,1,1,1,1,1,1,1,1,1,1,1,1,1,1,1,1,1,1,1,1,1,1,1,1,1,1,1,1,1,1,1,1,1,1,1,1,1,1,1,1,1,1,1,1,1
OTU_2231,1,1,1,1,1,1,1,1,1,1,1,1,1,1,1,1,1,1,1,1,1,1,1,1,1,1,1,1,1,1,1,1,1,1,1,1,1,1,1,1,1,1,1,1,1,1,1,1,1,1
OTU_2232,1,1,1,1,1,1,1,1,1,1,1,1,1,1,1,1,1,1,1,1,1,1,1,1,1,1,1,1,1,1,1,1,1,1,1,1,1,1,1,1,1,1,1,1,1,1,1,1,1,1
OTU_2233,1,1,1,1,1,1,1,1,1,1,1,1,1,1,1,1,1,1,1,1,1,1,1,1,1,1,1,1,1,1,1,1,1,1,1,1,1,1,1,1,1,1,1,1,1,1,1,1,1,1
OTU_2234,27,345,221,112,106,249,447,245,118,130,379,215,204,59,292,32,233,16,191,94,39,42,155,757,121,9,395,299,169,44,193,73,134,102,967,9,37,227,602,345,29,157,176,195,357,36,68,63,190,393
OTU_2235,22,125,15,688,143,33,7,60,18,2,23,89,33,226,200,247,7,87,215,215,27,22,377,2,110,12,25,293,17,22,40,64,27,150,62,148,18,429,32,281,3,156,181,29,114,151,55,30,40,124
OTU_2236,1,1,1,1,1,1,1,1,1,1,1,1,1,1,1,1,1,1,1,1,1,1,1,1,1,1,1,1,1,1,2,1,1,1,1,1,1,1,1,1,1,1,1,1,1,1,1,1,1,1
OTU_2237,1,1,1,1,1,1,1,1,1,1,1,1,1,1,1,1,1,1,1,1,1,1,1,1,1,1,1,1,1,1,1,1,1,1,1,1,1,1,1,1,1,1,1,1,1,1,1,1,1,1
OTU_2238,1,1,1,24,21,44,49,2,4,1,1,1,2,2,1,166,1,3,1,5,1,6,7,1,1,2,1,2,1,1,1,2,1,1,2,10,3,1,1,1,1,1,21,145,27,3,1,2,1,1
OTU_2239,1,1,1,1,1,1,1,1,1,1,1,1,1,1,1,1,1,1,1,1,1,1,1,1,1,1,1,1,1,1,1,1,1,1,1,1,1,1,1,1,1,1,1,1,1,1,1,1,1,1
OTU_2240,1,1,1,1,1,1,1,1,1,1,1,1,1,1,1,1,1,1,1,1,1,1,1,1,1,1,1,1,1,1,1,1,1,1,1,1,1,1,1,1,1,1,1,1,1,1,1,1,1,1
OTU_2241,1,1,1,1,1,1,1,1,1,1,1,1,1,1,1,1,1,1,1,1,1,1,1,1,1,1,1,1,1,1,1,1,1,1,1,1,1,1,1,1,1,1,1,1,1,1,1,1,1,1
OTU_2242,1,1,1,1,1,1,1,1,1,1,1,1,1,1,1,1,1,20,1,1,1,1,1,1,10,1,1,1,1,1,1,1,1,1,1,1,1,1,1,1,1,1,1,1,71,1,1,1,1,1
OTU_2243,1,1,1,1,1,1,1,1,1,1,1,1,1,1,1,1,1,1,1,1,1,1,1,1,1,1,1,1,1,1,1,1,1,1,1,1,1,1,1,1,1,1,1,1,1,1,1,1,1,1
OTU_2244,9,75,8,61,4,180,88,8,150,3,115,1,11,200,17,18,43,1,9,2,41,1,3,108,23,18,67,1,117,241,24,102,4,123,2,11,46,5,100,16,3,27,52,43,67,61,70,56,1,11
OTU_2245,1,1,1,1,1,1,1,1,1,1,1,1,1,1,1,1,1,1,1,1,1,1,1,1,1,1,1,1,1,1,1,1,1,1,1,1,1,1,1,1,1,1,1,1,1,1,1,1,1,1
OTU_2246,1,1,1,1,1,1,1,1,1,1,1,1,1,1,1,1,1,1,1,1,1,1,1,1,1,1,1,1,1,1,1,1,1,1,1,1,1,1,1,1,1,1,1,1,1,1,1,1,1,1
OTU_2247,1,1,1,1,1,1,1,1,1,1,1,1,1,1,1,1,1,1,1,1,1,1,1,1,1,1,1,1,1,1,1,1,1,1,1,1,1,1,1,1,1,1,1,1,1,1,1,1,1,1
OTU_2248,1,1,1,1,1,1,1,1,1,1,1,1,1,1,1,1,1,1,1,1,1,1,1,1,1,1,1,1,1,1,1,1,1,1,1,1,1,1,1,1,1,1,1,1,1,1,1,1,1,1
OTU_2249,1,1,1,1,1,1,1,1,1,1,1,1,1,31,1,1,1,1,1,1,1,1,1,1,1,1,1,39,1,1,1,1,1,1,1,1,1,1,1,1,1,1,1,1,1,1,1,1,1,1
OTU_2250,1,1,1,5,2,1,1,1,1,1,1,1,6,1,1,1,1,1,1,1,1,1,1,1,26,2,5,10,1,1,1,1,1,1,1,13,3,1,1,1,1,1,1,1,1,1,1,1,1,1
OTU_2251,1,1,1,1,1,1,1,1,1,1,1,1,1,1,1,1,1,1,1,1,1,1,1,1,1,1,1,1,1,1,1,1,1,1,1,1,1,1,1,1,1,1,1,1,1,1,1,1,1,1
OTU_2252,1,1,1,1,1,29,1,1,1,5,1,20,1,1,1,1,1,1,1,3,1,1,1,1,1,1,1,1,1,1,1,1,1,1,1,1,1,1,1,1,1,1,1,1,4,1,1,26,3,1
OTU_2253,1,1,1,13,1,1,5,1,1,1,1,2,1,1,1,1,1,1,1,1,1,31,1,4,1,1,3,1,1,1,1,1,1,1,1,1,1,1,1,1,1,1,1,1,1,1,77,38,1,1
OTU_2254,1,1,1,1,1,1,1,1,1,1,1,1,1,1,1,1,1,1,1,1,1,1,1,1,1,1,1,1,1,1,1,1,1,1,1,1,1,1,1,1,1,1,1,1,1,1,1,1,1,21
OTU_2255,124,3,30,117,109,3,50,188,333,101,207,41,518,388,160,50,55,106,117,186,62,25,143,17,154,40,26,27,41,30,92,93,232,136,267,167,195,120,144,55,210,237,25,612,19,22,2,35,124,161
OTU_2256,1,1,1,1,1,1,1,1,1,1,1,1,1,1,1,1,1,1,1,1,1,1,1,1,1,1,122,1,1,1,2,1,1,1,1,1,1,1,1,1,1,1,35,1,1,1,1,1,1,1
OTU_2257,1,1,1,1,1,1,1,1,1,1,1,1,1,1,1,1,1,1,1,1,1,1,1,1,1,1,1,1,1,1,1,1,1,1,1,1,1,1,1,1,1,1,1,1,1,1,1,1,1,1
OTU_2258,2,36,1,1,1,28,1,3,1,109,1,1,1,1,1,1,1,1,13,18,1,9,1,1,1,1,1,2,1,1,1,123,1,33,74,3,1,1,1,1,56,1,1,1,52,1,42,3,1,1
OTU_2259,1,1,1,1,1,1,1,1,1,17,45,14,8,3,1,1,1,1,1,1,1,1,1,1,1,1,1,1,1,272,1,1,1,1,19,1,1,1,1,10,1,1,1,1,1,1,1,1,18,1
OTU_2260,1,1,1,1,1,1,1,1,1,1,1,1,1,1,1,1,1,1,1,1,1,1,1,1,1,1,1,1,1,1,1,1,1,1,1,1,1,1,1,1,1,1,1,1,1,1,1,1,1,1
OTU_2261,1,1,1,1,1,1,1,1,1,1,1,1,1,1,1,1,1,1,1,1,1,1,1,1,1,1,1,1,1,1,1,1,1,1,1,1,1,1,1,1,1,1,1,1,1,1,1,1,1,1
OTU_2262,335,173,136,150,198,279,25,179,145,290,599,206,480,109,237,227,50,199,134,175,175,112,296,69,51,194,608,381,430,31,46,177,173,94,38,258,247,458,73,98,1032,9,214,361,200,155,265,176,121,134
OTU_2263,1,2,1,1,1,2,1,1,1,58,1,4,1,1,1,1,1,1,5,1,1,1,1,1,1,33,1,1,7,1,1,1,1,1,1,1,1,48,13,395,1,11,1,1,1,1,1,1,1,1
OTU_2264,1,1,1,1,1,1,1,1,1,1,1,1,1,1,1,1,1,1,1,1,1,1,1,1,1,1,1,1,1,1,1,1,1,1,1,1,1,1,1,1,1,1,1,1,1,1,1,1,1,1
OTU_2265,1,1,1,1,1,1,1,1,1,1,1,1,1,1,1,1,1,1,1,1,1,1,1,1,1,1,1,1,1,1,1,1,1,1,1,1,1,1,1,1,1,1,1,1,1,1,1,1,1,1
OTU_2266,1,1,1,1,1,1,1,1,1,1,1,1,1,1,1,1,1,1,1,1,1,1,1,1,1,1,1,1,1,1,1,1,1,1,2,1,1,1,1,1,1,1,1,1,1,1,1,1,1,1
OTU_2267,1,1,1,1,1,1,1,1,1,1,1,1,1,1,1,1,1,1,1,1,1,1,1,1,1,1,1,1,1,1,1,1,1,1,1,1,1,1,1,1,1,1,1,1,1,1,1,1,1,1
OTU_2268,4,211,1,50,13,2,4,47,2,208,1,18,14,62,141,9,1,2,70,21,2,250,2,13,1,1,177,1,2,15,1,176,150,2,8,1,2,13,59,97,1,44,154,1,12,6,1,7,1,33
OTU_2269,1,1,213,2,1,1,1,1,1,1,1,1,1,1,1,1,1,1,1,1,1,1,1,5,1,1,1,1,1,8,1,13,1,1,1,1,1,1,1,1,1,1,1,1,1,4,1,1,1,8
OTU_2270,1,1,33,1,1,1,15,1,33,85,2,1,1,1,1,16,1,1,2,20,1,66,1,1,1,1,1,1,1,1,1,1,1,1,1,1,100,60,7,20,84,1,1,10,1,4,3,45,29,1
OTU_2271,1,1,1,1,1,1,1,1,1,1,1,1,1,1,1,1,1,1,1,1,1,1,1,1,1,1,1,1,1,1,1,1,1,1,1,1,1,1,1,1,1,1,1,1,1,1,1,1,1,1
OTU_2272,1,1,1,1,1,1,1,1,1,1,1,1,1,1,1,1,1,1,1,1,1,1,1,1,1,1,1,1,1,1,1,1,1,1,1,1,1,1,1,1,1,1,1,1,1,1,1,1,1,1
OTU_2273,1,1,1,1,1,1,1,1,1,1,1,2,1,1,1,1,1,1,1,1,1,1,1,1,1,1,1,1,1,1,1,1,1,1,1,1,1,1,1,1,1,1,1,1,1,1,1,1,1,1
OTU_2274,1,1,1,1,1,1,1,1,1,295,1,1,1,1,1,2,1,1,1,1,1,1,1,1,1,1,1,1,1,1,1,1,1,1,50,1,1,1,1,1,1,1,1,1,1,1,1,1,1,1
OTU_2275,1,1,1,1,1,1,1,1,1,1,1,1,1,1,1,1,1,1,1,1,1,1,1,1,1,1,1,1,1,1,1,1,1,1,1,1,1,1,1,1,1,1,1,1,1,1,1,1,1,1
OTU_2276,1,1,1,1,1,1,20,1,3,1,1,1,1,1,9,32,13,1,1,1,16,1,2,2,1,1,1,13,1,1,1,20,14,1,8,1,2,1,4,1,1,1,1,1,5,1,1,1,1,5
OTU_2277,463,24,21,7,1,42,5,1,1,28,1,2,1,56,132,1,2,1,5,151,1,1,70,1,5,116,2,1,1,1,127,84,1,22,30,13,12,1,1,4,1,4,1,181,7,18,19,77,89,113
OTU_2278,1,1,1,1,1,1,1,1,1,1,1,1,1,1,1,1,1,1,1,1,1,1,1,1,1,1,1,1,1,1,1,1,1,1,1,1,1,1,1,1,1,1,1,1,1,1,1,1,1,1
OTU_2279,1,1,1,1,1,1,1,1,1,1,1,1,1,1,1,1,1,1,1,1,1,1,1,1,1,1,1,1,1,1,1,1,1,1,1,1,1,1,1,1,1,1,1,1,1,1,1,1,1,1
OTU_2280,1,1,1,1,1,1,1,1,1,1,1,1,1,1,1,1,1,1,1,1,1,1,1,1,1,1,1,1,1,1,1,1,1,1,1,1,1,1,1,1,1,1,1,1,1,1,1,1,1,1
OTU_2281,1,1,1,1,1,1,1,1,1,1,1,1,1,1,1,1,1,1,1,1,1,1,1,1,1,1,1,1,1,1,1,1,1,1,1,1,1,1,1,1,1,1,1,1,1,1,1,1,1,1
OTU_2282,1,1,1,1,1,10,1,1,1,1,1,1,1,1,1,1,10,1,1,1,1,1,1,1,1,1,1,1,1,1,1,1,1,1,1,1,1,1,1,1,1,1,1,1,1,1,1,1,1,1
OTU_2283,1,1,1,11,1,1,1,1,1,1,16,1,1,1,3,1,1,1,1,1,1,32,1,1,1,1,1,89,1,1,1,1,1,1,1,1,1,1,1,1,1,1,1,1,1,1,1,1,1,1
OTU_2284,1,1,1,1,1,1,1,1,1,1,1,1,1,1,1,1,1,1,1,1,1,1,1,1,1,1,1,1,1,1,1,1,1,1,1,1,1,1,1,1,1,1,1,1,1,1,1,1,1,1
OTU_2285,1,1,1,1,1,1,1,1,1,1,1,1,1,1,1,1,1,1,1,1,1,1,1,1,1,1,1,1,1,1,1,1,1,1,1,1,1,1,1,1,1,1,1,1,1,1,1,1,1,1
OTU_2286,2,11,199,2,13,63,29,1,114,185,1,43,84,118,2,56,6,3,1,3,97,1,99,234,50,1,79,1,7,1,1,1,1,1,50,74,2,166,1,1,2,11,55,24,1,40,1,3,1,1
OTU_2287,1,1,1,1,1,1,1,1,25,28,1,1,1,1,1,1,68,1,1,6,1,1,6,19,9,1,1,1,1,1,1,2,1,1,1,5,1,1,2,1,9,3,1,25,1,1,17,1,1,1
OTU_2288,1,1,1,1,1,1,1,1,1,1,1,1,1,1,1,1,1,1,1,1,1,1,1,1,1,1,1,1,1,1,1,1,1,1,1,1,1,1,1,1,1,1,1,1,1,1,1,1,1,1
OTU_2289,1,1,1,1,1,1,1,1,1,1,1,1,1,1,1,1,1,1,1,1,1,1,1,1,1,1,1,1,1,1,1,1,1,1,1,1,1,1,1,1,1,1,1,1,1,1,1,1,1,1
OTU_2290,1,1,1,1,1,1,1,1,1,1,1,1,1,1,1,1,2,1,1,1,1,1,1,1,1,1,1,1,1,1,1,1,1,1,1,1,1,1,1,1,1,1,1,1,1,1,1,1,1,1
OTU_2291,1,1,1,1,1,1,1,1,1,1,1,1,1,1,1,1,1,1,1,1,1,1,1,1,1,1,1,1,1,1,1,1,1,1,1,1,1,1,1,1,1,1,1,1,1,1,1,1,1,1
OTU_2292,1,1,1,1,1,1,1,1,1,1,1,1,1,1,1,1,1,1,1,1,1,1,1,1,1,1,1,1,1,1,1,1,1,1,1,1,1,1,1,1,1,1,1,1,1,1,1,1,1,1
OTU_2293,1,1,1,1,1,1,1,1,1,1,1,1,1,1,1,1,1,1,1,1,1,1,1,1,1,1,1,1,1,1,1,1,1,1,1,1,1,1,2,1,1,1,1,1,1,1,1,1,1,1
OTU_2294,1,1,1,1,1,1,1,11,1,1,1,1,1,1,1,2,3,1,2,1,1,1,1,1,1,1,1,1,1,1,1,1,1,1,1,1,1,1,77,1,1,1,1,1,1,1,1,1,1,1
OTU_2295,1,1,1,1,1,1,1,1,1,1,1,1,1,1,38,1,1,3,4,1,1,1,1,1,1,1,1,1,1,1,1,1,1,1,1,1,1,1,1,1,1,1,1,1,1,1,1,1,1,342
OTU_2296,1,1,1,1,1,1,1,1,1,1,1,1,1,1,1,1,1,1,1,1,1,1,1,1,1,1,1,1,1,1,1,1,1,1,1,1,1,1,1,1,1,1,1,1,1,1,1,1,1,1
OTU_2297,1,1,1,1,1,2,1,1,1,1,1,1,1,1,1,1,1,7,1,1,1,1,1,1,1,1,1,1,1,1,1,1,1,1,1,1,1,1,1,1,1,1,1,1,1,1,9,10,1,1
OTU_2298,1,1,1,1,1,1,1,1,1,1,1,1,1,1,1,1,1,1,1,1,1,1,1,1,1,1,1,1,1,1,1,1,1,1,1,1,1,1,1,1,1,1,1,1,1,1,1,1,1,1
OTU_2299,1,1,1,1,1,1,1,1,1,1,1,1,1,1,1,1,1,1,1,1,1,1,1,1,1,1,1,1,1,1,1,1,1,1,1,1,1,1,1,1,1,1,1,1,1,1,1,1,1,1
OTU_2300,1,1,1,1,1,1,1,1,1,1,1,1,1,1,1,1,1,1,1,1,1,1,1,1,1,1,1,1,1,1,1,1,1,1,1,1,1,1,1,1,1,1,1,1,1,1,1,1,1,1
OTU_2301,1,1,1,1,1,1,1,1,1,1,1,1,1,1,1,1,1,1,1,1,1,1,1,1,1,1,1,1,1,1,1,1,1,1,1,1,1,1,1,1,1,1,1,1,1,1,1,1,1,35
OTU_2302,217,70,179,73,15,79,186,50,93,43,184,2,64,82,103,71,151,97,205,53,74,12,26,86,186,162,77,213,1,12,82,27,304,25,49,26,25,22,5,3,2,565,16,163,172,4,60,113,13,28
OTU_2303,1,1,1,1,1,1,1,1,1,1,1,1,1,1,1,1,1,1,1,1,1,1,1,1,1,1,1,1,1,1,1,1,1,1,1,1,1,1,1,1,1,1,1,1,1,1,1,1,1,1
OTU_2304,2,234,26,45,3,232,24,11,2,1,10,49,39,1,95,1,3,118,1,59,4,2,197,25,44,24,370,5,30,184,81,8,89,12,62,2,20,3,1,112,22,36,7,1,1,1,57,3,18,74
OTU_2305,1,1,1,1,1,1,1,1,1,1,1,1,1,1,1,1,1,1,1,1,1,1,1,1,1,1,1,1,1,1,1,1,1,1,1,1,1,1,1,1,1,1,1,1,2,1,1,1,1,1
OTU_2306,1,1,1,1,1,1,1,1,1,1,1,1,1,1,1,1,1,1,1,1,1,1,1,1,1,1,1,1,1,1,1,1,1,1,1,1,1,1,1,1,1,1,1,1,1,1,1,1,1,1
OTU_2307,1,1,1,1,1,1,1,4,1,1,1,1,1,1,1,1,1,1,1,1,1,1,1,1,1,1,1,1,1,1,1,1,1,1,1,63,1,1,1,1,5,1,1,1,1,3,1,1,1,7
OTU_2308,1,1,1,1,1,1,1,1,1,1,1,1,1,1,1,1,1,1,1,1,1,1,1,1,1,1,1,1,1,1,1,1,1,1,1,1,1,1,1,1,1,1,1,1,1,1,1,1,1,1
OTU_2309,1,5,1,1,1,1,1,1,1,1,1,1,1,1,1,1,1,1,1,1,1,1,1,1,1,19,21,1,1,1,1,1,1,1,1,1,1,1,1,1,1,1,1,1,1,1,1,1,1,1
OTU_2310,1,1,1,1,1,1,1,1,1,1,1,1,1,1,1,1,1,1,1,1,1,1,1,1,1,1,1,1,1,1,1,1,1,1,1,1,1,1,1,1,1,1,1,1,1,1,1,1,1,1
OTU_2311,1,1,1,1,1,1,1,1,1,1,1,1,1,1,1,1,1,1,1,1,1,1,1,1,1,1,1,1,1,1,1,1,1,1,1,1,1,1,1,1,1,1,1,1,1,1,1,1,1,1
OTU_2312,1,1,1,1,1,1,1,1,1,1,1,1,1,1,1,1,1,1,1,1,1,1,1,1,1,1,1,1,1,1,1,1,1,1,1,1,1,1,1,1,1,1,1,1,1,1,1,1,1,1
OTU_2313,11,1,1,1,1,1,1,1,1,1,1,1,1,1,16,1,3,1,1,1,1,3,1,1,1,1,1,1,1,1,21,1,1,107,1,1,1,1,1,1,1,1,1,2,1,1,1,1,1,1
OTU_2314,1,1,1,1,1,1,1,1,1,1,1,1,1,1,1,1,1,1,1,1,1,1,1,1,1,1,1,1,1,1,1,1,1,1,1,1,1,1,1,1,1,1,1,1,1,1,1,1,1,1
OTU_2315,1,1,1,1,1,1,1,1,1,1,1,1,1,1,1,1,1,1,1,1,1,1,1,1,1,1,1,1,1,1,1,1,1,1,1,1,1,1,1,1,1,1,1,1,1,1,1,1,1,1
OTU_2316,1,1,1,1,1,1,1,1,1,1,1,1,1,1,1,1,1,1,1,1,1,1,1,1,1,1,1,1,1,1,1,1,1,1,1,1,1,1,1,1,1,1,1,1,1,1,1,1,1,1
OTU_2317,46,301,166,272,212,625,446,414,186,370,407,282,411,398,17,40,366,250,48,192,125,161,34,369,286,54,259,184,58,56,341,90,161,418,130,66,275,422,365,315,42,210,97,157,149,479,188,91,80,389
OTU_2318,1,1,1,1,1,1,1,1,1,2,1,1,1,1,1,1,1,1,1,1,1,1,1,1,1,1,1,1,1,1,1,1,1,1,1,1,1,1,1,1,1,1,1,1,1,1,1,1,1,1
OTU_2319,1,1,1,1,1,1,1,1,1,1,1,1,1,1,1,1,1,1,1,1,1,1,1,1,1,1,1,1,1,1,1,1,1,1,1,1,1,1,1,1,1,1,1,1,1,1,1,1,1,1
OTU_2320,1,1,1,1,1,1,1,1,1,1,1,1,1,1,1,1,1,1,1,1,1,1,1,1,1,1,1,1,1,1,1,1,1,1,1,1,1,1,1,1,1,1,1,1,1,1,1,1,1,1
OTU_2321,1,1,1,1,1,1,1,1,1,1,1,1,1,1,1,1,1,1,1,1,1,1,1,1,1,1,1,1,1,1,1,1,1,1,1,1,1,1,1,1,1,1,1,1,1,1,1,1,1,1
OTU_2322,1,1,1,1,1,1,1,1,1,1,1,1,1,1,1,1,1,1,1,1,1,1,1,1,1,1,1,1,1,1,1,1,1,1,1,1,1,1,1,1,1,1,1,1,1,1,1,1,1,1
OTU_2323,1,1,1,1,1,1,1,1,1,1,1,1,1,1,1,1,1,1,1,1,1,1,1,1,1,1,1,1,1,1,1,1,1,1,1,1,1,1,1,1,1,1,1,1,1,1,1,1,1,1
OTU_2324,1,1,2,2,1,1,1,30,1,1,1,1,1,1,13,1,1,1,1,1,1,3,1,1,1,1,1,38,1,1,1,1,1,1,1,1,1,18,2,1,1,1,1,1,1,1,1,1,1,2
OTU_2325,1,1,1,1,1,1,1,1,1,1,1,1,1,1,1,1,1,1,1,1,1,1,1,1,1,2,1,1,1,1,1,1,1,1,1,1,1,1,1,1,1,1,1,1,1,1,1,1,1,1
OTU_2326,1,1,1,1,1,1,1,1,1,1,1,1,1,1,1,1,1,1,1,1,1,1,1,1,1,1,1,1,1,1,1,1,1,1,1,1,1,1,1,1,1,1,1,1,1,1,1,1,1,1
OTU_2327,11,218,121,37,12,88,57,1,97,4,94,163,69,51,8,28,42,3,11,21,131,54,171,96,70,381,360,55,23,13,139,1,54,201,6,72,95,26,104,24,10,43,619,20,39,89,272,14,22,182
OTU_2328,365,80,78,336,131,70,31,443,143,1005,134,228,35,89,581,339,547,393,89,92,384,656,194,374,178,174,131,108,63,290,242,287,62,242,238,183,105,19,31,271,442,63,348,55,51,93,177,81,116,28
OTU_2329,1,1,1,1,1,1,1,1,1,1,1,1,1,1,1,1,1,1,1,1,1,1,1,1,1,1,1,1,1,1,1,1,1,1,1,1,1,1,1,1,1,2,1,1,1,1,1,1,1,1
OTU_2330,1,1,1,1,25,1,1,1,1,1,1,1,17,1,1,1,1,1,1,1,1,1,1,1,1,1,1,1,253,1,6,1,14,1,1,1,1,1,3,1,1,1,1,1,1,1,1,1,1,1
OTU_2331,1,1,1,1,1,1,1,1,1,1,1,1,1,1,1,1,1,1,1,4,1,1,1,1,1,1,1,1,1,1,1,1,1,1,1,1,1,1,1,1,1,1,1,1,1,1,1,1,2,1
OTU_2332,1,1,1,1,1,1,1,1,1,1,1,1,1,1,1,1,1,1,1,1,1,1,1,1,1,1,1,1,1,1,1,1,1,1,1,1,1,1,1,1,1,1,1,1,1,1,1,1,1,1
OTU_2333,15,70,8,1,2,2,1,2,3,78,1,1,1,1,1,2,1,1,1,1,8,2,1,1,1,1,1,37,1,1,1,1,1,1,1,16,284,1,1,1,1,1,1,1,1,9,1,1,1,1
OTU_2334,1,1,1,1,1,1,2,1,1,1,6,1,1,1,1,1,1,1,1,2,290,1,68,1,1,1,1,1,1,1,1,1,1,16,1,1,1,1,2,1,1,1,1,1,1,1,1,1,1,1
OTU_2335,1,1,1,1,1,1,1,1,1,1,1,1,1,1,1,1,1,1,1,1,1,1,1,1,1,1,1,1,1,1,1,1,1,1,1,1,1,1,1,1,1,1,1,1,1,1,1,1,1,1
OTU_2336,1,1,1,1,1,1,1,1,1,1,1,1,1,1,1,1,1,1,1,1,1,1,1,1,1,1,1,1,1,1,1,1,1,1,1,1,1,1,1,1,1,1,1,1,1,1,1,1,1,1
OTU_2337,1,1,1,1,1,1,1,1,1,1,1,1,1,1,1,1,1,1,1,1,1,1,1,1,1,1,1,1,1,1,1,1,1,1,1,1,1,1,1,1,1,1,1,1,1,1,1,1,1,1
OTU_2338,53,8,26,128,117,32,7,2,120,18,13,32,28,135,567,9,3,9,20,188,14,41,8,95,75,157,390,58,65,294,9,241,6,125,200,77,11,168,1,324,247,8,10,114,15,94,1,564,129,3
OTU_2339,3,28,1,43,1,47,1,51,1,1,120,16,66,5,6,4,31,1,1,1,1,1,11,6,2,8,10,1,1,26,5,1,8,1,28,18,26,8,56,1,35,1,1,1,279,1,2,1,1,79
OTU_2340,1,1,1,1,1,1,1,1,1,1,1,1,1,1,1,1,1,1,1,1,1,1,1,1,1,1,1,1,1,1,1,1,1,1,1,1,1,1,1,1,1,1,1,1,1,1,1,1,1,1
OTU_2341,1,1,1,1,1,1,1,1,1,1,1,1,1,1,1,1,1,1,1,1,1,17,1,1,1,1,1,1,1,1,1,1,1,1,1,1,1,1,1,1,1,1,1,1,1,122,1,1,1,11
OTU_2342,42,432,139,1,154,8,55,34,236,31,14,43,2,31,21,149,103,62,88,71,3,168,3,629,32,4,3,12,13,53,3,94,42,1,70,76,23,27,47,16,1,6,18,19,6,24,5,327,48,33
OTU_2343,1,1,1,1,1,1,1,1,1,1,1,1,1,1,1,1,1,1,1,1,1,1,1,1,1,1,1,1,1,1,1,1,1,1,1,1,1,1,1,1,1,1,1,1,1,1,1,1,1,1
OTU_2344,1,1,57,46,1,2,1,1,54,13,1,1,1,268,1,272,1,1,1,11,1,1,1,1,1,1,1,1,1,1,1,1,39,1,1,14,1,1,1,2,1,22,1,1,1,1,1,7,4,26
OTU_2345,1,1,1,1,1,1,1,1,1,2,1,1,1,1,1,1,1,1,1,1,1,1,1,1,1,1,1,1,1,1,1,1,1,1,1,1,1,1,1,1,1,1,1,1,1,1,1,1,1,1
OTU_2346,1,1,1,1,1,1,1,1,1,1,1,1,1,1,1,1,1,1,1,1,1,1,1,1,1,1,1,1,1,1,1,1,1,1,1,1,1,1,1,1,1,1,1,1,1,1,1,1,1,1
OTU_2347,11,1,1,1,5,1,56,1,2,1,1,1,1,14,1,1,1,1,1,27,1,1,46,1,1,27,49,10,1,29,1,1,1,1,1,1,1,1,1,43,1,1,2,1,1,2,1,1,40,1
OTU_2348,1,1,1,1,1,1,1,1,1,1,1,1,1,1,1,1,1,1,1,1,1,1,1,1,1,1,1,1,1,1,1,1,1,1,1,1,1,1,1,1,1,1,1,1,1,1,1,1,1,1
OTU_2349,1,1,1,1,1,1,1,1,1,1,1,1,1,1,1,1,1,1,1,1,1,1,1,1,1,1,1,1,1,1,1,1,1,1,1,1,1,1,1,1,1,1,1,1,1,1,1,1,1,1
OTU_2350,1,1,1,1,1,1,1,1,1,1,1,1,1,1,1,1,1,1,1,1,1,1,1,1,1,1,1,1,1,1,1,1,1,1,1,1,1,1,1,1,1,1,1,1,1,1,1,1,1,1
OTU_2351,1,1,2,1,1,1,1,1,1,1,1,1,1,1,1,44,1,1,1,1,1,1,1,1,1,1,1,1,1,1,1,1,1,1,1,1,1,1,1,1,1,1,1,1,1,1,1,1,1,1
OTU_2352,2,293,10,2,104,56,46,12,222,1,25,47,3,110,20,2,14,75,71,27,119,26,8,186,47,1,83,4,53,2,31,69,4,2,340,54,1,20,180,46,89,96,14,268,8,28,11,8,58,1
OTU_2353,1,1,1,1,1,1,1,1,1,1,1,1,1,1,1,1,1,1,1,1,1,1,1,1,1,1,1,1,1,1,1,1,1,1,1,1,1,1,1,1,1,1,1,1,1,1,1,1,1,1
OTU_2354,1,1,1,1,1,1,1,1,1,1,1,1,1,1,1,1,1,1,1,1,1,1,1,1,1,1,1,1,1,1,1,1,1,1,1,1,1,1,1,1,1,1,1,1,1,1,1,1,1,1
OTU_2355,1,1,1,1,1,1,1,1,1,1,1,1,1,1,1,1,1,1,1,1,1,1,1,1,1,1,1,1,1,1,1,1,1,1,1,1,1,1,1,1,1,1,1,1,1,1,1,1,1,1
OTU_2356,1,1,1,1,1,1,1,1,1,1,1,1,1,1,1,1,1,1,1,1,1,1,1,1,1,1,1,1,1,1,1,1,1,1,1,1,1,1,1,1,1,1,1,1,1,1,1,1,1,1
OTU_2357,1,1,1,1,1,1,1,1,1,1,1,1,1,1,1,1,1,1,1,1,1,1,1,1,1,1,1,1,1,1,1,1,1,1,1,1,1,1,1,1,1,1,1,1,1,1,1,1,1,1
OTU_2358,1,1,1,1,1,1,1,1,1,1,1,1,1,1,1,1,1,1,1,1,1,1,1,1,1,1,1,1,1,1,1,1,1,1,1,1,1,1,1,1,1,1,1,1,1,1,1,1,1,1
OTU_2359,1,1,1,1,1,1,1,1,1,1,1,1,1,1,1,1,1,1,1,1,1,1,1,1,1,1,2,1,1,1,1,1,1,1,1,1,1,1,1,1,1,1,1,1,1,1,1,1,1,1
OTU_2360,1,1,1,1,1,1,1,1,1,1,1,1,1,1,1,1,1,1,1,1,1,1,1,1,1,1,1,1,1,5,1,1,1,16,1,1,1,1,2,1,1,1,1,1,4,1,1,1,1,1
OTU_2361,363,163,63,75,581,148,117,78,155,11,35,57,377,74,282,52,48,157,132,323,26,357,393,469,90,255,79,129,35,197,296,4,29,58,189,69,94,190,69,48,37,358,229,305,560,74,179,22,326,98
OTU_2362,1,1,1,1,1,1,1,1,1,1,1,1,1,1,1,1,1,1,1,1,1,1,1,1,1,1,1,1,1,1,1,1,1,1,1,1,1,1,1,1,1,1,1,1,1,1,1,1,1,1
OTU_2363,1,1,1,1,1,1,1,13,1,1,1,1,1,1,1,1,17,1,1,1,2,1,1,1,1,1,1,49,1,1,1,1,1,2,16,1,1,1,1,5,1,1,4,2,1,4,1,1,3,1
OTU_2364,1,1,1,1,1,1,1,1,1,1,1,1,1,1,1,1,1,1,1,1,1,1,1,1,1,1,1,1,1,1,1,1,1,1,1,1,1,1,1,1,1,1,1,1,1,1,1,1,1,1
OTU_2365,1,1,1,1,1,1,1,1,1,1,1,1,1,1,1,1,1,1,1,1,1,1,1,1,1,1,1,1,1,1,1,1,1,1,1,1,1,1,1,1,1,1,1,1,1,1,1,1,1,1
OTU_2366,1,1,1,1,1,1,1,1,1,1,1,1,1,1,1,1,1,1,1,1,1,1,1,1,1,1,1,1,1,1,1,1,1,1,1,1,1,1,1,1,1,1,1,1,1,1,1,1,1,1
OTU_2367,7,1,1,2,1,2,17,11,35,1,1,75,1,1,1,37,71,1,1,1,1,3,1,1,1,1,1,1,1,1,34,24,1,2,1,104,1,8,1,12,2,1,1,4,1,2,286,1,8,5
OTU_2368,111,3,5,1,4,78,2,3,1,11,8,2,262,22,24,48,1,1,25,233,1,1,1,1,1,49,67,6,8,1,1,32,1,1,1,8,3,1,5,357,14,6,4,1,1,3,1,1,43,276
OTU_2369,1,1,1,1,1,1,1,1,1,1,1,1,1,1,1,1,1,1,1,1,1,1,1,1,1,1,1,1,1,1,1,1,1,1,1,1,1,1,1,1,1,1,1,1,1,1,1,1,1,1
OTU_2370,1,1,1,1,1,1,1,1,1,1,1,1,1,1,1,1,1,1,1,1,1,1,1,1,1,1,1,1,1,1,1,1,1,1,1,1,1,1,1,1,1,1,1,1,1,1,1,1,1,1
OTU_2371,1,1,1,1,1,1,1,1,1,1,1,1,1,1,1,1,1,1,1,1,1,1,1,1,1,1,1,1,1,1,1,1,1,1,1,1,1,1,1,1,1,1,1,1,1,1,1,1,1,1
OTU_2372,1,1,1,1,1,1,1,1,1,1,1,1,1,1,1,1,1,1,1,1,1,1,1,1,1,1,1,1,1,1,1,1,1,1,1,1,1,1,1,1,1,1,1,1,1,1,1,1,1,1
OTU_2373,1,1,1,1,1,1,1,1,1,1,1,1,1,1,1,1,1,1,1,1,1,1,1,1,1,1,1,1,1,1,1,1,1,1,1,1,1,1,1,1,1,1,1,1,1,1,1,1,1,1
OTU_2374,1,1,1,1,1,1,1,1,1,1,1,1,1,1,1,1,1,1,1,1,1,1,1,1,1,1,1,1,1,1,1,1,1,1,1,1,1,1,1,1,1,1,1,1,1,1,1,1,1,1
OTU_2375,8,5,58,1,1,1,16,1,1,1,1,1,1,1,1,7,13,4,10,1,4,2,16,1,149,1,79,1,1,37,1,1,1,1,1,1,2,1,3,1,1,1,129,13,1,1,6,1,1,1
OTU_2376,1,1,1,1,1,1,1,1,1,1,1,1,1,1,1,1,1,1,1,1,1,1,1,1,1,1,1,1,1,1,1,1,1,1,1,1,1,1,1,1,1,1,1,1,1,1,2,1,1,1
OTU_2377,1,1,1,1,1,1,1,1,1,1,1,1,1,1,1,1,1,1,1,1,1,1,1,1,1,1,1,1,1,1,1,1,1,1,1,1,1,1,1,1,1,1,1,1,1,1,1,1,1,1
OTU_2378,1,1,1,1,1,1,1,1,1,1,1,1,1,1,1,1,1,1,1,1,1,1,1,1,1,1,1,1,1,1,1,1,1,1,1,1,1,1,1,1,1,1,1,1,1,1,1,1,1,1
OTU_2379,1,1,1,1,1,1,1,1,1,1,1,1,1,1,1,1,1,1,1,1,1,1,1,1,1,1,1,1,1,1,1,1,1,1,1,1,1,1,1,1,1,1,1,1,1,1,1,1,1,1
OTU_2380,1,1,1,1,1,1,1,1,1,1,1,1,1,1,1,1,1,1,1,1,1,1,1,1,1,1,1,1,1,1,1,1,1,1,1,1,1,1,1,1,1,1,1,1,1,1,1,1,1,1
OTU_2381,1,6,6,1,1,1,1,1,1,1,1,1,2,1,1,1,1,1,1,1,1,20,1,1,1,1,80,1,1,1,1,1,1,2,1,1,1,1,1,2,17,15,1,1,1,1,1,1,1,1
OTU_2382,6,197,4,519,186,77,47,246,7,48,29,1,72,157,124,127,725,159,721,119,52,192,21,95,30,19,2,153,420,162,34,155,66,73,46,78,61,9,162,61,62,243,102,447,133,125,54,33,31,39
OTU_2383,1,1,1,1,1,1,1,1,1,1,1,1,1,1,1,1,1,1,1,1,1,1,1,1,1,1,1,1,1,1,1,1,1,1,1,1,1,1,1,1,1,1,1,1,1,1,1,1,1,1
OTU_2384,33,38,200,166,34,139,8,25,46,7,117,342,14,23,95,3,12,119,55,96,137,129,43,329,222,27,23,38,203,98,97,24,22,24,44,247,4,174,53,10,11,58,44,23,114,246,23,204,165,413
OTU_2385,1,1,1,1,1,1,1,1,1,1,1,1,1,1,1,1,2,1,1,1,1,1,1,1,1,1,1,1,1,1,1,1,1,1,1,1,1,1,1,1,1,1,1,1,1,1,1,1,1,1
OTU_2386,123,3,51,198,65,405,38,91,214,114,72,3,24,84,133,199,185,8,48,64,1,31,22,25,101,370,39,4,268,38,125,74,9,10,43,18,47,372,240,231,10,88,36,747,6,61,62,14,10,1
OTU_2387,1,1,1,1,1,1,1,1,1,1,1,1,1,1,1,1,1,1,1,1,1,1,1,1,1,1,1,1,1,1,1,1,1,1,1,1,1,1,1,1,1,1,1,1,1,1,1,1,1,1
OTU_2388,1,1,1,1,1,1,1,1,1,1,1,1,1,1,1,1,1,1,1,1,1,1,1,1,1,1,1,1,1,1,1,1,1,1,1,1,1,1,1,1,1,1,1,1,1,1,1,1,1,1
OTU_2389,1,1,1,1,1,1,1,1,1,1,1,1,1,1,1,1,1,1,1,1,1,1,1,1,1,1,1,1,1,1,1,1,1,1,1,1,1,1,1,1,1,1,1,1,1,1,1,1,1,1
OTU_2390,1,1,1,1,1,1,1,1,1,1,1,1,1,1,1,1,1,1,1,1,1,1,1,1,1,1,1,1,1,1,1,1,1,1,1,1,1,1,1,1,1,1,1,1,1,1,1,1,1,1
OTU_2391,1,1,1,1,1,1,1,1,1,1,1,1,1,1,1,1,1,1,1,1,1,1,1,1,1,1,1,1,1,1,1,1,1,1,1,1,1,1,1,1,1,1,1,1,1,1,1,1,1,1
OTU_2392,1,1,1,1,1,1,1,1,1,1,1,1,1,1,1,1,1,1,1,1,1,1,1,1,1,1,1,1,1,1,1,1,1,1,1,1,1,1,1,1,1,1,1,1,1,1,1,1,1,1
OTU_2393,1,1,1,2,1,1,7,1,1,1,53,1,3,1,1,14,1,1,1,1,1,1,1,1,1,1,1,19,1,1,1,1,1,1,1,1,3,2,1,1,1,1,1,1,1,1,1,1,1,1
OTU_2394,1,1,1,1,1,1,1,1,1,1,1,1,1,1,1,1,1,1,1,1,1,1,1,1,1,1,1,1,1,1,1,1,1,1,1,1,1,1,1,1,1,1,1,1,1,1,1,1,1,1
OTU_2395,1,1,1,1,1,1,1,1,1,1,1,1,1,1,1,1,1,1,1,1,1,1,1,1,1,1,1,1,1,1,1,1,1,1,1,1,1,1,1,1,1,1,1,1,1,1,1,1,1,1
OTU_2396,1,1,1,1,1,1,1,1,1,1,1,1,1,1,1,1,1,1,1,1,1,1,1,1,1,1,1,1,1,1,1,1,1,1,1,1,1,1,1,1,1,1,1,1,1,1,1,1,1,1
OTU_2397,1,1,1,1,1,1,1,1,1,1,1,1,1,1,1,1,1,1,1,1,1,1,1,1,1,1,1,1,1,1,1,1,1,1,1,1,1,1,1,1,1,1,1,1,1,1,1,1,1,1
OTU_2398,1,1,1,1,1,1,1,1,1,1,1,1,1,1,1,1,1,1,1,1,1,1,1,1,1,1,1,1,1,1,1,1,1,1,1,1,1,1,1,1,1,1,1,1,1,1,1,1,1,1
OTU_2399,1,1,1,1,1,1,1,1,1,1,1,1,1,1,1,1,1,1,1,1,1,1,1,1,1,1,1,1,1,1,1,1,1,1,1,1,1,1,1,1,1,1,1,1,1,1,1,1,1,1
OTU_2400,1,1,1,1,1,1,1,1,1,1,1,1,1,1,1,1,1,1,1,1,1,1,1,1,1,1,1,1,1,1,1,1,1,1,1,1,1,1,1,1,1,1,1,1,1,1,1,1,1,1
OTU_2401,45,1,9,2,95,6,126,99,5,75,110,15,3,2,1,7,11,1,3,66,42,32,105,1,2,44,101,18,7,28,49,6,164,5,188,3,8,1,24,88,2,3,2,1,1,1,6,1,14,424
OTU_2402,1,1,1,1,1,1,1,1,1,1,1,1,1,1,1,1,1,1,1,1,1,1,1,1,1,1,1,1,1,1,1,1,1,1,1,1,1,1,1,1,1,1,1,1,1,1,1,1,1,1
OTU_2403,1,1,1,1,1,1,1,1,1,1,1,1,1,1,1,1,1,1,1,1,1,1,1,1,1,1,1,1,1,1,1,1,1,1,1,1,1,1,1,1,1,1,1,1,1,1,1,1,1,1
OTU_2404,1,193,1,1,1,1,1,1,1,1,74,1,20,1,2,1,1,1,9,1,2,198,17,1,1,1,1,1,1,1,1,11,1,41,1,1,1,1,2,1,2,1,1,1,1,1,10,1,127,288
OTU_2405,1,1,1,1,1,1,1,15,1,1,1,1,1,1,1,1,1,1,1,1,1,1,1,1,1,1,1,1,1,1,1,1,1,1,1,1,1,1,1,1,1,1,1,1,1,1,1,1,1,1
OTU_2406,1,1,1,1,1,1,1,1,1,1,1,1,1,1,1,1,4,1,1,1,1,1,1,1,1,1,1,1,1,1,1,1,1,244,1,1,1,1,1,1,1,2,1,1,1,1,1,1,1,1
OTU_2407,1,1,1,1,1,1,1,1,1,1,1,1,1,1,1,1,1,1,1,1,1,1,1,1,1,1,1,1,1,1,1,1,1,1,1,1,1,1,1,1,1,1,1,1,1,1,1,1,1,1
OTU_2408,1,1,1,1,1,1,1,1,1,1,1,1,1,1,1,1,1,1,1,1,1,1,1,1,1,1,1,1,1,1,1,1,1,1,1,1,1,1,1,1,1,1,1,1,1,1,1,1,1,1
OTU_2409,1,1,1,1,1,1,1,1,1,1,1,1,1,1,1,1,1,1,1,1,1,1,1,1,1,1,1,1,1,1,1,1,1,1,1,1,1,1,1,1,1,1,1,1,1,1,1,1,1,1
OTU_2410,1,1,1,1,1,1,1,1,1,1,1,1,1,1,1,1,1,1,1,1,1,1,1,1,1,1,1,1,1,1,1,1,1,1,1,1,1,1,1,1,1,1,1,1,1,1,1,1,2,1
OTU_2411,4,1,1,1,1,1,1,2,1,2,1,3,1,1,1,1,20,1,109,1,23,2,1,1,64,1,1,148,1,16,1,1,1,1,1,123,1,24,1,1,1,1,1,1,1,1,1,1,1,23
OTU_2412,1,1,5,1,1,1,1,1,1,4,1,207,1,40,1,1,1,1,1,1,1,1,1,18,1,1,1,1,1,1,1,54,2,1,1,1,8,1,1,1,1,1,1,1,1,1,1,80,1,1
OTU_2413,1,1,1,1,1,1,1,1,1,1,1,1,1,1,1,1,1,1,1,1,1,1,1,1,1,1,1,1,1,1,1,1,1,1,1,1,1,1,1,1,1,1,1,1,1,1,1,1,1,1
OTU_2414,1,1,1,1,27,1,1,1,1,1,2,1,1,1,1,1,1,1,1,1,1,1,1,1,1,1,5,1,1,1,1,1,1,1,1,1,1,1,1,1,1,1,10,1,1,1,1,1,1,1
OTU_2415,1,1,1,1,1,1,1,1,1,1,1,1,1,1,1,1,1,1,1,1,1,1,1,1,1,1,1,1,1,1,1,1,1,1,1,1,1,1,1,1,1,1,1,1,1,1,1,1,1,1
OTU_2416,1,1,1,1,1,1,1,1,1,1,1,1,1,1,1,1,1,1,1,1,1,1,1,1,1,1,1,1,1,1,1,1,1,1,1,1,1,1,1,1,1,1,1,1,1,1,1,1,1,1
OTU_2417,1,1,1,1,1,1,1,1,1,1,1,1,1,1,1,1,1,1,1,1,1,1,1,1,1,1,1,1,1,1,1,1,1,1,1,1,1,1,1,1,1,1,1,1,1,1,1,1,1,1
OTU_2418,1,1,1,1,1,1,1,1,1,1,1,1,1,1,1,1,1,1,1,1,1,1,1,1,1,1,1,1,1,1,1,1,1,1,1,1,1,1,1,1,1,1,1,1,1,1,1,1,1,1
OTU_2419,1,1,1,1,1,1,1,1,1,1,1,1,1,1,1,1,1,1,1,1,1,1,1,1,1,1,1,1,8,1,3,1,1,1,1,1,1,1,1,1,1,1,1,1,1,1,1,1,1,1
OTU_2420,1,1,1,1,1,1,1,1,1,1,1,1,1,1,1,1,1,1,1,1,1,1,1,1,1,1,1,1,1,1,1,2,1,1,1,1,1,1,1,1,1,1,1,1,1,1,1,1,1,1
OTU_2421,1,1,1,1,1,1,1,1,1,1,1,1,1,1,1,1,1,1,1,1,1,1,1,1,1,1,1,1,1,1,1,1,1,1,1,1,1,1,1,1,1,1,1,1,1,1,1,1,1,1
OTU_2422,1,1,1,1,1,1,1,1,1,1,1,1,1,1,1,1,1,1,1,1,1,1,1,1,1,1,1,1,1,1,1,1,1,1,1,1,1,1,1,1,1,1,1,1,1,1,1,1,1,1
OTU_2423,1,1,1,1,1,1,1,1,1,1,1,1,1,1,1,1,1,1,1,1,1,1,1,1,1,1,1,1,1,1,1,1,1,1,1,1,1,1,1,1,1,1,1,1,1,1,1,1,1,1
OTU_2424,1,1,1,1,1,1,6,1,1,1,1,2,1,1,50,1,1,1,1,1,1,1,2,1,1,1,1,1,1,1,2,1,1,1,1,1,1,1,1,1,1,1,1,1,1,1,1,1,1,1
OTU_2425,285,1,39,1,31,75,23,6,23,1,1,1,3,139,1,8,2,1,2,1,12,220,11,1,2,2,6,2,112,10,25,60,6,1,1,1,31,153,60,69,2,1,1,6,93,2,14,1,1,1
OTU_2426,1,1,1,1,1,1,1,1,1,1,1,1,1,1,1,1,1,1,1,1,1,1,1,1,1,1,1,1,1,1,1,1,1,1,1,1,1,1,1,1,1,1,1,1,1,1,1,1,1,1
OTU_2427,4,16,1,18,11,598,22,68,79,20,7,291,87,22,71,48,16,145,76,49,164,8,301,20,340,18,4,131,220,18,12,1,81,454,14,56,3,82,166,18,86,14,22,259,71,12,15,44,44,26
OTU_2428,1,1,1,1,1,1,1,1,1,1,1,1,1,1,1,1,1,1,1,1,1,1,1,1,1,1,1,1,1,1,1,1,1,1,1,1,1,1,1,1,1,1,1,1,1,1,1,1,1,1
OTU_2429,1,1,1,1,1,1,1,1,1,1,1,1,1,1,1,1,1,1,1,1,1,1,1,1,1,1,1,1,1,1,1,1,1,1,1,1,1,1,1,1,1,1,2,1,1,1,1,1,1,1
OTU_2430,1,1,1,1,1,1,1,1,1,1,1,1,1,1,1,1,1,1,1,1,1,1,1,1,1,1,1,1,1,1,1,1,1,1,1,1,1,1,1,1,1,1,1,1,1,1,1,1,1,1
OTU_2431,1,1,1,1,1,1,1,1,1,1,1,1,1,21,65,1,1,1,1,1,239,12,1,1,7,1,1,1,1,10,1,1,1,1,1,1,1,1,1,1,1,1,1,1,1,1,1,1,1,1
OTU_2432,1,1,1,1,1,1,1,1,1,1,1,1,1,1,1,1,1,1,1,1,1,1,1,1,1,1,1,1,1,1,1,1,1,1,1,1,1,1,1,1,1,1,1,1,1,1,1,1,1,1
OTU_2433,29,1,395,12,130,16,37,3,130,90,26,60,17,338,7,1,11,7,4,123,39,1,1,1,1,66,6,3,138,1,4,1,1,54,1,1,84,46,12,1,163,13,8,61,15,78,66,597,1,46
OTU_2434,1,1,1,1,1,1,1,1,1,1,1,1,1,1,1,1,1,1,1,1,1,1,1,1,1,1,1,1,1,1,1,1,1,1,1,1,1,1,1,1,1,1,1,1,1,1,1,1,1,1
OTU_2435,2,1,320,1,1,1,14,165,128,13,21,16,6,1,1,1,1,11,28,1,127,32,127,186,1,1,211,1,1,1,7,1,2,2,1,1,1,12,18,1,2,1,5,1,301,11,1,1,1,1
OTU_2436,1,1,1,1,1,1,1,1,1,1,1,1,1,1,1,1,1,1,1,1,1,1,1,1,1,1,1,1,1,1,1,1,1,1,1,1,1,1,1,1,1,1,1,1,1,1,1,1,1,1
OTU_2437,1,1,1,1,1,1,1,1,1,1,1,1,1,1,1,1,1,1,5,1,1,1,1,1,1,1,1,1,1,1,1,1,1,1,1,1,1,74,1,6,1,1,1,1,1,1,1,25,1,1
OTU_2438,1,52,22,1,2,1,7,1,171,1,1,1,2,1,1,58,1,1,1,1,1,2,229,1,247,1,1,1,254,1,1,145,1,1,3,2,1,7,63,12,1,1,4,1,1,1,1,9,17,34
OTU_2439,1,1,1,1,1,1,1,1,1,1,1,1,1,1,1,1,1,1,1,1,1,1,1,1,1,1,1,1,1,1,1,1,1,1,1,1,1,1,1,1,1,1,1,1,1,1,1,1,1,1
OTU_2440,1,1,1,1,1,1,1,1,1,1,1,1,1,1,1,1,1,1,1,1,1,1,1,1,1,1,1,1,1,1,1,1,1,1,1,1,1,1,1,1,1,1,1,1,1,1,1,1,1,1
OTU_2441,1,1,1,1,1,1,1,1,1,1,1,1,1,1,46,1,17,1,1,1,2,1,1,1,1,1,1,23,1,1,1,1,1,1,1,2,1,1,101,1,1,1,1,145,1,1,1,1,1,1
OTU_2442,1,1,1,1,1,1,1,1,1,1,1,1,1,1,1,1,1,1,1,1,1,1,1,1,1,1,1,1,1,1,1,1,1,1,1,1,1,1,1,1,1,1,1,1,1,1,1,1,1,1
OTU_2443,1,1,4,1,37,2,128,1,1,1,1,1,1,5,4,1,1,3,1,28,1,1,1,1,1,15,1,1,1,1,3,1,18,24,1,1,1,1,1,5,1,1,3,15,2,1,1,1,1,1
OTU_2444,1,1,1,1,3,1,1,1,9,1,1,22,1,1,1,1,1,1,1,1,1,2,1,1,1,1,1,1,1,1,1,43,1,1,1,5,1,1,1,1,9,1,1,1,1,1,1,1,53,1
OTU_2445,1,1,1,1,1,1,1,1,1,1,1,1,1,1,1,1,1,1,1,1,1,1,1,1,1,1,1,1,1,1,1,1,1,1,1,1,1,1,1,1,1,1,1,1,1,1,1,1,1,1
OTU_2446,1,32,41,2,1,1,3,1,1,2,1,3,1,1,5,1,7,8,6,1,11,2,3,72,1,1,1,8,1,1,128,117,105,1,1,1,1,5,1,1,16,1,1,1,1,1,5,1,1,1
OTU_2447,1,1,1,27,1,1,1,1,36,8,1,1,1,1,1,1,1,1,1,1,1,29,1,1,1,1,1,1,1,1,1,1,1,1,1,10,1,1,1,1,1,1,1,1,1,1,1,1,1,1
OTU_2448,1,1,1,1,1,1,1,1,1,1,1,1,1,1,1,1,1,1,1,1,1,1,1,1,1,1,1,1,1,1,1,1,1,1,1,1,1,1,1,1,1,1,1,1,1,1,1,1,1,1
OTU_2449,1,1,1,1,1,1,1,1,1,1,1,1,1,1,1,1,1,1,1,1,1,1,1,1,1,1,1,1,1,1,1,1,1,1,1,1,1,1,1,1,1,1,1,1,1,1,1,1,1,1
OTU_2450,1,1,1,1,1,1,1,1,1,1,1,1,1,1,1,1,1,1,1,1,1,1,1,1,1,1,1,1,1,1,1,1,1,1,1,1,1,1,1,1,1,2,17,1,1,1,1,1,1,1
OTU_2451,1,1,1,1,1,1,1,1,1,1,1,1,1,1,1,1,1,1,1,1,1,1,1,1,1,1,1,1,1,1,1,1,1,3,1,1,1,1,1,1,1,1,1,1,1,1,1,1,1,1
OTU_2452,1,13,1,195,4,9,20,1,1,152,37,1,9,1,1,1,6,1,121,3,1,1,1,1,1,1,3,1,1,34,1,30,1,1,1,1,5,92,24,27,1,2,1,5,2,50,1,1,1,1
OTU_2453,1,11,6,23,1,121,18,35,55,135,1,1,16,47,1,3,1,1,1,3,1,9,280,2,73,1,15,1,19,2,109,1,1,2,6,71,235,1,1,54,1,79,1,353,1,1,180,2,1,1
OTU_2454,1,1,1,1,1,1,1,1,1,1,1,1,1,1,1,1,1,1,1,1,1,1,1,1,1,1,1,1,1,1,1,1,1,1,1,1,1,1,1,1,1,1,1,1,1,1,1,1,1,1
OTU_2455,1,1,1,1,1,1,1,1,1,1,1,1,1,1,1,1,1,1,1,1,1,1,1,1,1,1,1,1,1,1,1,1,1,1,1,1,1,1,1,1,1,1,1,1,1,1,1,1,1,1
OTU_2456,1,1,1,1,1,1,1,1,1,1,1,1,1,1,1,1,1,1,1,1,1,1,1,1,1,1,1,1,1,1,1,1,1,1,1,1,1,1,1,1,1,1,1,1,1,1,1,1,1,1
OTU_2457,1,1,1,1,1,1,1,1,1,1,1,1,1,1,1,1,1,1,1,1,1,1,1,1,1,1,1,1,1,1,1,1,1,1,1,1,1,1,1,1,1,1,1,1,1,1,1,1,1,1
OTU_2458,1,1,1,1,1,1,1,1,1,1,1,1,1,1,1,1,1,1,1,1,1,1,1,1,1,1,1,1,1,1,1,1,1,1,1,1,1,1,1,1,1,1,1,1,1,1,1,1,1,1
OTU_2459,1,14,1,1,1,1,1,2,1,7,1,1,1,1,1,1,1,1,1,2,13,1,1,2,1,1,21,1,1,29,1,66,7,16,1,1,532,1,1,1,1,17,1,1,1,1,1,33,1,35
OTU_2460,1,1,1,1,1,1,1,1,1,1,1,1,1,1,1,1,1,1,1,1,1,1,1,1,1,1,1,1,1,1,1,1,1,1,1,1,1,1,1,1,1,1,1,1,1,1,1,1,1,1
OTU_2461,1,1,1,1,28,1,1,1,1,1,1,1,1,1,1,1,1,1,1,1,1,1,1,1,1,1,1,1,1,1,1,1,1,1,1,1,1,1,1,1,1,1,1,1,1,1,1,1,1,1
OTU_2462,1,1,1,1,1,1,1,1,1,1,1,1,1,1,1,1,1,1,1,1,1,1,1,1,1,1,1,1,1,1,1,1,1,1,1,1,1,1,1,1,1,1,1,1,1,1,1,1,1,1
OTU_2463,1,1,1,1,1,1,1,1,1,1,1,1,1,1,1,1,1,1,1,1,1,1,1,1,1,1,1,1,1,1,1,1,1,1,1,1,1,1,1,1,1,1,1,1,1,1,1,1,1,1
OTU_2464,98,1,2,24,6,188,121,81,1,41,10,3,4,1,494,1,85,425,2,243,30,41,1,205,55,108,265,5,213,20,62,27,33,30,3,59,6,48,5,9,1,6,130,9,106,3,24,1,375,1
OTU_2465,1,1,1,1,1,1,1,1,1,1,1,1,1,1,1,1,1,1,1,1,1,1,1,1,1,1,1,1,1,1,1,1,1,1,1,1,1,1,1,1,1,1,1,1,1,1,1,1,1,1
OTU_2466,1,1,1,1,1,1,1,1,1,1,1,1,1,1,1,1,1,1,1,1,1,1,1,1,1,1,1,1,1,1,1,1,1,1,1,1,1,1,1,1,1,1,1,1,1,1,1,1,1,1
OTU_2467,69,301,82,11,525,43,297,271,31,113,97,427,54,141,104,343,399,77,157,258,199,176,173,5,313,328,22,151,229,446,66,314,138,67,183,198,361,284,171,130,191,387,144,83,211,430,381,112,34,180
OTU_2468,1,1,1,1,1,1,1,1,1,1,1,1,1,1,1,1,1,1,1,1,1,1,1,1,1,1,1,1,1,1,1,1,1,1,1,1,1,1,1,1,1,1,1,1,1,1,1,1,1,1
OTU_2469,1,1,1,1,1,1,1,1,1,1,1,1,1,1,1,1,1,1,1,1,1,1,1,1,1,1,1,1,1,1,1,1,1,1,1,1,1,1,1,1,1,1,1,1,1,1,1,1,1,1
OTU_2470,1,1,1,1,1,1,1,1,1,1,1,1,1,1,1,1,1,1,1,1,1,99,1,1,1,1,1,1,1,1,1,1,1,1,1,1,1,1,1,1,1,1,1,1,1,1,1,1,1,1
OTU_2471,1,1,1,1,1,1,1,1,1,1,1,1,1,1,2,1,1,1,1,1,1,1,1,1,1,1,1,1,1,11,1,1,1,1,1,1,1,1,1,1,1,1,2,1,1,1,1,1,1,1
OTU_2472,1,1,1,1,1,1,1,1,1,1,1,1,1,1,1,1,1,1,1,1,1,1,1,1,1,1,1,1,1,1,1,1,1,1,1,1,1,1,1,1,1,1,1,1,1,1,1,1,1,1
OTU_2473,1,1,1,1,1,1,1,1,1,1,1,1,1,1,1,1,1,1,1,1,1,1,1,1,1,1,1,1,1,1,1,1,1,1,1,1,1,1,1,1,1,1,1,1,1,1,1,1,1,1
OTU_2474,1,1,1,1,1,1,1,1,1,1,1,1,1,1,1,1,1,1,1,1,1,1,1,1,1,1,1,1,1,1,1,1,1,1,1,1,1,1,1,1,1,1,1,1,1,1,1,1,1,1
OTU_2475,1,1,1,1,1,1,1,1,1,1,1,1,1,1,1,1,1,1,1,1,1,1,1,1,1,1,1,1,1,1,1,1,1,1,1,1,1,1,1,1,1,1,1,1,1,1,1,1,1,1
OTU_2476,1,1,1,1,1,1,1,1,1,1,1,1,1,1,1,1,1,1,1,1,1,1,1,1,1,1,1,1,1,1,1,1,1,1,1,1,1,1,1,1,1,1,1,1,1,1,1,1,1,1
OTU_2477,1,1,1,1,1,1,1,1,1,1,1,1,1,1,1,1,1,1,1,1,1,1,1,1,1,1,1,1,1,1,1,1,1,1,1,1,1,1,1,1,1,1,1,1,1,1,1,1,1,1
OTU_2478,2,1,1,1,1,1,1,46,8,123,1,1,25,1,1,1,1,1,2,1,37,1,1,1,8,1,1,1,1,1,1,37,1,1,1,1,13,15,9,73,1,42,1,1,1,32,1,1,1,24
OTU_2479,1,1,1,1,1,1,1,1,1,1,1,1,1,1,1,1,1,1,1,1,1,1,1,1,1,1,1,1,1,1,1,1,1,1,1,1,1,1,1,1,1,1,1,1,1,1,1,1,1,1
OTU_2480,1,1,1,1,1,1,1,1,1,1,1,1,1,1,1,1,1,1,1,1,1,1,1,1,1,1,1,1,1,1,1,1,1,1,1,1,1,1,1,1,1,1,1,1,1,1,1,1,1,1
OTU_2481,1,1,1,1,1,1,1,1,1,2,1,1,1,1,1,1,1,1,1,1,1,1,1,1,1,1,1,1,1,1,1,1,1,1,1,1,1,1,1,1,1,1,1,1,1,1,1,1,1,1
OTU_2482,1,1,1,1,1,1,167,4,1,1,1,1,1,1,1,1,47,17,1,1,1,1,1,1,1,1,1,1,1,1,1,1,1,2,1,412,1,1,154,1,1,1,54,1,500,1,1,1,1,1
OTU_2483,1,1,1,1,1,1,1,1,1,1,1,1,1,1,1,1,169,1,1,1,1,1,1,1,1,1,1,1,1,1,1,1,1,1,90,1,1,1,2,1,1,1,1,1,1,1,1,1,1,24
OTU_2484,1,1,1,1,1,1,1,1,1,1,1,1,1,1,1,1,1,1,1,1,1,1,1,1,1,1,1,1,1,1,1,1,1,1,1,1,1,1,1,1,1,1,1,1,1,1,1,1,1,1
OTU_2485,1,1,1,1,1,1,1,1,1,1,1,1,1,1,1,1,1,1,1,1,1,1,1,1,1,1,1,1,1,1,1,1,1,1,1,1,1,1,1,1,1,1,1,4,1,1,1,1,1,3
OTU_2486,1,1,1,1,1,1,1,1,1,1,1,1,1,1,1,1,1,1,1,1,1,1,1,1,1,1,1,1,1,1,1,1,1,1,1,1,1,1,1,1,1,1,1,1,1,1,1,1,1,1
OTU_2487,1,1,1,1,1,1,1,1,1,1,1,1,1,1,1,1,1,1,1,1,1,1,24,1,1,1,1,1,1,1,1,1,1,1,1,1,1,1,1,1,1,1,1,1,1,1,1,1,1,1
OTU_2488,118,12,64,45,41,2,3,4,221,13,86,72,45,136,3,10,2,177,74,68,1,53,62,1,1,22,36,22,221,18,9,56,109,11,26,1,6,1,7,15,15,5,78,18,2,33,106,6,9,19
OTU_2489,1,1,1,1,1,1,1,1,1,1,1,1,1,1,1,1,1,1,1,1,10,1,1,1,1,1,1,1,1,1,1,1,1,1,1,1,1,1,1,1,1,1,1,1,1,1,1,1,1,1
OTU_2490,1,1,1,1,1,1,1,1,1,1,1,1,1,1,1,1,1,1,1,1,1,1,1,1,1,1,1,1,1,1,1,1,1,1,1,1,1,1,1,1,1,1,1,1,1,1,1,1,1,1
OTU_2491,1,1,1,1,1,1,1,1,1,1,1,1,1,1,1,1,1,1,1,1,1,1,1,1,1,1,1,1,1,1,1,1,1,1,1,1,1,1,1,1,1,1,1,1,18,1,1,1,1,1
OTU_2492,1,1,1,1,1,1,1,1,1,1,1,1,1,1,1,1,1,1,1,1,1,1,1,1,1,1,1,1,1,1,1,1,1,1,1,1,1,1,1,1,1,1,1,1,1,1,1,1,1,1
OTU_2493,1,1,1,1,1,1,1,1,1,1,1,1,1,1,1,1,1,1,1,1,1,1,1,1,1,1,1,1,1,1,1,1,1,1,1,1,1,1,1,1,1,1,1,1,1,1,1,1,1,1
OTU_2494,1,1,1,1,1,1,1,1,1,1,1,1,1,1,1,1,1,1,1,1,1,1,1,1,1,1,1,1,1,1,1,1,1,1,1,1,1,1,1,1,1,1,1,1,1,1,1,1,1,1
OTU_2495,1,7,1,2,1,18,6,195,6,1,12,1,1,9,9,66,1,1,3,192,1,1,7,21,22,6,102,1,7,1,1,6,1,1,3,2,1,7,312,14,40,1,25,540,110,1,1,1,1,1
OTU_2496,1,3,1,1,1,2,1,1,1,1,1,1,1,1,220,1,1,1,1,1,1,1,1,1,1,1,1,1,1,1,1,1,1,1,1,1,1,1,1,1,1,1,1,1,1,2,1,1,1,1
OTU_2497,1,1,1,1,1,1,1,1,1,1,1,1,1,1,1,1,1,1,1,1,1,1,1,1,1,1,1,1,1,1,1,1,1,1,1,1,1,1,1,1,1,1,1,1,1,1,1,1,1,1
OTU_2498,1,1,1,1,1,1,1,1,1,1,1,1,1,1,1,1,1,1,1,1,1,1,1,1,1,1,1,1,1,1,1,1,1,1,1,1,1,1,1,1,1,1,1,1,1,1,1,1,1,1
OTU_2499,1,1,1,1,1,1,1,1,1,2,1,1,1,1,1,1,1,1,1,1,1,1,1,1,1,1,1,1,1,1,1,1,1,1,1,1,1,1,1,1,1,1,1,1,1,1,1,1,1,1
OTU_2500,1,1,1,1,1,1,1,1,1,1,1,1,1,1,1,1,1,1,1,1,1,1,1,1,1,1,1,1,4,1,1,3,1,1,1,1,1,1,1,1,1,1,1,1,1,1,1,1,1,1
OTU_2501,1,1,1,1,1,1,1,1,1,1,1,1,1,1,1,1,1,1,1,1,1,1,1,1,1,1,1,1,1,1,1,1,1,1,1,1,1,1,1,1,1,1,1,1,1,1,1,1,1,1
OTU_2502,1,1,1,1,1,1,1,1,1,1,1,1,1,1,1,1,1,1,1,1,1,1,1,1,1,1,1,1,1,1,1,1,1,1,1,1,1,1,1,1,1,1,1,1,1,1,1,1,1,1
OTU_2503,1,1,13,1,1,1,1,1,1,1,1,1,1,1,1,1,1,1,1,1,1,1,1,1,1,1,1,1,11,1,1,1,1,1,3,1,1,1,2,1,1,1,49,1,1,1,1,1,1,1
OTU_2504,1,1,1,105,1,1,1,1,1,1,1,1,1,1,16,1,1,1,1,1,1,1,1,1,1,1,1,4,43,1,1,92,1,1,1,1,1,1,20,1,1,13,2,1,1,1,1,1,1,1
OTU_2505,149,22,995,59,301,119,424,105,214,292,168,311,42,545,232,300,211,308,614,157,380,434,49,188,92,267,602,490,306,67,260,185,246,741,45,370,523,478,239,205,68,221,67,1090,87,392,258,120,478,501
OTU_2506,1,1,1,1,1,1,1,1,1,1,1,1,1,1,1,1,1,1,1,1,1,1,1,1,1,1,1,1,1,1,1,1,1,1,1,1,1,1,1,1,1,1,1,1,1,1,1,1,1,1
OTU_2507,259,110,67,89,11,78,54,10,116,36,160,65,58,45,4,100,9,40,159,3,64,1,283,46,44,76,184,223,62,78,220,75,82,16,101,199,3,226,37,29,81,1,239,241,1,149,116,18,449,30
OTU_2508,194,74,1,1,18,28,88,45,30,2,38,18,97,11,3,20,53,256,70,214,25,179,17,82,6,11,12,32,17,13,146,1,94,21,199,2,191,27,11,48,1,131,91,10,29,10,33,210,35,12
OTU_2509,1,1,1,1,1,1,1,1,1,1,1,1,1,1,1,1,1,1,1,1,1,1,1,1,1,1,1,1,1,1,1,1,1,1,1,1,1,2,1,1,1,1,1,1,1,1,1,1,1,1
OTU_2510,1,1,1,1,1,1,1,1,1,1,1,1,1,1,1,1,1,1,1,1,1,1,1,1,1,1,1,1,1,1,1,1,1,1,1,1,1,1,1,1,1,1,1,1,1,1,1,1,1,1
OTU_2511,1,1,1,1,1,1,1,1,1,1,1,1,1,1,1,1,1,1,1,1,1,1,1,1,1,1,1,1,1,1,1,1,1,1,1,1,1,1,1,1,1,1,1,1,1,1,1,1,1,1
OTU_2512,1,1,5,94,3,32,1,1,1,1,1,1,1,2,1,93,1,1,4,1,1,1,1,30,1,1,1,1,1,202,1,1,1,1,3,1,1,28,2,11,1,1,3,81,115,1,1,1,1,1
OTU_2513,1,1,1,1,1,1,1,1,1,1,1,1,1,1,1,1,1,1,1,1,1,1,1,1,1,1,1,1,1,1,1,1,1,1,1,1,1,1,1,1,1,1,1,1,1,1,1,1,1,1
OTU_2514,1,1,1,1,1,1,1,1,1,1,1,1,1,1,1,1,1,1,1,1,1,1,1,1,1,1,1,1,1,1,1,1,1,1,1,1,1,1,1,1,1,1,1,1,1,1,1,1,1,1
OTU_2515,1,1,1,1,1,1,1,1,1,1,1,1,1,1,54,1,1,1,1,1,1,1,1,1,1,1,1,1,1,1,1,1,1,1,1,1,1,1,1,1,1,1,1,1,1,1,1,1,1,1
OTU_2516,1,1,1,1,1,1,1,1,1,25,1,1,1,1,1,1,1,1,1,1,1,1,1,1,1,1,1,1,1,1,1,1,1,1,1,1,1,1,1,1,2,1,1,1,1,1,1,1,1,1
OTU_2517,1,1,2,1,1,1,16,8,180,2,1,2,1,1,23,22,1,1,4,47,1,2,1,21,141,1,1,115,1,1,48,1,1,2,1,1,1,17,1,1,1,1,1,1,1,33,1,1,1,1
OTU_2518,1,3,30,7,4,109,9,1,1,90,1,3,1,1,121,1,1,1,7,2,1,1,10,17,50,26,1,1,1,13,8,137,1,1,1,1,2,4,1,34,8,1,8,16,1,1,1,11,94,32
OTU_2519,1,1,1,1,1,1,1,1,1,1,1,1,1,1,1,1,1,1,1,1,1,1,1,1,1,1,1,1,1,1,1,1,1,1,1,1,1,1,1,1,1,1,1,1,1,1,1,1,1,1
OTU_2520,1,1,1,1,1,1,1,1,1,1,1,1,1,1,1,1,1,1,1,1,1,1,1,1,1,1,1,1,1,1,1,1,1,1,1,1,1,1,1,1,1,1,1,1,1,1,1,1,1,1
OTU_2521,78,459,194,60,39,29,164,351,124,435,278,256,226,566,548,110,452,32,854,133,153,443,243,134,135,70,180,107,153,679,36,227,98,42,152,153,173,103,195,40,319,85,633,288,48,315,669,258,180,229
OTU_2522,1,1,1,1,1,1,1,1,1,1,1,1,1,1,1,1,1,1,1,1,1,1,1,1,1,1,1,1,1,1,1,1,1,1,1,1,1,1,1,1,1,1,1,1,1,1,1,1,1,1
OTU_2523,47,151,36,27,5,343,191,54,69,241,171,36,40,366,53,784,53,272,142,386,88,72,69,311,79,287,576,482,137,14,45,126,124,180,86,44,156,211,248,166,4,178,59,399,116,105,34,822,74,52
OTU_2524,302,76,770,236,236,319,321,146,461,117,264,53,230,46,27,41,72,23,53,85,398,715,156,159,181,176,37,65,140,106,124,154,62,183,187,394,412,137,152,241,139,16,279,511,336,157,80,66,15,108
OTU_2525,13,8,1,1,1,1,1,1,160,2,1,1,1,1,1,1,1,1,1,1,1,10,6,1,1,1,1,2,1,1,1,1,1,1,1,105,1,1,1,1,1,1,1,1,1,1,1,1,1,4
OTU_2526,1,1,1,1,1,1,1,1,1,1,1,1,1,1,1,1,1,1,1,1,1,1,1,1,1,1,1,1,1,1,1,1,1,1,1,1,1,1,1,1,1,1,1,1,1,1,1,1,1,1
OTU_2527,151,246,37,424,226,623,1062,397,212,979,378,358,636,511,604,631,151,281,283,212,284,328,248,507,603,283,313,64,367,213,686,52,198,325,579,586,116,176,409,185,423,406,615,556,474,755,107,292,199,45
OTU_2528,236,1,1,86,2,9,1,18,11,4,2,1,6,1,4,103,1,2,8,65,2,13,31,2,2,29,138,3,7,2,102,108,20,105,1,164,4,9,5,1,13,1,44,1,24,2,139,7,39,51
OTU_2529,23,1,46,26,120,6,1,1,109,20,1,23,42,1,4,5,41,15,8,1,8,5,8,5,5,7,18,21,522,1,1,89,11,60,16,8,1,10,1,4,1,24,4,9,1,2,20,43,85,7
OTU_2530,1,1,1,1,1,1,1,1,1,1,1,1,1,1,1,1,1,1,1,1,1,1,1,1,1,1,1,1,1,1,1,1,1,1,1,1,1,1,1,1,1,1,1,1,1,1,1,1,1,1
OTU_2531,1,1,2,1,2,11,1,1,1,1,1,1,264,1,1,1,1,151,141,1,1,1,1,1,2,126,1,1,1,1,1,1,1,1,1,1,5,1,1,57,29,1,1,1,1,107,1,1,10,1
OTU_2532,1,1,1,1,1,1,1,1,1,1,1,1,1,1,1,1,1,1,1,1,1,1,1,1,1,1,1,1,1,1,1,1,1,1,1,1,1,1,1,1,1,1,1,1,1,1,1,1,1,1
OTU_2533,1,1,1,1,1,1,1,1,1,1,1,1,1,1,1,1,1,1,1,1,1,1,1,1,1,1,1,1,1,1,1,1,1,1,1,1,1,1,1,1,1,1,1,1,1,1,1,1,1,1
OTU_2534,1,1,1,1,1,1,1,1,1,1,1,1,1,1,1,1,1,1,1,1,1,1,1,1,1,1,1,1,1,1,1,1,1,1,1,1,1,1,1,1,1,1,1,1,1,1,1,1,1,1
OTU_2535,1,1,11,1,11,3,1,1,1,27,16,1,184,158,2,1,1,6,10,48,6,1,1,1,1,1,11,8,1,1,5,1,1,2,65,1,1,62,2,132,1,12,1,1,1,1,1,53,1,1
OTU_2536,1,1,1,1,1,1,1,1,1,1,1,1,1,1,1,1,1,1,1,1,1,1,1,1,1,1,1,1,1,1,1,1,1,1,1,1,1,1,1,1,1,1,1,1,1,1,1,1,1,1
OTU_2537,1,1,1,1,1,1,1,1,1,1,1,1,1,1,1,1,1,1,1,1,1,1,1,1,1,1,1,1,1,1,1,1,1,1,1,1,1,1,1,1,1,1,1,1,1,1,1,1,1,1
OTU_2538,1,1,1,1,2,1,1,2,1,1,1,30,1,10,1,1,1,1,1,1,1,3,1,1,1,1,293,1,2,1,20,5,4,1,1,5,1,1,41,1,1,1,52,1,1,1,1,1,1,16
OTU_2539,1,1,1,1,1,1,1,1,1,1,1,1,1,1,1,1,1,1,1,1,1,1,1,1,1,1,1,1,1,1,1,1,1,1,1,1,1,1,1,1,1,1,1,1,1,1,1,1,1,1
OTU_2540,1,1,1,1,3,1,1,1,1,5,1,1,7,1,1,1,1,1,1,5,4,1,1,1,1,1,100,1,1,1,1,1,22,2,1,4,1,1,108,2,2,1,190,3,1,1,1,1,2,1
OTU_2541,1,1,1,1,1,1,1,1,1,1,1,1,1,1,1,1,1,1,1,1,1,1,1,1,1,1,1,1,1,1,1,1,1,1,1,1,1,1,1,1,1,1,1,1,1,1,1,1,1,1
OTU_2542,1,1,1,1,1,1,1,1,1,1,1,1,1,1,1,1,1,1,1,1,1,1,1,1,1,1,1,1,1,1,1,1,1,1,1,1,1,1,1,1,1,1,1,1,1,1,1,1,1,1
OTU_2543,1,1,1,1,1,1,1,1,1,1,1,1,1,1,1,1,1,1,1,1,1,1,1,1,1,1,1,1,1,1,1,1,1,1,166,1,1,1,1,1,1,1,1,1,1,1,1,1,1,1
OTU_2544,12,709,45,262,299,14,99,464,9,263,163,110,39,414,99,368,161,315,214,87,363,28,255,465,282,105,345,81,47,81,21,42,36,65,461,39,130,125,398,134,144,5,607,81,21,59,698,213,262,11
OTU_2545,1,1,25,8,37,1,28,1,1,1,1,80,19,27,1,45,1,1,1,1,1,1,1,3,1,3,1,10,1,1,1,1,9,1,1,1,1,1,1,8,109,1,2,142,1,1,21,1,1,1
OTU_2546,1,2,1,1,1,1,39,1,1,1,1,1,1,1,1,1,1,1,1,1,1,1,1,1,1,15,1,170,1,2,7,1,1,1,1,1,1,3,1,1,1,1,2,9,44,1,1,15,1,1
OTU_2547,1,3,1,62,1,72,1,1,1,1,1,4,1,1,1,2,1,111,1,40,1,1,1,1,1,1,3,1,1,1,1,1,1,39,1,1,3,1,1,43,3,1,5,1,1,1,18,1,1,1
OTU_2548,1,1,1,1,1,1,1,1,1,1,1,1,1,1,1,1,1,1,1,1,1,1,1,1,1,1,1,2,1,1,1,3,1,1,1,1,1,1,1,1,1,1,1,1,1,1,1,1,28,1
OTU_2549,612,314,7,146,105,488,146,18,144,289,171,40,63,155,139,239,484,69,188,115,177,379,221,137,175,216,109,256,24,72,87,17,9,120,35,80,550,356,83,55,333,174,120,48,41,94,34,147,333,4
OTU_2550,1,1,1,1,1,1,1,1,1,1,1,1,1,1,1,1,1,1,1,1,1,1,1,1,1,1,1,1,1,1,1,1,1,1,1,1,1,1,1,1,1,1,1,1,1,1,1,1,1,1
OTU_2551,4,1,1,1,1,1,3,1,148,1,1,1,1,1,1,78,1,1,1,1,1,2,1,1,1,1,1,10,1,1,27,2,1,1,26,1,10,1,68,1,1,1,1,1,165,1,1,1,1,1
OTU_2552,5,1,104,25,76,6,59,12,5,617,27,1,88,1,29,47,13,25,192,24,5,58,2,108,22,9,1,1,38,1,1,45,5,1,45,63,36,1,1,116,45,79,111,13,83,85,1,1,6,234
OTU_2553,1,1,1,1,1,1,1,1,1,1,1,1,1,1,1,1,1,1,1,1,1,1,1,1,1,1,1,1,1,1,1,1,1,1,1,1,1,1,1,1,1,1,1,1,1,1,1,1,1,1
OTU_2554,51,8,4,2,1,10,3,32,1,1,3,1,1,1,1,1,3,224,1,72,4,21,1,11,7,1,3,1,1,1,42,1,1,1,1,5,1,1,20,8,76,1,1,1,1,1,1,1,11,1
OTU_2555,1,1,1,1,1,1,1,1,1,23,1,1,1,1,1,1,1,1,1,1,1,1,1,1,1,1,1,1,1,1,1,1,1,1,1,1,1,1,1,1,1,1,1,1,1,1,1,1,1,1
OTU_2556,1,1,1,1,1,1,1,1,1,1,1,1,1,1,1,1,1,1,1,1,1,1,1,1,1,1,1,1,1,1,1,1,1,1,1,1,1,1,1,1,1,1,1,1,1,1,1,1,1,1
OTU_2557,1,1,1,1,1,1,1,1,1,1,1,1,1,1,10,1,1,1,1,3,1,1,1,1,1,1,1,1,1,1,1,1,1,1,1,1,1,1,1,1,1,1,1,1,1,1,1,1,1,1
OTU_2558,1,1,1,1,1,1,1,1,1,1,1,1,1,1,1,1,1,1,1,1,1,1,1,1,1,1,1,1,1,1,1,1,1,1,1,1,1,1,1,1,1,1,1,1,1,1,1,1,1,1
OTU_2559,1,1,1,1,1,1,1,1,1,1,1,1,1,1,1,1,1,1,1,1,1,1,1,1,1,1,1,1,1,1,1,1,1,1,1,1,1,1,1,1,1,1,1,1,1,1,1,1,1,1
OTU_2560,1,1,1,1,1,1,1,1,1,1,1,1,1,1,1,1,1,1,1,1,1,1,1,1,1,1,1,1,1,1,1,1,1,1,1,1,1,1,1,1,1,1,1,1,1,1,1,1,1,1
OTU_2561,57,15,529,15,23,15,33,13,6,49,15,2,177,7,212,87,39,92,21,133,1,233,80,16,3,13,18,72,49,492,318,235,55,92,451,4,38,1,281,4,58,90,30,183,57,50,203,186,149,155
OTU_2562,1,1,1,1,1,1,1,1,1,1,1,1,1,1,1,1,1,1,1,1,1,1,1,1,1,1,1,1,1,1,1,1,1,1,1,1,1,1,1,1,1,1,1,1,1,1,1,1,1,1
OTU_2563,1,1,1,1,1,1,1,1,1,1,5,1,1,1,1,1,1,1,1,1,1,1,1,1,1,1,1,1,1,1,1,1,1,1,2,1,1,1,1,1,1,1,1,1,1,1,1,1,1,1
OTU_2564,1,1,1,1,1,1,1,1,1,1,1,1,1,1,1,1,1,1,1,1,1,1,1,1,1,1,1,1,1,1,1,1,1,1,1,1,1,1,1,1,1,1,1,1,1,1,1,1,1,1
OTU_2565,1,12,1,1,1,1,1,1,1,1,1,1,1,1,1,1,1,1,1,1,1,1,14,1,1,1,1,1,1,1,1,1,1,1,1,1,1,1,1,1,1,1,1,1,1,1,1,1,1,1
OTU_2566,1,1,1,1,1,1,1,1,1,1,1,1,1,1,1,1,1,1,1,1,1,1,1,1,1,1,1,1,1,1,1,1,1,1,1,1,1,1,1,1,1,1,1,1,1,1,1,1,1,1
OTU_2567,1,1,1,1,1,1,1,1,1,1,1,1,1,1,1,1,1,1,1,1,1,1,1,1,1,1,1,1,1,1,1,1,1,1,1,1,1,1,1,1,1,1,1,1,1,1,1,1,1,1
OTU_2568,1,1,1,1,1,1,1,1,1,1,1,1,1,1,1,1,1,1,1,1,1,1,1,1,1,1,1,1,1,1,1,1,1,1,1,1,1,1,1,1,1,1,1,1,1,1,1,1,1,1
OTU_2569,1,1,1,1,1,1,1,1,1,1,1,1,1,1,1,1,1,1,1,1,1,1,1,1,1,1,1,1,1,1,1,1,1,1,1,1,1,1,1,1,1,1,1,1,1,1,1,1,1,1
OTU_2570,1,1,1,1,1,1,1,1,1,1,1,1,1,1,43,1,1,1,1,1,1,1,1,1,1,1,1,1,1,1,1,1,1,1,1,1,1,1,1,1,1,1,1,1,1,1,1,1,1,1
OTU_2571,1,1,1,1,4,1,1,1,1,1,2,1,24,1,1,1,1,1,1,1,1,1,1,1,1,1,1,1,1,1,1,1,1,1,1,1,1,1,159,1,1,1,57,1,1,1,1,1,3,1
OTU_2572,128,73,94,7,24,32,6,427,2,2,136,452,81,147,25,106,1,423,10,145,88,55,79,121,210,283,17,311,50,79,16,451,2,63,26,240,44,146,61,9,1,97,50,171,50,270,3,2,83,61
OTU_2573,1,1,5,1,1,1,1,1,1,1,1,1,1,1,1,1,1,13,1,1,1,1,1,1,1,1,1,1,1,1,1,1,6,1,1,1,1,1,1,1,1,1,1,1,1,1,1,1,1,1
OTU_2574,1,1,17,1,1,1,1,1,1,1,1,1,15,1,1,1,1,1,1,1,1,1,1,1,1,1,1,42,1,1,1,1,1,1,1,1,1,1,1,1,1,1,1,1,1,1,1,41,1,1
OTU_2575,1,1,1,1,1,1,1,1,1,1,1,1,1,1,1,1,1,1,1,1,1,1,1,1,1,1,1,1,1,1,1,1,1,1,1,1,1,1,1,1,1,1,1,1,1,1,1,1,1,1
OTU_2576,1,1,1,1,1,1,1,1,1,1,1,1,1,1,1,1,1,1,1,1,1,1,1,1,1,1,1,1,1,1,1,1,1,1,1,1,1,1,1,1,1,1,1,1,1,1,1,1,1,1
OTU_2577,1,1,1,1,1,1,1,1,1,1,1,1,1,1,1,1,1,1,1,1,1,1,1,1,1,1,1,1,1,1,1,1,1,1,1,1,1,1,1,1,1,1,1,1,1,1,1,1,1,1
OTU_2578,1,1,1,1,2,1,1,1,1,1,86,1,1,1,1,1,28,1,1,1,1,1,1,1,1,1,1,1,1,1,1,1,1,48,1,1,1,1,1,1,1,1,1,7,1,1,1,1,1,1
OTU_2579,1,48,1,94,1,1,1,1,1,1,6,11,1,1,2,1,1,1,1,1,24,1,65,1,1,1,1,1,1,1,1,1,1,1,1,1,1,1,110,2,1,1,1,1,1,1,67,1,1,1
OTU_2580,1,1,1,1,1,1,1,1,1,1,1,1,1,1,1,1,1,1,1,1,1,1,1,1,1,1,1,1,1,1,1,1,1,1,1,1,1,1,1,1,1,1,1,1,1,1,1,1,1,1
OTU_2581,499,311,409,578,600,156,344,134,468,580,459,857,227,448,315,591,299,149,259,508,345,926,431,427,448,249,1378,258,372,233,259,341,173,662,374,230,334,301,727,625,473,332,588,143,240,1011,321,563,226,203
OTU_2582,1,1,1,1,1,1,1,1,1,1,1,1,1,20,1,1,1,1,1,1,1,1,1,1,1,1,1,1,1,1,1,1,1,1,1,1,1,1,1,1,1,1,1,1,1,1,1,1,1,1
OTU_2583,1,1,1,1,1,1,1,1,1,1,1,1,1,1,1,1,1,1,1,1,1,1,1,1,1,1,1,1,1,1,1,1,1,1,1,1,1,1,1,1,1,1,1,1,1,1,1,1,1,1
OTU_2584,1,1,1,1,1,1,1,1,1,1,1,1,1,1,1,1,1,1,1,1,1,1,1,1,1,1,1,1,1,1,1,1,1,1,1,1,1,1,1,1,1,1,1,1,1,1,1,1,1,1
OTU_2585,1,3,2,1,146,14,4,1,1,1,72,1,1,1,1,1,2,1,1,30,1,1,3,2,1,1,1,2,7,1,1,1,6,1,1,1,1,1,1,1,1,1,1,1,1,1,41,1,6,4
OTU_2586,1,1,1,1,1,1,1,1,1,1,1,1,1,1,1,1,1,1,1,1,1,1,1,1,1,1,1,1,1,1,1,1,1,1,1,1,1,1,1,1,1,1,1,1,1,1,1,1,1,1
OTU_2587,1,1,1,1,1,1,1,1,1,1,1,1,1,1,1,1,1,1,1,1,1,1,1,1,1,1,1,1,1,1,1,1,1,1,1,1,1,1,1,1,1,1,1,1,1,1,1,1,1,1
OTU_2588,1,1,1,1,1,1,1,1,1,1,1,1,1,1,1,1,1,1,1,1,1,1,1,1,1,1,1,1,1,1,1,1,1,1,1,1,1,1,1,1,1,1,1,1,1,1,1,1,1,1
OTU_2589,1,1,1,1,1,1,1,1,1,1,1,1,1,1,1,2,1,1,1,1,1,2,1,1,1,1,1,1,1,1,1,1,1,3,1,1,1,1,1,1,1,1,1,1,1,1,1,1,1,1
OTU_2590,1,1,1,1,1,1,1,1,1,1,222,1,1,1,1,31,1,20,1,1,1,1,1,1,1,1,1,1,1,5,1,1,1,1,1,1,1,1,1,1,1,1,1,1,1,1,1,1,1,1
OTU_2591,1,1,1,1,1,1,1,1,1,1,1,1,1,1,1,1,1,1,1,1,1,1,1,1,1,1,1,1,1,1,1,4,1,1,1,1,1,1,1,1,1,1,1,1,1,1,1,1,1,1
OTU_2592,1,2,1,1,1,1,1,1,1,1,1,1,1,1,1,1,1,1,1,1,1,1,1,1,1,1,1,1,1,1,1,1,1,1,1,1,1,1,1,1,1,1,1,1,1,1,1,1,1,1
OTU_2593,1,1,1,1,1,1,1,1,1,1,1,1,1,1,1,1,1,1,1,1,1,1,1,1,1,1,1,1,1,1,1,1,1,1,1,1,1,1,1,1,1,1,1,1,1,1,1,1,1,1
OTU_2594,1,1,1,1,1,1,1,1,1,1,1,1,1,1,1,1,1,1,1,1,1,1,1,1,1,1,1,1,1,1,1,1,1,1,1,1,1,1,1,1,1,1,1,1,1,1,1,1,1,1
OTU_2595,1,6,3,2,1,1,1,3,1,1,2,33,3,1,13,37,2,14,1,2,3,1,1,133,81,12,1,33,1,2,67,1,2,1,6,1,8,1,1,1,1,4,23,24,1,1,1,2,1,1
OTU_2596,1,1,1,1,1,1,1,1,1,1,1,1,1,1,1,1,1,1,1,1,1,1,1,1,1,1,1,1,1,1,1,1,1,1,1,1,1,1,1,1,1,1,1,1,1,1,1,1,1,1
OTU_2597,1,18,1,1,1,1,1,1,4,1,1,1,1,1,1,1,2,3,2,1,1,2,1,1,2,1,1,1,1,1,1,1,315,1,1,1,1,1,1,1,1,1,1,1,1,1,1,1,13,1
OTU_2598,1,1,1,4,1,15,1,203,1,5,4,29,1,1,1,1,3,13,1,9,129,87,1,10,1,1,1,1,5,1,1,2,1,2,1,4,1,1,1,1,1,1,1,18,1,1,1,1,1,38
OTU_2599,1,1,1,1,1,1,1,1,1,1,1,1,1,1,1,1,1,1,1,1,1,1,1,1,1,1,1,1,1,1,1,1,1,1,1,1,1,1,1,1,1,1,1,1,1,1,1,1,1,1
OTU_2600,1,1,1,1,1,1,1,1,1,1,1,1,1,1,1,1,1,1,1,1,1,1,1,1,1,1,1,1,1,1,1,1,1,1,1,1,1,1,1,1,1,1,1,1,1,1,1,1,1,1
OTU_2601,30,1,7,13,1,5,2,1,27,12,3,51,17,1,44,2,1,1,237,1,91,20,1,1,1,1,1,64,6,4,1,1,4,15,2,40,8,26,1,1,1,7,1,46,9,1,45,2,2,1
OTU_2602,422,262,117,13,69,38,43,9,165,34,9,7,4,57,70,17,69,4,313,34,334,3,293,355,14,448,348,75,1,1,91,82,190,110,89,95,35,1,16,8,136,56,51,3,82,43,2,14,38,159
OTU_2603,1,1,1,1,1,1,1,1,1,1,1,1,1,1,1,1,1,1,1,1,1,1,1,1,1,1,1,1,1,1,1,1,1,1,1,1,1,1,1,1,1,1,1,1,1,1,1,1,1,1
OTU_2604,15,124,3,1,1,3,1,7,1,1,4,5,1,1,1,1,1,1,1,4,1,1,1,1,73,1,1,3,1,1,1,1,82,1,1,1,2,1,1,1,1,6,2,1,1,60,2,2,7,5
OTU_2605,1,1,1,1,1,1,1,1,1,1,1,1,1,1,1,1,1,1,1,1,1,1,1,1,1,1,1,1,1,1,1,1,1,1,1,1,1,1,1,1,1,1,1,1,1,1,1,1,1,1
OTU_2606,1,1,1,1,1,1,1,1,1,1,1,1,1,1,1,1,1,1,1,1,1,1,1,1,1,1,1,1,1,1,1,1,1,1,1,1,1,1,1,1,1,1,1,1,1,1,1,1,1,1
OTU_2607,27,436,2,32,297,14,14,3,48,23,324,21,31,69,29,63,9,99,70,20,140,21,7,49,1,5,3,82,16,23,35,1,659,1,532,52,13,16,77,28,19,54,3,218,13,154,4,1,80,256
OTU_2608,1,1,1,1,1,1,1,1,1,1,1,1,1,1,1,1,1,1,1,1,1,1,1,1,1,1,1,1,1,1,1,1,1,1,1,1,1,1,1,1,1,1,1,1,1,1,1,1,1,1
OTU_2609,6,3,29,1,4,39,67,56,19,137,13,20,2,243,24,159,157,2,22,26,27,18,36,23,1,17,12,544,850,3,71,60,17,13,38,1,276,29,65,235,258,2,19,1,220,28,1,1,1,133
OTU_2610,1,1,1,1,1,1,1,1,1,1,1,1,1,1,1,1,1,1,1,1,1,1,1,1,1,1,1,1,1,1,1,1,1,1,1,1,1,1,1,1,1,1,1,1,1,2,1,1,1,1
OTU_2611,1,1,1,1,1,1,1,1,1,1,1,1,1,1,1,1,1,1,1,1,1,1,1,1,1,1,1,1,1,1,1,1,1,1,1,1,1,1,1,1,1,1,1,1,1,1,1,1,1,1
OTU_2612,1,1,1,1,1,1,1,2,1,1,1,1,1,1,1,1,1,1,1,1,1,1,1,1,1,1,1,1,1,1,1,1,1,1,1,1,1,1,1,1,1,1,1,1,1,1,1,1,1,1
OTU_2613,1,1,1,1,1,1,1,1,1,1,1,1,1,1,1,1,1,1,1,1,1,1,1,1,1,1,1,1,1,1,1,1,1,1,1,1,1,1,1,1,1,1,1,1,1,1,1,1,1,1
OTU_2614,1,1,1,1,1,1,1,1,1,1,1,1,1,1,1,1,1,1,1,1,1,1,1,1,1,1,1,1,1,1,1,1,1,1,1,1,1,1,1,1,1,1,1,1,1,1,1,1,1,1
OTU_2615,1,1,1,1,1,1,1,1,1,1,1,1,1,1,1,1,1,1,1,1,1,1,1,1,1,1,1,1,1,1,1,1,1,1,1,1,1,1,1,1,1,1,1,1,1,1,1,1,1,1
OTU_2616,25,21,60,92,18,144,134,118,204,52,30,145,77,7,155,4,14,16,4,106,22,229,93,3,149,18,83,597,24,22,44,22,55,161,20,176,78,19,34,148,81,113,1,144,167,57,16,136,296,146
OTU_2617,1,1,1,1,1,1,1,1,1,1,1,1,1,1,1,1,1,1,1,1,1,1,1,1,1,1,1,1,1,1,1,1,1,1,1,1,1,1,1,1,1,1,1,1,1,1,1,1,1,1
OTU_2618,1,1,1,1,1,1,1,1,1,1,1,1,84,1,1,1,1,1,1,1,1,1,1,1,1,1,1,1,1,1,1,1,1,1,1,1,1,1,1,1,1,1,1,1,1,1,1,1,1,1
OTU_2619,1,1,1,1,1,1,1,1,1,1,1,1,1,1,1,1,1,1,1,1,1,1,1,1,1,1,1,1,1,1,1,1,1,1,1,1,1,1,1,1,1,1,1,1,1,1,1,1,1,1
OTU_2620,1,4,1,1,2,1,1,1,1,1,1,1,1,1,1,1,1,3,1,1,1,3,83,1,1,1,1,7,1,1,1,1,5,1,1,1,1,3,1,1,1,1,1,1,1,1,1,1,1,1
OTU_2621,1,1,1,1,1,1,1,1,1,1,1,1,1,1,1,1,1,1,1,1,1,1,1,1,1,1,1,1,1,1,1,1,1,1,1,1,1,1,1,1,1,1,1,1,1,1,1,1,1,1
OTU_2622,1,1,1,14,1,202,1,1,1,1,7,1,1,1,4,1,273,1,1,263,15,4,5,1,1,1,1,1,1,1,2,8,1,1,1,1,1,1,10,56,1,1,1,22,12,1,2,1,1,1
OTU_2623,1,1,1,1,1,1,1,1,1,1,1,1,1,1,1,1,1,1,1,178,1,1,1,1,1,1,1,1,1,1,1,1,1,1,1,1,1,1,1,1,1,1,1,1,1,1,1,1,1,116
OTU_2624,1,1,1,1,1,1,1,1,1,1,1,1,1,1,1,1,1,1,1,1,1,1,1,1,1,1,1,1,1,1,1,1,1,1,1,1,1,1,1,1,1,1,1,1,1,1,1,1,1,1
OTU_2625,1,6,187,55,1,3,1,32,163,92,1,1,1,39,1,1,1,2,48,36,118,10,3,13,1,91,5,89,24,1,7,62,69,2,1,13,194,28,26,156,1,29,107,47,101,1,144,31,4,4
OTU_2626,1,1,1,1,1,1,1,1,1,1,1,1,1,1,1,1,1,1,1,1,1,1,1,1,1,1,1,1,1,1,1,1,1,1,1,1,1,1,1,1,1,1,1,1,1,1,1,1,1,1
OTU_2627,3,11,1,1,1,1,1,1,1,1,1,2,43,1,1,116,1,15,1,13,1,1,1,1,8,51,20,6,1,9,1,1,1,18,1,1,205,1,13,1,38,2,50,3,1,68,6,1,1,33
OTU_2628,1,1,1,1,1,1,1,1,1,1,1,1,1,1,1,1,1,1,1,1,1,1,1,1,1,1,1,1,1,1,1,1,1,1,1,1,1,1,1,1,1,1,1,1,1,1,1,1,1,1
OTU_2629,261,22,22,58,160,28,1,189,26,7,2,22,355,23,19,7,14,6,1,42,66,101,34,19,316,149,2,268,48,182,81,97,1,354,6,18,76,8,1,69,10,74,369,17,90,18,1,175,4,1
OTU_2630,1,1,1,1,1,1,1,1,1,1,1,1,1,1,1,1,1,1,1,1,1,1,1,1,1,1,1,1,1,1,1,1,1,1,1,1,1,1,1,1,1,1,1,1,1,1,1,1,1,1
OTU_2631,1,1,1,1,1,1,1,1,1,1,1,1,1,1,1,1,1,1,1,1,1,1,1,1,1,1,1,1,1,1,1,1,1,1,1,1,1,1,1,1,1,1,1,1,1,1,1,1,1,1
OTU_2632,1,1,1,1,1,1,1,1,1,1,1,1,1,1,1,1,1,1,1,1,1,1,1,1,1,1,1,1,1,1,1,1,1,1,1,1,1,1,1,1,1,1,1,1,1,1,1,1,1,1
OTU_2633,1,1,1,1,1,1,1,1,1,1,1,1,1,1,1,1,1,1,1,1,1,1,1,1,1,1,1,1,1,1,1,1,1,1,1,1,1,1,1,1,1,1,1,1,1,1,1,1,1,1
OTU_2634,1,1,1,1,1,1,1,1,1,1,1,1,1,1,1,1,1,1,1,1,1,1,1,1,1,1,1,1,1,1,1,1,1,1,1,1,1,1,1,1,1,1,1,1,1,1,1,1,1,1
OTU_2635,1,1,1,1,1,1,1,1,1,1,1,1,1,1,1,1,1,1,1,1,1,1,1,1,1,1,1,1,1,1,1,1,1,1,1,1,1,1,1,1,1,1,1,1,1,1,1,1,1,1
OTU_2636,1,1,1,1,1,1,1,1,1,1,1,1,1,1,1,1,1,1,1,1,1,1,1,1,1,1,1,1,1,1,1,1,1,1,1,1,1,1,1,1,1,1,1,1,1,1,1,1,1,1
OTU_2637,1,1,1,1,1,1,1,1,1,1,1,1,1,1,1,1,1,1,1,1,1,1,1,1,1,1,1,1,1,1,1,1,1,1,1,1,1,1,1,1,1,1,1,1,1,1,1,1,1,1
OTU_2638,1,1,1,1,1,1,1,1,1,9,1,1,1,1,1,1,1,1,1,1,1,1,1,1,1,1,1,1,1,1,1,1,1,1,1,1,1,1,1,1,1,1,1,1,1,1,1,1,1,1
OTU_2639,1,1,1,1,1,1,1,1,1,1,1,1,1,1,1,1,1,26,1,1,1,1,264,1,1,3,1,1,1,1,1,1,1,1,1,1,1,1,1,1,1,1,1,1,1,1,1,1,1,1
OTU_2640,1,290,1,1,1,1,1,1,1,1,1,1,7,1,1,4,1,17,12,1,4,1,1,1,1,1,21,1,1,22,1,1,1,1,11,10,1,1,6,1,103,1,1,1,3,1,1,49,118,8
OTU_2641,1,1,1,1,1,1,1,1,1,1,1,1,1,2,1,1,1,1,1,1,1,1,1,1,1,1,1,1,1,1,1,1,1,1,1,1,1,1,1,1,1,1,1,1,1,1,1,1,1,1
OTU_2642,51,27,306,193,594,282,126,398,224,484,58,164,369,538,231,338,144,128,225,323,77,711,429,135,440,56,160,250,205,267,200,39,256,109,18,132,104,219,334,65,39,24,43,143,73,449,221,230,971,545
OTU_2643,1,1,1,1,1,1,1,1,1,1,1,1,1,1,1,1,1,1,1,1,1,1,1,1,1,1,1,1,1,1,1,1,1,1,1,1,1,1,1,1,1,1,1,1,1,1,1,1,1,1
OTU_2644,1,1,1,1,1,1,1,1,1,1,1,1,1,1,1,1,1,1,1,1,1,1,1,175,1,1,1,1,1,1,1,1,1,1,1,1,1,1,1,1,1,1,1,1,1,1,1,1,1,1
OTU_2645,1,1,1,1,1,1,1,1,1,1,1,1,1,1,1,1,1,1,1,1,1,1,1,1,1,1,1,1,1,1,1,1,1,1,1,1,1,1,1,1,1,1,1,1,1,1,1,1,1,1
OTU_2646,1,1,1,1,7,1,1,1,1,1,1,1,1,1,1,1,1,1,1,1,4,1,1,1,1,1,1,1,1,1,1,1,1,1,1,1,1,1,1,1,1,22,1,10,1,1,1,19,5,1
OTU_2647,1,1,1,1,1,1,1,1,1,1,1,1,1,1,1,1,1,1,1,1,1,1,1,1,1,1,1,1,1,1,1,1,1,1,1,2,1,1,1,1,1,1,1,1,1,1,1,1,1,1
OTU_2648,1,1,10,27,18,1,15,4,6,2,21,49,220,41,21,1,1,22,1,7,16,1,1,14,2,118,2,161,3,7,4,26,51,26,1,39,1,26,82,11,1,1,1,12,1,68,256,474,10,14
OTU_2649,6,66,126,195,6,183,63,72,91,135,221,49,88,181,20,223,114,265,285,166,131,168,240,420,56,275,228,421,116,150,178,163,289,865,136,147,168,75,14,72,390,957,90,25,245,118,374,112,117,70
OTU_2650,1,1,1,1,1,1,1,1,1,1,1,1,1,1,1,1,1,1,1,1,1,1,1,1,1,1,1,1,1,1,1,4,1,1,1,1,1,1,1,1,1,1,1,1,1,1,1,1,1,1
OTU_2651,1,1,1,1,1,1,1,1,1,1,1,1,1,1,14,1,1,1,1,1,1,1,2,1,1,1,1,1,1,1,1,1,1,1,1,1,1,1,1,1,1,1,1,1,1,1,1,1,1,1
OTU_2652,1,1,1,1,1,1,1,1,1,1,1,1,1,1,1,1,1,1,1,1,1,1,1,1,1,1,1,1,1,1,1,1,1,1,1,1,1,1,1,1,1,1,1,1,1,1,1,1,1,1
OTU_2653,77,1,201,1,2,8,1,70,1,51,4,1,2,1,41,30,1,1,2,8,10,1,1,7,1,1,1,1,1,1,1,2,1,1,1,1,1,6,1,91,169,1,1,1,1,1,1,1,1,1
OTU_2654,1,1,1,1,1,1,1,1,1,1,1,1,1,1,1,1,1,1,1,1,1,1,1,1,1,1,1,1,1,1,1,1,1,1,1,1,1,1,1,1,1,1,1,1,1,1,1,1,1,1
OTU_2655,1,1,1,1,1,1,1,1,1,1,1,1,1,1,1,1,1,1,1,1,1,1,1,1,1,1,1,1,1,1,1,1,1,1,1,1,1,1,1,1,211,1,1,1,1,1,1,1,1,1
OTU_2656,1,3,1,3,1,1,8,1,1,1,5,1,9,5,118,1,318,8,1,100,1,5,4,1,2,1,1,1,20,1,2,2,7,82,1,1,89,15,12,6,1,1,1,3,1,1,1,1,2,65
OTU_2657,1,1,1,1,1,1,1,1,1,1,1,1,1,1,1,1,1,1,1,1,1,1,1,1,1,1,1,1,1,1,1,1,1,1,1,1,1,1,1,1,1,1,1,1,1,1,1,1,1,1
OTU_2658,1,96,55,168,42,58,15,41,72,114,8,1,2,320,1,89,33,2,6,5,86,159,161,7,16,91,1,133,106,4,2,2,74,13,51,13,25,42,6,8,38,32,53,10,34,26,305,1,41,4
OTU_2659,1,1,1,1,1,1,1,1,1,1,1,1,1,1,1,1,1,1,1,1,1,1,1,1,1,1,1,1,1,1,1,1,1,1,1,1,1,1,1,1,1,1,1,1,1,1,1,1,1,1
OTU_2660,33,1,1,1,1,1,1,1,5,1,1,1,1,1,2,1,1,2,17,27,1,1,1,1,3,89,1,1,2,1,1,1,1,1,1,1,4,1,1,1,1,1,1,1,1,1,1,1,1,3
OTU_2661,1,1,1,1,1,1,1,1,1,1,1,1,1,1,1,1,1,1,1,1,1,1,1,1,1,1,1,1,1,1,1,1,1,1,1,1,1,1,1,1,1,1,1,1,1,1,5,1,1,1
OTU_2662,1,1,1,1,1,1,1,1,1,1,1,1,1,1,1,1,1,1,1,1,1,1,1,1,1,1,1,1,1,1,1,1,1,1,1,1,1,1,1,1,1,1,2,1,1,1,1,1,1,1
OTU_2663,1,1,1,1,1,1,1,1,1,1,1,1,1,1,1,1,1,1,1,1,1,1,1,1,1,1,1,1,1,1,1,1,1,1,1,1,1,1,1,1,1,1,1,1,1,1,1,1,1,1
OTU_2664,1,1,1,1,1,1,1,1,1,1,1,1,1,1,1,1,1,1,1,1,1,1,1,1,1,1,1,1,1,1,1,1,1,1,1,1,1,1,1,1,1,1,1,1,1,1,1,1,1,1
OTU_2665,1,1,1,1,1,1,1,1,1,1,1,1,1,1,1,1,1,1,1,1,1,1,1,1,1,1,1,1,1,1,1,1,1,1,1,1,1,1,1,1,1,1,1,1,1,1,1,1,1,1
OTU_2666,189,260,414,370,350,153,69,96,20,841,32,27,83,48,205,191,69,264,173,697,112,151,156,222,50,198,85,88,150,308,92,270,3,368,156,288,46,438,366,364,319,39,259,261,72,166,19,107,444,98
OTU_2667,1,1,1,1,1,1,1,1,1,1,1,1,1,1,1,1,1,1,1,1,1,1,1,1,1,1,1,1,1,1,1,1,1,1,1,1,1,1,1,1,1,1,1,1,1,1,1,1,1,1
OTU_2668,1,1,1,1,1,1,1,1,1,1,1,1,1,1,1,1,1,1,1,1,1,1,1,1,1,1,1,1,1,1,1,1,1,1,1,1,1,1,1,1,1,1,1,1,1,1,1,1,1,1
OTU_2669,1,22,1,1,1,45,1,1,2,1,1,1,1,19,1,1,64,1,4,1,75,1,4,71,64,1,1,5,1,1,1,1,1,1,1,1,1,1,9,1,1,1,1,1,1,1,1,7,2,1
OTU_2670,1,1,1,1,1,1,1,1,1,1,1,1,1,1,1,1,1,1,1,1,1,1,1,1,1,1,1,1,1,1,1,1,1,1,1,1,1,1,1,1,1,1,1,1,1,1,1,1,1,1
OTU_2671,1,1,1,1,1,1,1,1,1,1,1,1,1,1,1,1,1,1,1,1,1,1,1,1,1,1,1,1,1,1,1,1,1,1,1,1,1,1,1,1,1,1,1,1,1,1,1,1,1,1
OTU_2672,1,1,1,1,1,1,1,1,1,1,1,1,1,1,1,1,1,1,1,1,1,1,1,1,1,1,1,1,1,1,1,1,1,1,1,1,1,1,1,1,1,1,1,1,1,1,1,1,1,1
OTU_2673,1,1,1,1,1,1,1,1,1,1,1,1,1,1,1,1,1,1,1,1,1,1,1,1,1,1,1,1,1,1,1,1,1,1,1,1,1,1,1,1,1,1,1,1,1,1,1,1,1,1
OTU_2674,1,1,1,1,1,1,1,1,3,1,1,1,1,1,1,1,58,1,1,1,1,1,1,6,1,1,1,1,1,1,1,1,1,1,1,1,1,1,1,1,1,1,1,1,1,1,1,1,1,1
OTU_2675,2,1,1,1,1,325,42,1,4,58,10,1,1,1,1,19,13,1,1,14,1,2,48,1,1,14,25,1,1,7,11,7,1,1,1,11,132,1,78,1,1,1,2,2,5,1,1,1,19,1
OTU_2676,1,1,1,1,1,1,1,1,1,1,1,1,1,1,1,1,1,5,2,1,1,1,2,1,1,1,5,2,1,1,1,3,1,1,9,1,1,1,1,1,188,1,1,5,1,1,1,1,1,1
OTU_2677,1,1,1,1,1,1,1,1,2,1,1,1,1,1,1,1,1,1,1,1,1,1,1,1,1,1,1,1,1,1,1,1,1,1,1,1,1,1,1,1,1,1,1,1,1,1,1,1,1,1
OTU_2678,1,1,1,1,1,1,1,1,1,1,1,1,1,1,1,1,1,1,1,1,1,1,1,1,1,1,1,1,1,1,1,1,1,1,1,1,1,1,1,1,1,1,1,1,1,1,1,1,1,1
OTU_2679,1,1,1,1,1,1,1,1,1,1,1,1,1,1,2,1,1,1,1,1,1,1,1,1,1,1,1,1,1,1,1,1,1,1,1,1,1,1,1,1,1,1,1,1,1,1,1,1,1,1
OTU_2680,1,1,1,1,1,1,1,1,1,1,1,1,1,1,1,1,1,1,1,1,1,1,1,1,1,1,1,1,1,1,1,1,1,1,1,1,1,1,1,1,1,1,1,1,1,1,1,1,1,1
OTU_2681,1,1,1,1,1,1,1,1,3,1,1,1,1,1,1,9,1,1,1,1,1,10,1,1,1,1,18,1,1,1,1,1,1,1,1,1,1,1,1,1,1,1,1,1,2,1,1,1,1,1
OTU_2682,1,1,1,1,1,1,1,1,1,1,1,1,1,1,1,1,1,1,1,1,1,1,1,1,1,1,1,1,1,1,1,1,1,1,1,1,1,1,1,1,1,1,1,219,1,1,1,1,1,1
OTU_2683,15,35,251,39,33,166,5,3,5,56,41,211,209,25,296,19,112,304,36,240,223,34,40,414,166,393,203,32,69,19,9,262,242,20,101,50,92,2,53,1,48,352,1,31,12,43,254,112,7,89
OTU_2684,1,1,1,1,1,1,1,1,1,1,1,1,1,1,1,1,1,1,1,1,1,1,1,1,1,1,1,1,1,1,1,1,1,1,1,1,1,1,1,1,1,1,1,1,1,1,1,1,1,1
OTU_2685,57,52,1,1,1,136,91,142,159,182,19,38,1,6,13,112,134,106,729,1,305,1,1,1,269,50,1,2,2,2,7,221,7,1,7,10,4,87,1,26,3,83,14,28,5,8,6,11,130,18
OTU_2686,1,1,1,1,1,1,1,1,1,1,1,1,1,1,1,1,1,1,1,1,1,1,1,1,1,1,1,1,1,1,1,1,1,1,1,1,1,1,1,1,1,1,1,1,1,1,1,1,1,1
OTU_2687,191,130,313,423,187,313,424,375,270,1050,235,274,195,218,152,152,1154,779,216,323,283,354,165,119,173,91,31,434,371,628,72,328,158,124,492,380,386,144,146,282,493,152,244,161,84,91,127,198,311,259
OTU_2688,1,1,1,1,1,1,1,1,1,1,1,1,1,1,1,1,1,1,1,1,1,1,1,1,1,1,1,1,1,1,1,1,1,1,1,1,1,1,1,1,1,1,1,1,1,1,1,1,1,1
OTU_2689,27,43,12,59,2,56,1,47,10,24,2,1,1,1,3,316,3,10,1,5,1,1,1,1,5,2,1,1,1,1,2,4,33,191,52,1,39,5,78,1,4,1,151,1,94,84,1,14,1,22
OTU_2690,1,1,1,1,1,1,1,1,1,1,1,1,1,1,1,1,1,1,1,1,1,1,1,1,1,1,1,1,1,1,1,1,1,1,1,1,1,1,1,1,1,1,1,1,1,1,1,1,1,1
OTU_2691,15,13,89,238,1,3,2,1,1,3,65,1,1,1,20,80,192,1,1,19,1,5,3,18,16,1,17,4,83,127,381,10,1,38,38,1,3,120,34,1,32,1,295,177,30,57,194,2,15,175
OTU_2692,1,1,80,1,1,1,44,2,3,1,11,1,2,2,3,1,1,1,2,1,1,1,1,1,1,1,1,1,1,1,1,1,1,1,1,1,1,355,1,31,136,1,1,1,1,1,287,74,2,216
OTU_2693,1,1,1,1,1,1,1,1,1,1,1,1,1,1,1,1,1,1,1,1,1,1,1,1,1,1,1,1,1,1,1,1,1,1,1,1,1,1,1,1,1,1,1,1,1,1,1,1,1,1
OTU_2694,1,1,3,1,1,1,1,1,1,1,1,16,1,1,1,1,1,1,1,1,1,1,1,1,1,88,4,1,1,1,1,1,1,1,1,1,5,1,1,1,1,1,1,1,3,1,1,1,11,1
OTU_2695,1,1,1,1,1,1,1,1,2,1,1,1,1,1,1,1,1,1,1,1,1,1,1,1,1,90,1,2,1,1,1,1,1,1,1,1,1,1,2,1,1,1,1,1,2,1,1,1,1,1
OTU_2696,1,1,1,1,1,1,1,1,1,1,1,1,1,1,1,1,1,1,1,1,1,1,1,1,1,1,1,1,1,1,1,1,1,1,1,1,1,1,1,1,1,1,1,1,1,1,1,1,1,1
OTU_2697,1,1,1,1,1,1,1,1,1,1,1,1,1,1,1,1,1,1,1,1,1,1,1,1,1,1,1,1,1,1,1,1,1,1,1,1,1,1,1,1,1,1,1,1,1,1,1,1,1,1
OTU_2698,181,35,57,1,223,1,1,3,96,2,4,10,196,6,20,81,1,2,35,94,250,28,1,1,47,1,46,11,21,1,36,4,130,1,1,1,1,5,101,41,3,15,1,48,7,22,1,14,1,9
OTU_2699,1,1,1,1,1,1,1,1,1,1,1,1,1,1,1,1,1,1,1,1,1,1,1,1,1,1,1,1,1,1,1,1,1,1,1,1,1,1,1,1,1,1,1,1,1,1,1,1,1,1
OTU_2700,1,1,1,1,1,1,1,3,1,1,1,1,1,1,1,1,1,1,1,1,1,1,1,1,1,1,1,1,1,1,1,1,1,1,1,1,1,1,1,1,1,1,1,1,1,1,1,1,1,1
OTU_2701,76,36,481,50,59,9,3,340,154,71,26,98,11,84,252,314,45,18,83,2,1,10,328,53,373,79,45,177,360,69,445,16,565,95,45,131,215,345,25,46,250,14,2,24,99,124,135,159,105,76
OTU_2702,1,1,1,1,1,1,1,1,1,1,1,1,1,1,1,1,1,1,1,1,1,1,1,1,1,1,1,1,1,1,1,1,1,1,1,1,1,1,1,1,1,1,1,1,1,1,1,1,1,1
OTU_2703,1,1,1,1,1,1,1,1,1,1,1,1,1,1,1,1,1,1,1,1,1,1,1,1,1,1,1,1,1,1,1,1,1,1,1,1,1,1,1,1,1,1,1,1,1,1,1,1,1,1
OTU_2704,1,1,1,1,1,1,1,1,1,1,1,1,1,1,1,1,1,1,1,1,1,1,1,1,1,1,1,1,2,1,1,1,1,1,1,1,1,1,1,1,1,1,1,1,1,1,1,1,1,1
OTU_2705,1,25,92,1,8,7,44,2,43,21,1,2,82,1,3,17,60,66,1,7,37,5,18,3,1,393,34,2,61,4,142,2,1,1,1,164,19,1,722,1,36,53,60,1,54,1,7,8,43,5
OTU_2706,1,1,1,1,6,1,1,1,1,1,1,1,1,1,1,1,1,1,1,1,1,1,1,1,1,1,1,1,1,1,1,1,1,1,1,1,1,1,1,1,1,1,1,1,1,1,1,1,1,1
OTU_2707,97,5,11,72,29,486,319,363,223,305,86,174,4,18,18,323,144,127,6,47,16,67,142,81,80,28,32,143,84,106,74,253,37,57,268,7,101,123,91,11,23,19,250,27,35,18,163,104,103,55
OTU_2708,1,1,1,1,1,1,1,1,1,1,1,1,1,1,1,1,1,1,1,1,1,1,1,1,1,1,1,1,1,1,1,1,1,1,1,1,1,1,1,1,1,1,1,1,1,1,1,1,1,1
OTU_2709,1,1,1,1,1,1,1,1,1,1,1,1,1,1,1,1,1,1,1,1,1,1,1,1,1,1,2,1,1,1,1,1,1,1,1,1,1,1,1,1,1,1,1,1,1,1,1,1,1,1
OTU_2710,1,1,1,1,1,1,1,1,1,1,1,1,2,1,1,1,1,1,1,1,1,1,64,1,1,1,22,1,1,1,1,1,1,4,1,1,1,50,1,1,1,1,139,1,1,108,1,1,1,28
OTU_2711,421,89,609,443,681,110,321,299,240,816,444,744,297,328,506,383,598,314,609,520,353,510,691,327,307,168,579,401,260,1015,354,185,982,568,119,178,370,141,572,651,529,813,121,1067,777,354,371,500,816,384
OTU_2712,1,1,1,1,1,1,1,1,1,1,1,1,1,1,1,1,1,1,1,1,1,1,1,1,1,1,1,1,1,1,1,1,1,1,1,1,1,1,1,1,1,1,1,1,1,1,1,1,1,1
OTU_2713,1,1,1,1,1,1,1,1,1,1,1,1,1,1,1,1,1,1,1,1,1,1,1,1,1,1,1,1,1,1,1,1,1,1,1,1,1,1,1,1,1,1,1,1,1,1,1,1,1,1
OTU_2714,1,1,1,1,1,1,1,1,1,1,1,1,1,1,1,1,1,1,1,1,1,1,1,1,1,1,1,2,1,1,1,1,1,1,1,1,1,1,1,1,1,1,1,1,1,1,1,1,1,1
OTU_2715,1,1,1,1,1,1,1,1,1,1,1,1,1,1,1,1,1,1,1,1,1,1,1,1,1,1,1,1,1,1,1,1,1,1,1,1,1,1,1,1,1,1,1,1,1,1,1,1,1,1
OTU_2716,1,1,1,1,1,1,1,1,1,1,1,1,1,1,1,1,1,1,1,1,1,1,1,1,1,1,1,1,1,1,1,1,1,1,1,1,1,1,1,1,1,1,1,1,1,1,1,1,1,1
OTU_2717,1,1,1,1,1,1,1,1,1,1,1,1,1,1,1,1,1,1,1,1,1,2,1,1,1,1,1,1,1,1,1,1,1,1,1,1,1,1,1,1,1,1,1,1,1,1,1,1,1,1
OTU_2718,1,1,1,1,1,1,1,1,1,1,1,1,1,1,1,1,1,1,1,1,1,1,1,1,1,1,1,1,1,1,1,1,1,1,2,1,1,1,1,1,1,1,1,1,1,1,1,1,1,1
OTU_2719,1,1,1,1,1,1,1,1,1,1,1,1,1,1,1,1,1,1,1,1,1,1,1,1,1,1,1,1,1,1,1,1,1,1,1,1,1,1,1,1,1,1,1,1,1,1,1,1,1,1
OTU_2720,1,1,1,1,1,1,1,1,1,1,1,1,1,1,1,1,1,1,1,1,1,1,1,1,1,1,1,1,1,1,1,1,1,1,1,1,1,1,1,1,1,1,1,1,1,1,1,1,1,1
OTU_2721,1,1,1,32,3,58,1,1,34,1,43,1,1,2,1,126,1,2,8,2,55,16,1,1,1,71,24,1,4,9,1,1,8,4,89,2,5,1,1,1,2,1,8,1,1,1,1,1,51,167
OTU_2722,1,1,1,1,1,1,1,3,1,76,1,1,1,1,1,1,1,1,1,2,1,1,20,1,1,1,13,1,1,1,1,1,1,1,1,1,1,1,3,1,2,1,2,1,1,122,1,1,1,1
OTU_2723,1,1,1,1,1,1,1,1,1,1,1,1,1,1,1,1,1,1,1,1,1,1,1,1,1,1,1,1,1,1,1,1,1,1,1,1,1,1,1,1,1,1,1,1,1,1,1,1,1,1
OTU_2724,1,11,1,14,1,29,4,1,5,253,1,1,28,1,1,3,1,2,52,1,1,1,6,1,1,2,1,1,30,1,1,14,1,1,1,1,1,1,1,1,1,6,10,1,2,1,1,1,1,1
OTU_2725,1,1,1,1,1,1,1,1,1,1,1,1,1,1,1,1,1,1,1,1,1,1,1,1,1,1,1,1,1,1,1,1,1,1,1,1,1,1,1,1,1,1,1,1,1,1,1,1,1,1
OTU_2726,1,1,1,1,1,1,1,1,1,1,1,1,1,1,1,1,1,1,1,1,1,1,1,1,1,1,1,1,1,1,1,1,1,1,1,1,1,1,1,1,1,1,1,1,1,1,1,1,1,1
OTU_2727,1,1,1,1,1,1,1,1,1,1,1,1,1,1,1,1,1,1,1,1,1,1,1,1,1,1,1,1,1,1,1,1,1,1,1,1,1,1,1,1,1,1,1,1,1,1,1,1,1,1
OTU_2728,1,1,1,1,1,1,1,1,1,1,1,1,1,1,1,1,1,1,1,1,1,1,1,1,1,1,1,1,1,1,1,1,1,1,1,1,1,1,1,1,1,1,1,1,1,1,1,1,1,1
OTU_2729,1,1,1,1,1,1,1,1,1,1,1,1,1,18,1,1,1,1,1,1,1,1,1,1,1,1,1,1,1,1,1,1,1,1,1,1,1,1,1,1,1,1,1,1,1,1,1,1,1,1
OTU_2730,169,446,91,106,191,38,38,76,83,6,166,159,50,718,3,45,281,9,131,8,20,9,7,13,34,37,20,89,4,73,175,332,74,27,70,137,15,52,13,228,64,21,70,44,35,307,187,224,46,172
OTU_2731,1,1,1,1,1,1,1,1,1,1,1,1,1,1,1,1,1,1,1,1,1,1,1,1,1,1,1,1,1,1,1,1,1,1,1,1,1,1,1,1,1,1,1,1,1,1,1,1,1,1
OTU_2732,1,1,1,1,1,1,1,1,1,1,1,1,1,1,1,1,1,1,1,1,1,1,1,1,1,1,1,1,1,1,1,1,1,1,1,1,1,1,1,1,1,1,1,1,1,1,1,1,1,1
OTU_2733,1,1,1,1,1,1,1,1,1,1,1,1,1,1,1,1,1,1,1,1,1,1,1,1,1,1,1,1,1,1,1,1,1,1,1,1,1,1,1,1,1,1,1,1,1,1,1,1,1,1
OTU_2734,1,1,1,1,1,1,1,1,1,1,1,1,1,1,1,1,1,1,1,1,1,1,1,1,1,1,1,1,1,1,1,1,1,1,1,1,1,1,1,1,1,1,1,1,1,1,1,1,1,1
OTU_2735,1,1,1,1,1,1,1,1,1,1,1,1,1,1,1,1,1,1,1,1,1,1,1,1,1,1,1,1,1,1,1,1,1,1,1,1,1,1,1,1,1,1,1,1,1,1,1,1,1,1
OTU_2736,1,1,1,1,1,1,1,1,1,1,1,1,1,1,1,1,1,1,1,1,1,1,1,1,1,1,1,1,1,1,1,1,1,1,1,1,1,1,1,1,1,1,1,1,1,1,1,1,1,1
OTU_2737,1,1,1,1,1,1,1,1,1,1,1,1,1,1,1,1,1,1,1,1,1,1,1,1,1,1,1,1,1,1,1,1,1,1,1,1,1,1,1,1,1,1,1,1,1,1,1,1,1,1
OTU_2738,1,1,1,1,1,1,1,1,1,1,1,1,1,1,1,1,1,1,1,1,1,1,1,1,1,1,1,1,1,1,1,1,1,1,1,1,1,1,1,1,1,1,1,1,1,1,1,1,2,1
OTU_2739,1,1,1,1,1,1,1,1,1,1,1,1,1,1,1,1,1,1,1,1,1,1,1,1,1,1,1,1,1,1,1,1,1,1,1,1,1,1,1,1,1,1,1,1,1,1,1,1,1,1
OTU_2740,10,1,2,45,1,1,1,1,1,2,1,22,1,2,2,1,1,1,1,1,1,1,25,1,1,1,1,1,1,1,1,1,19,1,16,5,1,1,1,1,1,2,1,125,23,1,1,1,1,1
OTU_2741,1,1,1,1,1,1,1,1,1,1,1,1,1,1,1,1,1,1,1,1,1,1,1,1,1,1,1,1,1,1,1,1,1,1,1,1,1,1,1,1,1,1,1,1,1,1,1,1,1,1
OTU_2742,1,1,1,1,1,1,1,1,1,1,1,1,1,1,1,1,1,1,1,1,1,1,1,1,1,1,1,1,1,1,1,1,1,1,1,1,1,1,1,1,1,1,1,1,1,1,1,1,1,1
OTU_2743,1,1,1,1,1,1,1,1,1,1,1,1,1,1,1,1,1,1,1,1,1,1,1,1,1,1,1,1,1,1,1,1,1,1,1,1,1,1,1,1,1,1,1,1,1,1,1,1,1,1
OTU_2744,1,1,1,1,1,7,296,1,29,14,43,1,1,1,1,4,1,1,1,11,2,1,109,21,1,1,4,15,2,30,1,2,23,386,1,1,1,40,1,6,1,15,29,1,1,1,54,1,1,5
OTU_2745,1,1,1,1,1,1,1,1,1,1,1,1,1,1,1,1,1,1,1,1,1,1,1,1,1,1,1,1,1,1,1,1,1,1,1,1,1,1,1,1,1,1,1,1,1,1,1,1,1,1
OTU_2746,160,103,68,84,211,69,37,405,213,156,120,160,39,346,190,4,41,170,182,40,29,54,231,18,14,90,187,81,626,21,50,264,165,14,176,23,127,155,195,37,134,12,20,25,10,98,111,33,117,64
OTU_2747,1,1,3,189,1,72,1,327,5,3,1,21,1,8,1,1,45,1,6,2,1,2,26,112,3,8,4,23,7,42,1,3,348,1,1,4,1,1,3,348,25,1,106,1,1,9,30,8,82,9
OTU_2748,1,1,1,1,1,1,1,1,1,1,1,1,1,1,1,1,1,1,1,1,1,1,1,1,1,1,1,1,1,1,1,1,1,1,1,1,1,1,1,1,1,1,1,1,1,1,1,1,1,1
OTU_2749,1,1,1,1,1,1,1,1,1,1,1,1,1,1,1,1,1,1,1,1,1,1,1,1,1,1,1,1,1,1,1,1,1,1,1,1,1,1,1,1,1,1,1,1,1,1,1,1,1,1
OTU_2750,1,1,1,1,1,1,1,1,1,1,1,1,1,1,1,1,1,1,1,1,1,1,1,1,1,1,1,1,1,1,1,1,1,1,1,1,1,1,1,1,1,1,1,1,1,1,1,1,1,1
OTU_2751,1,1,1,1,1,1,1,1,1,1,1,1,1,1,1,1,1,1,1,1,1,1,1,1,1,1,1,1,1,1,1,1,1,1,1,1,1,1,1,1,1,1,1,1,1,1,1,1,1,1
OTU_2752,1,1,1,1,2,1,1,1,1,1,1,1,1,1,1,1,1,1,1,1,1,1,1,1,1,1,1,1,1,1,1,1,1,1,1,1,1,1,1,1,1,1,1,1,1,1,1,1,1,1
OTU_2753,1,1,1,1,1,1,1,1,1,1,1,1,1,1,1,1,1,2,1,1,1,1,1,1,1,1,1,1,1,1,1,1,1,1,1,1,1,1,1,1,1,1,1,1,1,1,1,1,1,1
OTU_2754,1,1,1,35,2,3,1,98,34,1,23,12,8,1,3,1,1,507,1,14,24,13,13,1,3,12,40,7,1,2,281,43,88,36,3,1,29,227,32,7,102,58,60,2,8,1,94,391,84,3
OTU_2755,1,1,1,1,1,1,1,1,1,1,1,1,1,1,1,1,1,1,1,1,1,1,1,1,1,1,1,1,1,68,1,1,1,1,1,1,1,1,1,1,1,1,1,1,1,1,1,1,1,1
OTU_2756,1,1,1,1,1,1,1,1,2,1,1,1,1,1,1,1,1,1,1,1,1,1,87,1,1,1,1,1,1,1,13,1,1,1,1,1,1,1,1,1,1,1,1,1,1,1,1,1,1,1
OTU_2757,12,55,94,4,192,182,216,60,181,75,61,206,28,57,22,57,19,21,155,119,240,21,194,442,101,166,71,12,144,177,40,58,112,290,272,15,28,26,132,238,228,20,199,206,75,30,29,96,90,186
OTU_2758,1,1,1,1,1,1,1,1,1,1,1,1,1,1,1,1,1,1,1,1,1,1,1,1,1,1,1,1,1,1,1,1,1,1,1,1,1,1,1,1,1,1,1,1,1,1,1,1,1,1
OTU_2759,1,1,1,10,1,1,1,1,1,1,1,1,1,1,1,1,1,1,1,1,1,1,1,1,1,1,1,1,1,1,1,1,1,1,1,1,1,1,1,1,1,1,1,1,1,1,1,1,1,1
OTU_2760,1,1,1,1,1,1,1,1,1,1,1,1,1,1,1,1,1,1,1,1,1,1,1,1,1,1,1,1,1,1,1,1,1,1,1,1,1,1,1,1,1,1,1,1,1,1,1,1,1,1
OTU_2761,1,1,1,30,3,1,1,1,1,1,1,1,1,1,1,15,1,4,1,1,1,1,10,5,1,1,1,1,1,82,1,1,1,1,2,63,40,407,215,3,1,1,1,16,1,1,91,21,17,2
OTU_2762,1,1,1,1,1,1,1,1,1,1,1,1,1,1,1,1,1,1,1,1,1,1,1,1,1,1,1,1,1,1,1,1,1,1,1,1,1,1,1,1,1,1,1,1,1,1,1,1,1,1
OTU_2763,2,2,1,49,10,60,29,2,1,15,1,405,1,1,91,26,12,2,4,155,1,2,125,7,2,173,66,1,1,1,1,53,109,1,44,12,1,1,1,10,1,1,4,24,7,1,257,1,1,1
OTU_2764,1,1,1,1,1,1,1,1,1,1,1,1,1,1,1,1,1,1,1,1,1,1,1,1,1,1,1,1,1,1,1,1,1,1,1,1,1,1,1,1,1,1,1,1,1,1,1,1,1,1
OTU_2765,1,1,1,1,1,1,1,1,1,1,1,1,1,1,1,1,1,1,1,1,1,1,1,1,1,1,1,1,1,1,1,1,1,1,1,1,1,1,1,1,1,1,1,1,1,1,1,1,1,1
OTU_2766,127,76,23,118,43,132,8,8,42,19,632,130,117,99,2,121,69,22,18,109,15,73,167,310,12,336,71,11,173,53,84,19,2,471,64,16,104,129,502,50,2,13,1,94,117,328,30,227,14,78
OTU_2767,19,1,12,22,233,50,1,10,14,9,3,21,68,33,2,1,4,5,152,116,7,92,147,1,26,5,1,212,25,1,2,1,133,1,253,5,66,22,12,312,5,11,7,1,3,65,23,1,6,4
OTU_2768,2,31,1,81,1,60,5,1,1,1,243,2,3,1,1,4,1,1,1,1,1,1,1,1,3,1,7,2,1,291,1,1,17,138,1,1,1,2,1,1,1,1,1,14,8,22,2,1,2,1
OTU_2769,22,6,168,33,1,105,445,1,16,1,34,21,69,3,13,198,2,58,128,21,32,307,5,28,1,73,18,1,2,5,4,12,194,98,2,7,9,1,1,30,1,172,5,1,1,33,1,1,1,62
OTU_2770,1,1,1,1,1,1,1,1,1,1,1,1,1,1,1,1,1,1,1,1,1,1,1,1,1,1,1,1,1,1,1,1,1,1,1,1,1,1,1,1,1,1,1,1,1,1,1,1,1,1
OTU_2771,1,1,1,1,1,1,2,1,1,1,1,1,1,1,1,1,1,1,1,1,1,1,1,1,1,1,1,1,1,32,1,1,1,1,1,1,1,1,1,1,1,1,1,1,1,1,1,1,1,1
OTU_2772,1,1,1,1,1,1,1,1,1,1,1,1,1,1,1,1,1,1,1,1,1,1,1,1,1,1,1,1,1,1,1,1,1,1,1,1,1,1,1,1,1,1,1,1,1,1,1,1,1,1
OTU_2773,1,25,1,130,2,3,165,80,1,3,155,1,171,1,1,1,1,1,3,9,1,112,1,1,6,2,3,1,7,1,1,1,1,16,3,1,1,1,1,1,1,1,2,1,1,7,1,1,1,9
OTU_2774,1,47,55,1,1,1,90,5,51,2,6,1,4,22,134,50,1,14,6,166,1,1,3,2,100,11,21,1,17,7,7,162,4,33,17,15,61,235,177,1,45,2,5,13,1,3,6,1,1,3
OTU_2775,1,1,1,1,1,1,1,1,1,1,1,1,1,1,1,1,1,1,1,1,1,1,1,1,1,1,1,1,1,1,1,1,1,1,1,1,1,1,1,1,1,1,1,1,1,1,1,1,1,1
OTU_2776,1,1,1,1,1,1,1,1,1,1,1,1,1,1,1,1,1,1,1,1,1,1,1,1,1,1,1,1,1,1,1,1,1,1,1,1,1,1,1,1,1,1,1,1,1,1,1,1,1,1
OTU_2777,1,1,1,1,1,1,1,1,1,1,1,1,1,1,1,1,1,1,1,1,1,1,1,1,1,1,1,1,1,1,1,1,1,1,1,1,1,1,1,1,1,1,1,1,1,1,1,1,1,1
OTU_2778,1,1,1,1,1,1,1,1,1,1,1,1,1,1,1,1,1,1,1,1,1,1,1,1,1,1,1,1,1,1,1,1,1,1,1,1,1,1,1,1,1,1,1,1,1,1,1,1,1,1
OTU_2779,1,1,1,1,1,1,1,1,1,1,1,1,1,1,1,2,1,1,1,1,1,1,1,1,1,1,1,1,1,1,1,1,1,1,1,1,1,1,1,1,1,1,1,1,1,1,1,1,1,1
OTU_2780,1,1,1,1,1,1,1,1,1,1,1,1,1,1,1,1,1,1,1,173,1,1,1,1,1,1,1,1,1,1,1,1,1,1,1,1,1,1,1,1,1,1,1,2,1,1,1,1,1,1
OTU_2781,1,1,1,1,1,1,1,1,1,1,1,1,1,1,1,1,1,1,1,1,1,1,1,1,1,1,1,1,1,1,1,1,1,1,1,1,1,1,1,1,1,1,1,1,1,1,1,1,1,1
OTU_2782,1,1,1,1,1,1,1,1,1,1,1,1,1,1,1,1,1,1,1,1,1,1,1,1,1,1,1,1,1,1,1,1,1,1,1,1,1,1,1,1,1,1,1,1,1,1,1,1,1,1
OTU_2783,1,1,1,1,1,1,1,1,1,1,1,1,1,1,1,1,1,1,1,1,1,1,1,1,1,1,1,1,1,1,1,1,1,1,1,1,1,1,1,1,1,1,1,1,1,1,1,1,1,1
OTU_2784,1,1,1,1,1,1,1,1,1,1,1,1,1,1,1,1,1,1,1,1,1,1,1,1,1,1,1,1,1,1,1,1,1,1,1,1,1,1,1,1,1,1,1,1,1,1,1,1,1,1
OTU_2785,1,1,1,1,1,1,1,1,1,1,1,1,1,1,1,1,1,1,1,1,1,1,1,1,1,1,1,1,1,1,1,1,1,1,1,1,1,1,1,1,1,1,1,1,1,1,1,1,1,1
OTU_2786,1,1,1,1,1,1,1,1,1,1,1,1,1,1,1,1,1,1,1,1,1,1,1,1,1,1,1,1,1,1,1,1,1,1,1,1,1,1,1,1,1,1,1,1,1,1,1,1,1,1
OTU_2787,1,1,1,1,2,1,1,1,1,1,1,1,1,1,1,1,1,1,1,1,1,1,1,1,1,1,16,1,1,1,1,1,1,2,1,1,167,1,1,1,1,1,1,1,1,1,1,6,3,4
OTU_2788,2,12,1,13,1,96,22,1,1,49,219,1,164,52,27,1,4,1,1,73,1,179,1,1,2,1,1,1,2,1,4,1,7,1,1,1,2,97,2,2,7,1,1,1,1,5,9,8,1,1
OTU_2789,1,1,1,1,1,1,1,1,1,1,1,1,1,1,1,1,1,1,1,1,1,1,1,1,1,1,1,1,1,1,1,1,1,1,1,1,1,1,1,1,1,1,1,1,1,1,1,1,1,1
OTU_2790,1,1,1,1,1,1,1,1,1,1,1,1,1,1,1,1,1,1,1,1,1,1,1,1,1,1,1,1,1,1,1,1,1,1,1,1,1,1,1,1,1,1,1,1,1,1,1,1,1,1
OTU_2791,1,1,1,1,1,1,1,1,1,1,1,1,1,1,1,1,1,1,1,1,1,1,1,1,1,1,1,1,1,1,1,1,1,1,1,1,1,1,1,1,1,1,1,1,1,1,1,1,1,1
OTU_2792,1,1,1,1,1,1,1,1,1,1,1,1,1,1,1,1,1,1,1,1,1,1,1,1,1,1,1,1,1,1,1,1,1,1,1,1,1,1,1,1,1,1,1,1,1,1,1,1,1,1
OTU_2793,1,20,1,1,1,1,1,1,1,1,1,1,1,1,1,1,1,1,1,1,1,1,1,1,1,1,1,1,1,1,1,1,1,1,1,1,1,1,1,1,1,1,1,1,1,1,1,1,1,1
OTU_2794,1,1,1,1,1,1,1,1,1,1,1,1,1,1,1,1,1,1,1,1,1,1,1,1,1,1,1,1,1,1,1,1,1,1,1,1,1,1,1,1,1,1,1,1,1,1,1,1,1,1
OTU_2795,1,1,1,1,1,1,1,1,1,1,1,1,1,1,1,1,1,1,1,1,1,1,1,1,1,1,1,1,1,1,1,1,1,1,1,1,1,1,1,1,1,1,1,1,1,1,1,1,1,1
OTU_2796,1,1,1,1,1,1,1,1,1,1,1,1,1,1,1,1,1,1,1,1,1,1,1,1,1,1,1,1,1,1,1,1,1,1,1,1,1,1,1,1,1,1,1,1,1,1,1,1,1,1
OTU_2797,1,1,1,1,18,2,1,1,1,1,2,1,1,1,3,1,17,1,1,18,1,1,1,1,198,1,1,1,1,123,2,1,2,19,1,1,1,68,1,1,1,1,1,1,29,1,11,1,1,1
OTU_2798,1,1,1,1,1,1,1,1,1,1,1,1,1,1,1,1,1,1,1,1,1,1,1,1,1,1,1,1,1,1,1,1,1,1,1,1,1,1,1,1,1,1,1,1,1,1,1,1,1,1
OTU_2799,1,1,1,118,1,5,1,1,1,1,1,1,30,1,1,1,1,1,1,1,1,1,1,1,1,1,1,1,286,198,1,1,1,1,1,1,1,1,1,1,1,1,1,1,1,1,1,1,1,1
OTU_2800,1,41,1,1,8,1,1,1,1,1,1,3,1,1,1,1,1,8,1,31,1,1,1,1,1,1,1,1,466,1,43,1,1,1,1,1,1,1,1,187,1,1,1,1,1,1,1,1,1,1
OTU_2801,1,1,1,1,1,1,1,1,1,1,1,1,1,1,1,1,1,1,1,1,1,1,1,1,1,1,1,1,1,1,1,1,1,1,1,1,1,1,1,1,1,1,1,1,1,1,1,1,1,1
OTU_2802,1,1,1,1,1,1,1,1,1,1,1,1,1,1,1,1,1,1,1,1,1,1,1,1,1,1,1,1,1,1,1,1,2,1,1,1,1,1,1,1,1,1,1,1,1,1,1,1,1,1
OTU_2803,1,4,156,1,1,34,126,1,17,1,13,1,49,70,1,1,1,82,10,1,1,1,30,2,1,1,1,9,1,176,44,3,1,79,1,1,2,3,1,2,4,1,3,1,14,23,16,1,2,1
OTU_2804,1,1,1,1,1,1,1,1,1,1,1,1,1,1,1,1,1,1,1,1,1,1,1,1,1,1,1,1,1,1,1,1,1,1,1,1,1,1,1,1,1,1,1,1,1,1,1,1,1,1
OTU_2805,1,1,1,1,1,1,1,1,1,1,1,1,1,1,1,1,1,1,1,1,1,1,1,1,1,1,1,1,1,1,1,1,1,1,1,1,1,1,1,1,1,1,1,1,1,1,1,1,1,1
OTU_2806,1,1,1,1,1,1,1,1,1,1,1,1,1,1,1,1,1,1,1,1,1,1,1,1,1,1,1,1,1,1,1,1,1,1,1,1,1,1,1,1,1,1,1,1,1,1,1,1,1,1
OTU_2807,1,1,1,1,1,1,1,1,1,1,1,1,1,1,1,1,1,1,1,1,1,1,1,1,1,1,1,1,1,1,1,1,1,1,1,1,1,1,1,1,1,1,1,1,1,1,1,1,1,1
OTU_2808,1,1,1,1,1,1,1,1,1,1,1,1,1,1,1,1,1,1,1,1,1,1,1,1,1,1,1,1,1,1,1,1,1,1,1,1,1,1,1,1,1,1,1,1,1,1,1,1,1,1
OTU_2809,1,82,1,1,1,1,3,1,55,1,1,1,32,1,1,1,1,8,1,1,2,1,1,16,1,1,1,1,1,1,1,1,1,1,1,1,1,1,1,1,1,37,1,1,1,1,1,391,1,1
OTU_2810,1,12,2,1,1,1,1,1,1,82,1,1,1,1,1,1,1,1,1,1,1,1,1,1,11,1,1,56,1,1,3,7,43,1,1,77,1,63,2,1,1,1,1,1,1,1,1,1,4,5
OTU_2811,1,1,1,1,1,1,1,1,1,1,1,1,1,1,1,1,1,1,1,1,1,1,1,1,1,1,1,1,1,1,1,1,12,1,1,1,1,1,6,1,1,1,1,1,1,1,1,1,1,1
OTU_2812,1,1,1,1,1,1,1,1,1,1,1,1,1,1,1,1,1,1,1,1,1,1,1,1,1,1,1,1,1,1,1,1,1,1,1,1,1,1,1,1,1,1,1,1,1,1,1,1,1,1
OTU_2813,1,1,1,1,1,1,1,1,1,1,1,1,1,1,1,1,1,1,1,1,1,1,1,1,1,1,1,1,1,1,1,1,1,1,1,1,1,1,1,1,1,1,1,1,1,1,1,1,1,1
OTU_2814,1,1,1,1,1,1,1,1,1,1,1,1,1,1,1,1,1,1,1,1,1,1,1,1,1,1,1,1,1,1,1,1,1,1,1,1,1,1,1,1,1,1,1,1,1,1,1,1,1,1
OTU_2815,1,1,1,2,34,1,1,40,3,3,162,1,36,13,1,32,89,1,23,1,9,31,4,1,167,1,11,204,1,13,358,417,5,2,1,6,2,2,2,4,1,2,68,7,1,6,175,13,2,1
OTU_2816,1,1,12,17,17,9,1,22,1,4,19,27,1,1,421,1,19,36,1,1,24,8,1,1,1,10,3,1,7,1,1,49,1,2,46,1,65,1,1,1,1,15,209,91,1,27,1,1,1,59
OTU_2817,1,1,1,1,1,1,1,1,1,1,1,1,1,1,1,1,1,1,1,1,1,1,1,1,1,1,28,1,1,1,1,1,1,1,1,1,1,1,1,1,1,1,1,2,1,1,1,1,1,1
OTU_2818,1,1,1,1,1,1,1,1,1,1,161,1,1,1,1,1,1,1,1,1,1,1,1,1,1,1,1,1,1,1,1,1,1,1,1,1,1,1,1,1,1,1,1,1,1,1,1,1,1,1
OTU_2819,1,1,1,1,1,1,1,1,1,1,1,1,1,1,1,1,1,1,1,1,1,1,1,1,1,1,1,1,1,1,1,1,1,1,1,1,1,1,1,1,1,1,1,1,1,1,1,1,1,1
OTU_2820,1,1,1,1,1,1,1,1,1,1,1,1,1,1,1,1,1,1,1,1,1,1,1,1,1,1,1,1,1,1,1,1,1,1,1,1,1,1,1,1,1,1,1,1,1,1,1,1,2,1
OTU_2821,1,1,1,1,1,1,1,1,1,1,1,1,1,1,1,1,1,1,1,1,1,1,1,1,1,1,1,1,1,1,1,1,1,1,1,1,1,1,1,1,1,1,1,1,1,1,1,1,1,1
OTU_2822,1,1,1,1,1,1,1,1,1,1,1,1,1,1,1,1,1,1,1,1,1,1,1,1,1,1,1,1,1,1,1,1,1,1,1,1,1,1,1,1,1,1,1,1,1,1,1,1,1,1
OTU_2823,1,1,1,1,1,1,1,1,1,1,1,1,1,1,1,1,1,1,1,1,1,1,1,1,1,1,1,1,1,1,1,1,1,1,1,1,1,1,1,1,1,1,1,1,1,1,1,1,1,1
OTU_2824,215,368,583,464,225,670,561,263,445,488,893,460,684,431,1009,571,152,505,576,324,579,1122,152,736,652,788,643,313,691,206,488,327,313,664,299,296,193,417,302,789,142,417,581,842,785,893,1127,679,693,717
OTU_2825,1,1,1,1,1,1,1,1,1,1,1,1,1,1,1,1,1,1,1,1,1,1,1,1,1,1,1,1,1,1,1,1,1,1,2,1,1,1,1,1,1,1,1,1,1,1,1,1,1,1
OTU_2826,1,1,1,1,1,1,1,1,1,1,1,1,1,1,1,1,1,1,1,1,1,1,1,1,1,1,1,1,1,1,1,1,1,1,1,1,1,1,1,1,1,1,1,1,1,1,1,1,1,1
OTU_2827,1,1,1,1,1,1,1,1,1,1,1,1,1,1,1,1,1,1,1,1,1,1,1,1,1,1,1,1,1,1,1,1,1,1,1,1,1,1,1,1,1,1,1,1,1,1,1,1,1,1
OTU_2828,1,1,1,1,1,1,1,1,2,1,1,1,1,1,1,2,1,1,1,1,1,1,1,1,1,1,1,1,1,1,1,1,1,1,1,1,2,1,3,1,1,1,1,1,15,1,1,1,1,1
OTU_2829,1,1,1,1,1,1,1,1,1,1,1,1,1,1,1,1,1,1,1,1,1,1,1,1,1,1,1,1,1,1,1,1,1,1,1,1,1,1,1,1,1,1,1,1,1,1,1,1,1,1
OTU_2830,1,1,1,1,1,1,1,1,1,17,1,1,1,1,1,1,1,1,1,1,1,1,1,1,2,1,1,1,1,1,1,1,1,1,1,1,1,1,1,5,1,1,1,38,1,1,1,1,1,1
OTU_2831,1,1,1,1,1,1,1,1,1,1,1,1,1,1,1,1,1,1,1,1,1,1,1,1,1,1,1,1,1,1,1,1,1,1,1,1,1,1,1,1,1,1,1,1,1,1,1,1,1,1
OTU_2832,6,70,3,5,86,5,23,109,80,7,31,2,56,20,235,80,227,45,24,55,38,12,106,17,1,28,97,115,9,1,1,4,39,123,1,1,29,1,51,171,11,62,1,7,45,80,24,57,8,5
OTU_2833,1,1,1,1,1,1,1,1,1,1,1,1,1,1,1,1,1,1,1,1,1,1,1,1,1,1,1,1,1,1,1,1,1,1,1,1,1,1,1,1,1,1,1,1,1,1,1,1,1,1
OTU_2834,1,82,1,2,19,7,1,1,73,1,1,4,1,1,1,1,1,51,1,1,1,1,7,1,1,1,1,1,1,1,1,1,1,1,1,1,51,1,5,1,2,20,1,1,1,7,2,1,1,1
OTU_2835,1,1,1,1,1,1,1,1,1,1,1,1,1,1,2,1,1,1,1,1,1,1,1,1,1,1,1,1,1,1,1,1,1,1,1,1,1,1,1,1,1,1,1,1,1,1,1,1,1,1
OTU_2836,1,1,1,1,1,1,1,1,1,1,1,1,1,1,1,1,1,1,1,1,1,1,1,1,1,1,1,1,1,1,1,1,1,1,1,1,1,1,1,1,1,1,1,1,1,1,1,1,1,1
OTU_2837,1,1,1,1,1,1,1,1,1,1,1,1,1,1,1,1,1,1,1,1,1,1,1,1,1,1,1,1,1,1,1,1,1,1,1,1,1,1,1,1,1,1,1,1,1,1,1,1,1,1
OTU_2838,1,1,1,1,1,1,1,1,1,1,1,1,1,1,1,1,1,1,1,1,1,1,1,1,1,1,1,1,1,1,1,1,1,1,1,1,1,1,1,1,1,1,1,1,1,1,1,1,1,1
OTU_2839,7,18,264,19,1,1,1,1,1,2,216,2,18,1,8,148,2,13,7,1,5,1,3,14,1,2,9,1,15,292,28,1,1,1,1,65,1,22,74,3,3,7,1,1,1,1,7,87,6,3
OTU_2840,1,1,1,1,1,1,1,1,1,1,1,1,1,1,1,1,1,1,1,1,1,1,1,1,1,1,1,1,1,1,1,1,1,1,1,1,1,1,1,1,1,1,1,1,1,1,1,1,1,1
OTU_2841,1,1,1,1,1,1,1,1,1,1,1,1,1,1,1,1,1,1,1,1,1,1,1,1,1,1,1,1,1,1,1,1,1,1,1,1,1,1,1,1,1,1,1,1,1,1,1,1,1,1
OTU_2842,1,1,1,1,1,1,1,1,1,1,1,1,1,1,1,1,1,1,1,1,1,1,1,1,1,1,1,1,1,1,1,1,1,1,1,1,1,1,1,1,1,1,1,1,1,1,1,1,1,1
OTU_2843,1,1,1,1,1,1,1,1,1,1,1,1,1,1,1,1,1,1,1,1,1,1,1,1,1,1,1,1,1,1,1,1,1,1,1,1,1,1,1,1,1,1,1,1,1,1,1,1,1,1
OTU_2844,1,1,1,11,1,1,1,1,1,1,1,1,1,1,1,2,1,1,1,1,1,1,1,1,1,1,1,1,1,1,2,1,1,1,1,1,1,1,1,1,1,1,1,1,1,1,1,1,1,1
OTU_2845,1,1,1,1,1,1,1,1,1,1,1,1,1,1,1,1,1,1,1,1,1,1,1,1,1,1,1,1,1,1,1,1,1,1,1,1,1,1,1,1,1,1,1,1,1,1,1,1,1,1
OTU_2846,1,1,1,1,1,1,1,1,1,1,1,1,1,1,1,1,1,1,1,1,1,1,1,1,1,1,1,1,1,1,1,1,1,1,1,1,1,1,1,1,1,1,1,1,1,1,1,1,1,1
OTU_2847,1,1,1,1,1,1,1,1,1,1,1,1,1,1,1,1,1,1,1,1,1,1,1,1,1,1,1,1,1,1,1,1,1,1,1,1,1,1,1,1,1,1,1,1,1,1,1,1,1,1
OTU_2848,1,1,1,1,1,1,1,1,1,1,1,1,1,1,1,1,1,1,1,1,1,1,1,1,1,1,1,1,1,1,1,1,1,1,1,1,1,1,1,1,1,1,1,1,1,1,1,1,1,1
OTU_2849,1,1,1,1,1,1,1,1,1,1,1,1,1,1,1,1,1,1,1,1,1,1,1,1,1,1,1,1,1,1,1,1,1,1,1,1,1,1,1,1,1,1,1,1,1,1,1,1,1,1
OTU_2850,446,42,198,64,110,46,57,95,110,249,15,40,3,92,96,336,345,415,14,264,114,147,85,32,318,539,52,231,706,304,103,33,88,214,34,130,317,24,189,142,87,118,62,1,300,78,203,58,8,9
OTU_2851,1,1,1,1,1,1,1,1,1,1,1,1,1,1,1,1,1,1,1,1,1,1,1,1,1,1,1,1,1,1,1,1,1,1,1,1,1,1,1,1,1,1,1,1,1,1,1,1,1,1
OTU_2852,1,1,1,1,1,1,1,1,1,1,1,1,1,1,1,1,1,1,1,1,1,1,1,1,1,1,1,1,1,1,1,1,1,1,1,2,1,1,1,1,1,1,1,1,1,1,1,1,1,1
OTU_2853,1,1,1,1,1,1,1,1,1,1,1,1,1,1,1,1,1,1,1,1,1,1,1,1,1,1,1,1,1,1,1,1,1,1,1,1,1,1,1,1,1,1,1,1,1,1,1,1,1,1
OTU_2854,14,4,1,218,28,12,295,24,51,77,22,74,1,5,1,5,4,345,2,6,65,213,52,29,52,14,90,182,32,8,351,37,107,256,2,2,140,5,176,6,3,17,17,1,127,24,48,97,2,536
OTU_2855,1,1,1,1,1,1,1,1,1,1,1,1,1,1,1,1,1,1,1,1,1,1,1,1,1,1,1,1,1,1,1,1,1,1,1,1,1,1,1,1,1,1,1,1,1,1,1,1,1,1
OTU_2856,1,1,1,1,1,1,1,1,1,14,58,46,1,1,1,15,1,6,7,1,1,1,1,3,1,4,1,1,220,109,1,9,126,2,1,195,1,1,24,1,1,1,1,1,86,1,5,2,1,1
OTU_2857,1,1,1,1,1,1,1,1,1,1,1,1,1,1,1,1,1,1,1,1,1,1,1,1,1,1,1,1,22,1,1,1,1,1,1,1,1,1,1,1,4,1,1,1,1,1,1,1,1,1
OTU_2858,1,1,1,1,1,1,1,1,1,1,1,1,1,1,1,1,1,1,1,1,1,1,1,1,1,1,1,1,1,1,1,1,1,1,1,1,1,1,1,1,1,1,1,1,1,1,1,1,1,1
OTU_2859,1,1,1,1,1,1,1,1,1,1,1,1,1,1,1,1,1,1,1,1,1,1,1,1,1,1,1,1,1,1,1,1,1,1,1,1,1,1,1,1,1,1,1,1,1,1,1,1,1,1
OTU_2860,1,1,1,4,1,29,1,1,1,1,93,1,1,1,1,1,1,1,1,1,1,1,1,1,1,1,67,1,1,185,1,1,1,1,1,1,1,1,1,1,18,1,1,1,1,1,1,1,1,1
OTU_2861,1,1,1,1,1,1,1,1,1,1,1,1,1,1,1,2,1,1,1,1,1,1,1,1,1,1,1,1,1,1,1,1,1,1,1,1,1,1,1,1,1,1,1,1,1,1,1,1,1,1
OTU_2862,1,1,1,1,1,1,1,1,1,1,1,1,1,1,1,1,1,1,1,1,1,1,1,1,1,1,1,1,1,1,1,1,1,1,1,1,1,1,1,1,1,1,1,1,1,1,1,1,1,1
OTU_2863,1,1,1,1,1,1,1,1,1,1,1,1,1,1,1,1,1,1,1,1,1,1,1,1,1,1,1,1,1,1,1,1,1,1,1,1,1,1,1,1,1,1,1,1,1,1,1,1,1,1
OTU_2864,1,1,1,1,1,1,1,1,1,1,1,1,1,1,1,1,1,1,1,1,1,1,1,1,1,1,1,1,1,1,1,1,1,1,1,1,1,1,1,1,1,1,1,1,1,1,1,1,1,1
OTU_2865,1,1,1,1,1,1,1,11,1,1,1,1,1,1,2,1,1,2,1,1,1,1,21,2,1,1,1,1,1,1,1,1,1,52,1,1,1,1,2,1,1,1,1,8,1,1,1,1,1,1
OTU_2866,1,1,1,1,1,1,1,1,1,1,1,1,1,1,1,1,1,1,1,1,1,1,1,1,1,1,1,1,1,1,1,1,1,1,1,1,1,1,1,1,1,1,1,1,1,1,1,1,1,1
OTU_2867,1,1,1,1,1,1,1,1,1,1,1,1,1,1,1,1,1,1,1,1,1,1,1,1,1,1,1,1,1,1,1,1,1,1,1,1,1,1,1,1,1,1,1,1,1,1,1,1,1,1
OTU_2868,12,1,7,11,1,1,277,7,4,2,1,2,1,1,1,24,1,1,1,16,1,1,5,400,1,1,3,1,1,3,105,1,1,2,1,62,17,3,45,16,3,1,1,4,5,9,3,122,1,1
OTU_2869,1,1,1,1,1,1,1,1,1,1,1,1,1,1,1,1,1,1,1,1,1,1,1,1,1,1,1,1,1,1,1,1,1,1,1,1,1,1,1,1,1,1,1,1,1,1,1,1,1,1
OTU_2870,5,1,1,198,11,1,1,5,66,1,9,1,1,3,17,24,3,1,111,1,5,52,11,3,367,1,1,1,94,8,23,12,63,203,1,1,40,76,41,4,8,19,610,217,81,27,1,3,68,2
OTU_2871,1,1,1,1,1,1,1,1,1,1,1,1,1,1,1,1,1,1,1,1,1,1,1,1,1,1,1,1,1,1,1,1,1,1,1,1,1,1,1,1,1,1,1,1,1,1,1,1,1,1
OTU_2872,342,1,1,1,1,1,72,1,1,2,1,1,1,1,1,1,1,2,1,13,1,4,1,2,1,1,1,24,1,1,1,50,1,1,1,1,2,1,1,1,15,1,1,1,1,1,67,14,1,1
OTU_2873,1,1,1,1,1,1,1,1,1,1,1,1,1,1,1,147,1,1,1,1,1,1,1,1,1,1,1,1,1,1,1,1,1,1,1,1,1,1,1,1,1,1,1,1,1,1,1,1,1,1
OTU_2874,1,1,1,1,1,1,1,1,1,1,1,1,1,1,1,1,1,1,1,1,1,1,1,1,1,1,1,1,1,1,1,1,1,1,1,1,1,1,1,1,1,1,1,1,1,1,1,1,1,1
OTU_2875,1,1,1,1,1,1,1,1,1,1,1,1,1,1,1,1,1,1,1,1,1,1,1,1,1,1,1,1,1,1,1,1,1,1,1,1,1,1,1,1,1,1,1,1,1,1,1,1,1,1
OTU_2876,1,1,1,1,1,1,1,1,1,1,1,1,1,1,1,1,1,1,1,1,1,1,1,1,1,1,1,1,7,1,1,1,1,1,1,1,1,1,1,5,1,1,1,1,1,1,1,1,1,1
OTU_2877,1,1,1,1,1,1,1,1,1,1,1,1,1,1,1,1,1,1,1,1,1,1,1,1,1,1,1,1,1,1,1,1,1,1,1,1,1,1,1,1,1,1,1,1,1,1,1,1,1,1
OTU_2878,1,1,1,1,1,1,1,1,1,1,1,1,1,1,1,1,1,1,1,1,1,1,1,1,1,1,1,1,1,1,1,1,1,1,1,1,1,1,1,1,1,1,1,1,1,1,1,1,1,1
OTU_2879,1,1,1,1,1,1,1,1,1,1,1,1,1,1,1,1,1,1,1,1,1,1,1,1,1,1,1,1,1,1,1,1,1,1,1,1,1,1,1,1,1,1,1,1,1,1,1,1,1,1
OTU_2880,1,1,1,1,1,1,1,1,1,1,1,1,1,1,1,1,1,1,1,1,1,1,1,1,1,1,1,1,1,1,1,1,1,1,1,1,1,1,1,1,1,1,1,1,1,1,1,1,1,1
OTU_2881,20,2,5,1,2,1,9,6,1,29,7,36,182,49,1,1,22,235,199,117,1,82,1,19,18,6,282,1,13,1,1,29,2,2,1,24,46,11,3,1,1,7,157,54,1,11,1,11,26,2
OTU_2882,7,44,1,1,1,134,2,1,6,1,1,27,18,7,20,65,1,2,1,31,1,1,47,78,24,5,1,1,5,8,1,12,46,3,1,40,1,2,3,3,13,1,1,6,1,3,10,1,104,19
OTU_2883,1,3,1,1,3,22,4,1,1,1,1,1,1,1,1,1,1,1,1,1,1,1,1,1,1,1,1,1,1,1,1,3,1,1,1,1,1,1,1,1,48,1,1,2,1,1,1,1,1,1
OTU_2884,1,1,1,1,1,1,1,1,1,1,1,1,1,1,1,1,1,1,1,1,1,1,1,1,1,1,1,1,1,1,1,1,1,1,1,1,1,1,1,1,1,1,1,1,1,1,1,1,1,1
OTU_2885,1,1,1,1,1,1,1,1,1,1,1,1,1,1,1,1,1,1,1,1,1,1,1,1,1,1,1,9,1,1,1,1,1,1,1,1,1,1,1,1,1,1,1,1,1,1,1,1,1,1
OTU_2886,1,1,1,1,1,1,1,1,1,1,1,1,1,1,1,1,1,7,1,1,1,1,1,1,1,1,1,1,1,1,1,1,1,1,1,1,1,1,1,1,1,1,1,1,1,1,1,1,1,1
OTU_2887,1,1,1,1,1,1,1,1,1,1,1,1,1,1,1,1,1,1,1,1,1,1,1,1,1,1,1,1,1,1,1,1,1,1,1,1,1,1,1,1,1,1,1,1,1,1,1,1,1,1
OTU_2888,1,1,1,1,1,1,1,1,1,1,1,1,1,1,1,1,1,1,1,1,1,1,1,1,1,1,1,1,1,1,1,1,1,1,1,1,1,1,1,1,1,1,1,1,1,1,1,1,1,1
OTU_2889,1,1,1,1,1,1,1,1,1,1,1,1,1,3,1,1,1,1,1,11,41,1,3,1,1,1,1,1,1,1,1,1,1,40,1,1,1,5,1,1,1,1,1,1,2,7,1,1,1,1
OTU_2890,1,1,1,1,1,1,1,1,1,4,3,1,1,1,1,1,1,1,1,1,1,1,1,1,1,1,1,1,1,1,1,1,1,1,1,1,1,1,1,1,31,1,1,1,1,1,1,1,1,1
OTU_2891,1,1,1,1,1,1,1,1,1,1,1,1,1,1,1,1,1,1,1,1,1,1,1,1,1,1,1,1,1,1,1,1,1,1,1,1,1,1,1,1,1,1,1,1,1,1,1,1,1,1
OTU_2892,1,1,1,1,1,1,1,1,1,1,1,1,1,1,1,1,1,1,1,1,1,1,1,1,1,1,1,1,1,1,1,1,1,1,1,1,1,1,1,1,1,1,1,1,1,1,1,1,1,1
OTU_2893,315,110,255,236,86,264,302,661,45,38,91,108,85,217,132,268,77,335,91,84,488,94,52,47,40,258,385,248,173,148,177,80,230,358,162,114,208,209,141,620,197,167,121,18,255,223,855,273,439,501
OTU_2894,1,1,1,1,1,1,1,1,1,1,1,1,1,1,1,1,1,1,1,1,1,1,1,1,1,1,1,1,1,1,1,1,1,1,1,1,1,1,1,1,1,1,1,1,1,1,1,1,1,1
OTU_2895,1,1,1,1,1,1,1,1,1,1,1,1,1,1,1,1,1,1,1,1,1,1,1,1,1,1,1,1,1,1,1,1,1,1,1,1,1,1,1,1,1,1,1,1,1,1,1,1,1,1
OTU_2896,1,1,1,1,189,1,1,1,1,1,1,1,1,1,1,1,1,1,1,1,1,1,1,1,1,1,1,1,1,1,1,1,1,1,1,1,1,1,1,1,1,1,1,1,1,186,1,1,1,1
OTU_2897,1,1,1,1,1,1,1,1,1,1,1,1,1,1,1,1,1,1,1,1,1,1,1,1,1,1,1,1,1,1,1,1,1,1,1,1,1,1,1,1,1,1,1,1,1,1,1,1,1,1
OTU_2898,1,1,1,1,1,1,1,1,1,1,1,1,1,1,1,1,1,1,1,1,1,1,1,1,1,1,1,1,1,1,1,1,1,1,1,1,1,1,1,1,1,1,1,1,1,1,1,1,1,1
OTU_2899,1,1,1,1,1,1,1,1,1,1,1,1,1,1,1,1,1,1,1,1,1,1,1,1,1,1,1,1,1,1,1,1,1,1,1,1,1,1,1,1,1,13,1,1,1,1,1,1,1,1
OTU_2900,1,1,1,1,1,1,14,1,1,1,1,1,1,1,1,1,1,1,1,1,1,1,1,1,1,1,1,1,1,1,1,1,1,1,1,1,1,1,1,1,1,1,1,1,1,1,1,1,1,1
OTU_2901,1,1,1,1,1,1,1,1,1,1,1,1,1,1,1,1,1,1,1,1,1,1,1,1,1,1,1,1,1,1,1,1,1,1,1,1,1,1,1,1,1,1,1,1,1,1,1,1,1,1
OTU_2902,1,1,1,1,1,1,1,1,1,1,1,1,1,1,1,1,1,1,1,1,1,1,1,1,1,1,1,1,1,1,1,1,1,1,1,1,1,1,1,1,1,1,1,1,1,1,1,1,1,1
OTU_2903,1,1,1,1,45,1,1,1,1,1,1,1,1,5,1,1,1,10,1,1,1,1,1,1,1,1,1,1,4,1,1,1,1,1,1,1,1,1,14,1,1,1,1,4,1,1,1,1,1,1
OTU_2904,26,9,180,104,1,1,20,44,117,19,182,18,126,2,13,100,6,29,117,11,180,148,137,1,31,43,119,80,172,297,2,44,246,8,1,54,36,30,1,43,60,4,385,83,5,1,1,95,75,25
OTU_2905,50,1,1,1,1,1,1,1,2,1,1,1,1,1,1,1,1,1,1,1,1,1,3,1,1,1,1,1,23,1,1,1,1,14,17,1,6,1,2,1,1,1,1,1,1,1,1,1,2,1
OTU_2906,1,1,1,1,1,1,1,1,1,1,1,1,1,1,1,1,1,1,1,1,1,1,1,1,1,1,1,1,1,1,1,1,1,1,1,1,1,1,1,1,1,1,1,1,1,1,1,1,1,1
OTU_2907,2,1,1,1,1,1,1,1,1,1,1,1,1,1,1,1,1,1,1,1,1,1,1,1,1,1,1,1,1,1,1,1,1,1,1,1,1,1,1,1,1,1,1,1,1,1,1,1,1,1
OTU_2908,1,1,1,1,1,1,1,1,1,1,1,1,1,1,1,1,1,1,1,1,1,1,1,1,1,1,1,1,1,1,1,1,1,1,1,1,1,1,1,1,1,1,1,1,1,1,1,1,1,1
OTU_2909,1,1,1,1,1,3,1,1,1,1,1,1,1,1,1,1,1,1,1,1,1,1,1,1,1,1,1,1,1,1,1,1,1,1,1,1,1,1,1,18,1,1,1,1,1,1,1,1,1,1
OTU_2910,62,84,176,248,196,56,208,334,18,187,286,356,265,112,49,85,43,249,28,109,98,248,150,170,124,72,619,52,143,77,289,121,303,255,39,624,173,10,17,19,213,404,199,353,298,233,422,167,53,353
OTU_2911,1,1,1,1,84,1,1,1,1,1,1,1,1,2,1,1,1,1,1,1,1,1,1,1,1,1,2,1,1,1,1,1,1,1,1,1,1,32,1,1,1,1,1,1,1,1,1,1,1,1
OTU_2912,1,1,4,1,9,1,1,1,1,1,1,1,1,1,1,9,1,1,1,1,2,1,1,1,4,97,1,1,3,1,1,1,7,1,1,1,33,12,1,1,1,42,1,1,1,6,1,2,114,3
OTU_2913,233,208,498,457,323,44,112,2,7,192,10,38,110,582,321,208,33,96,238,99,60,553,239,372,83,199,11,324,489,95,10,35,116,35,323,200,283,141,9,229,14,231,358,183,33,46,47,59,210,44
OTU_2914,1,1,1,1,1,1,1,1,1,1,1,1,1,1,1,1,1,1,1,1,1,1,1,1,1,1,1,1,1,1,1,1,1,1,1,1,1,1,1,1,1,1,1,1,1,1,1,1,1,1
OTU_2915,1,1,1,1,1,1,1,1,1,1,1,1,1,1,1,1,1,1,1,1,1,1,1,1,1,1,1,1,1,1,1,1,1,1,1,1,1,1,1,1,1,1,1,1,1,1,1,1,1,1
OTU_2916,1,1,1,1,1,1,1,1,1,1,1,1,1,1,1,1,1,1,1,1,1,1,1,1,1,1,1,1,1,1,1,1,1,1,1,1,1,1,1,1,1,1,1,1,1,1,1,1,1,1
OTU_2917,1,1,1,1,197,1,1,6,3,1,1,13,1,4,1,1,28,1,1,1,1,1,70,1,1,1,2,212,1,20,1,1,1,1,39,22,1,49,1,2,15,1,7,7,1,1,58,93,1,4
OTU_2918,1,1,1,1,1,1,1,1,1,1,1,1,1,1,1,1,1,1,1,1,1,1,1,1,1,1,1,1,1,1,1,1,1,1,1,1,1,1,1,1,1,1,1,1,1,1,1,1,1,1
OTU_2919,1,1,1,1,1,1,1,1,1,1,1,1,1,1,1,1,1,1,1,1,1,1,1,1,1,1,1,1,1,1,1,1,1,1,1,1,1,1,1,1,1,1,1,1,1,1,1,1,1,1
OTU_2920,1,1,1,1,1,1,1,1,1,1,1,1,1,1,1,1,1,1,1,1,1,1,1,1,1,1,1,1,1,1,1,1,1,1,1,1,1,1,1,1,1,1,1,1,1,1,1,1,1,1
OTU_2921,1,1,1,1,1,1,1,1,1,1,1,1,1,1,1,1,1,1,1,1,1,1,1,1,1,1,1,1,1,1,1,1,1,1,1,1,1,1,1,1,1,1,1,1,1,1,1,1,1,1
OTU_2922,4,5,1,2,261,1,126,12,5,67,1,1,1,38,2,6,1,1,18,1,175,1,263,29,168,6,20,49,1,1,1,5,14,3,4,19,28,48,1,10,40,27,1,1,36,21,1,7,1,8
OTU_2923,1,1,1,1,1,1,1,1,1,1,1,1,1,1,1,1,1,1,1,1,1,1,1,1,1,1,1,1,1,1,1,1,1,1,1,1,1,1,1,1,1,1,1,1,1,1,1,1,1,1
OTU_2924,10,24,9,11,7,16,1,5,1,1,1,5,51,5,96,4,1,39,108,1,1,19,1,1,23,293,1,1,1,1,121,339,1,2,110,6,152,1,1,1,51,13,2,158,73,2,3,1,1,94
OTU_2925,1,1,1,1,1,1,1,1,1,1,1,1,1,1,1,1,1,1,1,1,1,1,1,1,1,1,1,1,1,1,1,1,1,1,1,1,1,1,1,1,1,1,1,1,1,1,1,1,1,1
OTU_2926,1,1,1,1,1,1,1,1,1,1,1,1,1,1,1,1,1,1,1,1,1,1,1,1,1,1,1,1,1,1,1,1,1,1,1,1,1,1,1,1,1,1,1,1,1,1,1,1,1,1
OTU_2927,1,1,1,1,1,1,1,1,1,1,1,1,1,1,1,1,1,1,1,1,1,1,1,1,1,1,11,1,1,1,1,1,1,1,18,1,1,1,1,1,1,1,1,1,1,1,1,1,1,1
OTU_2928,1,1,1,1,1,1,1,1,1,1,1,1,1,1,23,1,1,1,1,1,1,1,1,1,1,1,1,1,1,1,1,1,1,1,1,1,1,54,3,1,1,1,1,1,1,205,1,1,1,1
OTU_2929,1,1,1,1,1,1,1,1,1,1,1,1,1,1,1,1,1,1,1,40,1,1,1,1,1,1,1,1,1,1,4,1,1,1,1,1,1,1,1,1,1,1,1,1,1,1,1,1,1,1
OTU_2930,1,1,1,1,1,1,1,1,1,1,1,1,1,1,1,1,1,1,1,1,1,1,1,1,1,1,1,1,1,1,1,1,1,1,1,1,1,1,1,1,1,1,1,1,1,1,1,1,1,1
OTU_2931,11,3,186,6,207,12,200,9,176,12,1,45,12,80,184,45,71,26,622,44,3,16,381,146,42,33,20,358,188,19,9,131,17,90,159,127,27,8,5,81,85,19,96,28,31,350,17,75,53,1
OTU_2932,1,1,1,1,1,1,1,1,1,1,1,1,1,1,1,1,1,1,1,1,1,1,1,1,1,1,1,1,1,1,1,1,1,1,1,1,1,1,1,1,1,1,1,1,1,1,1,1,1,1
OTU_2933,218,59,29,222,71,264,191,982,53,43,105,191,93,96,382,432,522,154,83,175,60,95,263,319,387,218,1,198,159,7,289,79,39,121,132,267,64,524,137,321,21,228,19,301,212,348,127,67,237,208
OTU_2934,1,1,1,1,1,1,1,1,1,1,1,1,1,1,1,1,1,1,1,1,1,1,1,1,1,1,1,1,1,1,1,1,1,1,1,1,1,1,1,1,1,1,1,1,1,1,1,1,1,1
OTU_2935,1,1,1,1,1,1,1,1,1,1,1,1,1,1,1,1,1,1,1,1,1,1,1,1,1,1,1,1,1,1,1,1,1,1,1,1,1,1,1,1,1,1,1,1,1,1,1,1,1,1
OTU_2936,1,1,1,1,1,1,1,1,2,1,1,1,1,1,1,1,1,1,1,1,1,1,1,1,1,1,1,1,1,1,1,1,1,1,1,1,1,1,1,1,1,1,1,1,1,1,1,1,1,1
OTU_2937,1,1,1,1,1,1,1,1,1,1,1,1,1,1,1,1,1,1,1,1,1,1,1,1,1,1,1,1,1,1,1,1,1,1,1,1,1,1,1,1,1,1,1,1,1,1,1,1,1,1
OTU_2938,1,1,1,1,1,1,1,1,1,1,1,1,1,1,1,1,1,1,1,1,1,1,1,1,1,1,1,1,1,1,1,1,1,1,1,1,1,1,1,1,1,1,1,1,1,1,1,1,1,1
OTU_2939,1,1,1,1,1,1,1,1,1,1,1,1,1,1,1,1,1,1,1,1,1,1,1,1,1,1,1,1,1,1,1,1,1,1,1,1,1,1,1,1,1,1,1,1,1,1,1,1,1,1
OTU_2940,1,1,1,1,1,1,1,1,1,1,1,1,1,1,1,1,1,1,1,1,1,1,1,1,1,1,1,1,1,1,1,1,1,1,1,1,1,1,2,1,1,1,1,1,1,1,1,1,1,1
OTU_2941,1,1,1,1,1,1,1,1,1,1,1,1,1,1,1,1,1,1,1,1,1,1,1,1,1,1,1,1,1,1,1,1,1,1,1,1,1,1,1,1,1,1,1,1,1,1,1,1,1,1
OTU_2942,1,1,1,1,1,1,1,1,1,1,1,1,1,1,1,1,1,1,1,1,1,1,1,1,1,1,1,1,1,1,1,1,1,1,1,1,1,1,1,1,1,1,1,1,1,1,1,1,1,1
OTU_2943,1,1,1,14,1,187,64,2,1,1,1,80,1,1,1,78,2,5,1,1,1,3,4,1,5,38,156,22,8,8,3,3,7,1,1,331,109,41,31,1,3,1,149,36,26,178,15,366,1,1
OTU_2944,1,1,1,1,1,1,1,1,1,1,1,1,1,1,1,1,1,1,1,1,1,1,1,1,1,1,1,1,1,1,1,1,1,1,1,1,1,1,1,1,1,1,1,1,1,1,1,1,1,1
OTU_2945,1,1,1,1,1,1,1,1,1,1,1,1,1,1,1,1,1,1,1,1,1,1,1,1,1,1,1,1,1,1,1,1,1,1,1,1,1,1,1,1,1,1,1,1,2,1,1,1,1,1
OTU_2946,1,1,1,1,1,1,1,1,1,1,1,1,1,1,1,1,1,1,1,1,1,1,1,1,1,1,1,1,1,1,1,1,1,1,1,1,1,1,1,1,1,1,1,1,1,1,1,1,1,1
OTU_2947,1,1,1,1,1,1,1,1,1,1,1,1,1,1,1,1,1,1,1,1,1,1,1,1,1,1,1,1,1,1,1,1,1,1,1,1,1,1,1,1,1,1,1,1,1,1,1,1,1,1
OTU_2948,1,1,1,1,1,1,1,1,1,1,1,1,1,1,1,1,1,1,1,1,1,1,1,1,1,1,1,1,1,1,1,1,1,1,1,1,1,1,1,1,1,1,1,1,1,1,1,1,1,1
OTU_2949,1,18,1,1,1,1,1,1,1,59,1,1,1,1,1,1,1,1,1,1,1,1,1,1,113,1,1,9,1,14,2,1,31,1,1,1,1,8,1,1,1,1,1,2,1,1,1,1,1,1
OTU_2950,1,21,1,2,25,5,2,1,1,3,5,17,33,1,2,19,8,2,8,63,1,4,1,103,6,14,48,5,1,2,10,24,629,1,16,1,1,1,1,18,94,32,1,3,1,1,1,21,14,1
OTU_2951,1,1,1,1,1,1,1,1,1,1,1,1,1,1,1,1,1,1,1,1,1,1,1,1,1,1,1,1,1,1,1,1,1,1,1,1,1,1,1,1,1,1,1,1,1,1,1,1,1,1
OTU_2952,1,1,1,1,1,1,1,1,1,1,1,1,1,1,1,1,1,1,1,1,1,1,1,1,1,1,1,1,1,1,1,1,1,1,1,1,1,1,1,1,1,1,1,1,1,1,1,1,1,1
OTU_2953,314,468,771,547,539,548,603,856,694,575,334,944,221,757,687,1159,1077,925,350,1116,426,430,809,1054,640,262,529,567,414,673,1802,778,771,723,330,473,1854,763,558,427,1030,600,959,639,501,344,416,678,414,430
OTU_2954,17,19,189,15,9,1,2,2,2,1,1,1,148,11,143,43,4,54,6,14,1,32,87,130,65,43,1,14,1,1,1,64,3,5,1,4,22,41,234,1,6,82,26,198,21,20,1,18,1,9
OTU_2955,1,1,1,1,1,1,1,1,1,1,1,1,1,1,1,1,1,1,1,1,1,1,1,1,1,1,1,1,1,1,1,1,1,1,1,1,1,1,1,1,1,1,1,1,1,1,1,1,1,1
OTU_2956,1,1,1,1,1,1,1,1,1,1,1,1,1,1,1,1,1,1,1,1,1,1,1,1,1,1,1,1,1,1,1,1,1,1,1,1,1,1,1,1,1,1,1,1,1,1,1,1,1,1
OTU_2957,1,1,1,1,1,1,1,1,2,1,1,1,1,1,1,1,1,1,1,1,1,1,1,1,1,1,1,1,1,1,1,1,1,1,1,1,1,1,1,1,1,1,1,1,1,1,1,1,1,1
OTU_2958,1,1,1,1,1,1,1,1,1,1,1,1,1,1,1,1,1,1,1,1,1,1,1,1,1,1,1,1,1,1,1,1,1,1,1,1,1,1,1,1,1,1,1,1,1,1,1,1,1,1
OTU_2959,1,1,1,1,1,1,1,1,1,1,1,1,1,1,1,1,1,1,1,1,1,1,1,1,1,1,1,1,1,1,1,1,1,1,1,1,1,1,1,1,1,1,1,1,1,1,1,1,1,1
OTU_2960,1,1,1,1,1,1,1,1,1,1,1,1,1,1,1,1,1,1,1,1,1,1,1,1,1,1,1,1,1,1,1,1,1,1,1,1,1,1,1,1,1,1,1,1,1,1,1,1,1,1
OTU_2961,1,1,1,1,1,1,1,1,1,1,1,1,1,1,1,1,1,1,1,1,1,4,1,1,1,1,1,1,1,1,1,1,1,1,1,1,1,1,1,1,1,1,1,1,1,1,1,1,1,1
OTU_2962,1,1,1,1,1,1,1,1,1,1,1,1,1,1,1,1,1,1,1,1,1,1,1,1,1,1,1,1,1,1,1,1,1,1,1,1,1,1,1,1,172,1,1,1,1,1,1,1,1,1
OTU_2963,1,1,1,1,1,1,1,1,1,1,1,1,1,1,1,1,1,1,1,1,1,1,1,1,1,1,1,1,1,1,1,1,1,1,1,1,1,1,1,1,1,1,1,1,1,1,1,1,1,1
OTU_2964,1,1,1,1,1,1,1,1,1,1,1,1,1,3,1,1,1,1,1,1,1,1,1,1,1,1,1,1,1,1,1,1,1,1,1,1,1,1,1,1,1,1,1,1,1,1,1,1,1,1
OTU_2965,1,1,1,1,1,1,1,1,1,1,1,1,1,1,1,1,1,1,1,1,1,1,1,1,1,1,1,1,1,1,1,1,1,1,1,1,1,1,1,4,1,1,1,1,1,1,1,1,1,1
OTU_2966,551,329,222,570,132,888,77,502,169,349,110,544,318,210,113,182,186,65,78,77,367,53,434,45,142,280,350,356,800,80,85,83,512,200,438,747,210,899,233,252,108,629,133,166,548,108,316,111,237,463
OTU_2967,1,1,1,1,1,1,1,1,1,1,1,1,1,1,1,1,1,1,1,1,1,1,1,1,1,1,1,1,1,1,1,1,1,1,1,1,1,1,1,1,1,1,1,1,1,1,1,1,1,1
OTU_2968,1,1,1,1,1,1,1,1,1,1,1,1,1,1,1,1,1,1,1,1,1,1,1,1,1,1,1,1,1,1,1,1,1,1,1,1,1,1,1,1,1,1,1,1,1,1,1,1,1,1
OTU_2969,162,1,1,1,1,1,1,2,1,1,1,1,1,3,1,1,1,1,1,1,1,1,4,1,1,1,1,1,45,1,1,1,1,1,1,1,1,1,2,1,1,1,2,2,1,1,1,1,1,1
OTU_2970,1,1,1,1,1,1,1,1,1,1,1,1,1,1,1,1,1,1,1,1,1,1,1,1,1,1,1,1,1,1,1,1,1,1,1,1,1,1,1,1,1,1,1,1,1,1,1,1,1,1
OTU_2971,1,1,1,1,1,1,1,1,1,1,1,1,1,1,1,1,1,1,1,1,1,1,1,1,1,1,1,1,1,1,1,1,1,1,1,1,1,1,1,1,1,1,1,1,1,1,1,1,1,1
OTU_2972,1,1,1,1,1,1,1,1,1,1,1,1,1,1,1,1,1,1,1,1,1,1,1,1,1,1,1,1,1,1,1,1,1,1,1,1,1,1,1,1,1,1,1,1,1,1,1,1,1,1
OTU_2973,1,1,1,1,1,1,1,1,1,1,1,1,1,1,1,1,1,1,1,1,1,1,1,1,1,1,1,1,1,1,1,1,1,1,1,1,1,1,1,1,1,1,1,1,1,1,1,1,1,1
OTU_2974,3,1,6,120,37,1,13,1,5,280,86,7,62,1,4,2,22,4,12,2,42,109,1,2,3,9,1,1,87,1,1,15,1,1,1,4,25,3,19,3,14,8,3,1,53,1,1,1,1,1
OTU_2975,1,1,1,1,1,1,1,1,1,1,1,1,1,1,1,1,1,1,1,1,1,1,1,1,1,1,1,1,1,1,1,1,1,4,1,1,1,1,1,1,1,1,1,1,1,1,1,1,1,1
OTU_2976,1,1,1,1,1,1,1,1,1,1,1,1,1,1,1,1,1,1,1,1,1,1,1,1,1,1,1,1,1,1,1,1,1,1,1,1,1,1,1,1,1,1,1,1,1,1,1,1,1,1
OTU_2977,1,1,1,4,1,1,1,1,1,7,1,1,1,9,1,1,1,1,1,1,1,1,3,2,10,1,1,1,1,1,1,10,1,1,1,30,94,1,24,1,47,1,1,1,1,1,1,7,1,1
OTU_2978,1,1,1,1,1,1,1,1,1,1,1,1,1,1,1,1,1,1,1,1,1,1,1,1,1,1,1,1,1,1,1,1,1,1,1,1,1,1,1,1,1,1,1,1,1,1,1,1,1,1
OTU_2979,1,1,1,1,4,1,7,1,1,7,89,1,1,2,16,1,1,1,1,41,3,1,65,82,1,4,1,97,21,1,1,1,4,7,1,14,98,1,4,16,10,1,1,61,4,1,3,1,1,1
OTU_2980,1,1,1,1,1,1,1,1,1,1,1,1,1,1,1,1,1,1,4,1,1,1,1,1,1,1,1,1,1,1,1,1,1,1,1,1,1,1,1,1,1,1,1,1,1,1,1,1,1,1
OTU_2981,1,1,1,1,1,1,1,1,1,1,1,1,1,1,1,1,1,1,1,1,1,1,1,1,1,1,1,1,1,1,1,1,1,1,1,1,1,1,1,1,1,1,1,1,1,1,1,1,1,1
OTU_2982,16,2,12,63,27,1,1,62,1,1,1,1,1,126,2,1,1,3,6,1,1,1,16,1,1,1,1,1,1,1,1,8,1,1,1,15,1,1,1,1,1,1,3,1,1,1,1,12,1,1
OTU_2983,1,1,1,1,1,1,1,1,1,1,1,1,1,1,1,1,1,1,1,1,1,1,1,1,1,1,1,1,1,1,1,1,1,1,1,1,1,1,1,1,1,1,1,1,1,1,1,1,1,1
OTU_2984,1,1,1,7,1,1,1,1,1,1,1,1,1,1,1,1,1,1,1,1,1,1,1,1,1,1,1,1,1,1,1,1,1,1,1,1,1,1,1,1,1,1,1,1,1,1,1,1,1,1
OTU_2985,1,1,1,1,1,1,1,1,1,1,1,1,1,1,1,1,1,1,1,1,1,1,1,1,1,1,1,1,1,1,1,1,1,1,1,1,1,1,2,1,1,1,1,1,1,1,1,1,1,1
OTU_2986,1,1,1,1,1,1,1,1,1,1,1,4,1,1,1,1,1,1,1,1,1,1,1,1,1,1,1,1,1,1,1,1,1,1,1,1,1,1,1,1,1,1,1,1,106,1,1,1,1,1
OTU_2987,3,1,15,1,63,1,3,8,70,1,5,1,1,1,94,18,1,1,1,3,501,1,2,3,1,1,1,1,8,172,1,123,1,5,1,1,1,1,4,1,1,162,6,1,11,1,13,1,1,1
OTU_2988,1,1,1,1,1,1,1,1,1,1,1,1,1,1,1,1,1,1,1,1,1,1,1,1,1,1,1,1,1,1,1,1,1,1,1,1,1,1,1,1,1,1,1,1,1,1,1,1,1,1
OTU_2989,1,1,1,1,1,1,1,1,1,1,1,1,1,1,1,1,1,1,1,1,1,1,1,1,1,1,1,1,1,1,1,1,1,1,1,1,1,1,1,1,1,1,1,1,1,1,1,1,1,1
OTU_2990,1,1,1,1,1,1,1,1,1,2,1,1,1,1,1,1,1,1,1,1,1,1,1,1,1,1,1,1,1,1,1,1,1,1,1,1,1,1,1,1,1,1,1,1,1,1,1,1,1,1
OTU_2991,1,1,1,4,1,189,167,96,1,2,1,1,2,1,1,1,209,1,1,1,1,7,79,1,1,1,1,4,1,1,3,5,1,27,1,1,2,2,4,41,1,4,129,1,13,1,1,1,1,20
OTU_2992,1,1,1,1,1,23,3,19,11,125,72,1,1,1,1,1,1,2,1,168,4,1,1,1,1,1,1,1,1,75,1,1,1,2,125,1,1,1,1,5,8,1,1,1,46,1,1,1,1,1
OTU_2993,1,1,1,1,1,1,1,1,1,1,1,1,1,1,1,1,1,1,1,1,1,1,1,1,1,1,1,1,1,1,1,1,1,1,1,1,1,1,1,1,1,1,1,1,1,1,1,1,1,1
OTU_2994,1,1,1,1,1,1,1,1,1,1,1,1,1,1,1,1,1,1,1,1,1,1,1,1,1,1,1,1,1,1,1,1,1,1,1,1,1,1,1,1,1,1,1,1,1,1,1,1,1,1
OTU_2995,626,83,275,314,588,196,489,38,199,90,127,132,243,509,353,573,172,107,135,248,96,31,132,617,371,119,9,193,226,330,243,838,172,468,139,16,95,118,242,381,57,92,78,258,185,89,166,112,409,115
OTU_2996,89,1,4,196,165,59,66,2,82,195,35,11,10,41,106,196,172,86,236,11,8,1,13,19,558,2,39,36,33,98,69,168,2,2,499,3,64,34,141,27,169,183,65,260,157,287,9,35,15,329
OTU_2997,1,1,1,1,1,1,1,1,1,1,58,1,2,1,1,9,21,1,11,9,1,33,7,1,1,1,1,2,1,1,1,1,1,1,1,2,1,5,1,1,1,1,17,23,1,1,1,16,1,1
OTU_2998,1,1,1,2,1,1,1,1,1,1,1,1,1,1,1,1,1,1,1,1,1,1,1,1,1,1,1,1,1,1,1,1,1,1,1,4,1,1,1,1,1,1,1,3,1,1,1,1,1,1
OTU_2999,54,28,1,1,1,81,1,2,1,1,1,1,1,2,1,1,1,1,1,109,1,12,2,35,1,77,41,1,1,1,1,219,1,1,11,1,23,1,1,1,1,1,1,1,1,1,1,1,3,1
OTU_3000,1,1,1,1,1,1,1,1,1,1,1,1,1,1,1,1,1,1,1,1,1,42,1,2,1,1,1,1,1,1,1,1,1,1,1,1,1,1,1,1,1,1,1,1,1,1,1,1,1,1
OTU_3001,1,1,1,1,1,1,1,1,1,1,1,1,1,1,1,1,1,1,1,1,1,1,1,1,1,1,1,1,1,1,1,1,1,1,1,1,1,1,1,1,1,1,1,1,1,1,1,1,1,1
OTU_3002,1,1,2,1,1,1,1,1,1,1,1,1,5,1,1,1,1,1,1,1,1,1,1,1,1,1,6,1,1,1,1,4,1,1,1,18,3,1,1,1,63,1,1,1,1,1,1,1,1,1
OTU_3003,1,1,1,1,1,1,1,1,1,1,1,1,1,1,1,1,1,1,1,1,1,1,1,1,1,1,1,1,1,1,1,1,1,1,1,1,1,1,1,1,1,1,1,1,1,1,1,1,1,1
OTU_3004,1,116,79,1,1,1,1,16,3,56,227,64,1,5,14,1,1,1,78,3,339,137,145,20,8,1,261,1,18,145,1,701,36,26,5,2,1,13,1,60,1,1,53,1,34,1,5,1,1,147
OTU_3005,1,1,1,1,1,1,1,1,1,1,1,1,1,1,1,1,1,1,1,1,1,1,1,1,1,1,1,1,1,1,1,1,1,1,1,1,1,1,1,1,1,1,1,1,1,1,1,1,1,1
OTU_3006,1,1,1,1,1,1,1,1,1,1,1,1,1,1,1,1,1,1,87,1,1,1,1,1,1,1,1,1,1,1,1,1,1,1,14,1,1,40,1,1,1,1,1,1,6,1,1,1,1,1
OTU_3007,3,15,193,27,53,16,16,17,29,51,63,106,132,150,16,11,4,70,4,569,87,248,103,5,196,13,101,51,71,120,235,29,15,187,10,117,143,81,68,506,5,27,3,208,5,106,10,224,8,166
OTU_3008,1,1,1,1,1,1,1,1,1,1,1,1,1,1,1,1,1,1,1,1,1,1,1,1,1,1,1,1,1,1,1,1,1,1,1,1,1,1,1,1,1,3,1,1,1,1,1,1,1,1
OTU_3009,1,1,1,1,1,1,1,1,2,1,1,1,1,1,1,1,6,1,1,1,1,1,1,1,1,1,1,1,1,1,1,1,1,1,1,1,1,1,1,1,1,1,1,1,1,1,1,1,1,1
OTU_3010,1,1,1,1,1,1,1,1,1,1,1,1,1,1,1,1,1,1,1,1,1,1,1,1,1,1,1,1,1,1,1,1,1,1,1,1,1,1,1,1,1,1,1,1,1,1,1,1,1,1
OTU_3011,49,37,83,18,14,1,42,193,39,13,171,80,8,31,8,18,1,10,19,4,3,1,234,21,25,63,3,191,1,70,1,26,20,62,69,17,205,146,21,227,1,90,8,3,26,1,22,236,84,26
OTU_3012,1,1,1,1,1,1,1,1,1,1,1,1,1,1,1,1,1,1,1,1,1,1,1,1,1,1,1,1,1,1,1,1,1,1,1,1,1,1,1,1,1,1,1,1,1,1,1,1,1,1
OTU_3013,1,1,1,1,1,1,1,1,1,1,1,1,1,1,1,1,1,1,1,1,1,1,1,1,1,1,1,1,1,1,125,1,1,1,1,1,1,1,1,1,1,1,1,1,1,1,2,1,1,13
OTU_3014,1,1,1,1,1,1,1,1,1,1,1,1,1,1,1,1,1,1,1,1,1,1,1,1,1,1,1,1,1,1,1,1,1,1,1,1,1,1,1,1,1,1,1,1,1,1,1,1,1,1
OTU_3015,1,1,1,1,1,1,1,1,1,1,1,1,1,1,1,1,1,1,1,1,1,1,1,1,1,1,1,1,1,1,1,1,1,1,1,1,1,1,1,1,1,1,1,1,1,1,1,1,1,1
OTU_3016,1,1,1,1,1,1,1,1,1,1,1,1,1,1,1,1,1,1,1,1,1,1,1,1,1,1,1,1,1,1,1,1,1,1,1,1,1,1,1,1,1,1,1,1,1,1,1,1,1,1
OTU_3017,1,1,1,1,1,1,1,1,1,1,1,1,1,1,1,1,1,1,1,1,1,1,1,1,1,1,1,1,1,1,1,1,1,1,1,1,1,1,1,1,1,1,1,1,1,1,1,1,1,1
OTU_3018,1,1,1,1,1,1,1,1,1,1,1,1,1,1,1,1,1,1,1,1,1,1,1,1,1,1,1,1,1,1,1,1,1,1,1,1,1,1,1,1,1,1,1,1,1,1,1,1,1,1
OTU_3019,1,1,1,1,1,1,1,1,1,1,1,1,1,1,95,1,1,1,1,1,1,65,1,1,1,1,1,1,1,1,1,1,1,5,1,1,1,1,1,1,1,1,1,1,1,1,1,1,1,1
OTU_3020,1,1,1,1,1,1,1,1,1,1,1,1,1,1,2,1,1,1,1,4,1,1,1,1,1,1,148,1,1,1,44,1,2,1,1,1,1,1,1,1,58,1,1,1,6,1,1,1,1,1
OTU_3021,1,1,1,1,1,1,1,1,1,1,1,1,1,1,1,1,1,1,1,1,1,1,1,1,1,1,1,1,1,1,1,1,1,1,1,1,1,1,1,1,1,1,1,1,1,1,1,1,1,1
OTU_3022,1,1,1,37,1,1,1,1,1,1,1,73,1,1,1,1,1,1,1,1,1,1,1,1,1,1,1,1,1,1,1,1,1,1,16,1,1,1,1,1,1,1,1,1,1,1,1,1,1,1
OTU_3023,1,1,1,25,1,1,1,1,2,1,1,1,1,1,1,2,1,1,7,46,1,29,2,1,1,1,1,3,1,1,3,1,1,31,1,1,1,1,2,9,1,1,1,1,195,9,1,4,6,1
OTU_3024,1,12,2,1,1,2,1,89,1,3,1,1,1,1,1,1,2,1,11,30,1,1,1,1,1,1,1,1,11,5,1,1,1,1,1,1,1,1,1,1,1,1,1,1,1,1,1,1,1,1
OTU_3025,1,1,1,1,1,1,1,1,1,1,1,1,1,1,1,1,1,1,1,1,1,1,1,1,1,1,1,1,1,1,1,1,1,1,1,1,1,1,1,1,1,1,1,1,1,1,1,1,1,1
OTU_3026,1,1,1,1,1,1,1,1,1,1,1,1,1,1,1,1,1,1,1,1,1,1,1,1,1,1,1,1,1,1,1,1,1,1,1,1,1,1,1,1,1,1,1,1,1,1,1,1,1,1
OTU_3027,1,1,1,1,1,1,1,1,1,1,1,1,1,1,1,1,1,1,1,1,1,1,1,1,1,1,1,1,1,1,1,1,1,1,1,1,1,1,1,1,1,1,1,1,1,1,1,1,1,1
OTU_3028,1,1,1,1,1,1,1,1,1,1,1,1,1,1,1,1,1,1,1,1,1,1,1,1,1,1,1,1,1,1,1,1,1,1,1,1,1,1,1,1,1,1,1,1,1,1,1,1,1,1
OTU_3029,1,1,1,1,1,1,1,1,1,1,1,1,1,1,1,1,1,1,1,1,1,1,1,1,1,1,1,1,1,1,1,1,1,1,1,1,1,1,1,1,1,1,1,1,1,1,1,1,1,1
OTU_3030,1,1,1,1,1,1,1,1,1,1,1,1,1,1,1,1,1,1,1,1,1,1,1,1,1,1,1,1,1,1,1,1,1,1,1,1,1,1,1,1,1,1,1,1,1,1,1,1,1,1
OTU_3031,1,1,1,1,1,1,1,1,1,1,1,1,1,1,1,1,1,1,1,1,1,1,1,1,1,1,1,1,1,1,1,1,1,1,1,1,1,1,1,1,1,1,1,1,1,1,1,1,1,1
OTU_3032,1,1,1,1,1,1,1,1,1,1,4,1,1,13,1,1,1,1,5,2,1,1,22,1,1,1,1,1,1,1,1,1,1,1,1,1,10,1,1,1,1,1,1,26,1,1,1,1,152,1
OTU_3033,1,1,3,1,13,1,1,2,1,1,1,1,1,1,33,5,1,9,1,24,17,1,8,37,5,55,4,11,1,1,4,1,1,1,4,1,1,1,2,1,4,18,1,1,22,1,2,6,1,1
OTU_3034,1,1,1,1,1,1,1,1,1,1,1,1,1,1,1,1,1,1,1,1,1,1,1,1,1,1,1,1,1,1,1,1,1,1,1,1,1,1,1,1,1,1,1,1,1,1,1,1,1,1
OTU_3035,1,1,1,1,1,1,1,1,1,1,1,1,1,1,1,1,1,1,1,1,1,1,1,1,1,1,1,1,1,1,1,1,1,1,1,1,1,1,1,1,1,1,1,1,1,1,1,1,1,1
OTU_3036,56,2,1,3,7,1,1,1,2,2,1,5,116,8,7,1,193,90,1,1,1,4,1,24,1,1,2,1,50,53,1,1,1,299,1,1,1,1,15,1,1,1,1,1,7,1,1,1,7,2
OTU_3037,56,1,74,2,65,161,11,96,42,3,8,1,3,22,14,18,56,122,2,127,26,117,441,10,16,139,34,59,3,48,34,47,61,145,152,2,47,2,153,33,75,9,281,90,7,332,140,7,242,27
OTU_3038,1,1,1,1,1,1,1,1,1,1,1,1,1,1,1,1,2,1,1,1,1,1,1,1,1,1,1,1,1,1,1,1,1,1,1,1,1,1,1,1,1,1,1,1,1,1,1,1,1,1
OTU_3039,1,1,1,1,1,1,1,1,1,1,1,1,1,1,1,1,1,1,1,1,1,1,1,1,1,1,1,1,1,1,1,1,1,1,1,1,1,1,1,1,1,1,1,1,1,1,1,1,1,1
OTU_3040,1,1,1,1,1,1,1,1,1,1,1,1,1,273,1,1,1,1,1,1,1,23,1,1,1,1,1,1,1,1,1,1,1,1,1,1,1,1,1,1,1,1,1,1,1,1,1,1,1,1
OTU_3041,1,1,1,1,1,1,1,1,1,1,1,1,1,1,1,1,1,1,1,1,1,1,1,1,1,1,1,1,1,1,1,1,1,1,1,1,1,1,1,1,1,1,1,1,1,1,1,1,1,1
OTU_3042,1,1,1,1,1,1,1,1,1,1,1,1,1,1,1,1,1,1,1,1,1,1,1,1,1,1,2,1,1,1,1,1,1,1,1,1,1,1,1,1,1,1,1,1,1,1,1,1,1,1
OTU_3043,1,1,1,1,1,1,1,1,1,1,1,1,1,1,1,1,1,1,1,1,1,1,1,1,1,1,1,1,1,1,1,1,1,1,1,1,1,1,1,1,1,1,1,1,1,1,1,1,1,1
OTU_3044,1,1,1,1,1,1,1,1,1,1,1,1,1,1,1,1,1,1,1,1,1,1,1,1,1,1,1,1,1,1,1,1,1,1,1,1,1,1,1,1,1,1,1,1,1,1,1,1,1,1
OTU_3045,1,1,1,1,1,1,1,1,1,1,1,1,1,1,1,1,1,1,1,1,1,1,1,1,1,1,1,1,1,1,1,1,1,1,1,1,1,1,1,1,1,1,1,1,1,1,1,1,1,1
OTU_3046,1,1,1,1,1,1,1,1,1,1,1,1,1,1,1,1,1,1,1,1,1,1,1,1,1,1,1,1,1,1,1,1,1,1,1,1,1,1,1,1,1,1,1,1,1,1,1,1,1,1
OTU_3047,1,1,1,1,1,1,1,1,1,1,1,1,2,1,1,1,1,1,1,1,1,2,1,1,1,1,1,1,1,2,1,1,1,1,1,1,1,1,1,1,1,1,1,3,1,1,1,1,1,1
OTU_3048,1,1,1,1,1,1,1,1,1,1,1,1,1,1,1,1,1,1,1,1,1,1,1,1,1,1,1,1,1,1,1,1,1,1,1,1,1,1,1,1,1,1,1,1,1,1,1,1,1,1
OTU_3049,1,1,1,1,1,1,1,1,1,1,1,1,1,1,1,1,1,1,1,1,1,1,1,1,1,1,1,1,1,1,1,1,1,1,1,1,1,1,1,1,1,1,1,1,1,1,1,1,1,1
OTU_3050,13,17,19,1,1,1,1,7,96,55,3,95,1,3,28,16,18,1,1,42,1,14,6,9,4,1,1,27,3,54,1,1,1,35,2,15,1,12,8,1,1,1,1,43,10,23,14,10,1,6
OTU_3051,19,16,140,181,59,3,9,11,163,41,136,77,110,26,43,8,199,77,232,16,48,231,1,48,178,26,80,6,211,122,20,95,3,581,26,4,66,99,10,302,36,153,29,25,29,103,208,232,154,284
OTU_3052,1,1,1,1,1,1,1,1,1,1,1,1,1,1,1,1,1,1,1,1,1,1,1,1,1,1,1,1,1,1,1,1,1,1,1,1,1,1,1,1,1,1,1,1,1,1,1,1,1,1
OTU_3053,337,1082,674,261,196,260,222,560,483,452,862,596,682,282,436,256,246,264,76,334,200,387,201,220,344,742,204,1128,745,315,329,188,415,948,401,43,445,210,675,360,142,506,407,173,253,446,268,782,443,580
OTU_3054,1,1,1,1,1,1,1,1,1,1,10,1,1,1,1,1,1,1,1,1,1,1,1,8,1,1,1,1,1,1,1,1,1,1,1,16,1,1,1,1,1,1,1,1,1,1,12,1,1,1
OTU_3055,1,1,1,1,1,1,1,1,1,1,1,1,1,1,1,1,1,1,1,1,1,1,1,1,1,1,1,1,1,1,1,1,1,1,1,1,1,1,1,1,1,1,1,1,1,1,1,1,1,1
OTU_3056,1,1,1,1,1,1,1,1,1,1,1,1,1,1,1,1,1,1,1,1,1,1,1,1,1,1,1,1,1,1,1,1,1,1,1,1,1,1,1,1,1,1,1,1,1,1,1,1,1,1
OTU_3057,1,1,1,12,1,1,1,1,1,1,1,1,1,1,1,1,1,1,1,1,1,1,1,1,1,1,1,1,1,1,1,1,1,1,1,1,1,1,1,1,1,1,1,1,1,1,1,1,1,1
OTU_3058,1,1,1,1,1,1,1,1,1,1,1,1,1,1,1,1,1,1,1,1,1,1,1,1,1,1,1,1,1,1,1,1,1,1,1,1,1,1,1,1,1,1,1,1,1,1,1,1,1,1
OTU_3059,1,1,1,1,1,1,1,1,1,1,1,1,1,1,1,1,1,1,1,1,1,1,1,1,1,1,1,1,1,1,1,1,1,1,1,1,1,1,1,1,1,1,1,1,1,1,1,1,1,1
OTU_3060,431,1,2,12,1,1,1,1,5,1,1,1,1,1,1,9,1,1,1,1,1,1,1,1,1,1,1,1,1,1,1,14,1,1,41,1,1,1,1,1,9,1,1,63,1,1,3,1,1,1
OTU_3061,1,1,1,1,1,1,1,1,1,1,1,1,1,1,1,1,1,1,1,1,1,1,1,1,1,1,1,1,1,1,1,1,1,1,1,1,1,1,1,1,1,1,1,1,1,1,1,1,1,1
OTU_3062,1,1,174,1,1,2,1,1,1,1,1,1,1,1,87,1,1,1,1,1,1,1,1,1,1,1,1,1,1,1,1,1,1,1,1,85,1,1,1,1,1,1,1,1,1,1,1,1,1,1
OTU_3063,1,1,1,1,1,1,1,1,1,1,1,1,1,1,1,1,1,1,1,1,1,1,1,1,1,1,1,1,1,1,1,1,1,1,1,1,1,1,1,1,1,1,1,1,1,1,1,1,1,1
OTU_3064,1,1,1,1,1,1,1,1,1,1,1,1,1,1,1,1,1,1,1,1,1,1,1,1,1,1,1,1,1,1,1,1,1,1,1,1,1,1,1,1,1,1,1,1,1,1,1,1,1,1
OTU_3065,1,9,12,15,1,2,11,2,1,1,1,5,107,1,33,44,1,146,60,77,5,79,1,1,10,1,6,15,13,1,37,17,1,3,6,1,6,1,1,1,31,1,153,1,2,17,1,3,1,1
OTU_3066,1,1,1,1,1,1,1,1,1,1,1,1,1,1,1,1,1,1,1,1,1,1,1,1,1,1,1,1,1,1,1,1,1,1,1,1,1,1,1,1,1,1,1,1,1,1,1,1,1,1
OTU_3067,3,7,3,55,306,10,44,58,3,7,2,54,25,13,1,11,23,48,130,16,15,14,5,25,2,3,586,1,5,290,97,2,14,18,147,85,105,46,28,288,1,21,2,17,91,209,99,5,1,13
OTU_3068,1,1,33,1,1,13,1,1,3,1,55,124,1,7,1,6,12,4,1,2,1,3,1,3,1,1,1,1,1,9,184,2,11,9,9,30,5,2,1,1,1,1,230,1,66,4,1,1,3,7
OTU_3069,1,1,1,1,1,1,1,1,1,1,1,1,1,1,1,1,1,1,1,1,1,1,1,1,1,1,1,1,1,1,1,1,1,1,1,1,1,1,1,1,1,1,1,1,1,1,1,1,1,1
OTU_3070,1,1,1,1,1,1,1,46,1,1,1,1,1,1,1,1,90,2,1,1,1,1,1,1,36,1,1,2,1,1,1,5,1,4,1,1,1,2,1,1,1,1,31,1,1,1,1,1,1,1
OTU_3071,1,1,1,1,1,1,1,1,1,1,1,1,1,1,1,1,1,1,1,1,1,1,1,1,1,1,1,1,1,1,1,1,1,1,1,1,1,1,1,1,1,1,1,1,1,1,1,1,1,1
OTU_3072,1,1,1,1,1,1,1,1,1,1,1,1,1,1,1,1,1,1,1,1,1,1,1,1,1,1,1,1,1,1,1,1,1,1,1,1,1,1,1,1,1,1,1,1,1,1,1,1,1,1
OTU_3073,17,1,1,1,1,5,231,92,2,1,2,88,1,1,1,1,1,9,1,1,3,1,1,13,1,1,1,9,1,1,1,119,172,1,23,1,39,1,1,1,31,88,3,2,1,2,1,1,1,1
OTU_3074,1,1,1,1,1,1,1,1,1,1,1,1,1,1,1,1,1,1,1,1,1,1,1,1,1,1,1,1,1,1,1,1,1,1,1,1,1,1,1,1,1,1,1,1,1,1,1,1,1,1
OTU_3075,1,48,20,3,1,1,2,21,1,14,499,1,5,1,1,51,1,1,1,1,3,1,1,1,1,3,1,1,1,1,150,45,1,1,1,1,1,1,1,4,3,1,1,329,1,2,3,47,4,1
OTU_3076,1,1,1,1,1,1,1,1,1,1,1,1,1,1,1,1,1,1,1,1,1,1,1,1,1,1,1,1,1,1,1,1,1,1,1,1,1,1,1,1,1,1,1,1,1,1,1,1,1,1
OTU_3077,1,1,1,1,1,1,1,1,1,1,1,1,1,1,1,1,1,1,1,1,1,1,1,1,1,1,1,1,1,1,1,1,1,1,1,1,1,1,1,1,1,1,1,1,1,1,1,1,1,1
OTU_3078,1,1,1,1,1,1,1,1,1,1,1,1,1,1,1,1,1,1,1,1,1,1,1,1,1,1,1,1,1,1,1,1,1,33,1,1,1,1,1,1,1,1,1,1,1,1,1,1,1,1
OTU_3079,1,1,1,1,1,1,1,1,1,1,1,2,1,1,1,1,1,2,1,1,1,1,1,1,1,1,1,1,1,1,1,1,23,1,1,1,1,1,1,1,1,187,1,1,1,1,1,1,1,1
OTU_3080,1,1,1,1,1,1,1,1,1,1,1,1,1,1,1,1,1,1,1,1,1,1,1,1,1,1,1,1,1,1,1,1,1,1,1,1,1,1,1,1,1,1,1,1,1,1,1,1,1,1
OTU_3081,1,1,1,1,1,1,1,1,1,1,1,1,1,1,1,1,1,1,1,1,1,1,1,1,1,1,1,1,1,1,1,1,1,1,1,1,1,1,1,1,1,1,1,1,1,1,1,1,1,1
OTU_3082,6,1,1,3,41,1,7,11,17,40,46,2,24,180,338,81,60,91,24,19,5,1,147,36,1,3,143,7,128,4,1,2,1,33,4,3,111,7,4,11,115,3,1,93,1,43,1,43,19,71
OTU_3083,1,1,1,1,1,1,1,1,1,1,1,1,1,1,1,1,1,1,1,1,1,1,1,1,1,1,1,1,1,1,1,1,1,1,1,1,1,1,1,1,1,1,1,1,1,1,1,1,1,1
OTU_3084,230,1,62,29,102,34,211,41,5,32,71,2,79,56,40,128,80,178,8,4,274,8,26,169,1,17,647,5,237,268,3,9,2,103,56,108,190,61,4,190,86,7,126,53,144,38,37,65,161,667
OTU_3085,1,1,1,1,1,1,1,1,1,1,1,1,1,1,1,1,1,1,1,1,1,1,1,1,1,1,1,1,1,1,1,1,1,1,1,1,1,1,1,1,1,1,1,1,1,1,1,1,1,1
OTU_3086,1,1,1,1,1,1,1,1,1,1,1,1,1,1,1,1,1,1,1,1,1,1,1,1,1,1,1,1,1,1,1,1,1,1,1,1,1,1,1,1,1,1,1,1,1,1,1,1,1,1
OTU_3087,1,1,1,1,1,1,1,1,1,1,1,1,1,1,1,1,1,1,1,1,1,1,1,1,1,1,1,1,1,1,1,1,1,1,1,1,1,1,1,1,1,1,1,1,1,1,1,1,1,1
OTU_3088,1,1,1,1,1,1,1,1,1,1,1,1,1,1,1,1,1,1,1,1,1,1,1,1,1,1,1,1,1,1,1,1,1,1,1,1,1,1,1,1,1,1,1,1,1,1,1,1,1,1
OTU_3089,123,634,496,278,724,68,68,35,19,109,271,397,143,47,152,55,219,401,268,375,61,42,97,159,304,80,98,177,763,290,90,96,99,5,338,156,144,199,450,74,146,602,174,252,161,385,69,76,344,136
OTU_3090,4,19,56,315,12,74,72,89,149,127,79,24,67,217,75,214,10,69,74,130,13,107,4,140,88,235,3,28,85,54,230,10,17,5,104,143,13,88,73,6,22,10,71,28,41,30,28,230,341,125
OTU_3091,1,1,1,1,153,2,1,1,1,1,1,1,1,131,1,1,1,1,1,1,1,1,1,2,1,1,1,17,1,1,1,1,1,1,1,1,1,1,1,1,1,1,1,2,1,1,1,11,1,1
OTU_3092,1,2,1,1,1,1,1,1,1,1,1,1,1,1,1,1,1,39,1,1,1,1,2,1,1,1,3,1,1,1,6,24,2,1,1,1,1,1,1,1,1,1,1,1,1,1,1,2,1,1
OTU_3093,50,1,8,5,19,27,2,1,12,6,1,5,6,1,1,6,112,98,1,1,18,6,1,1,1,193,1,5,4,1,271,1,2,24,1,24,2,18,1,73,5,31,4,1,77,2,8,3,28,23
OTU_3094,1,1,1,1,1,1,1,1,1,1,1,1,1,1,1,1,1,1,1,1,1,1,1,1,1,1,1,1,1,1,1,1,1,1,1,1,1,1,1,1,1,1,1,1,1,1,1,1,1,1
OTU_3095,1,1,1,1,1,1,1,1,1,1,1,1,1,1,1,1,1,1,1,1,1,1,1,1,1,1,1,1,1,1,1,1,1,1,1,1,1,1,1,1,1,1,1,1,1,69,1,1,1,1
OTU_3096,1,1,1,1,1,1,1,1,1,1,1,1,1,1,1,1,1,1,1,1,1,1,1,1,1,1,1,1,1,1,1,1,1,1,1,1,1,1,1,1,1,1,1,1,1,1,1,1,1,1
OTU_3097,1,1,1,1,1,1,1,1,1,1,1,1,1,1,1,1,1,1,1,1,1,1,1,1,1,1,1,1,1,1,1,1,1,1,1,1,1,1,1,1,1,1,1,1,1,1,1,1,1,1
OTU_3098,1,1,1,1,1,1,1,1,1,1,1,1,1,1,1,1,1,1,1,1,1,1,1,1,1,1,1,1,1,1,1,1,1,1,1,1,1,1,1,1,1,1,1,1,1,1,1,1,1,1
OTU_3099,1,1,1,1,1,1,1,1,1,1,1,1,1,1,1,1,1,1,1,1,1,1,1,1,1,1,1,1,1,1,1,1,1,1,1,1,1,1,1,1,1,1,1,1,1,1,1,1,1,1
OTU_3100,1,1,1,1,1,1,1,1,1,1,1,1,1,1,1,1,1,1,1,1,1,1,1,1,1,1,1,1,1,1,1,1,1,1,1,1,1,4,1,1,1,1,1,1,1,1,1,1,1,1
OTU_3101,12,8,18,54,37,117,6,29,11,26,57,24,243,364,159,10,2,1,69,38,3,2,16,6,5,19,20,347,19,30,7,4,1,4,24,3,1,492,43,22,5,44,216,226,16,82,10,26,7,2
OTU_3102,1,1,1,1,1,1,1,1,1,1,1,1,1,1,1,1,1,1,1,1,1,1,1,1,1,1,1,1,1,1,1,1,1,1,1,1,1,1,1,1,1,1,1,1,1,1,1,1,1,1
OTU_3103,1,1,1,1,1,1,1,1,1,1,1,1,1,1,1,1,1,1,1,1,1,1,1,1,1,1,1,1,1,1,1,1,1,1,1,1,1,1,1,1,1,1,1,1,1,1,1,1,1,1
OTU_3104,1,1,1,1,1,1,1,1,1,1,1,1,1,1,1,1,1,1,1,1,1,1,1,1,1,1,1,1,1,1,1,1,1,1,1,1,1,1,1,1,1,1,1,1,1,1,1,1,1,1
OTU_3105,1,1,1,1,1,1,1,1,1,1,1,1,1,1,1,1,1,1,1,1,1,1,1,1,1,1,1,1,1,1,1,1,1,1,1,1,1,1,1,1,1,1,1,1,1,1,1,1,1,1
OTU_3106,1,1,1,1,1,1,1,1,1,1,1,1,1,1,1,1,1,1,1,1,1,1,1,1,1,1,1,1,1,1,1,1,1,1,1,1,1,1,1,1,1,1,1,1,1,1,1,1,1,1
OTU_3107,1,1,1,1,1,1,1,1,1,1,1,1,1,1,1,1,1,1,1,1,1,1,1,1,1,1,1,1,1,1,1,1,1,1,1,1,1,1,1,1,1,1,1,1,1,1,1,1,1,1
OTU_3108,1,1,1,1,1,1,1,1,1,1,1,1,1,1,1,1,1,1,1,1,1,1,1,1,1,1,1,1,1,1,1,1,1,1,1,1,1,1,1,1,1,1,1,1,1,1,1,1,1,1
OTU_3109,1,1,1,1,1,1,1,1,1,1,1,1,1,1,1,1,1,1,1,1,1,1,1,1,1,1,1,1,1,1,1,1,1,1,1,1,1,1,1,1,1,1,1,1,1,1,1,1,1,1
OTU_3110,1,1,1,1,1,1,1,1,1,1,1,1,1,1,1,1,1,1,1,1,1,1,1,1,1,1,1,1,1,1,1,1,1,1,1,1,1,1,1,1,1,1,1,1,1,1,1,1,1,1
OTU_3111,1,1,1,1,1,1,1,1,1,1,1,1,1,1,1,1,1,1,1,1,1,1,1,1,1,1,1,1,1,1,1,1,1,1,1,1,1,1,1,1,1,1,1,1,1,1,1,1,1,1
OTU_3112,1,1,1,1,1,1,1,1,1,1,1,1,1,1,1,1,1,1,1,1,1,1,1,1,1,1,1,1,1,1,1,1,1,1,1,1,1,1,1,1,1,1,1,1,1,1,1,1,1,1
OTU_3113,1,1,1,1,9,5,1,1,1,1,8,1,1,33,1,1,1,1,1,1,1,1,1,1,1,1,1,1,1,1,16,1,7,1,1,3,1,1,1,1,1,1,1,1,3,1,1,1,9,1
OTU_3114,1,1,1,1,1,1,1,1,1,1,1,1,1,1,1,1,1,1,1,1,1,1,1,1,1,1,1,1,1,1,1,1,1,1,1,1,1,1,1,1,1,1,1,1,1,1,1,1,1,1
OTU_3115,1,6,1,1,1,13,1,1,1,1,1,1,1,1,1,1,52,6,4,1,1,1,1,1,1,1,1,1,1,1,3,1,1,3,1,1,1,1,2,1,1,1,18,1,1,1,1,31,1,1
OTU_3116,1,1,1,1,1,1,1,1,1,1,1,1,1,1,1,1,1,1,1,1,1,1,1,1,1,1,1,1,1,1,1,1,1,1,1,1,1,1,1,1,1,1,1,1,1,1,1,1,1,1
OTU_3117,1,1,1,1,1,1,1,1,1,1,1,1,1,1,1,1,1,1,1,1,1,1,1,1,1,1,1,1,1,1,1,1,1,1,1,1,1,1,1,1,1,1,1,1,1,8,1,1,1,1
OTU_3118,1,1,1,1,1,1,1,1,1,1,1,1,1,1,1,1,1,1,1,1,1,1,1,1,1,1,1,1,1,1,1,1,1,1,1,1,1,1,1,1,1,1,1,1,1,1,1,1,1,1
OTU_3119,1,1,1,1,1,1,1,1,14,1,1,1,1,1,1,1,2,1,1,1,1,1,1,44,2,1,1,1,1,1,1,1,1,1,1,1,2,1,1,5,1,1,1,1,1,1,1,1,1,1
OTU_3120,1,1,1,1,1,1,1,1,1,1,1,1,1,1,1,1,1,1,1,1,3,1,1,1,1,3,1,1,1,1,1,1,1,1,1,1,1,1,1,1,1,1,1,1,1,1,1,1,1,1
OTU_3121,1,1,1,1,1,1,1,1,1,1,1,1,1,1,1,1,1,1,1,1,1,1,1,1,1,1,1,1,1,1,1,1,1,1,1,1,1,1,1,1,1,1,1,1,1,1,1,1,1,1
OTU_3122,1,3,23,1,1,1,15,4,3,83,1,136,1,34,73,65,1,6,24,118,2,85,25,6,13,42,1,168,86,4,50,1,19,1,1,1,1,31,6,85,1,1,42,1,1,24,1,1,1,1
OTU_3123,1,51,1,1,1,1,5,1,1,1,1,56,1,1,1,1,1,1,2,4,1,1,1,1,1,1,1,1,1,1,3,1,1,1,1,1,1,1,1,16,1,2,4,1,1,1,1,25,1,1
OTU_3124,1,1,1,28,1,4,1,1,1,1,2,27,1,1,1,1,1,1,3,7,1,46,1,48,22,1,19,1,1,1,13,1,21,47,127,6,9,67,5,1,1,1,1,1,1,7,11,1,1,1
OTU_3125,1,1,1,1,1,1,1,1,1,1,1,1,1,1,1,1,1,1,1,1,1,1,1,1,1,1,1,1,1,1,1,1,1,1,1,1,1,1,1,1,1,1,1,1,1,1,1,1,1,1
OTU_3126,1,1,1,1,1,1,1,1,1,1,1,1,1,1,1,2,1,1,1,1,1,1,1,1,1,1,1,1,1,1,1,1,1,1,1,1,1,1,4,1,1,1,1,1,1,1,32,1,1,1
OTU_3127,1,2,1,8,1,2,1,2,1,1,1,4,5,43,1,2,9,1,28,106,139,1,1,1,2,1,1,1,66,125,1,1,1,38,4,1,1,33,37,100,1,2,1,1,42,1,73,84,1,1
OTU_3128,1,1,1,1,1,1,1,1,1,1,1,1,1,1,1,1,1,1,1,1,1,1,1,1,1,1,1,1,1,1,1,1,1,1,1,1,1,1,1,1,1,1,1,1,1,1,1,1,1,1
OTU_3129,1,1,1,1,1,1,1,1,1,1,1,1,1,1,1,1,1,1,1,1,1,1,1,1,1,1,1,1,1,1,1,1,1,1,1,1,1,1,1,1,1,1,1,1,1,1,1,1,1,1
OTU_3130,1,1,1,1,1,1,1,1,1,1,1,1,1,1,1,1,1,1,1,1,1,1,1,1,1,1,1,1,1,1,1,1,1,1,1,1,1,1,1,1,1,1,1,1,1,1,1,1,1,1
OTU_3131,1,1,1,10,1,7,3,4,1,1,1,10,1,1,1,1,1,1,1,1,1,1,1,40,1,1,6,2,1,2,101,1,125,1,1,1,1,1,1,2,1,1,3,1,29,1,1,1,1,82
OTU_3132,1,1,1,1,1,1,1,1,1,1,1,1,1,1,1,1,1,1,1,1,1,1,1,1,1,1,1,1,1,1,1,1,1,1,1,1,1,1,1,1,1,1,1,1,1,1,1,1,1,1
OTU_3133,1,1,1,1,1,1,1,1,1,1,1,1,1,1,1,1,1,1,1,1,1,1,1,1,1,1,1,1,1,1,1,1,1,1,1,1,1,1,1,1,1,1,1,1,1,1,1,1,1,1
OTU_3134,1,1,1,1,1,1,1,1,1,1,1,1,1,1,1,1,1,1,1,1,1,1,1,1,1,1,1,1,1,1,1,1,1,1,1,1,1,1,1,1,1,1,1,1,1,1,1,1,1,1
OTU_3135,1,1,1,1,1,1,1,1,1,1,1,1,1,1,1,1,1,1,1,1,1,1,1,1,1,1,1,1,1,1,1,1,1,1,1,1,1,1,1,1,1,1,1,1,1,1,1,1,1,1
OTU_3136,653,816,240,647,395,106,630,344,618,1276,308,386,87,232,294,317,863,284,92,292,394,237,358,726,775,265,558,284,172,76,664,409,207,674,283,351,439,417,723,219,262,249,495,1081,204,141,331,549,452,198
OTU_3137,1,1,1,1,1,1,1,1,1,14,1,1,1,1,1,1,1,1,1,1,1,1,1,1,1,1,1,1,1,1,1,1,1,2,1,1,1,1,1,1,1,1,1,1,1,1,1,1,1,1
OTU_3138,1,1,1,1,1,1,1,1,1,1,1,1,1,1,1,1,1,1,1,1,1,1,1,1,1,1,1,1,1,1,1,1,1,1,1,1,1,1,1,1,1,1,1,1,1,1,1,1,1,1
OTU_3139,1,1,1,1,1,1,1,1,1,1,1,1,1,1,1,1,1,1,1,1,1,1,1,1,1,1,1,1,1,1,1,1,1,1,1,1,1,1,1,1,1,1,1,1,1,1,1,1,1,1
OTU_3140,1,1,1,1,1,1,1,1,1,1,1,1,1,1,1,1,1,1,1,1,1,1,1,1,10,1,1,1,1,1,1,1,1,1,1,1,12,8,11,1,1,1,1,1,1,1,1,1,1,1
OTU_3141,1,1,1,1,5,1,1,1,1,1,70,1,1,70,2,1,1,1,1,1,1,1,1,1,1,10,1,1,1,1,1,1,1,1,1,1,1,1,1,1,1,1,1,1,1,1,1,1,1,1
OTU_3142,7,1,3,293,108,21,17,417,44,79,4,13,1,6,5,180,4,2,12,47,167,118,18,106,11,1,29,127,16,13,16,188,1,1,19,112,148,113,20,5,1,4,22,1,22,40,2,8,14,90
OTU_3143,1,1,1,1,1,1,1,1,1,1,1,1,1,1,1,1,1,1,1,1,1,1,1,1,1,1,1,1,1,1,1,1,1,1,1,1,1,1,1,1,1,1,1,1,1,1,1,1,1,1
OTU_3144,12,53,46,17,11,1,10,86,11,36,91,11,52,5,19,381,50,233,64,107,423,72,21,15,86,41,6,10,214,83,62,63,14,2,424,5,106,82,56,38,98,15,254,3,197,40,263,44,35,259
OTU_3145,1,1,1,1,1,1,1,1,1,1,1,1,1,1,1,1,1,1,1,1,1,1,1,1,1,1,1,1,1,1,1,1,1,1,1,1,1,1,1,1,1,1,1,1,1,1,1,1,1,1
OTU_3146,1,7,1,1,1,1,36,1,3,3,1,1,1,1,1,1,1,1,1,1,1,1,1,1,1,7,1,1,1,1,1,1,1,1,1,1,1,1,1,1,1,1,1,1,1,1,1,1,1,1
OTU_3147,1,1,1,1,1,1,1,1,1,1,1,1,1,1,1,1,1,1,1,1,1,1,1,1,1,1,1,1,1,1,1,1,1,1,1,1,1,1,1,1,1,1,1,1,1,1,1,1,1,1
OTU_3148,1,1,26,1,2,1,1,1,26,1,27,23,1,1,1,1,1,1,1,1,6,1,1,1,1,1,1,44,1,7,48,1,1,73,1,4,1,1,1,10,1,1,2,1,3,1,6,15,1,1
OTU_3149,1,33,1,1,86,3,72,2,1,1,1,1,21,424,1,14,1,2,1,10,1,1,1,1,1,1,1,1,1,3,1,1,2,1,1,1,17,1,5,18,45,1,3,17,1,15,2,1,1,3
OTU_3150,1,1,1,1,1,1,1,1,1,1,1,1,1,1,1,1,1,1,1,1,1,1,1,1,1,1,1,1,1,1,1,1,1,1,1,1,1,1,1,1,1,1,1,1,1,1,1,1,1,1
OTU_3151,1,1,1,1,1,1,1,1,1,1,1,1,1,1,1,1,1,1,1,2,1,1,54,1,1,1,1,1,1,114,1,1,1,1,1,1,1,1,13,1,1,1,1,1,1,1,1,1,1,1
OTU_3152,1,1,1,1,1,1,1,1,1,1,1,1,1,1,1,1,1,1,1,1,1,1,1,1,1,1,1,1,1,1,1,1,1,1,1,1,1,1,1,1,1,1,1,1,1,1,1,1,1,1
OTU_3153,1,1,1,1,1,1,1,1,1,1,1,1,1,1,1,1,1,1,1,1,1,1,1,1,1,1,1,1,1,1,1,1,1,10,1,1,1,1,1,1,1,1,1,1,1,1,1,1,1,1
OTU_3154,1,1,1,1,1,1,1,1,1,1,1,1,1,1,1,1,1,1,1,1,1,1,1,1,1,1,1,1,1,1,1,1,1,1,1,1,1,1,1,1,1,1,1,1,1,1,1,1,1,1
OTU_3155,1,1,1,1,1,1,1,1,1,1,1,1,1,1,1,1,1,1,1,1,1,1,1,1,1,1,1,1,1,1,1,1,1,1,1,1,1,1,1,1,1,1,1,1,1,1,1,1,1,1
OTU_3156,1,1,1,1,1,1,1,1,1,644,1,1,1,1,1,1,1,1,63,1,1,1,1,1,4,1,1,1,1,1,2,1,1,1,32,1,1,1,3,1,1,1,1,1,1,1,1,1,1,1
OTU_3157,1,1,1,1,1,1,1,1,1,1,1,1,1,1,1,1,1,1,1,1,1,1,1,1,1,1,1,1,1,1,1,1,1,1,1,1,1,1,1,1,1,1,1,1,1,1,1,1,1,1
OTU_3158,1,1,1,1,1,1,1,1,1,1,1,1,1,1,1,1,1,1,1,1,1,1,1,1,1,1,1,1,1,1,1,1,1,1,1,1,1,1,1,1,1,1,1,1,1,1,1,1,1,1
OTU_3159,1,1,1,1,1,1,1,1,1,1,1,1,1,1,1,1,1,1,1,1,1,1,1,1,1,1,1,1,1,1,1,1,1,1,1,1,1,1,1,1,1,1,1,1,1,1,1,1,1,1
OTU_3160,1,1,1,1,1,1,1,1,1,1,1,1,1,1,1,1,1,1,1,1,1,1,1,1,1,1,1,1,1,1,1,1,1,1,1,1,1,1,1,1,1,1,1,1,1,1,1,1,1,1
OTU_3161,1,1,1,1,1,1,1,1,1,1,1,1,1,1,1,1,1,1,1,1,1,1,1,1,1,1,1,1,1,1,1,1,1,1,1,1,1,1,1,1,1,1,1,1,1,1,1,1,1,1
OTU_3162,1,1,1,1,1,1,1,1,1,1,1,1,1,1,1,1,1,1,1,1,1,1,1,1,1,1,1,1,1,1,1,1,1,1,1,1,1,1,1,1,1,1,1,1,1,1,1,1,1,1
OTU_3163,7,1,46,1,1,1,35,1,134,147,1,1,2,1,3,16,3,4,1,1,1,2,12,1,1,1,2,2,1,22,2,1,3,1,9,19,19,1,27,2,1,1,1,1,101,1,1,1,6,11
OTU_3164,1,1,1,1,1,1,1,1,1,1,1,1,1,1,1,1,1,1,1,1,1,1,1,1,1,1,1,1,1,1,1,1,1,1,1,1,1,1,1,1,1,1,1,1,1,1,1,1,1,1
OTU_3165,1,1,1,1,1,1,1,1,1,1,1,1,1,1,1,1,1,1,1,1,1,1,1,1,1,1,1,1,1,1,1,1,1,1,1,1,1,1,1,1,1,1,1,1,1,1,1,1,1,1
OTU_3166,1,1,1,1,1,1,1,1,1,1,1,1,1,1,1,1,1,1,1,1,1,1,1,1,1,1,1,1,1,1,1,1,1,1,1,1,1,1,1,1,1,1,1,1,1,1,1,1,1,1
OTU_3167,1,1,1,1,1,1,1,1,1,1,1,1,1,1,1,1,1,1,1,1,1,1,1,1,1,1,1,1,1,1,1,1,1,1,1,1,1,1,1,1,1,1,1,1,1,1,1,1,1,1
OTU_3168,1,1,1,1,1,1,1,1,1,1,1,1,1,1,1,1,1,1,1,1,1,1,1,1,1,1,1,1,1,1,1,1,1,1,1,1,1,1,1,1,1,1,1,1,1,1,1,1,1,1
OTU_3169,1,1,1,1,1,1,1,1,1,1,1,1,1,1,1,1,1,1,1,1,1,1,1,1,1,1,1,1,1,1,1,1,1,1,1,1,1,1,1,1,1,1,1,1,1,1,1,1,1,1
OTU_3170,1,1,1,1,1,1,1,1,1,1,1,1,1,1,1,1,1,1,1,1,1,1,1,1,1,1,1,1,1,1,1,1,1,1,1,1,1,1,1,1,1,1,1,1,1,1,1,1,1,1
OTU_3171,1,1,1,1,1,1,1,1,1,1,1,1,1,1,1,1,1,1,1,1,1,1,1,1,1,1,1,1,1,1,1,1,1,1,1,1,1,1,1,1,1,1,1,1,1,1,1,1,1,1
OTU_3172,1,1,1,1,1,1,1,1,1,29,1,1,1,1,1,1,3,1,1,1,1,1,1,1,1,1,1,5,1,1,6,1,1,5,1,1,1,92,1,1,32,1,40,1,1,1,1,1,1,320
OTU_3173,1,1,1,1,1,1,1,1,1,1,1,1,1,1,1,1,1,1,1,1,1,1,1,1,1,1,1,1,1,1,1,1,1,1,1,1,1,1,1,1,1,1,1,1,1,1,1,1,1,1
OTU_3174,1,1,1,1,1,1,1,1,1,1,1,1,1,1,1,1,1,1,1,1,1,1,1,1,1,1,1,1,1,1,1,1,1,1,1,1,1,1,1,1,1,1,1,1,1,1,1,1,1,1
OTU_3175,1,1,1,1,1,1,1,1,1,1,1,1,1,1,1,1,1,1,1,1,1,1,1,1,1,1,1,1,1,1,1,1,1,1,1,1,1,1,1,1,1,1,1,1,1,1,1,1,1,1
OTU_3176,1,1,1,1,1,1,1,1,1,1,1,1,1,1,1,1,1,1,1,1,1,1,1,1,1,1,1,1,1,1,1,1,1,1,1,1,1,1,1,1,1,1,1,1,1,1,1,1,1,1
OTU_3177,45,22,2,2,1,5,3,1,1,2,1,34,1,1,9,105,93,1,68,134,2,1,1,1,1,7,59,319,1,1,27,7,3,69,8,9,1,1,3,6,1,1,1,38,2,2,1,63,1,1
OTU_3178,1,1,1,1,1,1,1,1,1,1,1,1,1,1,1,1,1,2,1,1,1,1,1,1,1,1,1,1,1,1,1,1,1,1,1,1,1,1,1,1,1,1,1,1,1,1,1,1,1,1
OTU_3179,1,1,1,1,1,1,1,1,1,1,1,1,1,1,1,1,1,1,1,1,1,1,18,1,1,1,7,1,1,1,1,1,1,1,1,1,1,1,1,1,1,1,1,1,1,1,1,1,1,1
OTU_3180,1,1,1,1,1,1,1,1,1,1,1,1,1,1,1,1,1,1,1,1,1,1,1,1,1,1,1,1,1,1,1,1,1,1,1,1,1,1,1,1,1,1,1,1,1,1,1,1,1,48
OTU_3181,1,1,1,6,1,54,1,2,1,1,1,1,52,1,1,1,1,7,15,109,1,2,1,1,68,1,66,1,42,1,1,1,1,50,1,1,1,3,1,1,2,81,1,1,1,1,1,1,1,38
OTU_3182,1,1,1,7,1,1,1,3,1,1,1,1,1,1,1,1,1,1,5,1,1,1,2,1,63,1,1,93,1,1,1,1,1,1,1,1,1,1,1,1,1,1,1,1,1,1,12,1,1,4
OTU_3183,1,1,1,1,1,1,1,1,1,1,1,1,1,1,1,1,1,1,1,1,1,1,1,1,1,1,1,1,1,1,1,1,1,1,1,1,1,1,1,1,1,1,1,1,1,1,1,1,1,1
OTU_3184,1,1,1,1,1,1,1,1,1,1,1,1,1,1,1,1,1,1,1,1,1,1,1,1,1,1,1,1,1,1,1,1,1,1,1,1,1,1,1,1,1,1,2,1,1,1,1,1,1,1
OTU_3185,1,1,1,1,1,1,1,1,1,1,1,1,1,1,1,1,1,1,1,1,1,1,1,1,1,1,1,1,1,1,1,1,1,1,1,1,1,1,1,1,1,1,1,1,1,1,1,1,1,1
OTU_3186,1,1,1,1,1,1,1,1,1,1,1,1,1,1,1,1,1,1,1,1,1,1,1,1,1,1,1,1,1,1,1,1,1,1,1,1,1,1,1,1,1,1,1,1,1,1,1,1,1,1
OTU_3187,1,1,1,1,1,1,1,1,1,1,1,1,1,1,1,1,1,1,1,1,1,1,1,1,1,1,1,1,1,1,1,1,1,1,1,1,1,1,1,1,1,1,1,1,1,1,1,1,1,1
OTU_3188,1,1,1,1,1,1,27,1,1,1,1,1,1,1,59,1,1,1,1,53,1,1,1,53,1,1,1,1,1,1,1,1,2,1,1,1,5,1,1,18,1,1,1,1,1,1,1,1,1,1
OTU_3189,83,5,2,19,20,16,11,31,29,3,50,3,13,1,2,134,100,25,38,10,1,4,32,35,51,3,24,29,5,5,147,15,92,1,1,2,13,1,13,3,41,1,10,15,84,11,2,33,71,1
OTU_3190,6,21,1,15,1,1,80,1,7,245,1,13,87,2,9,72,1,48,1,2,19,1,245,1,1,1,3,31,18,1,6,1,135,1,1,18,1,1,1,1,1,1,2,12,44,1,1,37,1,59
OTU_3191,1,1,1,1,1,1,1,1,1,1,1,1,1,1,1,1,1,1,1,1,1,1,1,1,1,1,1,1,1,1,1,1,1,1,1,1,1,1,1,1,1,1,1,1,1,1,1,97,1,1
OTU_3192,1,1,1,1,1,1,1,1,1,1,1,1,4,1,1,1,1,1,1,1,1,1,1,1,1,1,1,1,1,1,1,1,1,1,1,1,1,1,1,1,1,1,1,1,1,1,1,1,1,1
OTU_3193,1,1,1,1,1,1,1,1,1,1,1,1,1,1,1,1,1,1,1,1,1,1,1,1,1,1,1,1,1,1,1,1,1,1,1,1,1,1,1,1,1,1,1,1,1,1,1,1,1,1
OTU_3194,1,1,1,1,29,1,1,7,1,1,1,1,46,1,1,1,4,1,38,45,295,1,1,1,1,1,1,187,1,1,1,1,1,2,1,1,1,1,1,1,1,1,1,1,1,17,1,26,1,1
OTU_3195,51,25,1316,13,48,522,173,38,70,129,325,273,691,214,167,194,165,59,66,144,364,40,491,19,324,100,252,56,495,223,118,69,110,182,455,183,83,62,44,513,475,174,169,871,116,40,60,176,167,25
OTU_3196,1,1,1,1,1,1,1,1,1,1,1,1,1,1,1,1,1,1,1,1,1,1,1,1,1,1,1,1,1,1,1,1,1,1,1,1,1,1,1,1,1,1,1,1,1,1,1,1,1,1
OTU_3197,21,126,1,1,1,1,1,1,3,1,1,1,1,1,1,1,1,186,1,1,1,1,1,1,1,1,2,2,29,1,1,1,1,2,1,1,3,1,1,15,1,1,1,1,1,1,1,1,1,1
OTU_3198,282,23,2,1,122,129,1,105,32,6,99,408,92,55,22,15,203,18,102,145,264,6,60,8,10,103,36,5,98,48,95,1,120,19,3,49,318,33,76,93,163,29,84,225,76,245,91,86,5,9
OTU_3199,1,1,1,1,1,1,1,1,1,1,1,1,1,1,1,1,1,1,1,1,1,1,1,1,1,1,1,1,1,1,2,1,1,1,1,1,1,1,1,1,1,1,1,1,1,1,1,1,1,1
OTU_3200,39,1,12,1,8,1,206,1,2,1,71,3,2,26,23,1,4,25,1,1,44,1,106,14,1,13,2,5,1,260,17,1,22,57,62,1,1,6,1,1,12,1,1,4,367,1,1,105,1,1
OTU_3201,1,1,1,1,1,1,1,1,1,1,1,1,1,1,1,1,1,1,1,1,1,1,1,1,1,1,1,1,1,1,1,1,1,1,1,1,1,1,1,1,1,1,1,1,1,1,1,1,1,1
OTU_3202,1,1,1,1,1,1,1,1,1,1,1,1,1,1,1,1,1,1,1,1,1,1,1,1,1,1,1,1,1,1,1,1,1,1,1,1,1,1,1,1,1,1,1,1,1,1,1,1,1,1
OTU_3203,1,1,1,1,1,1,1,1,1,1,1,1,1,1,1,1,1,1,1,1,1,1,1,1,1,1,1,1,1,1,1,1,1,1,1,1,1,1,1,1,1,1,1,1,1,1,1,1,1,1
OTU_3204,1,1,1,1,1,1,1,1,1,1,1,21,1,1,80,1,1,1,1,7,1,1,1,1,1,1,1,1,1,1,11,1,4,44,1,1,5,1,1,1,1,1,1,1,1,1,1,2,1,1
OTU_3205,1,1,1,1,1,1,1,1,1,1,1,1,1,1,1,1,1,1,1,1,1,1,1,1,1,1,1,1,1,1,1,1,1,1,1,1,1,1,1,1,1,1,1,1,1,1,1,1,1,1
OTU_3206,1,1,1,1,1,5,2,1,23,109,28,1,1,109,1,1,1,1,15,262,24,3,2,1,1,23,1,1,14,38,16,1,5,1,4,1,1,1,1,1,4,2,21,9,1,1,3,1,1,1
OTU_3207,1,1,1,1,1,1,1,1,5,1,1,1,1,255,1,1,1,1,1,1,1,1,1,1,1,1,1,1,1,1,1,1,1,1,1,1,1,1,1,1,1,1,1,1,1,1,1,1,1,1
OTU_3208,1,1,1,1,1,1,1,1,1,1,1,1,1,1,1,1,1,1,1,1,1,1,1,1,1,1,1,1,1,1,1,1,1,1,1,1,1,1,1,1,1,1,1,1,1,1,1,1,1,1
OTU_3209,1,1,1,1,1,1,1,1,1,1,1,1,1,1,1,1,1,1,1,1,1,1,1,1,1,1,1,1,1,1,1,1,1,1,1,1,1,1,1,1,1,1,1,1,1,1,1,1,1,1
OTU_3210,1,1,1,1,1,1,1,1,1,1,1,1,1,1,1,1,1,1,1,1,1,1,1,1,1,1,1,1,1,1,1,1,1,1,1,1,1,1,1,1,1,1,1,1,1,1,1,1,1,1
OTU_3211,1,1,1,1,1,1,1,1,1,1,1,1,1,1,1,1,1,1,1,1,1,1,1,1,1,1,1,1,1,1,1,1,1,1,1,1,1,1,1,1,1,1,1,1,1,1,1,1,1,1
OTU_3212,83,107,29,123,178,41,172,127,41,92,335,26,121,31,388,13,227,72,35,342,284,319,28,5,54,215,268,308,109,24,121,11,887,31,108,32,38,294,11,36,144,60,138,13,65,35,254,666,232,332
OTU_3213,1,1,1,1,1,1,1,1,1,1,1,1,1,1,1,1,1,1,1,1,1,1,1,1,1,1,1,1,1,1,1,1,1,1,1,1,1,1,1,1,1,1,1,1,1,1,1,1,1,1
OTU_3214,5,6,53,21,2,29,128,61,109,13,1,96,115,10,2,1,50,852,67,43,1,2,42,1,18,54,67,28,1,13,197,72,1,1,14,16,48,37,1,33,8,1,2,2,1,1,1,1,39,1
OTU_3215,2,38,372,278,25,15,123,137,3,281,22,98,44,19,106,16,17,30,86,214,78,378,42,4,28,1,87,11,249,24,283,20,138,131,147,24,19,172,2,108,170,20,16,102,85,29,3,27,95,331
OTU_3216,1,1,1,1,1,1,1,1,1,1,1,1,1,1,1,1,1,1,1,1,1,1,1,1,1,1,1,1,1,1,1,1,1,1,1,1,1,1,1,1,1,1,1,1,1,1,1,1,1,1
OTU_3217,1,1,1,1,1,1,1,1,1,1,1,1,1,1,1,1,1,1,1,1,1,1,1,1,1,1,1,1,1,1,1,1,1,1,1,1,1,1,1,1,1,1,1,1,1,1,1,1,1,1
OTU_3218,1,1,1,1,1,1,1,1,1,1,1,1,1,1,1,1,1,1,1,1,1,1,1,1,1,1,1,1,1,1,1,1,1,1,1,1,1,1,1,1,1,1,1,1,1,1,1,1,1,1
OTU_3219,1,1,1,1,1,1,1,1,1,1,1,1,1,1,1,1,1,1,1,1,1,1,1,1,1,1,1,1,1,1,1,1,1,1,1,1,1,1,1,1,1,1,1,1,1,1,1,1,1,1
OTU_3220,1,1,1,1,1,1,1,1,1,1,1,1,1,1,1,1,1,1,1,1,1,1,1,1,1,1,1,1,1,1,1,1,1,1,1,1,1,1,1,1,1,1,1,1,1,1,1,1,1,1
OTU_3221,1,1,1,1,1,1,1,1,1,1,1,1,1,1,1,1,1,1,1,1,1,1,1,1,1,1,1,1,1,1,1,1,1,1,1,1,1,1,1,1,1,1,1,1,1,1,1,1,1,1
OTU_3222,1,1,1,1,1,1,1,1,1,1,1,1,1,1,1,1,1,1,1,1,1,1,1,1,1,1,1,1,1,1,1,1,1,1,1,1,1,1,1,1,1,1,1,1,1,1,1,1,1,1
OTU_3223,1,1,1,1,1,35,1,1,1,1,1,1,1,1,1,1,1,1,1,1,1,1,1,1,1,1,48,5,1,1,23,1,1,1,36,1,1,1,1,1,1,1,1,1,1,1,1,1,1,1
OTU_3224,1,1,1,1,1,1,1,1,1,1,1,1,4,1,1,1,1,1,1,1,1,1,1,1,1,1,1,1,1,43,1,1,1,1,1,1,1,1,1,1,1,1,1,1,1,1,1,1,1,1
OTU_3225,1,1,1,1,1,1,1,1,1,1,1,1,1,1,1,1,1,1,1,1,1,1,1,1,1,1,1,1,1,1,1,1,1,1,1,1,1,1,1,1,1,1,1,1,1,1,1,1,1,1
OTU_3226,1,1,1,1,1,1,1,1,1,1,1,1,1,1,1,1,1,1,1,1,1,1,1,1,1,1,1,1,1,1,1,1,1,1,1,1,1,1,1,1,1,1,1,1,1,1,1,1,1,1
OTU_3227,1,1,1,1,1,1,1,1,1,1,1,1,1,1,1,1,1,1,1,1,1,1,1,1,1,1,1,1,1,1,1,1,1,1,1,1,1,1,1,1,1,1,1,1,1,1,1,1,1,1
OTU_3228,163,427,86,94,480,45,121,47,220,160,744,43,96,33,60,258,309,246,35,271,27,111,119,38,34,37,202,36,8,64,63,4,47,235,70,59,55,534,120,149,607,296,314,47,805,18,11,78,251,225
OTU_3229,1,1,1,1,1,1,1,1,1,1,1,1,1,1,1,1,1,1,1,1,1,1,1,1,1,1,1,1,1,1,1,1,1,1,1,1,1,1,1,1,1,1,1,1,1,1,1,1,1,1
OTU_3230,1,1,1,1,1,35,1,1,1,1,1,1,1,1,1,1,1,1,1,1,1,1,1,1,1,1,2,1,1,1,1,22,1,1,4,1,1,2,1,1,1,1,180,1,99,1,1,1,1,1
OTU_3231,1,1,1,1,1,1,32,1,45,1,90,1,1,2,1,58,1,1,1,1,1,1,1,1,1,1,1,1,12,1,4,1,1,1,1,1,88,1,1,1,1,1,1,1,1,1,38,1,1,1
OTU_3232,1,1,1,1,1,1,1,1,1,1,1,1,1,1,1,1,1,1,1,1,1,1,1,1,1,1,1,1,1,1,1,1,1,1,1,1,1,1,1,1,1,1,1,1,1,1,1,1,1,1
OTU_3233,1,4,1,2,1,1,1,6,1,1,1,4,1,4,1,2,1,1,1,9,1,1,1,7,1,1,1,97,19,1,5,1,1,1,50,1,8,1,16,1,1,347,1,1,1,1,1,2,1,8
OTU_3234,1,1,1,2,57,16,2,38,10,1,16,1,2,1,3,1,9,1,2,1,22,2,15,120,58,1,1,1,2,10,1,10,1,1,195,9,2,1,1,1,96,57,1,2,1,1,37,1,39,1
OTU_3235,1,1,1,1,1,1,1,1,1,1,1,1,1,1,1,1,1,1,1,1,1,1,1,1,1,1,1,1,1,1,1,1,1,1,1,1,1,1,1,1,1,1,1,1,1,1,1,1,1,1
OTU_3236,1,1,1,1,1,1,1,1,1,1,1,1,1,1,1,1,1,1,1,1,1,1,1,1,1,1,1,1,1,1,1,1,1,1,1,1,1,1,1,1,1,1,1,1,1,1,1,1,1,1
OTU_3237,1,1,1,1,1,1,1,1,1,1,1,1,1,9,1,1,1,1,1,1,1,1,1,2,1,1,1,1,1,1,1,1,1,1,1,1,1,1,1,1,1,3,1,1,1,1,1,1,1,1
OTU_3238,299,216,99,748,499,258,81,447,77,106,532,193,333,930,175,342,412,588,45,194,35,474,72,561,336,303,97,245,57,494,166,338,357,353,21,232,209,151,769,494,107,777,44,80,399,651,142,152,142,37
OTU_3239,2,1,1,1,1,1,1,1,1,1,1,1,1,1,1,1,1,1,1,1,1,1,1,1,1,1,1,1,1,1,1,1,1,1,1,1,1,1,1,1,1,1,1,1,1,1,1,1,1,1
OTU_3240,1,1,1,1,1,1,1,1,1,9,1,1,1,1,1,1,1,1,1,40,1,1,1,1,1,1,1,1,1,1,1,1,1,1,1,1,1,1,1,1,1,1,1,6,1,1,1,1,1,1
OTU_3241,1,1,1,1,1,1,1,130,1,1,1,1,1,1,22,1,1,1,19,1,1,1,1,1,1,1,1,1,1,1,1,1,1,1,1,1,1,1,1,1,1,1,1,1,1,1,1,1,1,1
OTU_3242,1,1,1,1,1,1,6,1,1,1,1,1,1,1,1,1,1,1,1,1,1,1,1,1,1,1,1,2,1,1,1,1,21,1,18,1,1,1,1,1,1,1,1,1,1,1,1,1,103,10
OTU_3243,1,1,1,1,1,1,1,1,1,1,1,1,1,1,1,1,1,1,1,1,1,1,1,1,1,1,1,1,1,1,1,1,1,1,1,1,1,1,1,1,1,1,1,1,1,1,1,1,1,1
OTU_3244,1,1,1,1,1,1,1,1,1,1,1,1,1,1,1,1,1,1,1,1,1,1,1,1,1,1,1,1,1,1,1,1,1,1,1,1,1,1,1,1,1,1,1,1,1,1,1,1,1,1
OTU_3245,1,1,1,1,1,1,1,1,1,1,1,36,1,1,1,1,1,1,1,1,1,1,1,1,1,1,1,1,1,1,1,1,1,1,1,1,1,1,1,1,1,1,1,1,1,1,1,1,1,1
OTU_3246,829,960,1553,996,362,1110,1232,1070,427,587,1101,999,728,1055,831,1088,570,869,625,414,721,720,1333,449,1344,1215,440,726,901,698,841,834,785,454,839,1290,1007,761,1338,925,585,748,632,563,681,578,922,535,1061,845
OTU_3247,1,1,1,1,1,1,1,1,1,1,1,1,1,1,1,1,1,1,1,1,1,1,1,1,1,1,1,1,1,1,1,1,1,1,1,1,1,1,1,1,1,1,1,1,1,1,1,1,1,1
OTU_3248,1,1,1,1,1,1,1,1,1,1,1,1,1,1,1,10,1,1,4,1,1,1,1,1,1,1,1,1,1,1,11,1,1,1,1,1,1,5,1,1,1,4,1,1,1,1,1,1,37,1
OTU_3249,1,1,1,1,1,1,1,1,1,1,1,1,1,1,1,1,1,1,1,1,1,1,1,1,1,1,1,1,1,1,1,1,1,1,1,1,1,1,1,1,1,1,1,1,1,1,1,1,1,1
OTU_3250,4,1,1,1,1,1,1,2,1,1,48,1,1,1,1,14,1,1,1,1,1,1,1,1,1,1,1,1,1,1,1,1,2,10,1,1,1,1,1,1,1,1,1,1,1,1,2,1,1,1
OTU_3251,13,76,432,54,26,346,34,210,129,388,294,207,641,512,15,604,58,206,271,10,506,171,26,233,361,746,983,615,42,152,529,42,28,234,199,25,471,332,85,134,119,191,353,279,226,636,428,298,240,86
OTU_3252,1,1,1,1,1,1,1,1,1,1,1,1,1,1,1,1,1,1,1,1,1,1,1,1,1,1,1,1,1,1,1,1,1,1,1,1,1,1,1,1,1,1,1,1,1,1,1,1,1,1
OTU_3253,1,1,1,1,1,1,1,1,1,1,1,1,1,1,1,1,1,1,1,1,1,1,1,1,1,1,4,1,1,1,1,2,1,1,1,1,1,1,1,1,1,1,1,1,1,1,1,1,1,1
OTU_3254,61,18,129,12,41,361,167,67,17,62,353,10,5,12,113,40,64,306,56,79,98,262,148,83,138,398,54,67,272,9,306,145,86,12,163,69,126,130,24,160,181,21,413,102,24,3,26,200,73,54
OTU_3255,1,1,1,1,1,1,1,1,1,1,1,1,1,1,1,1,1,1,1,1,1,1,1,1,1,1,1,1,1,1,1,1,1,1,1,1,1,1,1,1,1,1,1,1,1,1,1,1,1,1
OTU_3256,1,29,78,28,7,2,48,10,4,169,53,110,210,121,119,2,183,1,6,39,102,4,40,176,59,43,200,13,1,21,21,23,3,43,1,64,74,133,81,10,57,655,6,157,38,1,5,26,114,2
OTU_3257,47,1,1,1,1,2,6,374,1,1,1,56,1,1,178,1,38,1,1,1,1,2,1,1,1,27,1,72,1,24,2,12,1,129,1,49,1,1,1,10,1,49,1,2,1,1,1,236,1,3
OTU_3258,1,1,1,1,1,1,1,1,1,1,1,1,1,1,1,1,1,1,1,1,1,1,1,1,1,1,1,1,1,1,1,1,1,1,1,1,1,1,1,1,1,1,1,1,1,1,1,1,1,1
OTU_3259,1,1,1,1,1,1,1,1,1,1,1,1,1,1,1,1,1,1,1,1,1,1,1,1,1,1,1,1,1,1,1,1,1,1,1,1,1,1,1,1,1,1,1,1,1,1,1,1,1,1
OTU_3260,1,1,1,1,1,1,1,1,1,1,1,1,1,1,1,1,1,1,1,1,1,1,1,1,1,1,1,1,1,1,1,1,1,1,1,1,1,1,1,1,1,1,1,1,1,1,1,1,1,1
OTU_3261,1,1,1,1,2,1,1,1,1,1,1,1,1,1,1,1,1,1,1,1,1,1,1,1,1,1,1,1,1,17,1,1,1,1,1,1,1,1,15,1,1,1,1,1,1,1,1,1,1,1
OTU_3262,1,1,1,1,1,1,1,1,1,1,1,1,1,1,1,1,1,1,1,1,1,1,1,1,1,1,1,1,1,1,1,1,1,1,1,1,1,1,1,1,1,1,1,1,1,1,1,1,1,1
OTU_3263,1,1,1,1,1,1,1,1,1,1,1,1,1,1,1,1,1,1,1,1,1,1,1,1,1,1,1,1,1,1,1,1,1,1,1,1,1,1,1,1,1,1,1,1,1,1,1,1,1,1
OTU_3264,1,1,1,1,1,1,1,1,1,1,1,1,1,1,1,1,1,1,1,1,1,1,1,1,1,1,1,1,1,1,1,1,1,1,1,1,1,1,1,1,1,1,1,1,1,1,1,1,1,1
OTU_3265,1,98,1,5,15,126,151,1,21,481,2,1,4,43,9,26,1,5,19,9,46,112,1,3,2,7,22,18,99,4,74,35,26,1,9,45,14,88,57,3,7,1,331,60,5,114,1,16,3,82
OTU_3266,1,1,1,1,1,1,1,1,1,1,1,1,1,1,1,1,1,1,1,1,1,1,1,1,1,1,1,1,1,1,1,1,1,1,1,1,1,1,1,1,1,1,1,1,1,1,1,1,1,1
OTU_3267,1,1,1,1,1,1,1,1,1,1,1,1,1,1,1,1,1,1,1,1,1,1,1,1,1,1,1,1,1,1,1,1,1,1,1,1,1,1,1,1,1,1,1,1,1,1,1,1,1,1
OTU_3268,34,11,14,41,1,1,5,103,406,1,58,3,1,18,1,61,84,5,1,410,46,22,11,40,3,2,1,1,10,17,236,1,142,15,1,108,25,53,161,1,1,1,1,1,1,3,133,1,52,1
OTU_3269,1,1,1,1,1,1,1,1,1,1,1,1,1,1,1,1,1,1,1,1,1,1,1,1,1,1,1,1,1,1,1,1,1,1,1,1,1,1,1,1,1,1,1,1,1,1,1,1,1,1
OTU_3270,305,29,103,22,124,16,20,43,45,17,358,179,4,82,11,108,8,42,46,1,37,1,41,9,44,10,116,14,14,53,20,6,283,5,1,6,50,18,6,220,3,32,40,175,22,10,61,1,237,2
OTU_3271,1,1,1,1,1,1,1,1,1,1,1,1,1,1,1,1,1,1,1,1,1,1,1,1,1,1,1,1,1,1,1,1,1,1,1,1,1,1,1,1,1,1,1,1,1,1,1,1,1,1
OTU_3272,1,1,1,1,1,1,1,1,1,1,1,1,1,1,1,1,1,1,20,1,1,1,1,3,1,1,1,139,1,1,1,1,1,1,1,13,1,1,1,1,1,1,1,101,1,1,2,1,1,1
OTU_3273,1,1,1,1,1,1,1,1,1,1,1,1,1,1,1,1,1,1,1,1,1,1,1,1,1,1,1,1,1,1,1,1,1,1,1,1,1,1,1,1,1,1,1,1,1,1,1,1,1,1
OTU_3274,1,1,1,1,1,1,1,1,1,1,1,1,1,1,1,1,1,1,1,1,1,1,1,1,1,1,1,1,1,1,1,1,1,1,1,1,1,1,1,1,1,1,1,1,1,1,1,1,2,1
OTU_3275,1,1,1,1,1,1,1,1,1,1,1,1,1,1,1,1,1,1,1,1,1,1,1,1,1,1,1,1,1,1,1,1,1,1,1,1,1,1,1,1,1,1,1,1,1,1,1,1,1,1
OTU_3276,1,1,1,1,1,1,1,1,1,1,1,1,1,1,1,1,1,1,1,1,1,1,1,1,1,1,1,1,1,1,1,1,1,1,1,1,1,1,14,1,1,1,1,1,1,1,1,1,1,1
OTU_3277,37,82,54,14,40,1,1,4,1,87,5,1,3,12,1,2,1,1,6,71,1,3,10,1,1,2,2,43,1,1,11,1,40,1,31,20,1,5,1,1,279,1,105,1,1,11,14,1,31,104
OTU_3278,1,1,1,1,1,1,1,1,1,1,1,1,1,1,1,1,1,1,1,1,1,1,1,1,1,1,1,1,1,1,1,1,1,1,1,1,1,1,1,1,1,1,1,1,1,1,1,1,1,1
OTU_3279,1,1,1,1,1,1,1,1,1,1,1,1,1,1,1,1,1,1,1,1,1,1,1,1,1,1,1,1,1,1,1,1,1,1,1,1,1,1,1,1,1,1,1,1,1,1,1,1,1,1
OTU_3280,1,1,1,74,1,1,1,1,1,3,17,1,1,1,1,1,1,1,1,1,1,1,1,1,1,1,1,1,1,1,1,1,1,1,1,1,1,1,1,1,1,1,1,1,1,1,1,1,1,1
OTU_3281,1,1,1,1,1,1,1,1,1,1,1,1,1,1,1,1,1,1,1,1,1,1,1,1,1,1,1,1,1,1,1,1,1,1,1,1,1,1,1,1,1,1,1,1,1,1,1,1,1,1
OTU_3282,338,123,28,69,127,301,84,82,83,301,62,78,235,727,303,37,142,283,402,86,30,94,254,272,26,7,130,159,94,405,160,406,83,237,404,134,23,205,455,71,135,381,122,117,113,161,86,128,251,74
OTU_3283,1,1,1,1,1,1,1,1,1,1,1,1,1,1,1,1,1,1,1,1,1,1,1,1,1,1,1,1,1,1,1,1,1,1,1,1,1,1,1,1,1,1,1,1,1,1,1,1,1,1
OTU_3284,1,1,1,1,1,1,1,1,1,1,1,1,1,1,1,1,1,1,1,1,1,1,1,1,1,1,1,1,1,1,1,1,1,1,1,1,1,1,1,1,1,1,1,1,1,1,1,1,1,1
OTU_3285,2,54,1,1,3,1,4,1,1,1,1,8,1,95,1,1,1,1,1,1,1,2,21,1,25,209,170,130,1,1,7,1,2,119,19,5,3,1,145,1,7,1,12,4,14,44,80,1,28,39
OTU_3286,1,58,1,1,1,1,1,1,95,1,1,1,64,38,2,1,6,2,9,1,1,2,1,125,1,1,1,1,1,1,1,1,1,63,1,1,1,1,1,1,149,1,1,1,1,1,1,19,1,1
OTU_3287,1,1,2,1,1,1,37,6,2,3,1,1,12,1,1,1,4,1,1,7,1,129,1,15,1,4,1,1,1,1,1,1,1,37,1,15,1,6,1,1,117,1,65,27,1,96,7,1,1,194
OTU_3288,1,1,1,3,1,1,1,1,1,1,1,8,1,1,56,1,1,1,1,1,9,1,1,1,1,1,1,1,1,1,1,6,1,1,1,1,2,1,1,1,1,1,1,1,1,1,1,1,1,1
OTU_3289,1,1,74,1,4,2,1,1,64,97,7,8,1,4,5,4,1,2,17,34,1,19,126,20,19,126,1,1,1,1,1,33,1,1,43,43,15,2,1,3,27,17,2,19,2,48,1,2,1,3
OTU_3290,17,289,97,25,55,177,167,15,70,19,153,417,54,16,33,11,17,110,24,70,89,3,163,29,227,83,31,3,67,38,136,226,3,44,59,58,487,45,32,273,123,30,27,2,21,4,149,33,129,198
OTU_3291,1,2,1,1,1,1,1,2,1,1,1,1,1,192,1,79,1,57,1,1,1,1,1,69,1,1,1,1,1,1,1,1,1,1,1,1,1,1,1,1,1,1,1,1,1,1,21,3,1,1
OTU_3292,1,1,1,1,1,1,1,1,1,1,1,1,1,1,1,1,1,1,1,1,1,1,1,1,1,1,1,1,1,1,1,1,1,1,1,1,1,1,1,1,1,1,1,1,1,1,1,1,1,1
OTU_3293,1,1,1,1,1,1,1,1,1,1,1,1,1,1,1,1,1,1,1,1,1,1,1,1,1,1,1,1,1,1,1,1,1,1,1,1,1,1,1,1,1,1,1,1,1,1,1,1,1,1
OTU_3294,1,1,1,1,2,10,1,1,1,1,1,1,1,1,1,1,48,1,19,1,1,1,1,1,1,1,1,1,2,1,1,1,83,1,1,1,25,1,1,1,1,1,1,1,1,1,1,1,1,3
OTU_3295,177,46,1,5,1,21,1,5,109,5,12,48,119,75,144,1,1,1,35,2,100,39,27,1,1,1,1,43,1,14,1,7,28,171,1,1,31,56,1,443,1,3,1,20,1,1,1,8,1,3
OTU_3296,1,1,1,1,1,1,1,1,1,1,1,1,1,1,1,1,1,1,1,1,1,1,1,1,1,1,1,1,1,1,1,1,1,1,1,1,1,1,1,1,1,1,1,1,1,1,1,1,1,1
OTU_3297,138,206,16,24,24,26,53,30,25,64,128,1,1,20,14,101,1,90,3,2,3,7,235,297,10,63,80,44,3,68,24,2,29,33,33,513,7,1,86,22,3,47,6,5,43,17,1,10,23,13
OTU_3298,143,91,186,11,287,329,197,359,91,97,86,18,98,53,32,93,75,24,73,184,19,288,126,39,70,202,71,22,159,144,7,54,229,18,542,120,55,63,22,58,118,12,24,92,52,34,118,167,241,48
OTU_3299,1,1,1,1,1,1,1,2,1,1,1,1,1,1,1,1,1,1,1,1,1,1,1,1,1,2,4,1,1,1,1,1,1,1,1,1,1,1,9,1,1,1,1,169,1,1,1,1,1,1
OTU_3300,1,1,1,1,1,1,1,1,1,1,1,1,1,1,1,1,1,1,1,1,1,1,1,1,1,1,1,1,1,1,1,1,1,1,1,1,1,1,1,1,1,1,1,1,1,1,1,1,1,1
OTU_3301,1,1,1,1,1,1,1,1,1,1,1,1,1,1,1,1,1,1,1,1,1,1,1,1,1,1,1,1,1,1,1,1,1,1,1,1,1,1,1,1,1,1,1,1,1,1,1,1,1,1
OTU_3302,1,1,1,1,1,1,1,1,1,1,1,1,1,1,1,1,1,1,1,1,1,1,1,1,1,1,1,1,1,1,1,1,1,1,1,1,1,1,1,1,1,1,1,1,1,1,1,1,1,1
OTU_3303,123,92,582,494,391,309,103,732,82,217,471,498,38,324,347,536,35,386,128,150,372,400,181,202,35,492,114,354,352,293,259,62,244,185,594,78,377,219,296,468,182,271,229,60,577,267,437,196,273,343
OTU_3304,1,1,1,1,1,1,1,1,1,1,1,1,1,1,1,1,1,1,1,1,1,1,1,1,1,1,1,1,1,1,1,1,1,1,1,1,1,1,1,1,1,1,1,1,1,1,1,1,1,1
OTU_3305,1,1,1,1,1,1,1,1,1,1,1,1,1,1,1,1,1,1,1,1,1,1,1,1,1,1,1,1,1,1,1,1,1,1,1,1,1,1,1,1,1,1,1,1,1,1,1,1,1,1
OTU_3306,1,1,1,1,1,1,1,1,1,1,1,1,1,1,1,1,1,1,1,1,1,1,1,1,1,1,1,1,1,1,1,1,1,1,1,1,1,1,1,1,1,1,1,1,1,1,1,1,1,1
OTU_3307,1,1,1,1,1,1,1,1,1,1,1,1,1,1,1,1,1,1,1,1,1,1,1,1,1,1,1,1,1,1,1,1,1,1,1,1,1,1,1,1,1,1,1,1,1,1,1,1,1,1
OTU_3308,1,1,2,1,1,1,1,1,1,1,1,1,1,1,1,1,1,1,1,1,1,1,1,1,1,1,1,1,1,1,1,1,1,1,1,1,1,1,1,1,1,1,1,1,1,1,1,1,1,1
OTU_3309,1,1,1,1,1,1,1,1,1,1,1,1,1,1,1,1,1,1,1,1,1,1,1,1,1,1,1,1,1,1,1,1,1,1,1,1,1,1,1,1,1,1,1,1,1,1,1,1,1,1
OTU_3310,1,1,1,1,1,1,1,1,1,1,1,1,1,1,1,1,1,1,1,1,1,1,1,1,1,1,1,1,1,1,1,1,1,1,1,1,1,1,1,1,1,1,1,1,1,1,1,1,1,1
OTU_3311,1,1,1,1,1,1,1,1,1,1,1,1,1,1,1,1,1,1,1,1,1,1,1,1,1,1,1,1,1,1,1,1,1,1,1,1,1,1,1,1,1,1,1,1,1,1,1,1,1,1
OTU_3312,1,1,165,37,1,1,1,1,1,3,1,1,134,1,1,1,1,1,26,1,2,1,49,18,1,1,24,1,9,1,113,14,37,26,1,1,12,1,2,1,1,13,1,39,156,1,4,1,2,5
OTU_3313,2,1,1,375,49,10,7,1,301,18,1,16,1,1,18,115,2,264,51,1,3,2,1,136,1,160,520,6,25,25,53,25,4,40,1,1,6,1,6,9,88,1,1,101,120,2,25,93,2,62
OTU_3314,1,1,1,1,1,1,1,1,1,1,1,1,1,1,1,1,1,1,1,1,1,1,1,1,1,1,1,1,1,1,1,1,1,1,1,1,1,1,1,1,1,1,1,1,1,1,1,1,1,1
OTU_3315,1,1,1,1,1,1,1,1,1,1,1,1,1,1,1,1,1,1,1,1,1,1,1,1,1,1,1,1,1,1,1,1,1,1,1,1,1,1,1,1,1,1,1,1,1,1,1,1,1,1
OTU_3316,1,1,1,1,1,1,1,1,1,1,1,1,1,1,1,1,1,1,1,1,1,1,1,1,1,1,1,1,1,1,1,1,1,1,1,1,1,1,1,1,1,1,1,1,1,1,1,1,1,1
OTU_3317,1,1,1,1,1,1,3,18,1,1,1,2,37,1,1,1,1,1,1,156,1,1,1,1,1,1,1,1,3,1,1,1,1,1,1,1,1,1,1,1,1,1,1,1,1,1,1,1,1,1
OTU_3318,1,1,1,1,1,1,1,1,1,1,1,1,1,1,1,1,1,1,1,1,1,1,1,1,1,1,1,1,1,1,1,1,1,1,1,1,1,1,1,1,1,1,1,1,1,1,1,1,1,1
OTU_3319,1,1,1,1,1,1,1,1,1,1,1,1,1,1,1,1,1,1,1,1,1,1,1,1,1,1,1,1,1,1,1,1,1,1,1,1,1,1,1,1,1,1,1,1,1,1,1,1,1,1
OTU_3320,1,498,1,1,10,1,1,1,1,1,1,1,2,1,1,1,1,1,1,1,25,1,1,1,1,1,1,1,1,1,1,1,1,1,1,1,6,1,1,1,1,1,22,1,1,1,1,112,1,67
OTU_3321,1,1,1,1,1,1,1,1,1,1,1,1,1,1,1,1,1,1,1,1,1,1,1,1,1,1,1,1,1,1,1,1,1,1,1,1,1,1,1,1,1,1,1,1,1,1,1,1,1,1
OTU_3322,1,1,1,1,1,1,1,1,1,1,1,1,1,1,1,1,1,1,1,1,1,1,1,1,1,1,1,1,1,1,1,1,1,1,1,1,1,1,1,1,1,1,1,1,1,1,1,1,1,1
OTU_3323,1,1,1,1,6,1,1,129,1,1,1,1,1,1,1,1,1,1,1,1,1,1,1,1,1,1,1,1,1,109,1,1,1,1,1,1,1,13,1,1,1,1,1,1,1,1,1,1,1,1
OTU_3324,1,1,1,1,1,1,1,1,1,1,1,1,1,1,1,1,1,1,1,1,1,1,1,1,1,1,1,1,1,1,1,1,1,1,1,1,1,1,1,1,1,1,1,1,1,1,1,1,1,1
OTU_3325,1,1,1,1,1,1,1,1,1,1,1,1,1,1,1,1,1,1,1,1,1,1,1,1,1,1,1,1,1,1,1,1,1,1,1,1,1,1,1,1,1,1,1,1,1,1,1,1,1,1
OTU_3326,1,1,1,1,1,1,1,1,1,1,1,1,1,1,1,1,1,1,1,1,1,1,1,1,1,1,1,1,1,1,1,4,1,1,1,1,1,1,1,1,1,1,1,1,1,1,1,1,1,1
OTU_3327,1,1,1,1,1,1,3,1,1,1,1,1,48,1,1,1,2,1,1,1,6,1,1,1,18,1,1,2,20,1,1,1,1,4,3,1,1,1,1,1,1,1,1,1,3,1,1,1,1,5
OTU_3328,1,1,1,1,1,1,1,1,1,1,1,1,1,1,1,1,1,1,1,1,1,1,1,1,1,1,1,1,1,1,1,1,1,1,1,1,1,1,1,1,1,1,1,1,1,1,1,1,1,1
OTU_3329,1,1,1,1,1,1,1,1,1,1,1,1,1,1,1,1,1,1,1,1,1,1,1,1,1,1,1,1,1,1,1,1,1,1,1,1,1,1,1,1,1,1,1,1,1,1,1,1,1,1
OTU_3330,1,1,1,1,1,1,1,1,1,1,1,1,1,1,1,1,1,1,1,1,1,1,1,1,1,1,1,1,1,1,1,1,1,1,1,1,1,1,1,1,1,1,1,1,1,1,1,1,1,1
OTU_3331,1,1,1,1,1,1,1,1,1,1,1,1,1,7,1,1,1,1,1,9,1,1,1,1,1,1,1,1,1,1,1,1,1,1,1,2,3,1,1,1,1,1,1,1,1,1,1,1,1,1
OTU_3332,1,4,1,5,1,11,1,34,9,1,1,2,1,13,19,1,86,1,1,1,1,114,9,4,8,227,1,6,7,16,121,1,193,116,3,1,38,151,1,7,8,1,3,1,4,33,1,3,13,61
OTU_3333,1,1,1,1,1,1,1,1,1,1,1,1,1,1,1,1,1,1,1,1,1,1,1,1,1,1,1,1,1,1,1,1,1,1,1,1,1,1,2,1,1,1,1,1,1,1,1,1,1,1
OTU_3334,1,1,1,1,1,1,1,1,1,1,1,1,1,1,1,1,1,1,1,1,1,1,1,1,1,1,1,1,1,1,1,1,1,1,1,1,1,1,1,1,1,1,1,1,1,1,1,1,1,1
OTU_3335,1,4,1,23,1,1,32,1,1,33,233,1,84,20,1,36,1,141,28,1,15,1,1,20,1,1,176,3,87,4,35,2,49,1,103,10,1,1,8,1,12,1,1,1,1,1,1,211,3,1
OTU_3336,1,1,1,1,1,1,1,1,1,1,1,1,1,1,1,1,1,1,1,1,1,1,1,1,1,1,1,1,1,1,1,1,1,1,1,1,1,1,1,1,1,1,1,1,1,1,1,1,1,1
OTU_3337,1,1,17,1,1,1,1,1,13,1,1,1,1,1,1,1,1,1,1,1,1,1,14,1,1,1,34,1,1,1,1,1,75,52,1,1,1,70,1,1,1,1,80,1,1,74,9,15,2,1
OTU_3338,1,1,1,1,1,1,1,1,1,1,1,1,1,1,1,1,1,1,1,1,1,1,1,1,1,1,1,1,1,1,1,1,1,1,1,1,1,1,1,1,1,1,1,1,1,1,1,1,1,1
OTU_3339,1,24,174,1,107,1,1,15,1,70,1,6,35,1,1,1,26,1,1,2,3,1,1,237,1,1,5,111,1,1,1,10,2,1,7,6,7,4,64,1,1,28,4,2,1,2,21,53,4,2
OTU_3340,1,1,1,1,1,1,1,1,1,1,1,1,1,1,1,1,1,1,1,1,40,1,1,1,1,1,1,1,1,1,1,1,1,1,1,1,1,1,1,1,2,1,1,1,1,1,35,1,1,1
OTU_3341,1,1,3,20,3,4,1,1,1,5,1,266,1,65,15,18,1,1,20,1,1,1,2,1,1,1,1,1,3,1,93,1,1,1,4,5,1,32,1,1,1,1,7,52,2,2,1,1,1,1
OTU_3342,1,1,1,1,1,1,1,1,1,1,1,1,1,1,1,1,1,1,1,1,1,1,1,1,1,1,1,1,1,1,1,1,1,1,1,1,1,1,1,1,1,1,1,1,1,1,1,1,1,1
OTU_3343,1,1,1,1,1,1,1,1,1,1,1,1,1,1,1,1,1,1,1,1,1,1,1,1,1,1,1,1,1,1,1,1,1,1,1,1,1,1,1,1,1,1,1,1,1,1,1,1,1,1
OTU_3344,1,1,1,1,1,1,1,1,1,1,1,1,1,1,1,1,1,1,1,1,1,1,1,1,1,1,1,1,1,1,1,1,1,1,1,1,1,1,1,1,1,1,1,1,1,1,1,1,1,1
OTU_3345,1,9,1,1,4,1,1,18,1,29,1,1,8,1,1,1,4,1,11,2,9,1,1,1,1,1,1,1,1,1,10,1,1,1,1,1,121,23,24,1,1,1,1,1,1,1,1,1,1,1
OTU_3346,1,1,1,1,1,1,1,1,1,1,1,1,1,1,1,1,1,1,1,1,1,1,1,1,1,1,1,1,1,1,1,1,1,1,1,1,1,1,1,1,1,1,1,1,1,1,1,1,1,1
OTU_3347,1,14,5,14,38,1,9,1,1,1,1,1,9,5,1,1,54,41,2,1,3,3,43,3,1,1,8,22,1,2,1,1,2,6,98,1,3,1,1,43,4,17,1,85,43,1,1,1,6,1
OTU_3348,1,1,1,1,1,1,1,1,1,1,1,1,1,1,1,1,1,1,1,1,1,1,1,1,1,1,1,1,1,1,1,1,1,1,1,1,1,1,1,1,1,1,1,1,1,1,1,1,1,1
OTU_3349,1,1,1,1,1,1,1,1,1,1,1,1,1,1,1,1,1,1,1,1,1,1,1,1,1,1,1,1,1,1,1,1,1,1,1,1,1,1,1,1,1,1,1,1,1,1,1,1,1,1
OTU_3350,1,1,1,1,1,1,1,1,1,1,1,1,1,1,1,1,1,1,1,1,1,1,1,1,1,1,1,1,1,1,1,1,1,1,1,1,1,1,1,1,1,1,1,1,1,1,1,1,1,1
OTU_3351,1,2,194,141,4,43,10,4,78,2,1,119,1,47,29,1,1,158,1,42,1,2,1,1,7,10,152,1,5,15,50,12,103,1,1,1,138,2,11,3,1,188,12,1,27,59,138,168,1,18
OTU_3352,1,1,1,1,1,1,1,1,1,1,1,1,1,1,1,1,1,1,1,1,1,1,1,1,1,1,1,1,1,1,1,1,1,1,1,1,1,1,1,1,1,1,1,1,1,1,1,1,1,1
OTU_3353,1,1,1,1,1,1,1,1,1,1,1,1,1,1,1,1,1,1,1,1,1,1,1,1,1,1,1,1,1,1,1,1,1,1,1,1,1,1,1,1,1,1,1,1,1,1,1,1,1,1
OTU_3354,1,1,1,1,1,1,1,1,1,1,1,1,1,1,1,1,1,1,1,1,1,1,1,1,1,1,1,1,1,1,1,1,1,2,1,1,1,1,1,1,1,1,1,1,1,1,1,1,1,1
OTU_3355,1,1,1,1,1,1,1,1,1,1,1,1,1,1,1,1,1,1,1,1,1,1,1,1,1,1,1,1,1,1,1,1,1,1,1,1,1,1,1,1,1,1,1,1,1,1,1,1,1,1
OTU_3356,1,1,1,1,1,1,1,1,1,1,1,1,1,1,1,1,1,1,1,1,1,1,1,1,1,1,1,1,1,1,1,1,1,1,1,1,1,1,1,1,1,1,1,1,1,1,1,1,1,1
OTU_3357,1,1,1,1,1,1,1,1,1,1,1,1,1,1,1,1,1,1,1,1,1,1,1,1,1,1,1,1,1,1,1,1,1,1,1,1,1,1,1,1,1,1,1,1,1,1,1,1,1,1
OTU_3358,1,1,5,1,102,1,1,1,1,1,1,3,1,1,1,1,1,1,2,1,1,1,1,1,1,1,1,1,9,1,3,15,3,1,4,6,68,1,1,1,308,1,1,1,3,51,1,1,11,2
OTU_3359,1,1,1,1,1,1,1,1,1,1,1,1,1,1,1,1,1,1,1,1,1,1,1,1,1,1,1,1,1,1,1,1,1,1,1,1,1,1,1,1,1,1,1,1,1,1,1,1,1,1
OTU_3360,1,1,1,1,1,1,1,1,1,1,1,1,1,1,1,1,1,1,1,1,1,1,1,1,1,1,1,1,1,1,1,1,1,1,1,1,1,1,1,1,1,1,1,1,1,1,1,1,1,1
OTU_3361,1,1,1,1,1,1,1,1,1,1,1,1,1,1,1,1,1,1,1,1,1,1,1,1,1,1,1,1,1,1,1,1,1,1,1,1,1,1,1,1,1,1,1,1,1,1,1,1,1,1
OTU_3362,1,1,1,1,1,1,1,1,1,1,1,1,1,1,1,1,1,1,1,1,1,1,1,1,1,1,1,1,1,1,1,1,1,1,1,1,1,1,1,1,1,1,1,1,1,1,1,1,1,1
OTU_3363,1,1,1,1,1,1,1,1,1,1,1,1,1,1,1,1,1,1,1,1,1,1,1,1,1,1,1,1,1,1,1,1,1,1,1,1,1,1,1,1,1,1,1,1,1,1,1,1,1,1
OTU_3364,1,1,1,1,1,1,1,1,1,1,1,1,1,1,1,1,1,1,1,1,1,1,1,1,1,1,1,1,1,1,1,1,1,1,1,1,1,1,1,1,1,1,1,1,1,1,1,1,1,1
OTU_3365,1,1,1,1,1,1,1,1,1,1,1,1,1,1,1,1,1,1,1,1,1,1,1,1,1,1,1,1,1,1,1,1,1,1,1,1,1,1,1,1,1,1,1,1,1,1,1,1,1,1
OTU_3366,1,1,1,1,1,1,1,1,1,1,1,1,1,1,1,1,1,1,1,1,1,1,1,1,1,1,1,1,1,1,1,1,1,1,1,1,1,1,1,1,1,1,1,1,1,1,1,1,1,1
OTU_3367,1,1,1,1,1,42,1,1,1,1,1,2,1,2,2,1,1,1,1,7,1,1,1,1,18,1,1,1,1,6,1,1,6,1,1,1,1,1,1,1,1,1,1,1,1,1,1,1,1,1
OTU_3368,1,1,1,1,1,1,1,1,1,1,1,6,1,1,1,1,1,7,1,1,1,1,1,1,1,1,1,1,1,1,1,39,1,1,1,1,41,1,1,1,1,1,1,1,1,1,1,1,1,1
OTU_3369,1,1,1,1,1,52,1,1,1,1,1,1,1,1,1,1,1,1,1,1,1,1,1,1,1,1,1,1,1,1,1,1,1,1,1,1,1,1,1,1,1,1,1,1,1,1,1,1,1,1
OTU_3370,8,1,1,1,78,1,1,1,1,1,28,1,3,67,1,1,15,1,1,2,1,1,1,1,1,1,28,1,1,1,1,1,1,1,20,4,1,2,13,1,1,7,1,3,1,1,1,1,41,1
OTU_3371,1,1,1,1,1,1,1,1,1,1,1,1,1,1,1,1,1,1,1,1,1,1,1,1,1,1,1,1,1,1,1,1,1,1,1,1,1,1,1,1,1,1,1,1,1,1,1,1,1,1
OTU_3372,2,25,1,1,68,5,26,92,35,4,1,219,107,95,16,3,2,1,21,2,1,5,85,138,40,16,49,28,36,1,1,149,1,17,1,12,191,6,91,42,18,8,3,502,105,7,10,22,44,138
OTU_3373,1,1,1,1,1,1,1,1,1,2,1,1,1,1,1,4,1,1,1,1,1,5,1,1,20,23,1,1,1,1,1,1,2,1,1,1,3,1,1,1,1,1,1,1,1,1,1,1,1,1
OTU_3374,1,1,1,1,1,1,1,1,1,1,1,1,1,2,1,1,1,1,1,1,1,1,1,1,1,1,1,1,1,174,1,1,1,1,1,50,8,1,1,1,1,1,1,1,1,1,1,1,1,2
OTU_3375,1,1,1,1,1,1,1,1,1,1,1,1,1,1,1,1,1,1,1,1,1,1,1,1,1,1,1,1,1,1,1,1,1,1,1,1,1,1,1,1,1,1,1,1,1,1,1,1,1,1
OTU_3376,1,1,1,1,1,1,1,1,1,1,1,1,1,1,1,1,1,1,1,1,1,1,1,1,1,1,1,1,1,1,1,1,1,1,1,1,2,1,1,1,1,1,1,1,7,1,1,1,1,32
OTU_3377,1,1,62,1,1,23,2,1,1,1,1,2,8,4,3,1,20,1,1,1,1,1,1,2,1,1,1,1,1,1,1,1,1,1,1,1,1,1,1,1,1,1,1,1,1,1,1,1,4,1
OTU_3378,333,59,222,294,230,34,55,135,268,1029,277,277,327,1241,170,90,145,198,182,130,40,222,202,231,292,327,382,166,135,363,286,286,423,348,237,264,74,403,209,94,148,244,265,100,48,140,332,4,232,108
OTU_3379,1,1,1,1,1,1,1,1,1,1,1,1,1,1,1,1,1,1,1,1,1,1,1,1,1,1,1,1,1,1,1,1,1,1,1,1,1,1,1,1,1,1,1,1,1,1,1,1,1,1
OTU_3380,164,10,34,10,44,23,62,200,132,2,52,38,420,211,78,138,32,324,118,9,413,56,36,143,6,13,54,14,3,302,459,35,171,122,337,612,14,345,32,90,67,15,224,82,224,17,156,110,25,339
OTU_3381,1,1,1,1,1,1,1,1,1,1,1,8,1,1,1,1,1,1,1,1,1,1,1,1,1,1,1,1,1,1,1,1,1,1,1,1,1,1,1,1,1,1,1,27,1,262,1,1,1,1
OTU_3382,1,1,1,1,1,1,1,1,1,1,1,1,1,1,1,1,1,1,1,1,1,1,1,1,1,1,1,1,1,1,1,1,1,1,1,1,1,1,1,1,1,1,1,1,1,1,1,1,1,1
OTU_3383,71,1,1,1,28,1,1,12,34,1,3,1,1,1,35,1,1,1,1,1,1,1,1,1,1,1,31,14,1,1,1,1,2,1,1,1,1,1,13,1,1,1,2,1,1,3,1,1,1,1
OTU_3384,1,1,1,4,3,1,2,1,1,1,1,1,1,7,1,2,1,1,5,1,1,1,106,1,53,1,1,1,1,8,3,1,1,1,48,1,1,1,1,1,24,371,1,1,187,140,1,1,1,1
OTU_3385,1,2,1,1,1,17,2,3,1,1,1,1,1,11,1,1,1,46,1,1,1,1,1,1,2,1,7,1,1,1,82,1,1,4,1,1,1,1,1,19,1,14,3,1,1,2,1,1,1,1
OTU_3386,1,1,1,1,1,1,1,1,1,1,1,1,1,1,1,1,1,1,1,1,1,1,1,1,1,1,1,1,1,1,1,1,1,1,1,1,1,1,1,1,1,1,1,1,1,1,1,1,1,1
OTU_3387,1,1,1,1,1,1,1,1,1,1,1,1,1,1,1,1,1,1,1,1,1,1,1,1,1,1,1,1,1,1,1,1,1,1,1,1,1,1,1,1,1,1,1,1,1,1,1,1,1,1
OTU_3388,1,1,1,1,1,1,1,1,1,1,1,1,1,1,1,1,1,1,1,1,47,1,1,1,1,1,1,1,1,1,1,1,1,1,1,1,1,1,1,1,1,1,1,1,1,1,1,1,3,1
OTU_3389,1,1,1,1,1,1,1,1,1,1,1,1,1,1,1,1,1,1,1,1,1,1,1,1,1,1,1,1,1,1,1,1,1,1,1,1,1,1,1,1,1,1,1,1,1,1,1,1,1,1
OTU_3390,1,1,1,1,1,1,1,1,1,1,1,1,1,1,1,1,1,1,1,1,1,1,1,1,1,1,1,1,1,1,1,1,1,1,1,1,1,1,1,1,1,1,1,1,1,1,1,1,1,1
OTU_3391,2,1,1,4,198,1,123,1,1,1,141,1,1,39,1,1,1,1,1,1,1,1,1,1,1,1,1,18,1,1,1,1,1,1,1,1,1,1,1,1,1,1,1,1,3,1,1,1,1,1
OTU_3392,1,1,1,103,1,1,1,92,1,1,1,1,1,1,19,1,1,1,2,1,1,2,161,1,1,2,1,1,1,6,1,1,1,1,1,1,1,1,1,1,1,1,1,1,1,1,1,2,1,1
OTU_3393,1,1,1,1,1,1,1,1,1,1,1,1,1,1,1,1,1,1,1,1,1,1,1,1,1,1,1,1,1,1,1,1,1,1,1,1,1,1,1,1,1,1,1,1,1,1,1,1,1,1
OTU_3394,1,1,1,1,1,1,1,1,1,1,1,1,1,1,1,1,1,1,1,1,1,1,1,1,1,1,1,1,1,1,1,1,1,1,1,1,1,1,1,1,1,1,1,1,1,1,1,1,1,1
OTU_3395,1,1,1,1,1,1,1,1,1,1,1,1,1,1,1,1,1,1,1,1,1,1,1,1,1,1,1,1,1,1,1,1,1,1,1,1,1,1,1,1,1,1,1,1,1,1,1,1,1,1
OTU_3396,1,1,1,1,1,1,1,1,1,1,1,1,1,1,1,1,1,1,1,1,1,1,1,1,1,1,1,1,1,1,1,1,1,1,1,1,1,1,1,1,1,1,1,1,22,1,3,1,1,1
OTU_3397,1,1,1,1,1,1,1,1,1,1,1,1,1,1,1,1,1,1,1,1,1,1,1,1,1,1,1,1,1,1,1,1,1,1,1,1,1,1,1,1,1,1,1,1,1,1,1,1,1,1
OTU_3398,1,1,1,1,1,1,1,1,1,1,1,1,1,1,1,1,1,1,1,1,1,1,1,1,1,1,1,1,1,1,1,1,1,1,1,1,1,1,1,1,1,1,1,1,1,1,1,1,1,1
OTU_3399,1,1,1,1,1,1,1,1,1,1,1,1,1,1,1,1,1,1,1,1,1,1,1,1,1,1,1,1,1,1,1,1,1,1,1,1,1,1,1,1,1,1,1,1,1,1,1,1,1,1
OTU_3400,1,1,1,1,1,1,1,1,1,1,1,29,1,1,1,1,1,1,1,1,1,1,1,1,1,1,1,1,1,1,1,1,1,1,1,1,1,1,1,1,1,1,1,1,1,1,1,1,1,1
OTU_3401,367,280,44,555,89,88,17,67,3,271,54,682,160,118,132,170,246,93,15,131,117,115,276,125,78,21,29,213,16,22,52,156,70,13,129,207,139,334,201,124,98,173,131,268,10,18,30,755,166,32
OTU_3402,1,1,1,1,1,1,1,1,1,1,1,1,1,1,1,1,1,1,1,1,1,1,1,1,1,1,1,1,1,1,1,1,1,1,1,1,1,1,1,1,1,1,1,1,1,1,1,1,1,1
OTU_3403,1,22,1,40,11,1,1,2,1,1,1,1,1,1,1,1,1,1,1,1,74,1,1,1,1,1,1,1,1,9,1,11,1,1,1,1,1,1,1,1,1,1,1,1,1,1,3,1,1,1
OTU_3404,1,1,2,1,1,1,1,1,5,1,1,1,1,1,1,1,1,1,1,1,42,1,1,1,1,1,1,1,1,1,1,1,1,1,1,1,1,1,1,1,47,1,1,1,1,1,1,1,16,1
OTU_3405,1,1,1,1,1,1,1,1,1,1,1,8,1,1,1,1,1,1,1,1,1,1,1,1,1,4,66,41,1,1,1,1,1,39,1,1,1,1,1,1,1,1,1,1,1,1,1,1,1,1
OTU_3406,1,1,1,1,1,1,1,1,1,1,1,1,1,1,1,1,1,1,1,1,1,1,1,1,1,1,1,1,1,1,1,1,1,1,1,1,1,1,1,1,1,1,1,1,1,1,1,1,1,1
OTU_3407,2,1,1,1,1,1,1,1,1,1,1,1,1,1,1,1,1,1,1,1,1,1,1,1,1,1,1,1,1,1,1,1,1,1,1,1,1,1,1,1,1,1,1,1,1,1,1,1,1,1
OTU_3408,1,1,1,1,1,1,1,1,1,1,1,1,1,1,1,1,1,1,1,1,1,1,1,1,1,1,1,1,1,1,1,1,1,1,1,1,1,1,1,1,1,1,1,1,1,1,1,1,1,1
OTU_3409,1,10,1,1,1,1,1,1,1,2,63,5,1,1,1,1,1,1,1,1,1,1,1,1,1,1,1,1,1,1,1,2,1,1,1,3,1,1,1,1,1,1,2,1,24,1,1,1,1,1
OTU_3410,1,1,1,1,1,1,1,1,1,1,1,1,1,1,1,1,1,1,1,1,1,1,1,1,1,1,1,1,1,1,1,1,1,1,1,1,1,1,1,1,1,1,1,1,1,1,1,1,1,1
OTU_3411,52,94,153,1,2,8,35,2,363,89,34,53,4,4,5,3,4,139,70,370,67,19,1,340,30,47,17,98,69,93,4,4,48,7,33,169,4,49,1,1,48,90,45,254,1,128,5,352,2,1
OTU_3412,1,1,1,1,1,1,1,1,1,1,1,1,1,1,1,1,1,1,1,1,1,1,1,1,1,1,72,1,1,1,1,1,1,1,1,1,1,1,1,1,1,1,23,1,1,1,2,1,1,1
OTU_3413,1,35,1,1,30,1,184,114,68,1,91,16,1,1,248,51,1,1,4,13,1,39,12,1,336,2,1,7,1,1,49,1,12,1,1,12,1,1,1,11,1,1,1,61,103,20,10,48,1,13
OTU_3414,1,1,1,1,1,1,1,1,1,1,1,1,1,1,1,1,1,1,1,1,1,1,1,1,1,1,1,1,1,1,1,1,1,1,1,1,1,1,1,1,1,1,1,1,1,1,1,1,1,1
OTU_3415,1,1,1,1,1,1,4,1,1,1,7,1,1,1,1,1,1,3,1,1,1,1,1,1,1,1,1,1,1,156,1,1,3,2,1,1,1,1,1,1,1,1,1,1,1,1,2,14,1,1
OTU_3416,1,1,1,1,1,1,1,1,1,1,1,1,1,1,1,1,1,1,1,1,1,1,1,1,1,1,1,1,1,1,1,1,1,1,1,1,1,1,1,1,1,1,1,1,1,1,1,1,1,1
OTU_3417,44,35,184,66,26,220,11,38,202,71,12,4,63,44,240,8,146,22,15,20,15,56,1,22,7,15,11,9,30,22,2,73,184,5,19,62,13,10,142,229,39,24,5,109,47,71,72,9,85,15
OTU_3418,1,132,1,1,1,1,1,1,1,1,1,1,1,1,1,1,1,1,1,1,1,1,1,1,1,1,1,1,1,1,1,1,1,1,1,1,1,1,1,1,1,1,1,1,1,1,1,1,1,1
OTU_3419,1,1,1,1,1,1,1,1,1,1,1,1,1,1,1,1,1,1,1,1,1,1,1,1,1,1,1,1,1,1,1,1,1,1,1,1,1,1,1,1,1,1,1,1,1,1,1,1,1,1
OTU_3420,1,1,1,1,1,1,1,1,1,1,1,1,1,1,1,1,1,1,1,1,1,1,1,1,1,1,1,1,1,1,1,1,1,1,1,1,1,1,1,1,1,1,1,1,1,1,1,1,1,1
OTU_3421,1,1,1,1,1,1,1,1,1,1,1,1,1,1,1,1,1,1,1,1,1,1,1,1,1,1,1,1,1,1,1,1,1,1,1,1,1,1,1,1,1,1,1,1,1,1,1,1,1,1
OTU_3422,2,1,1,1,1,1,1,1,1,1,1,1,1,1,1,1,1,1,1,1,1,1,1,1,1,7,1,1,1,1,1,1,1,1,1,1,1,1,1,1,1,1,1,1,1,1,1,1,1,1
OTU_3423,51,5,27,56,41,8,82,94,63,22,134,6,132,56,17,214,25,7,2,42,57,374,20,108,9,151,15,430,81,212,125,3,11,35,32,57,3,22,39,60,41,5,264,147,11,4,113,2,11,7
OTU_3424,1,1,1,1,1,1,1,1,1,1,1,9,1,1,1,18,1,1,1,1,1,1,1,1,1,1,99,1,1,1,4,1,167,1,3,1,1,1,1,1,3,1,1,31,1,76,1,1,1,1
OTU_3425,1,1,1,1,1,1,1,1,1,1,1,1,1,1,1,1,1,1,1,1,1,1,1,1,1,1,1,1,1,1,1,1,1,1,1,1,1,1,1,1,1,1,1,1,1,1,1,1,1,1
OTU_3426,53,446,123,378,20,21,203,84,137,1,8,340,62,28,102,98,3,75,590,61,54,11,29,19,21,8,32,33,99,18,1,6,38,4,19,97,178,241,9,1,4,114,150,9,32,20,50,65,132,78
OTU_3427,290,60,82,26,720,197,251,367,148,72,146,458,613,446,231,366,138,12,149,268,203,456,95,299,161,350,176,313,322,203,376,440,53,72,228,436,128,192,372,636,168,179,87,124,547,305,69,152,84,236
OTU_3428,1,1,1,1,1,1,1,1,1,1,1,1,1,1,1,1,1,1,1,1,1,1,1,1,1,1,1,1,1,1,1,1,1,1,1,1,1,1,1,1,1,1,1,1,1,1,1,1,1,1
OTU_3429,1,1,1,1,1,1,7,1,1,1,1,1,1,1,1,1,1,1,1,1,1,1,1,1,1,1,1,1,1,1,10,1,1,1,1,1,1,1,1,1,1,1,1,1,1,1,1,1,1,1
OTU_3430,1,1,1,1,1,1,1,1,1,1,1,1,1,1,1,1,1,1,1,1,1,1,1,1,1,1,1,1,1,1,1,1,1,1,1,1,1,1,1,1,1,1,1,1,1,1,1,1,1,1
OTU_3431,1,1,1,1,1,1,1,1,1,1,1,1,2,1,1,1,1,1,1,1,1,1,1,1,1,1,1,1,1,1,1,1,1,1,1,1,1,1,1,1,1,1,1,1,1,1,1,1,1,1
OTU_3432,1,1,1,1,126,1,1,1,1,3,1,1,1,1,1,6,1,1,1,1,1,4,1,1,1,1,1,1,1,1,1,1,1,1,1,1,1,1,1,1,1,1,1,1,1,1,1,1,1,1
OTU_3433,2,83,5,99,20,236,53,124,110,4,73,15,78,60,64,16,98,86,17,29,5,380,303,1,166,18,1,177,290,34,1,120,97,23,6,72,8,32,7,70,26,3,67,5,136,16,2,377,221,53
OTU_3434,1,1,1,1,1,1,1,1,1,1,1,1,1,1,1,1,1,1,1,1,1,1,1,1,1,1,1,1,1,1,1,1,1,1,1,1,1,1,1,1,1,1,1,1,1,1,1,1,1,1
OTU_3435,10,25,18,29,129,13,136,332,7,46,41,12,266,82,123,168,12,32,1,19,22,66,4,235,93,204,35,125,24,176,19,21,1,80,75,22,54,4,54,1,287,123,15,2,1,190,2,50,60,89
OTU_3436,1,1,1,1,1,1,1,1,1,1,1,1,1,1,1,1,1,1,1,1,1,1,1,1,1,1,1,1,1,1,1,1,1,1,1,1,1,1,1,1,1,1,1,1,1,1,1,1,1,1
OTU_3437,2,1,8,1,226,1,30,101,1,5,50,2,138,1,1,6,1,1,1,3,141,57,62,1,1,1,1,73,1,2,9,10,1,54,19,2,1,1,2,1,1,1,2,1,39,4,62,1,6,2
OTU_3438,5,2,183,216,31,313,38,11,59,11,8,1,55,5,147,1,18,2,1,1,1,184,22,1,92,3,54,392,1,108,16,51,23,1,68,367,116,26,43,24,55,163,164,44,2,198,185,70,67,3
OTU_3439,1,1,1,1,1,1,1,1,1,1,1,1,1,1,1,1,1,1,1,1,1,1,1,1,1,1,1,1,1,1,1,1,1,2,1,1,1,1,1,1,1,1,1,1,1,1,1,1,1,1
OTU_3440,1,1,1,1,1,1,1,1,1,1,1,1,1,1,1,1,1,1,1,1,1,1,1,1,1,1,1,1,1,1,1,1,1,1,1,1,1,1,1,1,1,1,1,1,1,1,1,1,1,1
OTU_3441,1,1,1,1,1,1,1,1,1,1,1,1,1,1,1,1,1,1,1,1,1,1,1,1,1,1,1,1,1,1,1,1,1,1,1,1,1,1,1,1,1,1,1,1,1,1,1,1,1,1
OTU_3442,1,1,1,1,1,1,1,1,1,1,1,1,1,1,1,1,1,1,1,1,1,1,1,1,1,1,1,1,1,1,1,1,1,1,1,1,2,1,1,1,1,1,1,1,1,1,1,1,1,1
OTU_3443,1,1,1,1,1,1,1,1,1,1,1,2,1,1,1,1,1,1,1,1,1,1,2,1,1,1,1,1,1,1,1,1,1,1,1,1,1,1,1,1,1,1,1,1,1,1,1,1,1,1
OTU_3444,1,1,1,1,1,6,1,1,1,2,441,1,2,1,1,54,1,1,1,1,1,1,1,1,6,1,1,63,42,1,1,57,68,1,8,7,4,1,6,1,1,1,15,1,1,3,1,1,1,1
OTU_3445,1,1,1,1,1,1,1,1,1,1,1,1,1,1,3,1,1,1,1,1,1,1,1,1,1,1,1,1,1,1,1,1,1,1,1,1,1,1,1,1,1,1,1,1,1,1,1,1,1,1
OTU_3446,1,98,91,59,26,1,3,1,2,8,1,1,6,1,2,1,2,12,26,36,18,28,141,4,4,1,53,2,1,249,1,1,1,1,1,1,19,1,1,1,208,47,386,1,1,18,1,5,1,74
OTU_3447,1,1,1,1,1,1,1,1,1,1,1,1,1,1,1,1,1,1,1,1,1,1,1,1,1,1,1,1,1,1,1,1,1,1,1,1,1,1,1,1,1,1,1,1,1,1,1,1,1,1
OTU_3448,1,1,1,1,1,1,1,1,8,1,1,1,1,1,1,1,2,1,1,1,1,1,1,23,1,1,1,1,1,1,1,1,1,1,1,1,1,1,11,1,1,1,1,1,1,1,1,1,1,1
OTU_3449,1,1,1,1,1,1,1,1,1,1,1,1,1,1,1,1,1,1,1,1,1,1,1,1,1,1,1,1,1,1,1,1,1,1,1,1,1,1,1,1,1,1,1,1,1,1,1,1,1,1
OTU_3450,1,1,1,1,1,1,1,1,1,1,1,1,1,1,1,1,1,1,1,1,1,16,1,1,1,1,1,1,1,1,1,1,1,1,1,1,1,1,1,1,1,1,1,1,1,1,1,1,1,1
OTU_3451,1,1,1,1,1,1,1,1,1,1,1,1,1,1,1,1,1,1,1,3,1,1,1,1,1,1,1,1,1,1,1,1,1,1,1,1,1,1,1,1,1,1,1,1,1,1,1,1,1,1
OTU_3452,1,1,1,1,1,1,1,1,1,1,1,1,1,1,17,1,1,1,1,1,1,1,237,1,1,1,1,1,1,1,1,1,1,1,1,1,1,1,5,1,1,1,1,1,1,1,1,1,1,1
OTU_3453,4,3,57,1,21,3,1,191,102,6,120,34,93,1,61,1,56,4,26,139,33,93,1,20,54,1,18,1,1,2,1,1,1,1,7,11,13,2,3,1,268,425,2,51,23,1,2,42,26,24
OTU_3454,1,1,1,1,1,1,1,1,1,1,1,1,1,1,1,14,1,1,1,1,1,1,1,1,1,1,1,1,7,1,1,1,1,1,1,1,1,1,1,1,1,1,1,1,1,1,1,1,1,1
OTU_3455,1,1,1,1,1,1,1,1,2,1,1,1,1,1,1,1,1,1,1,1,1,1,1,1,1,1,1,1,1,1,1,1,1,1,1,1,1,1,1,1,1,1,1,1,1,1,1,1,1,1
OTU_3456,1,1,1,1,1,1,1,1,1,1,1,1,1,1,1,1,1,1,1,1,1,1,1,1,1,1,1,1,1,1,1,1,1,1,1,1,1,1,1,1,1,1,1,1,1,1,1,1,1,1
OTU_3457,1,1,1,1,1,1,1,1,1,1,1,1,1,1,1,1,1,1,1,1,1,1,1,1,1,1,1,1,1,1,1,1,1,1,1,1,1,1,1,1,1,1,1,1,1,1,1,1,1,1
OTU_3458,1,1,1,1,1,1,1,1,1,1,1,1,1,1,1,1,1,1,1,1,1,1,1,1,1,1,1,1,1,1,1,1,1,1,1,1,1,1,1,1,1,1,1,1,1,1,1,1,1,1
OTU_3459,1,1,1,1,1,1,1,1,1,1,1,1,1,1,1,1,1,1,1,1,1,1,1,1,1,1,1,1,1,1,1,1,1,1,1,1,1,1,1,1,1,1,1,1,1,1,1,1,1,1
OTU_3460,1,1,74,1,1,1,1,1,1,1,1,1,1,1,1,1,1,1,1,1,1,1,1,1,1,1,1,1,1,1,1,1,1,1,1,1,1,1,1,1,1,1,1,1,1,1,1,1,1,1
OTU_3461,1,1,1,1,1,1,1,1,1,1,1,1,1,1,1,1,1,1,1,1,1,1,1,1,1,1,1,1,1,1,1,1,1,1,1,1,1,1,1,1,1,1,1,1,1,1,1,1,1,1
OTU_3462,1,1,1,1,1,1,1,1,1,1,1,1,1,1,1,1,1,1,1,1,1,1,1,1,1,1,6,1,1,1,1,1,1,1,1,1,1,1,1,1,1,1,1,1,1,1,1,1,1,1
OTU_3463,11,62,97,29,38,80,221,7,19,141,1,1,1,35,1,1,9,94,2,14,8,133,21,7,8,44,79,3,17,68,206,100,13,1,27,45,33,41,272,111,29,10,67,3,122,3,28,61,246,25
OTU_3464,1,1,2,1,4,1,10,31,1,19,1,1,18,7,1,8,2,1,83,1,1,33,1,1,1,1,17,1,1,29,1,1,6,1,1,2,1,1,1,1,1,1,23,1,1,1,34,1,1,1
OTU_3465,1,15,1,1,1,1,69,1,7,1,1,1,1,1,56,6,1,2,1,1,1,1,1,6,1,1,1,1,1,1,1,1,1,20,1,1,3,1,38,1,1,1,1,1,6,1,1,1,1,1
OTU_3466,1,1,1,1,1,1,1,1,1,1,1,1,1,1,1,1,1,1,1,1,1,1,1,1,1,1,1,1,1,1,1,1,1,1,1,1,1,1,1,1,1,1,1,1,1,1,1,1,1,1
OTU_3467,1,1,1,1,1,1,1,1,1,1,1,1,1,1,1,1,1,1,1,1,1,1,1,1,1,1,1,1,1,1,1,1,1,1,1,1,1,1,1,1,1,1,1,1,1,1,1,1,1,1
OTU_3468,1,1,1,1,1,1,1,1,1,1,1,1,1,1,1,1,1,1,1,1,1,1,1,1,1,1,1,1,1,1,1,1,1,1,1,1,1,1,1,1,1,1,1,1,1,1,1,1,1,1
OTU_3469,4,1,35,85,13,50,9,54,20,4,15,11,9,18,321,50,134,49,18,33,135,42,46,1,29,5,73,238,18,102,10,332,3,1,16,38,38,17,9,23,25,333,169,120,6,106,11,53,165,15
OTU_3470,1,1,1,1,1,1,1,1,1,1,1,1,1,1,1,1,1,1,2,1,1,1,1,1,1,1,1,1,1,1,1,1,1,1,1,1,1,1,1,1,1,1,1,1,1,1,1,1,1,1
OTU_3471,184,41,1,2,37,2,1,10,12,18,1,8,1,4,60,1,16,111,16,25,1,83,30,67,11,140,116,110,1,3,39,82,71,1,33,1,1,15,16,10,1,29,85,23,24,16,1,1,1,3
OTU_3472,1,1,1,1,1,1,1,1,1,1,1,1,1,1,1,1,1,1,1,1,1,1,1,1,1,1,1,1,1,1,1,1,1,1,1,1,1,1,1,1,1,1,1,1,1,1,1,1,1,1
OTU_3473,1,1,1,1,1,1,1,1,1,1,1,1,1,1,1,69,1,1,79,1,1,1,1,1,1,1,1,1,1,1,1,1,3,1,12,1,1,1,1,1,1,1,1,2,1,1,1,1,1,1
OTU_3474,1,1,1,1,1,1,1,1,1,1,1,1,1,1,1,1,1,1,1,1,1,1,1,1,1,1,1,1,1,1,1,1,1,1,1,1,1,1,1,1,1,1,1,1,1,1,1,1,1,1
OTU_3475,1,1,1,1,1,1,1,1,1,1,1,1,1,1,1,1,1,1,1,1,1,1,1,1,1,1,1,1,1,1,1,1,1,1,1,1,1,1,1,1,1,1,1,1,1,1,1,1,1,1
OTU_3476,1,1,1,1,1,1,1,1,1,1,1,1,1,1,1,1,1,1,1,1,1,1,1,1,1,1,1,1,1,1,1,1,1,1,1,6,1,1,1,1,1,1,1,1,1,1,1,1,1,1
OTU_3477,33,272,217,1,102,29,29,94,6,181,81,21,17,139,9,85,83,37,13,6,44,45,43,1,33,5,37,20,295,75,261,368,29,345,186,381,4,55,36,28,29,30,104,19,497,47,216,51,493,49
OTU_3478,1,1,1,1,1,1,1,1,1,1,1,1,1,1,1,1,1,1,1,1,1,1,1,1,1,1,1,1,1,1,1,1,1,1,1,1,1,1,1,1,1,1,1,1,1,1,1,1,1,1
OTU_3479,1,1,1,1,1,1,1,1,1,1,1,1,1,1,1,1,1,1,1,1,1,1,1,1,1,1,1,1,1,1,1,1,1,1,1,1,1,1,1,1,1,1,1,1,1,1,1,1,1,1
OTU_3480,1,1,1,1,1,1,1,1,1,1,1,1,1,1,1,1,1,1,1,1,1,1,1,1,1,1,1,1,1,1,1,1,1,1,1,1,1,1,1,1,1,1,1,1,1,1,1,1,1,1
OTU_3481,265,1,10,1,1,4,1,52,55,10,1,1,3,5,1,36,1,45,36,30,1,1,1,1,1,37,1,202,1,1,286,1,1,1,41,1,92,5,82,1,1,13,77,1,8,1,43,1,1,1
OTU_3482,389,887,229,215,637,255,454,503,268,265,395,698,1258,140,136,998,1018,766,481,142,751,788,617,553,169,175,1083,66,818,889,405,224,421,397,924,501,100,731,408,900,87,741,1013,181,276,568,864,1146,554,261
OTU_3483,1,1,1,1,1,1,1,1,1,1,1,1,1,1,1,1,1,1,1,1,1,1,1,1,1,1,1,1,1,1,1,1,1,1,1,1,1,1,1,1,1,1,1,1,1,1,1,1,1,1
OTU_3484,80,28,92,222,349,157,360,109,12,1,18,1,69,3,3,134,60,199,2,29,1,7,382,26,6,293,26,34,12,70,363,14,1,9,24,28,103,78,42,96,106,20,475,140,4,381,275,9,35,313
OTU_3485,206,101,65,196,208,331,1,19,45,21,63,128,39,70,118,56,80,55,43,104,70,27,64,36,225,455,3,3,6,46,69,155,63,18,9,78,18,8,14,63,141,199,182,14,284,6,7,4,10,13
OTU_3486,1,1,1,1,1,1,1,1,1,1,1,1,1,1,1,1,1,1,1,1,1,1,1,1,1,1,1,1,1,1,1,1,1,1,1,1,1,1,1,1,1,1,1,1,1,1,1,1,1,1
OTU_3487,39,363,213,100,264,145,93,72,74,43,18,16,90,34,348,510,135,530,75,26,69,251,141,53,41,585,288,37,302,230,93,15,49,83,200,48,284,202,115,374,137,21,161,135,174,174,116,93,40,185
OTU_3488,1,1,1,2,1,1,1,70,1,1,1,1,1,1,1,1,1,1,1,1,1,1,1,90,1,1,1,1,1,1,1,1,1,1,1,1,1,1,1,1,1,1,6,1,1,1,1,1,1,1
OTU_3489,1,1,1,1,1,1,1,1,1,1,1,1,94,1,1,1,1,1,1,1,1,2,1,1,1,1,1,1,1,1,1,12,1,1,1,1,1,1,1,1,1,1,4,1,89,1,1,1,1,1
OTU_3490,16,4,198,1,76,1,2,110,3,4,1,11,12,129,34,3,82,3,25,107,8,1,1,2,2,11,121,1,148,9,68,4,77,47,34,1,5,49,72,1,2,56,1,1,29,13,15,21,1,75
OTU_3491,1,1,1,1,1,1,1,1,1,1,1,1,1,1,1,1,1,1,1,1,1,1,1,1,1,1,1,1,1,1,1,1,1,1,1,1,1,1,1,1,1,1,1,1,1,1,1,1,1,1
OTU_3492,1,1,1,1,1,1,1,1,1,1,1,1,1,1,1,1,1,1,1,1,1,1,1,1,1,1,1,1,1,1,1,1,1,1,1,1,1,1,1,1,1,1,1,1,1,1,1,1,1,1
OTU_3493,1,1,2,5,1,14,1,210,1,1,9,1,1,1,1,6,1,2,1,46,1,5,1,1,29,29,1,66,1,1,1,11,1,1,82,1,1,76,1,11,15,1,19,93,13,2,2,54,1,7
OTU_3494,1,1,1,1,1,1,1,1,1,1,1,1,1,1,1,1,1,1,1,1,1,1,1,1,1,1,1,1,1,1,1,1,1,1,1,1,1,1,1,1,1,1,1,1,1,1,1,1,1,1
OTU_3495,1,1,1,1,1,1,1,1,1,1,1,1,1,1,1,1,1,190,1,1,1,1,1,1,1,1,1,1,1,1,1,1,1,1,1,1,1,1,1,1,1,1,1,1,1,1,1,1,1,1
OTU_3496,1,1,1,1,1,1,1,1,1,1,1,1,8,1,1,1,1,1,1,1,1,1,1,1,1,1,1,1,1,1,1,1,1,1,1,1,1,1,1,1,1,1,1,1,1,1,1,1,1,1
OTU_3497,1,1,1,1,1,1,1,1,1,1,1,1,1,1,1,1,1,1,1,1,1,1,1,14,1,1,1,1,1,1,1,1,1,1,1,1,1,1,1,10,1,1,1,1,2,1,1,1,1,1
OTU_3498,1,1,1,1,1,1,1,1,1,1,1,1,1,1,1,1,1,1,1,1,1,1,1,1,1,1,1,1,1,1,1,1,1,1,1,1,1,1,1,1,1,1,1,1,1,1,1,1,1,1
OTU_3499,1,1,1,1,1,1,1,1,1,1,1,1,1,1,1,1,1,1,1,1,1,1,1,1,1,1,1,1,1,1,1,1,1,1,1,1,1,1,1,1,1,1,1,1,1,1,1,1,1,1
OTU_3500,181,1,1,1,1,1,1,1,2,1,1,1,1,1,1,1,131,10,1,1,2,1,1,1,1,1,1,1,9,1,1,1,1,370,1,1,21,1,1,1,1,1,1,6,1,1,1,1,1,1
OTU_3501,15,35,167,10,5,30,84,312,626,41,3,291,49,91,140,24,95,61,32,92,15,4,37,37,98,3,85,231,2,31,185,26,1,11,48,5,161,141,234,7,1,170,5,129,187,70,141,69,1,242
OTU_3502,512,312,191,227,111,248,23,204,64,133,128,104,407,97,119,79,350,565,539,169,78,56,127,126,246,666,189,68,40,77,94,150,479,82,145,170,27,157,26,166,318,432,238,208,220,789,344,167,225,74
OTU_3503,1,1,1,1,1,1,1,1,1,1,1,1,1,1,1,1,1,1,1,1,1,1,1,1,1,1,1,1,1,1,1,1,1,1,1,1,1,1,1,1,1,1,1,1,1,1,1,1,1,1
OTU_3504,1,1,1,1,1,1,1,1,1,1,1,1,1,1,1,1,1,1,1,1,1,1,1,1,1,2,1,1,1,1,1,1,1,1,1,1,1,1,1,1,1,1,1,1,1,1,1,1,1,1
OTU_3505,1,1,1,1,1,1,1,1,1,1,1,1,1,1,1,1,1,1,1,1,1,1,1,1,1,1,1,1,1,1,1,1,1,1,1,1,1,1,1,1,1,1,1,1,1,1,1,1,1,1
OTU_3506,1,31,1,1,2,1,1,1,1,1,1,1,1,1,1,1,1,1,1,1,1,1,1,3,1,1,1,131,1,1,1,1,1,1,1,1,1,1,1,1,1,1,1,1,1,1,1,1,9,1
OTU_3507,1,1,1,1,1,1,1,1,1,1,1,1,1,1,1,1,1,1,1,1,1,1,1,1,1,1,1,1,1,1,1,1,1,1,1,1,1,1,1,1,1,1,1,1,1,1,1,1,1,1
OTU_3508,1,1,1,1,1,1,1,1,1,1,1,1,1,1,1,1,1,1,1,1,1,1,1,1,1,1,1,1,1,1,1,1,1,1,1,1,1,1,1,1,1,1,1,1,1,1,1,1,1,1
OTU_3509,1,1,1,1,1,1,1,1,1,1,1,1,1,1,1,1,1,1,1,1,1,1,1,1,1,1,1,1,1,1,1,1,1,1,1,1,1,1,1,1,1,1,1,1,1,1,1,1,1,1
OTU_3510,1,1,1,1,1,1,1,1,1,1,1,1,1,1,1,1,1,1,1,1,1,1,1,1,1,1,1,1,1,1,1,1,1,1,1,1,1,1,1,1,1,1,1,1,1,1,1,1,1,1
OTU_3511,70,1,1,170,26,30,1,1,14,1,2,1,4,6,78,11,6,14,63,2,1,17,1,46,1,1,2,48,221,2,1,24,19,1,1,1,1,56,1,4,27,1,105,295,52,38,14,5,5,17
OTU_3512,1,1,1,1,1,1,1,1,1,1,1,1,1,1,1,1,1,1,1,1,1,1,1,1,1,1,1,1,1,1,1,1,1,1,1,1,1,1,1,1,1,1,1,1,1,1,1,1,1,1
OTU_3513,1,1,1,1,1,1,1,1,1,1,1,1,1,1,1,1,1,1,1,1,1,1,1,1,1,1,1,1,1,1,1,1,1,1,1,1,1,1,1,1,1,1,1,1,1,1,1,1,1,1
OTU_3514,1,1,1,1,1,1,1,1,1,1,1,1,1,1,1,1,1,1,1,1,1,1,1,1,1,1,1,1,1,1,1,1,1,1,1,1,1,1,1,1,2,1,1,1,1,1,1,1,1,1
OTU_3515,14,7,94,106,1,155,1,1,1,5,2,1,1,1,1,1,78,1,59,1,3,1,1,1,1,1,3,1,2,37,1,41,2,78,1,13,1,1,276,1,1,1,1,2,116,158,5,1,3,4
OTU_3516,430,192,393,556,441,146,19,286,30,172,263,49,182,40,96,753,507,159,197,75,149,241,239,97,80,11,330,292,17,193,95,199,165,314,408,345,677,290,345,154,222,215,71,326,768,145,199,355,121,108
OTU_3517,1,1,1,1,1,1,1,1,1,1,1,1,1,1,1,1,1,1,1,1,1,1,1,1,1,1,1,1,1,1,1,1,1,1,1,1,1,1,1,1,1,1,1,1,1,1,1,1,1,1
OTU_3518,1,5,1,1,3,1,1,1,1,1,1,1,1,1,1,1,1,1,1,1,1,21,1,1,1,1,1,1,1,1,1,1,1,1,1,1,1,1,1,1,1,1,12,32,1,1,1,1,1,1
OTU_3519,1,1,1,3,1,1,1,1,60,1,1,1,1,1,1,1,1,1,1,1,1,1,1,1,1,81,1,1,1,1,1,1,1,1,1,13,1,2,1,1,1,1,1,1,1,1,1,9,1,1
OTU_3520,1,1,1,1,5,1,1,1,1,1,1,39,3,1,2,1,1,2,224,1,1,14,9,1,3,26,7,1,1,3,1,14,114,1,24,1,1,2,1,31,2,1,7,1,1,1,1,1,1,1
OTU_3521,1,1,1,1,1,1,2,1,1,1,1,1,1,1,1,1,1,1,1,1,1,1,1,1,1,1,1,1,1,1,1,1,1,1,1,1,1,1,1,1,1,1,1,1,1,1,1,1,1,1
OTU_3522,1,1,1,1,1,1,1,1,1,1,1,1,1,1,1,1,1,1,1,1,1,1,1,1,1,1,1,1,1,1,1,1,1,1,1,1,1,1,1,1,1,1,1,1,1,1,1,1,1,1
OTU_3523,1,1,1,1,1,1,1,1,1,1,1,1,1,1,1,1,1,1,1,1,1,1,1,1,1,1,1,1,1,1,1,1,1,1,1,1,1,1,1,1,1,1,1,1,1,1,1,1,1,1
OTU_3524,5,136,1,1,72,1,26,1,1,6,28,1,1,16,1,3,3,1,21,1,1,1,1,1,4,1,8,1,29,4,1,165,1,4,15,4,1,5,105,10,2,5,30,1,1,1,1,1,8,1
OTU_3525,57,49,20,5,1,1,87,1,122,1,1,48,2,109,2,1,21,20,1,1,2,31,1,20,1,3,34,1,18,106,9,97,195,1,1,4,1,43,37,1,58,8,9,1,1,1,1,1,1,17
OTU_3526,1,1,1,1,1,1,1,1,1,1,1,1,1,1,1,1,1,1,1,1,1,1,1,1,1,1,1,1,1,1,1,1,1,1,1,1,1,1,1,1,1,1,1,1,1,1,1,1,1,1
OTU_3527,1,1,1,1,1,1,1,1,1,1,1,1,1,1,1,1,1,1,1,1,1,1,1,1,1,1,1,1,1,1,1,1,1,1,1,1,1,1,1,1,1,1,1,1,1,1,1,1,1,1
OTU_3528,1,1,1,1,1,1,1,1,1,1,1,1,1,1,1,1,1,1,9,1,1,1,1,1,1,1,1,1,1,1,1,1,1,1,1,1,1,1,1,1,1,1,1,1,1,1,1,1,1,3
OTU_3529,1,1,2,1,1,2,1,3,1,1,1,1,2,1,1,79,1,1,19,1,1,1,12,1,1,1,1,1,1,1,1,27,1,1,5,1,1,1,1,1,1,2,1,37,1,1,1,4,1,1
OTU_3530,14,12,1,1,2,18,32,6,29,1,1,104,4,38,1,14,1,420,1,1,1,45,145,139,93,10,111,14,14,28,3,198,2,51,10,4,4,1,13,24,1,67,1,185,19,72,56,6,4,154
OTU_3531,1,1,18,1,19,8,142,2,1,4,5,1,25,2,1,1,1,21,1,1,38,12,103,1,1,526,20,63,1,5,1,1,1,1,1,51,1,1,3,1,1,1,1,20,1,55,230,12,1,1
OTU_3532,1,102,1,14,1,1,1,1,49,1,15,30,1,1,6,1,49,19,2,8,1,1,1,93,1,2,10,3,1,1,1,1,1,1,1,30,2,1,1,35,5,6,1,1,1,1,65,4,3,22
OTU_3533,1,1,1,1,1,1,1,1,1,1,1,1,1,1,1,1,1,1,1,1,1,1,1,1,1,1,1,1,1,1,1,1,1,1,1,1,1,1,1,1,1,1,1,1,1,1,1,1,1,1
OTU_3534,1,1,1,1,1,1,1,1,1,1,1,1,1,1,1,1,1,1,1,1,1,1,1,1,1,1,1,1,1,1,1,1,1,1,1,1,1,1,1,1,1,1,1,1,1,1,1,1,1,1
OTU_3535,2,1,1,1,1,1,1,1,1,1,1,1,1,1,1,1,1,1,1,1,1,1,1,1,1,1,1,1,1,1,1,1,1,1,1,1,1,1,1,1,1,1,1,1,1,1,1,1,1,1
OTU_3536,1,1,7,1,1,1,1,1,1,1,1,2,1,1,23,1,54,1,1,9,1,1,1,1,27,1,21,1,3,30,1,1,1,2,1,1,1,1,1,117,6,1,1,1,1,7,1,1,1,24
OTU_3537,1,1,3,1,1,1,25,1,1,1,1,1,1,1,1,1,1,1,1,1,1,4,1,1,1,1,1,1,1,1,1,7,1,1,1,1,1,1,5,1,1,1,1,1,1,1,1,1,1,1
OTU_3538,1,1,1,1,64,479,1,1,2,1,1,10,2,1,1,1,7,1,1,1,1,1,1,1,1,1,1,1,1,1,1,1,1,1,1,1,1,1,1,4,1,1,1,1,3,1,1,1,1,1
OTU_3539,1,1,1,1,1,1,1,1,1,1,1,1,1,1,1,1,1,1,1,1,1,1,1,1,1,1,1,1,1,1,1,1,1,1,1,1,1,1,1,1,1,1,1,1,1,1,1,1,1,1
OTU_3540,1,249,155,17,5,39,4,4,107,1,30,474,102,3,1,7,32,1,43,13,4,26,9,245,49,1,26,4,413,6,34,7,2,13,18,69,10,32,19,2,330,1,1,7,136,35,33,54,11,732
OTU_3541,1,1,1,1,1,1,1,1,1,1,1,1,1,1,1,1,1,1,1,1,1,1,1,1,1,1,1,1,1,1,1,1,1,1,1,1,1,1,1,1,1,1,1,1,1,1,1,1,1,1
OTU_3542,1,1,1,1,1,1,1,1,1,1,1,1,1,1,1,1,1,1,1,1,1,1,1,1,1,1,1,1,1,1,1,1,1,1,1,1,1,1,1,1,1,1,1,1,1,1,1,1,1,1
OTU_3543,126,55,64,154,83,277,139,158,52,156,293,396,585,113,147,93,75,127,248,194,393,239,41,11,169,148,114,58,129,89,74,23,185,42,102,142,199,208,103,34,114,23,105,221,93,338,110,200,1,21
OTU_3544,1,1,1,1,1,1,1,1,1,1,1,1,1,1,1,1,80,1,1,1,1,1,1,1,1,1,1,1,1,1,1,1,1,1,1,1,1,1,1,1,1,1,1,1,1,1,1,1,1,1
OTU_3545,1,1,1,1,1,1,1,1,1,1,1,1,1,1,1,1,1,1,1,1,1,1,1,1,1,1,1,1,1,1,1,1,1,1,1,1,1,1,1,1,1,1,1,1,1,1,1,1,1,1
OTU_3546,1,1,1,1,1,1,1,1,1,1,1,1,1,1,1,1,1,1,1,1,1,1,1,1,1,1,1,1,1,1,1,1,1,1,1,1,1,1,1,1,1,1,1,1,1,1,1,1,1,1
OTU_3547,327,296,708,645,1590,531,1037,191,495,404,836,341,228,471,330,436,378,863,416,801,754,253,623,402,222,761,219,368,473,468,439,174,442,393,990,756,1510,296,216,670,745,466,246,1012,371,458,590,648,790,213
OTU_3548,2,2,1,1,1,1,2,1,4,3,1,1,2,845,24,1,1,1,1,1,1,1,1,1,25,1,1,4,1,14,1,59,1,1,1,1,1,1,1,212,9,2,38,1,26,1,1,1,51,21
OTU_3549,1,1,1,1,1,1,1,1,2,1,1,1,1,1,1,1,1,52,1,1,1,1,1,1,1,1,1,1,1,1,1,1,1,1,3,44,1,1,33,1,1,1,1,1,4,1,1,1,1,1
OTU_3550,1,1,1,1,1,1,1,1,1,1,1,1,1,1,1,1,1,1,1,1,1,1,1,1,1,1,1,1,1,1,1,1,1,1,1,2,1,1,1,1,1,1,1,1,1,1,1,1,1,1
OTU_3551,1,1,1,8,1,1,1,1,1,1,200,1,1,1,1,1,1,1,1,1,1,1,1,1,1,1,1,1,1,1,1,1,1,1,1,1,1,1,1,1,1,1,1,1,1,1,1,1,1,1
OTU_3552,3,12,1,1,1,1,42,1,1,1,1,1,1,101,81,19,1,1,8,8,1,1,1,30,1,2,1,1,1,1,1,1,1,1,1,3,1,1,23,1,1,1,3,1,1,1,98,1,1,8
OTU_3553,1,1,1,1,1,1,1,13,1,1,1,1,1,1,1,1,1,12,1,1,44,1,1,1,1,1,1,1,1,1,1,1,1,1,1,1,1,1,1,1,1,1,1,1,1,1,1,1,1,1
OTU_3554,1,1,1,1,1,1,1,1,1,1,1,1,1,1,1,1,1,1,1,1,1,1,1,1,1,1,1,1,1,1,1,1,1,1,1,1,1,1,1,1,1,1,1,1,1,1,1,1,1,1
OTU_3555,1,1,1,1,1,1,1,1,1,1,1,1,1,1,1,1,1,1,1,1,1,1,1,1,1,1,1,1,1,1,1,1,1,1,1,1,1,1,1,1,1,1,1,1,1,1,1,1,1,1
OTU_3556,2,1,1,6,1,1,1,1,1,1,1,1,1,1,1,1,1,1,1,1,1,1,1,1,1,1,1,9,1,1,1,88,1,1,1,1,1,2,1,1,1,1,1,1,1,1,1,2,1,1
OTU_3557,1,1,71,1,1,1,1,1,1,1,1,1,1,1,1,1,1,1,1,1,1,4,1,1,1,1,1,1,1,1,1,1,1,1,1,1,1,1,1,1,1,1,1,1,38,2,1,1,1,1
OTU_3558,1,1,1,1,1,1,1,1,1,1,1,1,1,1,1,1,1,1,1,1,1,1,1,1,1,1,1,1,1,1,54,1,1,1,1,1,1,1,1,1,1,1,1,1,1,1,1,1,1,1
OTU_3559,461,137,305,224,152,171,174,65,124,119,61,86,601,384,528,394,297,41,396,646,455,935,1024,749,298,201,370,415,179,256,373,42,694,425,426,52,79,175,114,170,177,131,109,459,384,420,621,244,141,309
OTU_3560,1,1,1,1,1,1,1,1,1,1,1,1,1,1,1,1,1,1,1,1,1,1,1,1,1,1,1,1,1,1,1,1,1,1,1,1,1,1,1,1,1,1,1,1,1,1,1,1,1,1
OTU_3561,1,1,1,1,1,1,1,1,1,1,1,1,1,1,1,1,1,1,1,1,1,1,1,1,1,1,1,1,1,1,1,1,1,1,1,1,1,1,1,1,1,1,1,1,1,1,1,1,1,1
OTU_3562,96,93,149,311,307,61,125,335,134,277,69,70,216,53,317,223,330,20,273,215,52,133,29,442,53,120,107,863,170,534,57,362,434,143,144,292,219,445,73,62,369,504,114,136,151,82,381,663,97,420
OTU_3563,1,1,1,1,1,1,1,1,1,1,1,1,1,1,1,1,1,1,1,1,1,1,1,1,1,1,1,1,1,1,1,1,1,1,1,1,1,1,1,1,1,1,1,1,1,1,1,1,1,1
OTU_3564,3,1,1,1,4,1,2,72,1,1,1,53,1,1,1,22,7,1,2,1,1,1,56,3,1,1,1,15,1,1,1,1,1,1,1,1,1,1,1,80,1,3,38,1,33,14,1,8,1,1
OTU_3565,1,1,5,1,1,1,1,1,1,1,1,1,1,1,1,2,7,1,1,2,1,1,1,1,77,1,1,2,1,1,6,1,1,1,1,1,1,1,1,1,1,1,1,1,6,1,1,1,1,1
OTU_3566,1,1,2,1,1,1,1,1,1,1,1,2,1,1,1,1,1,1,16,1,1,7,5,1,8,1,1,1,2,1,1,47,1,1,1,4,1,14,1,1,1,2,1,31,1,1,1,1,1,1
OTU_3567,1,1,1,1,1,1,1,1,1,1,1,1,1,1,1,1,1,1,1,1,1,1,1,1,1,1,1,1,1,1,1,1,1,1,1,1,1,1,1,1,1,1,1,1,1,1,1,1,1,1
OTU_3568,1,1,1,1,1,1,1,1,1,1,1,1,1,1,1,1,1,1,1,1,1,1,1,1,1,1,1,1,1,1,1,1,1,1,1,1,1,1,1,1,1,1,1,1,1,1,1,1,1,1
OTU_3569,268,34,20,111,147,49,112,57,19,60,59,180,5,72,338,10,45,140,92,112,95,50,26,45,71,116,27,19,137,120,23,38,8,158,147,475,185,97,113,19,54,55,53,162,429,561,2,625,76,32
OTU_3570,1,1,1,1,1,1,1,1,1,1,1,1,1,1,1,1,1,1,1,1,1,1,1,1,1,1,1,1,1,1,1,1,1,1,1,1,1,1,1,1,1,1,1,1,1,1,1,1,1,1
OTU_3571,1,1,1,1,1,1,1,1,1,1,1,1,1,1,1,1,1,1,1,1,1,1,1,1,1,1,1,1,1,1,1,1,1,1,1,1,1,1,1,1,1,1,1,1,1,1,1,1,1,1
OTU_3572,1,1,1,1,1,1,1,1,1,1,1,1,1,1,1,1,1,1,1,1,1,1,1,1,1,1,1,1,1,1,1,1,1,1,1,1,1,1,1,1,1,1,1,1,1,1,1,1,1,1
OTU_3573,1,1,1,1,1,1,1,1,1,1,1,1,1,1,1,1,1,1,1,1,1,1,1,1,1,1,1,1,1,1,1,1,1,1,1,1,1,1,1,1,1,1,1,1,1,1,1,1,1,1
OTU_3574,114,1,1,1,1,1,1,1,1,25,1,1,1,1,1,1,29,1,1,1,1,1,1,2,1,1,1,1,1,1,12,27,1,1,1,1,4,1,1,1,1,86,1,1,3,1,3,13,57,1
OTU_3575,1,1,1,1,1,1,1,1,1,1,1,1,1,1,1,1,1,1,1,1,1,1,1,1,1,1,1,1,1,1,1,1,1,1,1,1,1,1,1,1,1,1,1,1,1,1,1,1,1,1
OTU_3576,1,1,1,1,1,1,1,1,1,1,1,1,1,1,1,1,1,1,1,1,1,1,1,1,1,1,1,1,1,1,1,1,1,1,1,1,1,1,1,1,1,1,1,1,1,1,1,1,1,1
OTU_3577,1,1,1,1,1,1,1,1,1,1,1,1,1,1,1,1,1,1,1,1,1,1,1,1,1,1,1,1,1,1,1,1,1,1,1,1,1,1,1,1,1,1,1,1,1,1,1,1,1,1
OTU_3578,1,1,1,1,1,1,1,1,1,1,1,1,1,1,1,1,1,1,1,1,52,1,1,1,1,1,1,1,1,1,1,1,1,1,1,1,1,1,1,1,1,1,1,1,1,1,1,1,1,1
OTU_3579,1,1,1,1,1,1,1,1,1,1,1,1,1,1,1,1,1,1,1,1,1,1,1,1,1,1,1,1,1,1,1,1,1,1,1,1,1,1,1,1,1,1,1,1,1,1,1,1,1,1
OTU_3580,1,1,1,1,1,1,1,1,1,1,1,1,1,1,1,1,1,1,1,1,1,1,1,1,1,1,1,1,1,1,1,1,1,1,1,1,1,1,1,1,1,1,1,1,1,1,1,1,1,1
OTU_3581,1,1,1,1,1,1,1,1,1,1,1,1,1,1,1,1,1,1,1,1,1,1,1,1,1,1,1,1,1,1,1,1,1,1,1,1,1,1,1,1,1,1,1,1,1,1,1,1,1,1
OTU_3582,1,1,1,1,1,1,1,1,1,1,1,1,1,1,1,1,1,1,1,1,1,1,1,1,1,1,1,1,1,1,1,1,1,1,1,1,1,1,1,1,1,1,1,1,1,1,1,1,1,1
OTU_3583,1,1,1,1,1,1,1,1,1,1,1,1,1,1,1,1,1,1,1,1,1,1,1,1,1,1,1,1,1,1,1,1,1,1,1,1,1,1,1,1,1,1,1,1,1,1,1,1,1,1
OTU_3584,1,22,4,1,2,2,30,1,49,61,33,1,17,1,3,10,1,1,36,4,1,116,1,75,27,1,7,28,156,67,195,1,14,18,1,1,21,1,1,15,15,2,59,40,4,23,15,31,1,5
OTU_3585,64,6,80,24,144,31,58,45,401,31,6,44,18,27,155,18,12,164,2,7,140,49,46,54,259,5,188,56,232,59,1,118,84,54,379,126,92,242,26,91,213,61,76,96,79,127,197,200,124,19
OTU_3586,1,1,1,1,1,1,1,1,1,1,1,1,1,1,1,1,1,1,1,1,1,1,1,1,1,1,1,1,1,1,1,1,1,1,1,1,1,1,1,1,1,1,1,1,1,1,1,1,1,1
OTU_3587,1,1,1,1,1,1,1,1,1,1,1,1,1,1,1,1,1,1,1,1,1,1,1,1,1,1,1,1,1,1,1,1,1,1,1,1,1,1,1,1,1,1,1,1,1,1,1,1,1,1
OTU_3588,1,1,1,1,1,1,1,1,1,1,1,1,1,1,1,1,1,1,1,1,1,1,1,1,1,1,1,1,1,1,1,1,1,1,1,1,1,1,1,1,1,1,1,1,1,1,1,1,1,1
OTU_3589,1,1,1,1,1,1,1,1,1,1,1,1,1,1,1,1,1,1,1,1,1,1,1,1,1,1,1,1,1,1,1,1,1,1,1,1,1,1,1,1,1,1,1,1,1,1,1,1,1,1
OTU_3590,1,1,1,1,1,1,1,1,1,1,1,1,1,1,1,1,1,1,1,1,1,1,1,1,1,1,1,1,1,1,1,1,1,1,1,1,1,1,1,1,1,1,1,1,1,1,1,1,1,1
OTU_3591,1,1,16,1,27,3,1,1,1,2,1,1,1,1,1,1,1,5,14,1,1,1,1,1,85,1,6,16,1,1,2,1,1,1,1,1,43,1,1,19,1,1,1,1,1,1,3,1,1,1
OTU_3592,1,1,1,1,1,1,1,1,1,1,1,1,1,1,1,1,1,1,1,1,1,1,1,1,1,1,1,1,1,1,1,1,1,1,1,1,1,1,1,1,1,1,1,1,1,1,1,1,1,1
OTU_3593,1,1,1,1,1,1,1,6,1,1,1,1,1,1,1,1,1,1,1,1,1,1,1,1,1,1,1,1,1,1,1,1,1,1,1,1,1,1,1,1,1,1,1,1,1,1,1,1,1,1
OTU_3594,1,1,1,1,1,1,1,1,1,1,1,1,1,1,1,1,1,1,1,1,1,1,1,1,1,1,1,1,1,1,1,1,1,1,1,1,1,1,1,1,1,1,1,1,1,1,1,1,1,1
OTU_3595,91,1,17,1,1,9,123,1,1,1,1,69,94,1,164,76,1,1,1,2,131,1,39,1,34,1,1,1,1,13,74,1,1,1,1,1,1,1,1,1,13,1,1,1,1,6,1,1,63,1
OTU_3596,1,1,1,1,1,1,1,1,1,1,1,1,1,1,1,1,1,1,1,1,1,1,1,1,1,1,1,1,1,1,1,1,1,1,1,1,1,1,1,1,1,1,1,1,1,1,1,1,1,1
OTU_3597,1,1,7,1,1,1,1,1,1,1,1,1,1,1,1,1,1,1,1,1,1,1,1,1,1,1,1,1,1,1,1,1,1,1,1,1,3,2,1,1,1,1,1,1,1,1,1,1,1,1
OTU_3598,1,1,1,1,1,1,1,1,1,1,1,1,1,1,1,1,1,1,1,1,1,1,1,1,1,1,1,1,1,1,1,1,1,1,1,1,1,1,1,1,1,1,1,1,1,1,1,1,1,1
OTU_3599,1,1,1,1,1,1,1,1,1,1,1,1,1,1,1,1,1,1,1,1,1,1,1,1,1,1,1,1,1,1,1,1,1,1,1,1,1,1,1,1,1,1,1,1,1,1,1,1,1,1
OTU_3600,1,1,1,1,1,1,1,1,1,1,1,1,1,1,1,1,1,1,1,1,1,1,1,1,1,1,1,1,1,1,1,1,1,1,1,1,1,1,1,1,1,1,1,1,1,1,1,1,1,1
OTU_3601,1,1,1,1,1,1,1,1,1,1,1,1,1,1,1,1,1,1,1,1,1,1,1,1,1,1,1,1,1,1,1,1,1,1,1,1,1,1,1,1,1,1,1,1,1,1,1,1,1,1
OTU_3602,1,1,1,1,1,1,1,1,1,1,1,1,1,1,1,1,1,1,1,1,1,1,1,1,1,1,1,1,1,1,1,1,1,1,1,1,1,1,1,1,1,1,1,1,1,1,1,1,1,1
OTU_3603,1,1,1,1,1,1,1,1,1,1,1,1,1,1,1,1,1,1,1,1,1,1,1,1,1,1,1,1,1,1,1,1,1,1,1,1,1,1,1,1,1,1,1,1,1,1,1,1,1,1
OTU_3604,1,1,1,1,1,1,1,1,1,1,1,1,1,1,1,1,1,1,1,1,1,1,1,1,1,1,1,1,1,1,1,1,1,1,1,1,1,1,1,1,1,1,1,1,1,1,1,1,1,1
OTU_3605,1,1,1,1,1,1,1,1,1,1,32,1,1,1,1,1,3,1,1,1,1,1,1,1,1,1,1,1,15,1,1,1,1,1,1,1,35,1,1,1,1,1,1,14,1,1,1,1,1,1
OTU_3606,1,1,1,1,1,1,1,1,1,1,1,1,1,1,1,1,1,1,1,1,1,1,1,1,1,1,1,1,1,1,1,1,1,1,1,1,1,1,1,1,1,1,1,1,1,1,2,1,1,1
OTU_3607,316,323,88,459,393,105,410,357,181,80,116,216,208,195,176,180,114,533,455,679,308,516,362,361,188,37,198,317,347,340,329,393,477,416,121,146,469,676,238,277,274,159,149,52,968,103,510,319,92,449
OTU_3608,1,1,1,1,1,1,1,1,1,1,1,1,1,1,1,1,1,1,1,1,1,1,1,1,1,1,1,1,1,1,1,1,1,1,1,1,1,1,1,1,1,1,1,1,1,1,1,1,1,1
OTU_3609,1,1,1,1,1,1,1,1,1,1,1,1,1,1,1,1,1,1,1,1,1,1,1,1,1,1,1,1,1,1,1,1,1,1,1,1,1,1,1,1,1,1,1,1,1,1,1,1,1,1
OTU_3610,1,1,1,1,1,1,1,1,1,1,1,1,1,1,1,1,1,1,1,1,1,1,1,1,1,1,1,1,1,1,1,1,1,1,1,1,1,1,1,1,1,1,1,1,1,1,1,1,1,1
OTU_3611,1,1,1,2,1,1,1,1,1,1,1,1,1,1,1,1,1,1,1,1,1,1,1,1,1,1,1,1,1,1,1,1,1,1,1,1,1,1,1,1,1,1,1,1,1,1,1,1,1,1
OTU_3612,1,41,15,1,1,16,1,1,36,11,16,28,1,8,39,5,1,1,1,1,1,21,35,18,1,1,18,6,1,23,228,7,1,124,1,38,1,8,2,2,24,1,1,2,3,57,3,1,12,6
OTU_3613,1,1,10,1,1,1,1,1,1,1,1,1,1,2,1,1,9,1,13,1,1,1,1,1,1,1,1,1,1,1,1,1,1,1,1,1,1,1,1,3,1,1,1,1,145,6,1,1,1,1
OTU_3614,1,1,1,1,1,1,1,1,1,1,1,1,1,1,1,1,1,1,1,1,1,1,1,1,1,1,1,1,1,1,1,1,1,1,1,1,1,1,1,1,1,1,1,1,1,1,1,1,1,1
OTU_3615,6,1,1,1,1,1,1,1,1,1,1,1,1,1,1,1,1,2,1,1,1,1,1,4,1,1,3,1,1,1,1,1,1,1,1,1,1,1,1,1,1,1,1,1,1,1,1,1,1,1
OTU_3616,1,1,1,1,1,1,1,1,1,1,1,1,1,1,1,1,1,1,1,1,1,1,1,1,1,1,1,1,1,1,1,1,1,1,1,1,1,1,1,1,1,1,1,1,1,1,1,1,1,1
OTU_3617,1,1,1,1,1,1,1,1,1,1,1,1,1,1,1,1,1,1,1,1,1,1,1,1,1,1,1,1,1,1,1,1,1,1,1,1,1,1,1,1,1,1,1,1,1,1,1,1,1,1
OTU_3618,1,1,1,1,1,1,76,1,1,1,1,1,1,1,1,1,1,1,88,1,1,169,1,1,1,1,1,1,1,1,1,1,1,1,1,1,1,1,2,1,3,1,1,1,1,1,1,1,1,1
OTU_3619,1,92,88,5,1,52,3,52,10,2,1,1,1,533,134,3,24,528,3,119,4,42,1,4,3,1,4,70,23,1,1,1,1,1,1,2,25,27,37,58,5,3,36,4,38,1,403,20,14,111
OTU_3620,1,1,1,1,1,1,1,1,1,1,1,1,1,1,1,1,1,1,1,1,1,1,1,1,1,1,1,1,1,1,1,1,1,1,1,1,1,1,1,1,1,1,1,1,1,1,1,1,1,1
OTU_3621,1,1,1,1,1,1,1,1,1,1,1,1,1,1,1,1,1,1,1,1,1,1,1,1,1,1,1,1,1,1,1,1,1,1,1,1,1,1,1,1,1,1,1,1,1,1,1,1,1,1
OTU_3622,1,1,1,1,1,1,1,1,1,1,1,1,1,1,1,1,1,1,1,1,1,1,1,1,1,1,1,1,1,1,1,1,1,1,1,1,1,1,1,1,1,1,1,1,1,1,1,1,1,1
OTU_3623,1,1,1,1,1,1,1,1,1,1,1,1,1,1,1,1,1,1,1,1,1,1,1,1,1,1,1,1,1,1,1,1,1,1,1,1,1,1,1,1,1,1,1,1,1,1,1,1,20,1
OTU_3624,1,1,1,1,1,1,1,1,1,1,1,1,1,1,1,1,1,1,1,1,1,1,1,1,1,1,1,1,1,1,1,1,1,1,1,1,1,1,1,1,1,1,1,1,1,1,1,1,1,1
OTU_3625,1,1,1,1,1,1,1,1,1,1,1,1,1,1,1,1,1,1,1,1,1,1,1,1,1,1,1,1,1,1,1,1,1,1,1,1,1,1,1,1,1,1,1,1,1,1,1,1,1,1
OTU_3626,1,1,1,1,1,1,1,1,1,1,1,1,1,1,1,1,1,1,1,1,1,1,1,1,1,1,1,1,1,1,1,1,1,1,1,1,1,1,1,1,1,1,1,1,1,1,1,1,1,1
OTU_3627,1,1,1,1,1,1,1,1,1,9,1,1,1,1,1,1,1,1,1,1,1,1,6,1,1,1,5,1,1,1,1,1,1,1,1,1,1,1,1,1,1,1,1,1,1,1,1,1,1,2
OTU_3628,1,1,1,1,2,1,1,19,1,54,2,76,1,2,25,28,12,1,10,1,35,1,1,1,1,1,1,1,6,1,1,2,3,1,37,4,1,64,24,12,1,178,2,1,1,1,1,8,62,1
OTU_3629,1,1,1,1,1,1,1,1,1,1,1,1,1,1,1,1,1,1,1,1,1,1,1,1,1,1,1,1,1,1,1,1,1,1,1,1,1,1,1,1,1,1,1,1,1,1,1,1,1,1
OTU_3630,1,1,1,1,1,1,1,1,1,1,1,1,1,1,1,1,1,1,1,1,1,1,1,1,1,1,1,1,1,1,1,1,1,1,1,1,1,1,1,1,1,1,1,1,1,1,1,1,1,1
OTU_3631,1,1,1,1,1,1,1,1,1,1,1,1,1,1,1,1,1,1,1,1,1,1,1,1,1,1,1,1,1,1,1,1,1,1,1,1,1,1,1,1,1,1,1,1,1,1,1,1,1,1
OTU_3632,1,1,1,1,1,1,1,1,1,1,1,1,1,1,1,1,1,1,1,1,1,1,1,1,1,1,1,1,1,1,1,1,1,1,1,1,1,1,1,1,1,1,1,1,1,1,1,1,1,1
OTU_3633,1,1,1,1,1,1,1,1,1,1,1,1,1,1,1,1,1,1,1,1,1,1,1,1,1,1,1,1,1,1,1,1,1,1,1,1,1,1,1,1,1,1,1,1,1,1,1,1,1,1
OTU_3634,1,1,1,1,1,1,1,1,1,1,1,1,1,1,1,1,1,1,1,1,1,1,1,1,1,1,1,1,1,1,1,1,1,1,1,1,1,1,1,1,1,1,1,1,1,1,1,1,1,1
OTU_3635,1,1,1,1,1,1,1,1,1,1,1,1,1,1,1,1,1,1,1,1,1,1,1,1,1,1,1,1,1,1,1,1,1,1,1,1,1,1,1,1,1,1,1,1,1,1,1,1,1,1
OTU_3636,8,92,66,9,60,13,498,45,5,77,159,61,216,86,9,71,99,452,6,45,68,70,8,1,31,149,50,25,21,13,51,1,321,212,2,128,143,50,37,125,7,1,45,26,127,21,328,9,426,7
OTU_3637,1,1,1,1,1,1,1,1,1,1,1,1,1,1,1,1,1,1,1,1,1,1,1,1,1,1,1,1,1,1,1,2,1,84,1,1,5,1,1,1,1,1,1,1,4,1,1,1,1,1
OTU_3638,172,47,23,15,6,29,2,33,110,8,58,216,307,1,13,7,133,5,174,285,6,5,321,405,156,37,38,67,43,563,194,408,63,1,53,106,26,292,14,10,34,108,125,14,116,1,137,158,83,68
OTU_3639,1,1,1,1,1,1,1,1,1,1,1,1,1,1,1,1,1,1,1,1,1,1,1,1,1,1,1,1,1,1,1,1,1,1,1,1,1,1,1,1,1,1,1,1,1,1,1,1,1,1
OTU_3640,1,1,1,1,1,1,1,1,1,1,1,1,1,1,1,1,1,1,1,1,1,1,1,1,1,1,1,1,1,1,1,1,1,1,1,1,1,1,1,1,1,1,1,1,1,1,1,1,1,1
OTU_3641,13,8,297,7,7,9,21,345,106,49,10,23,11,25,221,1,8,68,1,61,300,40,58,2,14,12,75,97,20,207,6,5,170,38,7,141,27,3,9,3,7,3,7,6,115,57,15,56,74,2
OTU_3642,1,1,1,1,1,1,1,1,1,1,1,1,1,1,1,1,1,1,1,1,1,1,1,1,1,1,1,1,1,1,1,1,1,1,1,1,1,1,1,1,1,1,1,1,1,1,1,1,1,1
OTU_3643,1,1,1,1,1,1,1,1,1,1,1,1,1,1,1,1,1,1,1,1,1,1,1,1,1,1,1,1,1,1,1,1,1,1,1,1,1,1,1,1,1,1,1,1,1,1,1,1,1,1
OTU_3644,1,1,89,1,1,1,1,2,1,1,3,1,1,1,1,1,1,1,7,1,1,1,1,1,83,1,1,6,1,1,1,1,3,2,1,1,1,82,1,141,1,2,2,1,12,55,1,6,1,6
OTU_3645,1,1,1,1,1,1,1,1,1,1,1,1,1,1,1,1,1,1,1,1,1,1,1,1,1,1,1,1,1,1,1,1,1,1,1,1,1,1,1,1,1,1,1,1,1,1,1,1,1,1
OTU_3646,1,1,1,1,1,1,1,1,1,1,1,1,1,1,1,1,1,1,1,1,1,1,1,1,1,1,1,1,1,1,1,1,1,1,1,1,1,1,1,1,1,1,1,1,1,1,1,1,1,1
OTU_3647,1,1,1,1,1,1,1,1,1,1,1,1,1,1,1,1,1,1,1,1,1,1,1,1,1,1,1,1,1,1,1,1,1,1,1,1,1,1,1,1,1,1,1,1,1,1,1,1,1,1
OTU_3648,1,1,1,1,1,1,1,1,1,1,1,1,1,1,1,1,1,1,1,1,1,2,1,1,1,1,1,1,1,1,1,1,1,1,1,1,1,1,1,1,1,1,1,1,1,1,1,1,1,1
OTU_3649,1,1,1,1,1,1,1,1,1,1,1,1,1,1,1,1,1,1,1,1,1,1,1,1,1,1,1,1,1,1,1,1,1,1,1,1,1,1,1,1,1,1,1,1,1,1,1,1,1,1
OTU_3650,1,7,1,58,117,19,237,7,1,5,4,3,1,1,1,4,79,29,5,1,1,2,295,67,1,129,40,26,108,17,1,109,2,1,9,10,11,2,3,7,1,1,3,1,29,19,14,6,1,2
OTU_3651,13,7,57,472,28,142,1,185,16,72,77,314,7,361,53,24,22,46,3,47,2,38,4,1,22,3,12,230,3,3,7,7,22,51,8,207,410,73,13,20,5,31,3,61,94,256,150,244,11,10
OTU_3652,1,1,1,1,1,1,1,1,1,1,1,1,1,1,1,1,1,1,1,1,1,1,1,1,1,1,1,1,1,1,1,1,1,1,1,1,1,1,1,1,1,1,1,1,1,1,1,1,1,1
OTU_3653,1,1,1,1,1,1,1,1,1,1,1,1,1,1,1,1,1,1,1,1,1,1,1,1,1,1,1,1,1,1,1,1,1,1,1,1,1,1,1,1,1,1,1,1,1,1,1,1,1,1
OTU_3654,1,1,1,1,1,1,1,1,1,1,1,1,1,1,1,1,1,1,1,1,1,1,1,1,1,1,1,1,1,1,5,1,1,1,1,1,1,1,1,1,1,1,1,1,4,1,1,2,1,1
OTU_3655,1,2,1,1,1,1,1,1,1,1,1,1,1,1,1,1,1,1,1,1,1,62,1,1,1,47,1,1,1,16,1,1,1,1,1,75,1,1,1,1,1,1,1,1,1,1,1,1,1,1
OTU_3656,1,1,1,1,1,1,1,1,1,1,1,1,1,1,1,1,1,1,1,1,1,1,1,1,1,1,1,1,1,1,1,1,1,1,1,1,1,1,1,1,1,1,1,1,1,1,1,1,1,1
OTU_3657,1,1,1,1,1,1,1,1,1,1,1,1,1,1,1,1,1,1,1,1,1,1,1,1,1,1,1,1,1,1,1,1,1,1,1,1,1,1,1,1,1,1,1,1,1,1,1,1,1,1
OTU_3658,1,1,1,1,1,1,1,1,1,1,1,1,1,1,1,1,1,1,1,1,1,1,1,1,1,1,1,1,1,1,1,1,1,1,1,1,1,1,1,1,1,1,1,1,1,1,1,1,1,1
OTU_3659,1,1,1,1,1,1,1,1,1,1,1,1,1,1,1,1,1,1,1,1,1,1,1,1,1,1,1,1,1,1,1,1,1,1,1,1,1,1,1,1,1,1,1,1,1,1,1,1,1,1
OTU_3660,1,1,1,1,1,1,1,1,1,1,1,1,1,1,1,1,1,1,1,1,1,1,1,1,1,1,1,1,1,1,3,1,1,1,1,1,1,1,1,1,1,1,1,1,1,1,1,1,1,1
OTU_3661,1,1,1,1,1,1,1,4,42,1,2,1,10,2,1,1,71,49,1,1,1,1,1,4,1,3,1,1,1,1,19,8,48,2,1,1,1,1,67,1,1,1,1,1,1,1,1,9,1,1
OTU_3662,1,1,1,1,1,1,1,1,1,1,1,1,1,1,1,1,1,1,1,1,1,1,1,1,1,1,1,1,1,1,1,1,1,1,1,1,1,1,1,1,1,1,1,1,1,1,1,1,1,1
OTU_3663,1,1,1,1,1,1,1,1,1,1,1,1,1,1,1,1,1,1,1,1,1,1,1,1,1,1,1,1,1,1,1,1,1,1,1,1,1,1,1,1,1,1,1,1,1,1,1,1,1,1
OTU_3664,250,12,8,146,60,21,7,3,4,2,1,42,1,174,40,14,1,198,16,9,1,84,42,119,3,1,1,1,7,1,2,2,1,1,67,39,27,1,3,4,78,1,27,59,13,17,5,4,27,1
OTU_3665,1,1,1,1,1,1,1,1,1,1,1,1,1,1,1,1,1,1,1,1,1,1,1,1,1,1,1,1,1,1,1,1,1,1,1,1,1,1,1,1,1,1,1,1,1,1,1,1,1,1
OTU_3666,1,1,1,1,1,1,1,1,1,1,1,1,1,1,1,1,1,1,1,1,1,1,1,1,1,1,1,1,1,1,1,1,1,1,1,1,1,1,1,1,1,1,1,1,1,1,1,1,1,1
OTU_3667,1,1,1,1,1,1,1,1,1,1,1,1,1,1,1,1,1,1,1,1,1,1,1,1,1,1,1,1,1,1,1,1,1,1,1,1,1,1,1,1,1,1,1,1,1,1,1,1,1,1
OTU_3668,1,1,1,1,1,1,1,1,1,1,1,1,1,1,1,1,1,1,1,1,1,1,1,1,1,1,1,1,1,1,1,1,1,1,1,1,1,1,1,1,1,1,1,1,1,1,1,1,1,1
OTU_3669,1,1,1,1,1,1,1,1,1,1,1,1,1,1,1,1,1,1,1,1,1,1,1,1,1,1,1,1,1,1,1,1,1,1,1,1,1,1,1,1,1,1,1,1,1,1,1,1,1,1
OTU_3670,1,3,1,1,2,1,1,1,1,1,1,1,1,1,1,1,1,1,1,1,18,1,1,1,1,1,1,1,1,1,1,1,29,1,1,1,1,3,1,1,1,1,2,1,1,221,1,1,1,1
OTU_3671,1,1,1,1,1,1,1,1,1,1,1,1,1,1,1,1,1,1,1,5,1,1,1,1,1,1,1,1,1,1,1,1,1,1,1,1,1,1,1,1,1,1,1,1,1,1,1,1,1,1
OTU_3672,1,1,4,120,1,4,26,30,1,1,1,2,2,4,15,1,1,13,13,11,3,40,15,17,34,36,1,19,5,5,72,148,1,1,1,1,25,58,1,66,1,5,6,86,1,47,87,152,113,397
OTU_3673,1,1,14,1,11,1,1,1,1,1,1,1,1,1,1,1,1,1,18,1,1,1,1,1,1,1,1,1,1,1,19,1,1,1,1,1,20,1,1,1,1,1,1,1,1,1,3,1,1,1
OTU_3674,1,1,2,1,1,56,8,1,1,1,33,3,1,1,3,1,1,1,1,1,1,70,1,1,1,1,1,1,26,20,1,62,30,39,1,1,1,1,1,5,1,1,1,1,36,1,14,1,1,1
OTU_3675,1,1,1,1,1,1,1,1,1,1,1,1,1,1,1,1,1,1,1,1,1,1,1,1,1,1,1,1,1,1,1,1,1,1,1,1,1,1,1,1,1,1,1,1,1,1,1,1,1,1
OTU_3676,1,1,1,1,1,1,1,1,1,1,1,1,1,1,1,1,1,1,1,1,1,1,1,1,1,1,1,1,1,1,1,1,1,1,1,1,1,1,1,1,1,1,1,1,1,1,1,1,1,1
OTU_3677,1,1,1,1,1,1,1,1,1,1,1,1,1,1,1,1,1,1,1,1,1,1,1,1,1,1,1,1,1,1,1,1,1,1,1,1,1,1,1,1,1,1,1,1,1,1,1,1,1,1
OTU_3678,1,1,1,1,1,1,1,1,1,1,1,1,1,1,1,1,1,1,1,1,1,1,1,1,1,1,1,1,1,1,1,1,1,1,1,1,1,1,1,1,1,1,1,1,1,1,1,1,1,1
OTU_3679,1,1,1,1,1,1,1,1,1,1,1,1,1,1,1,1,1,1,1,1,1,1,1,1,1,1,1,1,1,1,1,1,1,1,1,1,1,1,1,1,1,1,1,1,1,1,1,1,1,1
OTU_3680,1,1,1,1,1,1,1,1,1,1,1,1,1,1,1,1,1,1,1,1,1,1,1,1,1,1,1,1,1,1,1,1,1,1,2,1,1,1,1,1,1,1,1,1,1,1,1,1,1,1
OTU_3681,1,1,1,1,1,1,1,1,1,1,1,1,1,1,1,1,1,1,1,1,1,1,1,1,1,1,1,1,1,1,1,1,1,1,1,1,1,1,1,1,1,1,1,1,1,1,1,1,1,1
OTU_3682,7,1,20,12,1,1,1,5,2,6,89,1,1,24,25,1,1,1,1,5,9,1,3,1,1,28,1,21,8,72,2,1,1,1,1,83,2,1,1,1,46,1,1,1,1,10,1,61,1,5
OTU_3683,1,1,1,1,1,1,1,1,1,1,1,1,1,1,1,1,1,1,1,1,1,1,1,1,1,1,1,1,1,1,1,1,1,1,1,1,1,1,1,1,1,1,1,1,1,1,1,1,1,1
OTU_3684,1,1,1,1,1,1,1,1,1,1,1,1,1,1,1,1,1,1,1,1,2,1,1,1,1,1,1,1,1,1,1,17,1,1,1,1,1,1,1,1,2,1,1,1,117,1,1,1,1,1
OTU_3685,1,1,1,1,1,1,1,1,1,1,1,1,1,1,1,1,2,1,1,1,1,1,1,1,1,1,1,1,1,1,1,1,1,1,1,1,1,1,1,1,1,1,1,1,1,2,1,1,8,1
OTU_3686,1,1,1,1,1,1,1,1,1,1,1,1,1,1,1,1,1,1,1,1,1,1,1,1,1,1,1,1,1,1,1,1,1,1,1,1,1,1,1,1,1,1,1,1,1,1,1,1,1,1
OTU_3687,1,1,1,1,1,1,1,1,1,1,1,1,1,1,1,73,1,1,162,1,1,1,1,1,2,1,1,1,1,1,1,1,1,1,1,1,1,1,1,1,52,1,1,1,1,69,1,1,1,1
OTU_3688,1,1,1,1,1,1,1,1,1,1,1,1,1,1,1,1,1,1,1,1,1,1,1,1,1,1,1,1,1,1,1,1,1,1,1,1,1,1,1,1,1,1,1,1,1,1,1,1,1,1
OTU_3689,1,1,1,1,1,1,1,1,1,1,1,1,1,1,1,1,1,1,1,1,1,1,1,1,1,1,1,1,1,1,1,1,1,1,1,1,1,1,1,1,1,1,1,1,1,1,1,1,1,1
OTU_3690,1,1,1,1,1,1,1,68,1,1,7,1,1,3,1,1,1,1,1,51,1,1,1,1,80,1,1,1,33,1,1,1,1,63,1,1,98,1,1,1,1,1,1,1,2,1,1,1,1,1
OTU_3691,1,1,1,1,1,1,1,1,1,1,1,1,1,1,1,1,1,1,1,1,1,1,1,1,1,1,1,1,1,1,1,1,1,1,1,1,1,1,1,1,1,1,1,1,1,1,1,1,1,1
OTU_3692,1,1,1,1,1,1,1,1,1,1,1,1,1,1,1,1,1,1,1,1,1,1,1,1,1,1,1,1,1,1,1,1,1,1,1,1,1,1,1,1,1,1,1,1,1,1,1,1,1,1
OTU_3693,39,1,159,4,1,25,2,11,48,26,1,1,62,2,126,14,1,147,2,143,1,1,9,2,2,1,1,1,15,5,1,50,14,1,2,26,2,1,28,13,2,1,1,7,1,1,2,1,2,1
OTU_3694,1,1,1,1,1,1,1,1,1,1,1,1,1,1,1,1,1,1,1,1,1,1,1,1,1,1,1,1,1,1,1,1,1,1,1,1,1,1,1,1,1,1,1,1,1,1,1,1,1,1
OTU_3695,1,1,1,1,1,1,1,1,1,1,1,1,1,1,1,1,1,1,1,1,1,1,1,1,1,1,1,1,1,1,1,1,1,1,1,1,1,1,1,1,1,1,1,1,1,1,1,1,1,1
OTU_3696,1,1,1,1,1,1,1,1,1,1,1,1,1,1,1,1,1,1,1,1,1,1,1,1,1,1,1,1,1,1,1,1,1,1,1,1,1,1,1,1,1,1,1,1,1,1,1,1,1,1
OTU_3697,2,1,1,16,1,1,1,1,1,1,1,1,1,113,1,19,1,1,1,3,83,1,1,1,1,1,4,1,88,1,1,1,6,1,22,6,1,68,1,1,1,36,16,19,59,10,1,1,1,1
OTU_3698,1,1,1,1,1,1,1,1,1,1,1,1,1,1,1,1,5,1,1,1,1,1,1,1,1,1,1,1,1,1,1,1,1,1,1,1,1,1,1,1,1,1,1,1,1,1,1,1,1,1
OTU_3699,113,99,163,1,13,8,186,33,81,24,33,26,34,12,1,1,16,292,1,88,8,138,2,3,214,106,13,10,229,183,3,1,1,27,38,481,4,3,3,3,89,26,1,1,26,8,92,34,50,88
OTU_3700,1,1,1,1,1,2,1,1,1,16,1,116,1,1,3,1,1,1,1,1,1,51,1,2,1,1,1,1,1,1,1,1,1,35,1,1,1,1,2,3,1,1,1,5,1,1,1,1,22,1
OTU_3701,1,1,1,1,1,1,1,1,1,1,1,1,1,1,1,1,1,1,1,1,1,1,1,1,1,1,1,1,1,1,1,1,1,1,1,1,1,1,1,1,1,1,1,1,1,1,1,1,1,1
OTU_3702,1,1,1,1,1,1,1,1,1,1,1,1,1,1,1,1,1,1,1,1,1,1,1,1,1,1,1,9,1,1,1,1,1,43,1,1,1,1,1,1,1,1,1,2,1,1,1,1,1,1
OTU_3703,1,1,1,1,1,1,1,1,1,1,1,1,1,1,1,1,1,1,1,1,1,1,1,1,1,1,1,1,1,1,1,1,1,1,1,1,1,1,1,1,1,1,1,1,1,1,1,1,1,1
OTU_3704,1,1,1,1,1,1,1,1,1,1,1,1,1,1,1,1,1,1,1,1,1,1,1,1,1,1,1,1,1,1,1,1,1,1,1,1,1,1,1,1,1,1,1,1,1,1,1,1,1,1
OTU_3705,1,1,1,1,1,1,1,1,1,1,1,1,1,1,1,1,1,1,1,1,1,1,1,1,1,1,1,1,1,1,1,1,1,1,1,1,1,1,1,1,1,1,1,1,1,1,1,1,1,1
OTU_3706,1,1,1,1,1,1,1,1,1,1,1,1,1,1,1,1,1,1,1,1,1,1,1,1,1,1,1,1,1,1,1,1,1,1,1,1,1,1,1,1,1,1,1,1,1,1,1,1,1,1
OTU_3707,6,22,4,318,2,144,31,613,37,101,122,105,80,576,65,263,48,236,30,55,274,220,26,116,53,725,257,61,190,4,159,404,15,16,375,55,220,343,137,243,40,27,373,325,29,119,28,88,337,297
OTU_3708,1,1,1,1,1,1,1,1,1,1,1,1,1,1,1,1,1,1,1,1,1,1,1,1,1,1,1,1,1,1,1,1,1,1,1,1,1,1,1,1,1,1,1,1,1,1,1,1,1,1
OTU_3709,1,1,1,1,1,1,1,1,1,1,1,1,1,1,1,1,1,1,1,1,1,1,1,1,1,1,1,1,1,1,1,1,1,1,1,1,1,1,1,1,1,1,1,1,1,1,1,1,1,1
OTU_3710,1,1,1,1,1,1,1,1,1,1,1,1,1,1,1,1,1,1,1,1,1,1,1,1,1,1,1,1,1,1,1,1,1,1,1,1,1,1,1,1,1,1,1,1,1,1,1,1,1,1
OTU_3711,1,1,1,1,1,1,1,1,1,1,1,1,1,1,1,1,1,1,1,1,1,1,1,1,1,1,1,1,1,1,1,1,1,1,1,1,1,1,1,1,1,1,1,1,1,1,1,1,1,1
OTU_3712,1,1,1,1,1,1,1,1,1,1,1,1,1,1,1,1,1,1,1,1,1,1,1,1,1,1,1,1,1,1,1,1,1,1,1,1,1,1,1,1,1,1,1,1,1,1,1,1,1,1
OTU_3713,37,26,24,475,79,133,8,309,190,31,34,425,19,217,13,29,48,135,181,167,69,375,64,299,238,56,15,64,125,35,10,69,82,150,37,31,125,27,44,87,411,734,5,11,50,282,140,233,25,90
OTU_3714,1,1,1,1,1,1,1,1,1,1,1,1,1,1,1,1,1,1,1,1,1,1,1,1,1,1,1,1,1,1,1,1,1,1,1,1,1,1,1,1,1,1,1,1,1,1,1,1,1,1
OTU_3715,1,1,1,1,1,28,1,1,1,1,1,1,1,1,1,1,2,1,1,1,1,4,1,1,1,1,1,1,1,3,1,1,1,1,1,1,1,1,1,1,1,1,1,1,1,1,1,1,1,1
OTU_3716,1,1,1,13,10,6,12,1,1,2,1,1,1,1,15,1,1,3,1,1,1,1,1,1,1,1,1,1,1,5,19,2,3,1,12,2,2,2,1,1,1,1,1,1,1,467,1,1,15,1
OTU_3717,1,1,1,1,1,1,1,1,1,5,1,1,1,1,1,1,1,1,1,1,1,1,1,1,1,1,1,1,1,1,1,1,1,1,1,1,1,1,1,1,1,1,1,1,1,1,1,1,1,1
OTU_3718,1,1,1,1,1,1,1,1,1,1,1,1,1,1,1,1,1,1,1,1,1,1,1,1,1,1,1,1,1,1,1,1,1,1,1,1,1,1,1,1,1,1,1,1,1,1,1,1,1,1
OTU_3719,1,1,1,1,1,1,1,1,1,1,1,1,1,1,1,1,3,1,1,1,1,1,1,1,1,1,1,1,1,1,1,1,1,1,1,1,1,1,1,1,1,1,1,1,1,1,1,1,1,1
OTU_3720,1,1,1,1,1,1,1,1,1,1,1,1,1,1,1,1,1,1,1,1,1,1,1,1,1,1,1,1,1,1,1,1,1,1,1,1,1,1,1,1,1,1,1,1,1,1,1,1,1,1
OTU_3721,1,1,1,1,1,1,1,1,1,1,1,1,1,1,1,1,1,1,1,1,1,1,1,1,1,1,1,1,1,1,1,1,1,1,1,1,1,1,1,1,1,1,1,1,1,1,1,1,1,1
OTU_3722,28,44,1,2,18,7,15,15,51,69,3,1,55,1,1,34,10,67,1,1,2,1,1,5,1,3,1,26,1,4,8,1,5,5,1,59,3,10,2,4,237,11,30,10,1,17,14,17,16,7
OTU_3723,1,1,1,1,1,1,1,1,1,1,1,1,1,1,1,1,1,1,1,1,1,1,1,1,1,1,1,1,1,1,1,1,1,1,1,1,1,1,1,1,1,1,1,1,1,1,1,1,1,1
OTU_3724,1,1,1,1,1,1,1,1,1,1,1,1,1,1,1,1,1,1,1,1,1,1,1,1,1,1,1,1,1,1,1,1,1,1,1,1,1,1,1,1,1,1,1,1,1,1,1,1,1,1
OTU_3725,1,1,1,1,1,1,1,1,1,1,1,1,1,1,1,1,1,1,1,1,1,1,1,1,1,1,1,1,1,1,1,1,1,1,1,1,1,1,1,1,1,1,1,1,1,1,1,1,1,1
OTU_3726,56,176,1,137,1,101,5,142,4,1,1,268,53,2,1,1,3,1,3,5,1,7,1,13,120,3,1,1,1,1,2,100,3,1,7,1,1,1,1,77,8,348,1,13,54,7,4,1,1,1
OTU_3727,1,1,1,1,1,1,1,1,1,1,1,1,1,1,1,1,1,1,1,1,1,1,1,1,1,1,1,1,1,1,1,1,1,1,1,1,1,1,1,1,1,1,1,1,1,1,1,1,1,1
OTU_3728,1,1,1,1,1,1,1,1,1,1,1,1,1,1,1,1,1,1,1,1,1,1,1,1,1,1,1,1,1,1,1,1,1,1,1,1,1,1,1,1,1,1,1,1,1,1,1,1,1,1
OTU_3729,1,1,1,1,1,1,1,1,1,1,1,1,1,1,1,1,1,1,1,1,1,1,1,1,1,1,1,1,1,1,1,1,1,1,1,1,1,1,1,1,1,1,1,1,1,1,1,1,1,1
OTU_3730,1,1,1,1,1,1,1,1,1,1,1,1,1,1,1,1,1,1,1,1,1,1,1,1,1,1,1,1,1,1,1,1,1,1,1,1,1,1,1,1,1,1,1,1,1,1,1,1,1,1
OTU_3731,1,1,1,1,1,1,1,1,1,1,1,1,1,1,1,1,1,1,1,1,1,1,1,1,1,1,1,1,1,1,1,1,1,1,1,1,1,1,1,1,1,1,1,1,1,1,1,1,1,1
OTU_3732,1,1,1,11,1,1,1,1,1,1,1,1,1,1,1,1,1,1,1,1,1,1,1,1,1,1,1,1,1,1,1,1,1,1,1,1,1,1,1,1,1,69,1,1,1,1,1,1,1,1
OTU_3733,6,1,1,1,1,1,1,1,1,1,1,12,1,1,1,51,103,1,1,1,1,1,4,1,1,1,1,1,1,4,1,32,1,1,1,19,1,1,1,1,1,1,1,1,1,1,1,1,10,11
OTU_3734,1,300,40,1,34,6,7,500,508,10,5,17,97,597,63,203,6,121,51,8,508,5,5,3,130,11,2,44,17,34,55,95,47,185,1,40,21,80,25,147,1,37,23,182,112,7,75,203,32,62
OTU_3735,114,2,1,6,39,11,136,135,112,52,198,206,2,159,34,157,6,52,11,106,1,1,1,125,1,4,118,172,3,8,29,113,222,108,4,152,16,13,11,115,118,345,3,42,1,21,169,129,204,43
OTU_3736,1,1,1,1,1,93,62,7,109,65,3,4,1,15,33,145,17,2,60,22,39,23,48,221,135,2,20,1,1,5,16,5,3,18,1,1,1,35,1,1,4,1,47,1,18,10,76,23,6,2
OTU_3737,1,1,1,1,1,1,1,1,1,1,1,1,1,1,1,1,1,1,1,1,1,1,1,1,1,1,1,1,1,1,1,1,1,1,1,1,1,1,1,1,1,1,1,1,1,1,1,1,1,1
OTU_3738,1,1,1,1,1,1,1,1,1,1,1,1,1,1,1,1,1,1,1,1,1,1,1,1,1,1,1,1,1,1,1,1,1,1,1,1,1,1,1,1,1,1,1,1,1,1,1,1,1,1
OTU_3739,1,1,1,1,1,1,1,1,1,1,1,1,1,1,1,1,1,1,1,1,1,1,1,1,1,1,1,1,1,1,1,1,1,1,1,1,1,1,1,1,1,1,1,1,1,1,1,1,1,1
OTU_3740,1,1,1,1,1,1,1,1,1,1,1,1,1,1,1,1,1,1,1,1,1,1,1,1,1,1,1,1,1,1,1,1,1,1,1,1,1,1,1,1,1,1,1,1,1,1,1,1,1,1
OTU_3741,1,1,1,1,1,1,1,1,1,1,1,1,1,1,1,1,1,1,1,1,1,1,1,1,1,1,1,1,1,1,1,1,1,1,1,1,1,1,1,1,1,1,1,1,1,1,1,1,1,1
OTU_3742,1,1,1,1,1,1,1,1,1,1,1,1,1,1,1,1,1,1,1,1,1,1,1,1,1,1,1,1,1,1,1,1,1,1,1,1,1,1,1,1,1,1,1,1,1,1,1,1,1,1
OTU_3743,1,1,1,1,1,1,1,1,1,1,1,1,1,1,1,1,1,1,1,1,1,1,1,1,1,1,1,1,1,1,1,1,1,1,1,1,1,1,1,1,1,1,1,1,1,1,1,1,1,1
OTU_3744,1,1,1,1,1,1,1,1,1,1,1,1,1,1,1,1,1,1,1,1,1,1,1,1,1,1,1,1,1,1,1,1,1,1,1,1,1,1,1,1,1,1,1,1,1,1,1,1,1,1
OTU_3745,1,1,1,1,1,1,1,1,1,1,1,1,1,1,1,1,1,1,1,1,1,1,1,1,1,1,1,1,1,1,1,1,1,1,1,1,1,1,1,1,1,1,1,1,1,1,1,1,1,1
OTU_3746,1,1,1,1,1,1,1,1,1,1,1,1,1,1,1,1,1,1,1,1,1,1,1,1,1,1,1,1,1,1,106,1,1,1,1,1,1,1,1,1,1,1,1,1,114,45,1,21,1,1
OTU_3747,1,1,155,6,3,80,14,524,48,13,4,41,1,35,2,2,267,1,61,5,471,54,2,136,54,118,1,123,119,1,2,45,205,3,21,19,33,124,1,53,44,203,4,169,1,1,2,155,1,26
OTU_3748,1,1,1,1,1,1,1,1,1,1,1,1,1,1,1,1,1,1,1,1,1,1,1,1,1,1,1,1,1,1,1,1,1,1,1,1,1,1,1,1,1,1,1,1,1,1,1,1,1,1
OTU_3749,1,1,1,1,1,1,1,1,1,1,1,1,1,1,1,1,1,1,1,1,1,1,1,1,1,1,1,1,1,1,1,1,1,1,1,1,1,1,1,1,1,1,1,1,1,1,1,1,1,1
OTU_3750,204,4,51,603,178,610,262,192,542,69,163,227,154,402,70,152,361,83,331,346,87,495,107,220,204,310,185,168,313,169,35,201,324,406,227,184,703,190,255,94,300,90,47,212,288,429,173,20,552,295
OTU_3751,1,1,1,2,1,1,1,1,1,1,1,1,1,1,1,1,1,1,1,1,7,1,1,1,1,1,1,1,1,1,1,1,1,1,1,1,1,1,1,1,1,1,1,1,1,1,1,1,1,1
OTU_3752,1,1,1,1,1,1,1,1,1,1,1,1,1,1,1,1,1,1,1,1,1,1,1,1,1,1,1,1,1,1,1,1,1,1,1,1,1,1,1,1,1,1,1,1,1,1,1,1,1,1
OTU_3753,23,1,2,4,1,1,1,9,12,1,1,6,1,1,7,1,1,1,1,1,1,1,163,102,1,1,1,1,1,1,1,6,24,22,1,1,5,1,1,1,1,1,66,1,63,2,1,1,1,21
OTU_3754,1,1,1,1,1,1,1,1,1,1,1,1,1,1,1,1,1,1,1,1,1,1,1,1,1,1,1,1,1,1,1,1,1,1,1,1,1,1,1,1,1,1,1,1,1,1,1,1,1,1
OTU_3755,1,1,1,1,1,1,1,1,1,1,1,1,1,1,1,1,1,1,1,1,1,1,1,1,1,1,1,1,1,1,1,1,1,1,1,1,1,1,1,1,1,1,1,1,1,1,1,1,1,1
OTU_3756,1,1,1,1,1,1,1,1,1,1,1,1,1,37,1,1,4,1,1,1,1,1,1,1,1,1,1,1,1,1,1,1,1,1,1,1,1,35,1,1,1,1,1,1,93,1,1,75,1,1
OTU_3757,1,1,1,1,1,1,1,1,1,1,1,1,1,1,1,1,1,1,1,1,1,1,1,1,1,1,1,1,1,1,1,1,1,1,1,1,1,1,1,1,1,1,1,1,1,1,1,1,1,1
OTU_3758,1,1,1,1,1,1,1,1,1,1,1,1,1,1,1,1,1,1,1,1,1,1,1,1,1,1,1,1,1,1,1,1,1,1,1,1,1,1,1,1,1,1,1,1,1,1,1,1,1,1
OTU_3759,1,1,1,1,1,1,1,1,1,1,1,1,1,1,1,1,1,1,1,1,1,1,1,1,1,1,1,1,1,1,1,1,1,1,1,1,1,1,1,1,1,1,1,1,1,1,1,1,1,1
OTU_3760,1,1,1,1,1,1,1,1,1,1,1,1,1,1,1,1,1,1,1,1,1,1,1,1,1,1,1,1,1,1,1,1,1,1,1,1,3,1,1,2,1,1,1,1,1,1,1,1,1,1
OTU_3761,1,1,3,2,1,38,1,1,1,1,1,1,1,1,1,1,1,1,1,1,1,1,1,1,63,1,1,18,1,1,1,1,1,1,1,1,148,1,1,1,1,1,1,1,1,1,1,1,1,1
OTU_3762,1,1,1,1,1,1,1,1,1,1,1,1,1,1,1,1,1,1,1,1,1,1,1,1,1,1,1,1,1,1,1,1,1,1,1,1,1,1,1,1,1,1,1,1,1,1,1,1,1,1
OTU_3763,1,1,1,1,1,1,1,1,1,1,1,1,1,1,1,1,1,1,1,1,1,1,1,1,1,1,1,1,1,1,1,1,1,1,1,1,1,1,1,1,1,1,1,1,1,1,1,1,1,1
OTU_3764,1,1,1,1,1,1,1,1,1,1,1,1,1,1,1,1,1,1,1,1,1,1,1,1,1,1,1,1,1,1,1,1,1,1,1,1,1,1,1,1,1,1,1,1,1,1,1,1,1,1
OTU_3765,1,1,1,1,1,1,1,1,1,1,1,1,1,1,1,1,1,1,1,1,1,1,1,1,1,2,1,1,1,1,1,1,1,1,1,1,1,1,1,1,1,1,4,1,1,1,1,1,1,1
OTU_3766,1,1,1,1,1,1,1,1,1,1,1,1,1,1,1,1,1,1,1,1,1,1,1,1,1,1,1,1,1,1,1,1,1,1,1,1,1,1,1,1,1,1,1,1,1,1,1,1,1,1
OTU_3767,1,1,1,1,1,1,1,1,1,1,1,1,1,1,1,1,1,2,1,1,1,1,1,1,1,1,1,1,1,1,1,1,1,1,1,1,1,1,1,1,1,1,1,1,1,1,1,1,1,1
OTU_3768,1,1,1,1,1,1,1,1,2,1,1,1,1,1,1,1,1,1,1,1,1,1,1,1,1,1,1,1,1,1,1,1,1,1,1,1,1,1,1,1,1,1,1,1,1,1,1,1,1,1
OTU_3769,1,1,1,1,1,1,1,1,1,1,1,1,1,1,1,1,1,1,1,2,1,1,1,1,1,1,1,1,1,1,1,1,1,1,1,1,1,1,1,1,1,1,1,1,1,1,1,1,1,1
OTU_3770,5,4,45,45,37,121,113,121,59,17,89,29,161,8,186,1,218,277,59,151,52,482,674,143,193,51,54,40,20,79,22,242,94,15,1,133,15,91,218,12,53,64,153,2,2,5,91,113,13,38
OTU_3771,1,1,2,1,1,42,326,5,2,3,1,2,1,1,1,117,5,115,3,3,1,5,1,4,1,1,72,19,1,74,17,12,1,81,9,12,1,1,1,2,19,16,49,3,32,58,1,1,16,113
OTU_3772,320,3,30,26,25,7,2,1,6,149,2,10,5,153,1,1,15,263,1,3,97,29,4,3,225,10,1,1,4,239,11,77,82,12,44,1,8,40,1,2,40,37,13,62,341,42,1,1,1,88
OTU_3773,1,1,1,1,1,1,1,1,1,1,1,1,1,1,1,1,1,1,1,1,1,1,1,1,1,1,1,1,1,1,1,1,1,1,1,1,1,1,1,1,1,1,1,1,1,1,1,1,1,1
OTU_3774,1,1,1,1,1,1,1,1,1,1,1,1,1,1,1,1,1,1,1,1,1,1,1,1,1,1,1,1,1,1,1,1,1,1,1,1,1,1,1,1,1,1,1,1,1,1,1,1,1,1
OTU_3775,1,1,1,1,1,1,1,1,1,1,1,1,1,1,1,1,1,1,1,1,1,1,1,1,1,1,1,1,1,1,1,1,1,1,1,1,1,1,1,1,1,1,1,1,1,1,1,1,1,1
OTU_3776,86,12,70,1,14,1,1,164,41,3,4,70,1,35,208,6,1,79,2,1,198,2,3,4,33,273,30,2,1,2,2,92,1,5,17,37,83,50,15,277,7,3,4,9,310,1,5,2,1,6
OTU_3777,54,57,55,195,107,107,146,99,74,94,210,31,346,98,274,203,62,140,99,316,204,3,334,2,65,64,147,75,47,3,83,134,74,377,94,34,461,184,1,463,82,71,6,32,80,213,52,89,195,4
OTU_3778,1,1,1,1,1,1,1,1,1,1,1,1,1,1,1,1,1,1,1,1,1,1,1,1,1,1,1,1,1,1,1,1,1,1,1,1,1,1,1,1,1,1,1,1,1,1,1,1,1,1
OTU_3779,102,33,2,271,94,198,125,72,82,36,255,130,222,96,397,94,735,316,219,152,42,543,85,178,86,380,1340,304,395,449,99,166,58,118,8,121,145,93,150,733,150,183,82,127,270,39,84,667,173,548
OTU_3780,1,1,1,1,1,1,1,1,1,1,1,1,1,1,1,1,1,1,1,1,1,1,1,1,1,1,1,1,1,1,1,1,1,1,1,1,1,1,1,1,1,1,1,1,1,1,1,1,1,1
OTU_3781,1,1,1,1,1,1,1,1,1,1,1,1,1,1,1,1,1,1,1,1,1,1,1,1,1,1,1,1,1,1,1,1,1,1,1,1,1,1,1,1,1,1,1,1,1,1,1,1,1,1
OTU_3782,1,1,1,1,1,1,1,1,1,1,1,1,1,1,1,1,1,1,1,1,1,1,1,1,1,1,1,1,1,1,1,1,1,1,1,1,1,1,1,1,1,1,1,1,1,1,1,1,1,1
OTU_3783,1,1,1,1,1,1,1,1,1,1,1,1,1,1,1,1,1,1,1,1,1,1,1,1,1,1,1,1,1,1,1,1,1,1,1,1,1,1,1,1,1,1,1,1,1,1,1,1,1,1
OTU_3784,1,1,99,1,2,1,1,1,1,4,1,1,1,1,23,1,1,1,1,1,1,305,2,1,1,1,1,1,1,1,1,1,1,1,1,1,1,3,1,1,1,1,2,19,1,1,1,1,5,1
OTU_3785,1,1,1,1,1,1,1,1,1,1,1,1,1,1,1,1,1,1,1,1,1,1,1,1,1,1,1,1,1,1,1,1,1,1,1,1,1,1,1,1,1,1,1,1,1,1,1,1,1,1
OTU_3786,1,1,1,1,1,1,1,1,1,1,1,1,1,1,1,1,1,1,1,1,1,1,1,1,1,1,1,3,1,2,1,1,1,1,1,1,1,1,1,1,1,1,1,1,1,1,1,1,1,1
OTU_3787,1,1,1,1,64,1,1,1,1,1,51,1,1,1,1,1,1,1,1,1,1,1,1,1,1,1,1,1,1,1,1,1,1,1,1,1,1,1,1,1,1,1,1,1,1,19,1,1,196,1
OTU_3788,1,1,1,1,1,1,1,1,1,1,1,1,1,1,1,1,1,1,1,1,1,1,1,1,1,1,1,1,85,1,1,1,1,1,1,1,1,1,1,1,1,1,1,1,1,1,1,1,1,1
OTU_3789,1,1,1,1,1,1,1,1,1,1,1,1,1,1,1,1,1,1,1,1,1,1,1,1,1,1,1,1,1,1,1,1,1,1,1,1,1,1,1,1,1,1,1,1,1,1,1,1,1,1
OTU_3790,1,3,26,1,1,1,1,1,1,1,1,1,1,1,1,1,1,1,1,1,1,1,1,1,1,18,1,1,1,1,1,12,1,1,1,1,1,1,1,1,2,1,1,1,1,1,1,1,1,1
OTU_3791,1,1,1,1,1,1,1,1,1,1,1,1,2,1,1,1,1,1,1,1,1,1,1,1,1,1,1,1,1,1,1,1,1,1,1,1,1,1,1,1,1,1,1,1,1,1,1,1,1,1
OTU_3792,1,1,83,1,5,1,1,11,1,1,1,1,1,1,32,1,1,17,1,1,1,1,1,1,6,2,1,1,1,1,29,1,1,1,1,1,1,1,1,1,1,1,1,1,1,1,1,1,2,1
OTU_3793,1,1,1,1,1,1,1,1,1,1,1,1,1,1,1,1,1,1,1,1,1,1,1,1,1,1,1,1,1,1,1,1,1,1,1,1,1,1,1,1,1,1,1,1,1,1,1,1,1,1
OTU_3794,1,1,1,1,1,1,1,1,1,1,1,1,1,1,1,1,1,1,1,1,1,1,1,1,1,1,1,1,1,1,1,1,1,1,1,1,1,1,1,1,1,1,1,1,1,1,1,1,1,1
OTU_3795,1,1,1,1,1,1,1,1,1,1,1,1,1,1,1,1,1,1,1,1,1,1,1,1,1,1,1,1,1,1,1,1,1,1,1,1,1,1,1,1,1,1,1,1,1,1,1,1,1,1
OTU_3796,1,1,1,1,1,1,1,1,1,1,1,1,1,1,1,1,1,1,1,1,1,1,1,1,1,1,1,1,1,1,1,1,1,1,1,1,1,1,1,1,1,1,1,1,1,1,1,1,1,1
OTU_3797,46,14,1,1,16,71,5,170,57,5,1,1,96,11,1,1,1,1,1,2,4,60,1,559,1,1,2,1,30,22,44,1,1,1,27,1,1,292,11,1,38,3,1,1,264,1,17,4,14,1
OTU_3798,1,1,1,1,1,1,1,1,1,1,1,1,1,1,1,1,1,1,1,1,1,1,1,1,1,1,1,1,1,1,1,1,1,1,1,1,1,1,1,1,1,1,1,1,1,1,1,1,1,1
OTU_3799,1,1,1,1,1,1,1,1,1,26,1,1,1,1,1,1,1,1,1,1,3,1,1,1,1,17,1,1,1,1,1,1,1,1,1,1,1,7,1,1,1,1,1,1,1,55,1,1,1,1
OTU_3800,1,1,1,1,1,1,1,1,1,1,1,1,1,1,1,1,1,1,1,1,1,1,1,1,1,1,1,1,1,1,1,1,1,1,1,1,1,1,1,1,1,1,1,1,1,1,1,1,1,1
OTU_3801,1,1,1,1,1,1,1,1,1,1,1,1,1,1,1,1,1,1,1,1,1,1,1,1,1,1,1,1,1,1,1,1,1,1,1,1,1,1,1,1,1,1,1,1,1,1,1,1,1,1
OTU_3802,1,1,1,1,1,1,1,1,1,1,1,1,1,1,1,1,1,1,1,1,1,1,1,1,1,1,1,1,1,1,1,1,1,1,1,1,1,1,1,1,1,1,1,1,1,1,1,1,1,1
OTU_3803,1,1,1,1,1,1,1,1,1,1,1,1,1,1,1,1,1,1,1,1,1,1,1,1,1,1,1,1,1,1,1,1,1,1,1,1,1,1,1,1,1,1,1,1,1,1,1,1,1,1
OTU_3804,1,1,1,1,1,1,1,1,1,1,1,1,1,1,1,1,1,1,1,1,1,1,1,1,1,1,1,1,1,1,1,1,1,1,1,1,1,1,1,1,1,1,1,1,1,1,1,1,1,1
OTU_3805,27,14,36,16,15,49,9,5,113,41,4,61,309,131,11,7,28,55,8,1,60,1,30,12,28,2,2,47,2,25,46,11,305,28,30,79,135,1,442,382,7,8,65,84,92,110,38,59,76,32
OTU_3806,1,1,1,1,1,1,1,1,1,1,1,1,1,1,1,1,1,1,1,1,1,1,1,1,1,1,1,1,1,1,1,1,1,1,1,1,1,1,1,18,1,1,1,1,1,1,1,1,1,1
OTU_3807,1,1,2,1,1,1,1,8,1,1,1,5,1,1,1,1,1,1,1,1,1,2,1,1,1,1,1,1,1,1,1,1,10,1,1,1,1,1,1,1,1,1,1,1,1,1,1,1,1,1
OTU_3808,1,2,1,1,1,1,1,1,1,1,1,1,19,1,1,1,1,1,1,1,3,1,1,1,1,1,17,1,1,1,1,1,1,1,1,4,1,1,1,1,1,1,1,1,1,1,1,100,1,1
OTU_3809,51,132,68,207,72,93,94,155,17,1,7,43,10,97,107,14,49,5,100,141,214,109,16,230,276,125,124,69,220,12,384,97,20,186,117,93,325,145,307,18,330,17,78,43,12,55,4,82,99,160
OTU_3810,1,1,1,1,1,1,1,1,1,1,2,1,1,1,1,1,1,1,1,1,1,1,1,1,1,1,1,1,1,1,1,1,1,1,1,1,1,1,1,1,1,1,1,1,1,1,1,1,1,1
OTU_3811,1,1,1,1,1,1,1,1,1,1,1,1,1,1,1,1,1,1,1,1,1,2,1,1,1,1,1,1,1,1,1,1,1,1,1,1,1,1,1,1,1,1,1,1,1,1,1,1,1,1
OTU_3812,1,1,1,6,1,1,1,1,15,1,1,63,1,1,1,1,1,1,1,1,1,1,1,1,1,1,1,1,4,1,1,1,54,1,1,1,1,1,1,1,1,2,1,1,1,1,3,1,1,1
OTU_3813,1,1,1,1,1,1,1,1,1,1,1,1,1,1,1,1,1,1,1,1,1,1,1,1,1,1,1,1,1,1,1,1,1,1,1,1,1,1,1,1,1,1,1,1,1,1,1,1,1,1
OTU_3814,1,1,1,1,1,1,1,1,1,1,1,1,1,1,1,1,1,1,1,1,1,1,1,1,1,1,1,1,1,1,1,1,1,1,1,1,1,1,1,1,1,1,1,1,1,1,1,1,1,1
OTU_3815,1,1,279,1,302,1,16,1,4,1,52,1,1,62,58,435,1,1,4,1,107,14,5,1,1,1,1,3,5,2,5,86,4,1,2,1,1,2,1,8,5,29,2,1,145,7,413,24,3,32
OTU_3816,1,1,1,1,1,1,1,1,1,1,1,1,1,1,1,1,1,1,1,1,1,1,1,1,1,1,1,1,1,1,1,1,1,1,1,1,1,1,1,1,1,1,1,1,1,1,1,1,1,1
OTU_3817,1,1,1,1,1,1,1,1,1,1,1,1,1,1,1,1,1,1,1,1,1,1,1,1,1,1,1,1,1,1,1,1,1,1,1,1,1,1,1,1,1,1,1,1,1,1,1,1,1,1
OTU_3818,1,1,2,1,1,1,69,1,1,1,14,16,4,27,1,34,1,1,1,1,1,1,1,1,1,258,68,1,4,1,1,1,1,143,1,1,1,11,16,1,5,13,67,1,10,1,1,14,1,1
OTU_3819,1,1,1,1,1,1,1,1,1,1,1,1,1,1,1,1,1,1,11,1,1,1,1,1,1,1,1,1,1,1,1,1,1,1,1,1,1,1,1,1,15,1,1,1,1,1,1,1,1,1
OTU_3820,1,1,1,1,1,1,1,1,1,1,1,1,1,1,1,1,1,1,1,1,1,1,1,1,1,1,1,1,1,1,1,1,44,1,1,1,1,1,1,1,1,1,1,1,1,1,1,1,1,1
OTU_3821,1,1,1,1,1,1,1,1,1,1,1,1,1,1,1,1,1,1,1,1,1,1,1,1,1,1,1,1,1,1,1,1,1,1,1,1,1,1,1,1,1,1,1,1,1,1,1,1,1,1
OTU_3822,39,141,210,61,19,102,1,82,128,24,179,13,58,104,1,84,28,156,1,312,7,345,1,4,160,31,21,112,1,3,340,38,33,1,45,471,27,5,57,37,3,5,103,14,200,245,11,7,1,156
OTU_3823,1,1,1,1,1,1,1,1,1,1,1,1,1,1,1,1,1,1,1,1,1,1,1,1,1,1,1,1,1,1,1,1,1,1,1,1,1,1,1,1,1,1,1,1,1,1,1,1,1,1
OTU_3824,1,1,1,1,1,1,1,1,1,1,1,1,1,1,1,1,1,1,1,1,1,1,1,1,1,1,1,1,1,1,1,1,1,1,1,1,1,1,1,1,1,1,1,1,1,1,1,1,1,1
OTU_3825,1,1,1,1,1,1,1,1,1,37,1,1,1,1,1,1,1,1,1,5,1,1,1,1,1,1,1,1,1,1,1,1,1,1,1,1,1,1,1,1,1,1,1,1,1,1,1,1,1,1
OTU_3826,1,1,1,1,1,1,1,19,15,1,1,1,181,2,1,2,1,21,1,1,1,1,1,1,1,1,1,1,1,2,4,1,8,1,1,1,1,1,1,1,1,2,1,1,29,1,1,1,1,1
OTU_3827,1,1,1,1,1,1,1,1,1,1,1,1,1,1,1,1,1,1,1,1,1,1,1,1,1,1,1,1,1,1,1,1,1,1,1,1,1,1,1,1,1,1,1,1,1,1,1,1,1,1
OTU_3828,1,1,1,1,1,1,1,1,1,1,1,1,1,1,1,1,1,1,1,1,1,1,1,1,1,1,1,1,1,1,1,1,1,1,1,1,1,1,1,1,1,1,1,1,1,1,1,1,1,1
OTU_3829,1,57,24,28,60,101,51,16,357,66,30,1,87,69,272,65,238,18,99,8,50,42,54,1,2,3,2,6,2,354,55,2,131,8,266,66,107,206,8,94,5,18,241,144,91,115,19,155,106,87
OTU_3830,1,1,1,1,1,1,1,1,1,1,1,1,1,1,1,1,1,1,1,1,1,1,1,1,1,1,1,1,1,1,1,1,1,1,1,1,1,1,1,1,1,1,1,1,1,1,1,1,1,1
OTU_3831,1,1,1,1,1,1,1,1,1,1,1,1,1,1,1,1,1,1,1,1,1,1,1,1,1,1,1,1,1,1,1,1,1,1,1,1,1,1,1,1,1,1,1,1,1,1,1,1,1,1
OTU_3832,1,55,1,1,1,7,8,1,1,1,1,1,1,1,1,1,1,1,1,1,1,1,1,1,1,1,3,1,6,1,13,1,1,1,2,10,1,1,1,8,1,1,2,1,1,1,1,2,1,87
OTU_3833,1,1,1,1,1,1,1,1,1,1,1,1,1,1,1,1,1,1,1,1,1,1,1,1,1,1,1,1,1,1,1,1,1,1,1,1,1,1,1,1,1,1,1,1,1,1,1,1,1,1
OTU_3834,1,1,1,1,1,1,1,1,1,1,1,1,1,1,1,1,1,1,1,1,1,1,1,1,1,1,1,1,1,1,1,1,1,1,1,1,1,1,1,1,1,1,1,1,1,1,1,1,1,1
OTU_3835,218,1,40,6,14,10,28,10,2,1,41,69,2,1,151,1,61,64,106,88,58,6,1,3,30,24,152,81,24,124,3,29,1,127,76,60,35,25,18,68,1,183,334,11,1,2,13,199,25,409
OTU_3836,34,20,1,2,1,1,1,1,1,1,1,1,1,1,1,1,1,1,1,1,1,1,1,15,1,247,1,1,1,1,1,1,2,1,1,2,1,4,1,1,1,1,2,1,1,1,1,1,1,1
OTU_3837,1,1,1,1,1,1,1,1,1,1,1,1,1,1,1,1,1,1,1,1,1,1,1,1,1,1,1,1,1,1,1,1,1,1,1,1,1,1,1,1,1,1,1,1,1,1,1,1,1,1
OTU_3838,1,1,1,1,1,1,1,1,1,1,1,1,1,1,1,1,1,1,1,1,1,1,1,1,1,1,1,1,1,1,1,1,1,1,1,1,1,1,1,1,1,1,1,1,1,1,1,1,1,1
OTU_3839,1,1,1,1,1,1,1,1,1,1,1,1,1,1,1,1,1,1,1,1,1,1,1,1,1,1,1,1,1,1,1,1,1,1,1,1,1,1,1,1,1,1,1,1,1,1,1,1,1,1
OTU_3840,1,1,1,1,1,1,1,1,1,1,1,1,1,1,1,1,1,1,1,1,1,1,1,1,1,1,1,1,1,1,1,1,1,1,1,1,1,1,1,1,1,1,1,1,1,1,1,1,1,1
OTU_3841,1,1,1,1,1,1,1,1,1,1,1,1,1,1,1,1,1,1,1,1,1,1,1,1,1,1,1,1,1,1,1,1,1,1,1,1,1,1,1,1,1,1,1,1,1,1,1,1,1,1
OTU_3842,1,1,1,1,1,1,1,1,1,1,1,1,1,1,1,1,1,1,1,1,1,1,1,1,1,1,1,1,1,1,1,1,1,1,1,1,1,1,1,1,1,1,1,1,1,1,1,1,1,1
OTU_3843,1,1,1,1,1,1,1,1,1,1,1,1,1,1,1,1,1,1,1,1,1,1,1,1,1,1,1,1,1,1,1,1,1,1,1,1,1,1,1,1,1,1,1,1,1,1,1,1,1,1
OTU_3844,1,1,1,1,1,1,1,1,1,1,1,1,1,1,1,1,1,1,1,1,1,1,1,1,1,1,1,1,1,1,1,1,1,1,1,1,1,1,1,1,1,1,1,1,1,1,1,1,1,1
OTU_3845,1,1,1,1,1,1,1,1,1,1,1,1,1,1,1,1,1,1,1,1,1,1,1,1,1,1,1,1,1,1,1,1,1,1,1,1,1,1,1,1,1,1,1,1,1,1,1,1,1,1
OTU_3846,1,1,1,1,1,1,1,1,1,1,15,1,1,1,1,1,1,3,1,1,1,1,1,1,1,1,1,1,1,1,1,1,1,1,1,1,1,1,1,1,1,1,1,1,1,1,1,1,1,1
OTU_3847,1,1,1,1,1,1,1,1,1,1,1,1,1,1,1,1,1,1,1,1,1,1,1,1,1,1,1,1,1,1,1,1,1,1,1,1,1,1,1,1,1,1,1,1,1,1,1,1,1,1
OTU_3848,1,1,1,1,1,1,1,1,1,1,1,1,1,1,1,1,1,1,1,1,1,1,1,1,1,1,1,1,1,1,1,1,1,1,1,1,1,1,1,1,1,1,1,1,1,1,1,1,1,1
OTU_3849,1,1,1,1,1,1,1,1,1,1,1,1,1,1,1,1,1,1,1,1,1,1,1,1,1,1,1,1,1,1,1,1,1,1,1,1,1,1,1,1,1,1,1,1,1,1,1,1,1,1
OTU_3850,1,1,1,1,1,1,1,1,1,1,1,1,1,1,1,1,1,1,1,1,1,1,1,1,1,1,1,1,1,1,1,1,1,1,1,1,1,1,1,1,1,1,1,1,1,1,1,1,1,1
OTU_3851,1,1,1,1,1,1,1,1,1,1,1,1,1,1,1,1,1,1,1,1,1,1,1,1,1,1,1,1,1,1,1,1,1,1,1,1,1,1,1,1,1,1,1,1,1,1,1,1,1,1
OTU_3852,1,1,1,1,1,15,84,1,1,10,1,1,7,1,1,1,5,1,3,1,3,5,1,1,1,1,2,3,1,27,5,1,1,1,1,22,1,1,1,1,2,1,1,1,1,1,1,1,1,1
OTU_3853,1,1,1,1,1,1,1,1,1,1,1,1,1,1,1,1,1,1,1,1,1,1,1,1,1,1,1,1,1,1,1,1,1,1,1,1,1,1,1,1,1,1,1,1,1,1,1,1,1,1
OTU_3854,1,1,1,1,1,1,1,1,1,1,1,1,1,1,1,1,1,1,1,1,1,1,1,1,1,1,1,1,1,1,1,1,1,1,1,1,1,1,1,1,1,1,1,1,1,1,1,1,1,1
OTU_3855,1,1,1,1,1,1,1,1,1,1,1,1,1,1,1,1,1,1,1,1,1,1,1,1,1,1,1,1,1,1,1,1,1,1,1,1,1,1,1,1,1,1,1,1,1,1,1,1,1,1
OTU_3856,1,1,1,1,1,1,1,1,1,1,1,1,1,1,1,1,1,1,1,1,1,1,1,1,1,1,1,1,1,1,1,1,1,1,1,1,1,1,1,1,1,1,1,1,1,1,1,1,1,1
OTU_3857,2,25,307,1,60,90,85,155,129,39,188,399,4,25,50,98,70,2,26,39,11,30,29,136,2,276,28,83,19,36,38,53,74,99,118,83,89,299,261,104,20,121,34,100,40,4,26,13,125,6
OTU_3858,1,1,1,1,1,1,1,1,1,1,1,1,1,1,1,7,1,1,2,1,1,1,1,1,1,1,1,1,1,1,3,1,1,3,1,1,1,1,85,1,1,1,1,1,15,3,1,1,1,1
OTU_3859,1,1,1,1,1,1,1,1,1,1,1,1,1,1,1,1,1,1,1,1,1,1,73,1,1,1,1,1,2,1,1,1,1,1,1,1,1,1,1,1,1,1,1,1,1,1,1,1,1,1
OTU_3860,8,1,11,1,128,2,1,1,1,25,1,1,1,20,1,1,1,70,1,1,1,1,1,62,1,1,15,1,1,1,1,93,1,44,1,1,1,18,3,107,1,1,1,72,35,1,1,19,1,1
OTU_3861,1,1,1,1,1,1,2,1,1,1,1,1,1,1,1,1,1,1,1,1,1,1,1,1,1,1,1,1,1,1,1,1,1,1,1,1,1,1,1,1,1,1,1,1,1,1,1,1,1,1
OTU_3862,1,2,1,1,1,1,1,1,1,1,1,1,1,1,1,1,1,1,1,1,1,1,1,1,1,1,1,1,1,1,1,1,1,1,1,1,1,1,1,1,1,1,1,1,1,1,1,1,1,1
OTU_3863,1,23,5,2,12,385,68,1,1,33,1,1,1,2,1,1,1,189,11,17,32,1,1,1,1,1,1,33,13,1,1,1,1,2,1,1,97,4,1,1,1,8,2,1,1,1,1,2,15,42
OTU_3864,1,1,1,1,1,1,1,1,1,1,1,1,20,1,1,1,1,1,1,1,1,1,1,5,1,1,1,1,1,1,1,1,1,2,1,1,1,16,3,1,1,1,1,1,1,1,1,1,1,1
OTU_3865,1,1,1,1,1,1,1,1,1,1,1,1,1,1,1,1,1,1,1,1,1,1,1,1,1,1,1,1,1,1,1,1,1,1,1,1,1,1,1,1,1,1,1,1,1,1,1,1,1,1
OTU_3866,1,1,1,1,1,1,1,1,1,1,1,1,1,1,1,1,1,1,1,1,1,1,1,1,1,1,1,1,1,1,1,1,1,1,1,1,1,1,1,1,1,1,1,1,1,1,1,1,1,1
OTU_3867,5,1,1,1,1,1,1,1,1,1,1,1,1,73,1,1,1,1,1,20,1,1,1,1,1,1,2,1,6,1,1,1,90,1,1,1,1,1,1,6,1,1,1,1,1,9,1,1,1,1
OTU_3868,198,10,26,362,171,343,1,38,17,27,2,16,37,53,1,78,21,3,38,69,75,76,6,9,6,3,2,258,155,43,53,64,2,4,32,185,182,267,102,179,56,10,4,148,39,158,28,3,499,63
OTU_3869,1,1,1,1,1,1,1,1,1,1,1,1,1,1,1,1,1,1,1,1,1,1,1,1,1,1,1,1,1,1,1,1,1,1,1,1,1,1,1,1,1,1,1,1,1,1,1,1,1,1
OTU_3870,1,1,1,1,1,1,1,1,1,1,1,1,1,1,1,1,1,1,1,1,1,1,1,1,1,1,1,1,1,1,1,1,1,1,1,1,1,1,1,1,1,1,1,1,1,1,1,1,1,1
OTU_3871,1,1,1,1,1,1,1,1,1,1,17,1,1,1,2,1,6,1,1,1,5,1,1,1,1,1,1,1,1,1,4,1,1,1,1,1,1,1,1,1,1,4,1,1,1,1,2,25,1,20
OTU_3872,1,33,1,1,1,1,1,9,1,1,1,1,122,1,3,92,1,1,5,1,1,1,1,1,171,4,1,1,7,1,1,1,1,1,1,1,1,1,1,1,1,1,1,6,1,1,1,1,3,2
OTU_3873,1,1,45,26,77,1,1,6,1,102,21,7,111,1,29,3,1,11,162,2,1,3,2,218,1,5,14,1,3,1,1,16,1,30,7,16,26,1,1,1,1,12,3,9,138,1,1,3,1,1
OTU_3874,1,1,1,1,1,1,1,1,1,1,1,1,1,1,1,1,1,1,1,1,1,1,1,1,1,1,1,1,1,1,1,1,1,1,1,1,1,1,1,1,1,1,1,1,1,1,1,1,1,1
OTU_3875,1,1,1,1,1,1,1,1,1,1,1,1,1,1,1,1,1,1,1,1,1,1,1,1,1,1,1,1,1,1,1,1,1,1,1,1,1,1,1,1,1,1,1,1,1,1,1,1,1,1
OTU_3876,1,1,1,1,1,1,1,1,1,1,1,1,1,1,1,1,1,1,1,1,1,1,1,14,1,1,1,1,1,1,1,1,1,1,1,1,1,1,1,1,1,1,1,1,1,1,1,1,1,1
OTU_3877,1,1,1,1,1,1,1,1,1,1,1,1,1,1,1,1,1,1,1,1,1,1,1,1,1,1,1,1,1,1,1,1,1,1,1,1,1,1,1,1,1,1,1,1,1,1,1,1,1,1
OTU_3878,1,1,1,1,1,1,1,1,1,1,1,1,1,1,1,1,1,1,1,1,1,1,1,1,1,1,1,1,1,1,1,1,1,1,1,1,1,1,1,1,1,1,1,11,1,1,1,1,1,1
OTU_3879,5,2,1,3,1,1,1,1,1,1,411,1,1,1,4,50,1,1,1,1,338,1,1,1,1,1,1,1,1,1,332,1,1,2,1,1,1,1,1,62,1,1,1,1,9,1,1,4,1,85
OTU_3880,1,1,1,1,1,1,1,1,1,1,1,1,1,1,1,1,1,1,1,1,1,1,1,1,1,1,1,1,1,1,1,1,1,1,1,1,1,1,1,1,1,1,1,1,1,1,1,1,1,1
OTU_3881,1,1,1,1,1,1,1,1,1,1,1,1,1,1,1,1,1,1,1,1,1,1,1,1,1,1,1,1,1,1,1,1,1,1,1,1,1,1,1,1,1,1,1,1,1,1,1,1,1,1
OTU_3882,57,67,1,4,66,9,4,60,7,18,7,47,1,7,11,20,3,1,369,412,1,1,1,1,1,233,13,62,46,5,162,1,15,31,3,52,1,117,121,1,1,10,1,27,2,3,1,7,1,10
OTU_3883,1,1,1,1,1,1,1,1,1,1,1,1,1,1,1,1,1,1,1,1,1,1,1,1,1,1,1,1,1,1,1,1,1,1,1,1,1,1,1,1,1,1,1,1,1,1,1,1,1,1
OTU_3884,2,1,1,1,1,1,1,1,1,1,1,1,1,1,1,1,1,1,1,1,1,1,1,1,1,1,1,1,1,1,1,1,1,1,1,1,1,1,1,1,1,1,1,1,1,1,1,1,1,1
OTU_3885,104,76,58,149,23,64,89,44,5,88,163,28,245,3,57,8,189,108,83,59,41,18,185,22,11,69,13,10,15,24,119,98,2,79,181,42,30,189,158,135,1,17,59,45,91,421,27,36,143,203
OTU_3886,1,1,1,1,1,1,1,1,1,1,1,30,1,1,1,1,1,1,1,1,1,1,1,1,1,1,1,1,1,1,1,1,1,1,1,1,1,1,1,1,1,1,1,1,1,1,1,1,1,1
OTU_3887,1,1,1,1,1,1,1,1,1,1,1,1,1,1,1,1,1,1,1,1,1,1,1,1,1,1,1,1,1,1,1,1,1,1,1,1,1,1,1,1,1,1,1,1,1,1,1,1,1,1
OTU_3888,1,1,1,1,1,1,1,1,1,1,1,1,1,1,1,1,1,1,1,1,1,1,1,1,1,1,1,1,1,1,1,1,1,1,1,1,1,1,1,1,1,1,1,1,1,1,1,1,1,1
OTU_3889,1,1,4,1,1,2,1,1,1,3,1,1,1,1,1,1,2,3,1,1,1,66,3,4,1,1,1,1,1,1,1,1,1,1,1,1,1,1,1,1,1,23,1,2,1,1,1,1,1,1
OTU_3890,1,1,1,1,1,1,1,1,1,1,1,1,1,1,1,1,1,1,1,1,1,1,1,1,1,1,1,1,1,1,1,1,1,1,1,1,19,1,1,1,1,1,1,1,1,1,1,1,1,1
OTU_3891,1,1,1,1,1,1,1,1,1,1,1,1,1,1,1,1,1,1,1,1,1,1,1,1,1,1,1,1,1,1,1,1,1,1,1,1,1,1,1,1,1,1,1,1,1,1,1,1,1,1
OTU_3892,1,1,1,1,1,1,1,1,1,1,1,1,1,1,1,1,1,1,1,1,1,1,1,1,1,1,1,1,1,1,1,1,1,1,1,1,1,1,1,1,1,1,1,1,1,1,1,1,1,1
OTU_3893,1,1,1,1,1,1,1,1,1,1,1,1,1,1,1,1,1,1,1,1,1,1,1,1,1,1,1,1,1,1,1,1,1,1,1,1,1,1,1,1,1,1,1,1,1,1,1,1,1,1
OTU_3894,1,1,1,1,1,1,1,1,1,1,1,1,1,1,1,1,1,1,1,1,1,1,1,1,1,1,1,1,1,1,1,1,1,1,1,1,1,1,1,1,1,1,1,1,1,1,1,1,1,1
OTU_3895,1,1,1,1,1,1,1,1,1,1,1,1,1,1,1,1,1,1,1,1,1,1,1,1,1,1,1,1,1,1,1,1,1,1,1,1,1,1,2,1,1,1,1,1,1,1,1,1,1,1
OTU_3896,1,1,1,1,1,1,1,1,1,1,1,1,1,1,1,1,1,1,1,1,1,1,1,1,1,1,1,1,1,1,1,1,1,1,1,1,1,1,1,1,1,1,1,1,1,1,1,1,1,1
OTU_3897,1,1,1,1,1,1,1,1,1,1,1,1,1,1,1,1,1,1,1,1,1,1,1,1,1,5,1,1,1,1,1,1,1,1,1,1,1,1,1,1,1,1,1,1,1,1,1,1,1,1
OTU_3898,1,1,1,1,1,1,1,1,1,1,2,1,1,1,1,1,1,1,2,1,1,1,1,1,1,1,1,1,1,1,1,1,1,1,1,1,1,1,1,1,1,1,1,1,1,1,2,1,1,1
OTU_3899,1,1,1,1,1,1,2,1,2,1,1,1,1,1,1,1,1,2,1,1,1,1,1,1,1,1,1,1,1,1,1,1,1,39,1,1,1,1,1,1,1,1,1,1,1,1,1,1,1,1
OTU_3900,1,1,1,1,1,1,1,1,1,1,1,1,1,1,1,1,1,1,1,1,1,1,1,1,1,1,1,1,1,1,1,1,1,1,1,1,1,1,1,1,1,1,1,1,1,1,1,1,1,1
OTU_3901,1,1,1,1,1,1,1,1,1,1,1,1,1,1,1,1,1,1,1,1,1,1,1,1,1,1,1,1,1,1,1,1,1,1,1,1,1,1,1,1,1,1,1,1,1,1,1,1,1,1
OTU_3902,29,302,1,101,182,1,204,10,230,27,119,5,1,11,50,2,5,68,1,16,10,119,28,119,10,16,11,36,2,342,1,557,153,30,11,58,2,43,39,166,162,18,101,11,175,9,27,229,21,204
OTU_3903,1,1,1,1,1,1,1,1,1,1,1,1,1,1,1,1,1,1,1,1,1,1,1,1,12,1,1,1,1,1,1,1,1,1,1,1,1,1,1,1,1,1,1,1,1,1,1,1,1,1
OTU_3904,1,1,1,1,1,1,1,1,1,1,1,1,1,1,1,1,1,1,1,1,1,1,1,1,1,1,1,1,1,1,1,1,1,1,1,1,1,1,1,1,1,1,1,1,1,1,1,1,1,1
OTU_3905,1,1,3,1,1,1,1,1,1,1,4,1,1,3,1,1,1,1,1,1,1,1,1,1,1,6,1,21,1,1,1,1,1,1,1,1,1,1,1,1,1,22,1,1,1,1,3,6,1,1
OTU_3906,1,1,1,1,1,1,1,1,1,1,2,1,1,1,1,1,1,1,1,1,1,1,1,1,1,1,1,1,1,1,1,1,1,1,1,1,1,1,1,1,1,1,1,1,1,1,1,1,1,1
OTU_3907,1,1,1,1,1,1,1,1,1,1,1,1,1,1,1,1,1,1,1,1,1,1,1,1,1,1,1,1,1,1,1,1,1,1,1,1,1,1,1,1,1,1,1,1,1,1,1,1,1,1
OTU_3908,1,1,1,1,1,1,1,1,1,1,1,1,1,1,1,1,1,1,1,1,1,1,1,1,1,1,1,1,1,1,1,1,1,1,1,1,1,1,1,1,1,1,1,1,1,1,1,1,1,1
OTU_3909,1,1,1,1,1,1,1,1,1,1,1,1,1,1,1,1,1,1,1,1,1,1,1,1,1,1,1,1,1,1,1,1,1,1,1,1,1,1,1,1,1,1,1,1,1,1,1,1,1,1
OTU_3910,1,1,1,1,1,1,1,1,1,1,1,1,1,1,1,1,1,1,1,1,1,1,1,1,1,1,1,1,1,1,1,1,1,1,1,1,1,1,1,1,1,1,1,1,1,1,1,1,1,1
OTU_3911,1,1,1,1,1,1,1,1,1,1,1,1,1,1,1,1,1,1,1,1,1,1,1,1,1,1,1,1,1,1,1,1,1,1,1,1,1,1,1,1,1,1,1,1,1,1,1,1,1,1
OTU_3912,1,1,1,1,1,1,1,1,1,1,1,1,1,1,1,1,1,1,1,1,1,1,1,1,1,1,1,1,1,1,1,1,1,1,1,1,1,1,1,1,1,1,1,1,1,1,1,1,1,1
OTU_3913,1,1,1,1,1,1,1,1,1,1,1,1,1,1,1,1,1,1,1,1,1,1,1,1,1,1,1,1,1,1,1,1,1,1,1,1,1,1,1,1,1,1,157,1,1,1,1,1,1,1
OTU_3914,1,1,1,1,1,1,1,1,1,6,1,1,1,1,1,1,16,1,1,1,1,1,1,1,1,1,1,1,1,1,5,1,1,1,1,1,1,1,11,1,18,1,1,1,1,1,1,1,1,1
OTU_3915,1,1,1,1,1,1,1,1,1,1,1,1,1,1,1,1,1,1,1,1,1,1,1,1,1,1,1,1,1,1,1,1,1,1,1,1,1,1,1,1,1,1,1,1,1,1,1,1,1,1
OTU_3916,1,1,1,1,1,1,1,1,1,1,1,1,1,1,1,1,1,1,1,1,1,1,1,1,1,1,1,1,1,1,1,1,1,1,1,1,1,1,1,1,1,1,1,1,1,1,1,1,1,1
OTU_3917,1,18,7,2,1,76,21,1,4,1,103,1,1,1,1,10,1,1,1,53,13,1,1,1,2,1,1,5,1,7,1,1,1,1,1,28,14,1,5,1,1,1,41,1,1,32,1,2,1,1
OTU_3918,1,1,1,1,1,1,1,1,1,1,1,1,1,1,1,1,1,1,1,1,1,1,1,1,1,1,1,1,1,1,1,1,1,1,1,1,1,1,1,1,1,1,1,1,1,1,1,1,1,1
OTU_3919,1,1,1,1,6,1,1,1,1,1,1,1,1,1,1,1,1,1,1,1,1,1,1,1,1,1,1,1,1,1,1,1,1,1,1,3,1,1,1,1,1,1,6,1,1,1,1,1,1,1
OTU_3920,1,1,1,1,1,1,1,1,1,1,1,1,1,1,1,1,1,1,1,1,1,1,1,1,1,1,1,1,1,1,1,1,1,1,1,1,1,1,1,1,1,1,1,1,1,1,1,1,1,1
OTU_3921,1,1,1,1,1,1,1,1,1,1,1,1,1,1,1,1,1,1,1,1,1,1,1,1,1,1,1,1,1,1,1,1,1,1,1,1,1,1,1,1,1,1,1,1,1,1,1,1,1,1
OTU_3922,1,1,1,1,1,1,1,1,1,1,1,1,1,1,1,1,1,1,1,1,1,1,1,1,1,1,1,1,1,1,1,1,1,1,1,1,1,1,1,1,1,1,1,1,1,1,1,1,1,1
OTU_3923,1,1,146,1,1,1,1,2,1,14,1,1,1,1,1,1,1,1,1,1,2,1,1,41,1,1,1,1,1,8,1,2,1,1,1,1,7,1,1,1,1,1,1,1,1,1,1,1,2,1
OTU_3924,1,1,1,1,1,1,1,1,1,1,1,1,1,1,1,1,1,1,1,1,1,1,1,1,1,1,1,1,1,1,1,1,1,1,1,1,1,1,1,1,1,1,1,1,1,1,1,1,1,1
OTU_3925,1,1,1,1,1,1,1,1,1,1,1,1,1,1,1,1,1,1,1,1,1,1,1,1,1,1,1,1,1,1,1,1,1,1,1,1,1,1,1,1,2,1,1,1,1,1,1,1,1,1
OTU_3926,1,6,1,1,1,1,1,1,7,1,3,1,1,1,3,2,1,1,1,1,1,12,1,24,1,4,27,37,1,1,1,1,1,1,7,1,1,1,4,1,1,1,1,4,1,1,1,11,2,1
OTU_3927,1,1,1,1,1,1,1,1,1,1,1,1,1,1,1,1,1,1,1,1,1,1,1,1,1,1,1,1,1,1,1,1,1,1,1,1,1,1,1,1,1,1,1,1,1,1,1,1,1,1
OTU_3928,7,11,3,4,54,5,1,13,23,105,10,1,1,4,44,13,40,1,13,1,1,9,216,125,58,1,1,1,171,98,2,1,1,6,4,54,1,4,1,20,13,25,3,95,69,21,39,3,40,236
OTU_3929,1,1,1,1,1,1,1,1,1,1,1,1,1,1,1,1,1,1,1,1,1,1,1,1,1,1,1,1,1,1,1,1,1,1,1,1,1,1,1,1,1,1,1,1,1,1,1,1,1,1
OTU_3930,19,266,45,1,46,383,685,93,33,9,2,147,240,465,9,62,85,3,1,355,44,154,1,74,6,87,18,17,243,64,157,21,76,9,22,20,53,46,28,12,364,68,71,1,67,196,26,8,35,92
OTU_3931,1,1,1,1,1,1,1,1,1,1,1,1,1,1,1,1,1,1,1,1,1,1,1,1,1,1,1,1,1,1,1,1,1,1,1,1,1,1,1,1,1,1,1,1,1,1,1,1,1,2
OTU_3932,1,1,1,1,1,1,1,1,1,1,1,1,1,1,1,1,1,1,1,1,1,1,1,1,1,1,1,1,1,1,1,1,1,1,1,1,1,1,1,1,1,1,1,1,1,1,1,1,1,1
OTU_3933,1,1,1,1,1,1,1,1,1,1,1,1,1,1,1,1,1,1,1,1,1,1,1,1,1,1,1,1,1,1,1,1,1,1,1,1,1,1,1,1,1,1,1,1,1,1,1,1,1,1
OTU_3934,1,6,8,1,49,2,1,163,22,5,1,42,1,1,9,3,29,10,2,1,8,246,6,6,1,1,7,13,1,9,10,87,2,9,1,81,89,1,24,2,1,5,5,5,3,57,1,12,2,43
OTU_3935,1,1,1,1,1,1,1,1,1,1,1,1,1,1,1,1,1,1,1,1,1,1,1,1,1,1,1,1,1,1,1,1,1,1,1,1,1,1,1,1,1,1,1,1,1,1,1,1,1,1
OTU_3936,1,1,1,1,1,1,1,1,1,1,1,1,1,1,1,1,1,1,1,1,1,1,1,1,1,1,1,1,1,1,1,1,1,1,1,1,1,1,1,1,1,1,1,1,1,1,1,1,1,1
OTU_3937,6,1,17,165,2,1,101,3,33,1,1,47,1,12,1,1,34,46,7,1,165,129,1,56,6,8,1,5,4,4,3,1,2,2,2,1,1,1,81,11,1,9,1,1,6,9,2,17,77,1
OTU_3938,1,1,1,1,1,1,1,1,1,1,1,1,1,1,1,1,1,1,1,1,1,1,1,1,1,1,1,1,1,1,1,1,1,1,1,1,1,1,1,1,1,1,1,1,1,1,1,1,1,1
OTU_3939,1,1,1,1,1,1,1,1,1,1,1,1,1,1,1,1,1,1,1,1,1,1,1,1,1,1,1,1,1,1,1,1,1,1,1,1,1,1,1,1,1,1,1,1,1,1,1,1,1,1
OTU_3940,1,1,1,1,1,1,1,1,1,1,1,1,1,1,1,1,1,1,1,1,1,1,1,1,1,1,1,1,1,1,1,1,1,1,1,1,1,1,1,1,1,1,1,1,1,1,1,1,1,1
OTU_3941,1,1,1,1,1,1,1,1,1,1,1,1,1,1,1,1,1,1,1,1,1,1,1,1,1,1,1,1,1,1,1,1,1,1,1,1,1,1,1,1,1,1,1,1,1,1,1,1,1,1
OTU_3942,1,1,1,1,1,1,1,1,1,1,1,1,1,1,1,1,1,1,1,1,1,1,1,1,1,1,1,1,1,1,1,1,1,1,1,1,1,1,1,1,1,1,1,1,1,1,1,1,1,1
OTU_3943,144,412,266,571,480,985,1300,273,171,437,413,209,173,379,314,188,366,100,253,720,787,324,388,615,255,70,247,307,1045,230,465,560,217,640,586,690,208,219,152,878,183,193,248,357,362,124,234,90,55,188
OTU_3944,1,1,1,1,1,2,1,1,1,1,1,1,1,1,1,1,1,1,1,1,1,1,1,1,1,1,1,4,1,1,1,26,1,15,1,1,1,1,1,9,1,1,1,1,1,1,1,1,1,1
OTU_3945,1,1,1,1,1,1,1,1,1,1,1,1,1,1,1,1,1,1,1,1,1,1,1,1,1,1,1,1,1,1,1,1,1,1,1,1,1,1,1,1,1,1,1,1,1,1,1,1,1,1
OTU_3946,1,1,1,1,1,1,1,1,1,1,1,1,1,1,1,1,1,1,1,1,1,1,1,1,1,1,1,1,1,1,1,1,1,1,1,1,1,1,1,1,1,1,1,1,1,1,1,1,1,1
OTU_3947,63,235,1,255,279,9,88,432,55,16,230,199,406,182,38,180,110,66,507,160,392,276,408,81,297,47,388,264,52,320,427,27,102,417,339,314,182,667,263,57,956,6,157,883,388,188,873,39,90,11
OTU_3948,1,1,1,1,1,1,1,1,1,1,1,1,1,1,1,1,1,1,1,1,1,1,1,1,1,1,1,1,1,1,1,1,1,1,1,1,1,1,1,1,1,1,1,1,1,6,1,1,1,1
OTU_3949,1,1,1,1,1,1,1,1,1,1,1,1,1,1,1,1,1,1,1,1,1,1,1,1,1,1,1,1,1,1,1,1,1,1,1,1,1,1,1,1,1,1,1,1,1,1,1,1,1,1
OTU_3950,1,1,1,1,1,1,1,1,1,1,1,1,1,1,1,1,1,1,1,1,1,1,1,1,1,1,1,1,1,1,1,1,1,1,1,1,1,1,1,1,1,1,1,1,1,1,1,1,1,1
OTU_3951,2,1,1,1,1,1,3,1,1,3,1,1,341,1,1,1,1,1,120,1,1,2,1,1,1,1,1,1,2,1,1,1,1,46,1,1,1,1,1,61,1,1,31,1,1,96,1,1,17,1
OTU_3952,1,1,1,1,1,1,1,1,1,1,1,1,1,1,1,1,1,1,1,1,1,1,1,1,1,1,1,1,1,1,1,1,1,1,1,1,1,1,1,1,1,1,1,1,1,1,1,1,1,1
OTU_3953,1,1,1,1,1,6,1,1,1,1,1,1,1,1,69,1,1,1,1,1,1,1,1,1,1,1,4,1,1,1,1,1,1,1,1,1,1,1,1,1,1,1,1,49,1,1,1,1,1,1
OTU_3954,1,1,1,1,1,1,1,1,1,1,1,1,1,1,1,1,1,1,1,1,1,1,1,1,1,1,1,1,1,1,1,1,1,1,1,1,1,1,1,1,1,1,1,1,1,1,1,1,1,1
OTU_3955,1,1,1,1,1,1,1,1,1,1,1,1,1,1,1,1,1,1,1,1,1,1,1,1,1,1,1,1,1,1,1,1,1,1,1,1,1,1,1,1,1,1,1,1,1,1,1,1,1,1
OTU_3956,78,4,26,6,13,1,8,2,1,9,1,65,1,9,1,3,9,89,5,2,1,1,14,1,48,1,3,1,115,10,17,98,1,8,3,37,1,1,1,15,1,1,4,3,6,98,1,124,2,1
OTU_3957,128,1,1,1,1,1,1,1,1,146,1,1,1,1,1,1,1,1,1,1,1,1,1,1,1,1,1,1,1,1,1,1,1,1,1,1,1,1,1,1,1,1,1,1,1,1,1,1,1,1
OTU_3958,1,1,1,1,1,1,1,1,1,1,1,1,1,1,1,1,1,1,1,1,1,1,1,1,1,1,1,1,1,1,1,1,1,1,1,1,1,1,1,1,1,1,1,1,1,1,1,1,1,1
OTU_3959,1,1,1,1,1,1,1,1,1,1,1,1,1,1,1,1,1,1,1,1,1,1,1,1,1,1,1,1,1,1,1,1,1,1,1,1,1,1,1,1,1,1,1,1,1,1,1,1,1,1
OTU_3960,11,5,2,1,3,32,32,32,1,47,1,1,1,1,1,1,18,5,3,1,1,1,19,4,1,1,125,3,1,121,37,2,2,184,1,30,1,8,1,1,1,1,59,17,2,1,1,1,3,1
OTU_3961,1,1,1,1,1,1,1,1,1,1,1,1,1,1,1,1,1,1,1,1,1,1,1,1,1,1,1,1,1,1,1,1,1,1,1,1,1,1,1,1,1,1,1,1,1,1,1,1,1,1
OTU_3962,1,1,1,1,1,1,1,1,1,1,1,1,1,1,1,1,1,1,48,1,1,1,1,1,1,1,1,1,1,1,1,1,1,1,1,1,1,1,1,1,1,1,1,1,1,1,1,1,1,1
OTU_3963,1,1,1,1,1,1,1,1,1,1,1,1,1,1,1,1,1,1,1,1,1,1,1,1,1,1,1,1,1,1,1,1,1,1,1,1,1,1,1,1,1,1,1,1,1,1,1,1,1,1
OTU_3964,1,1,1,1,4,1,1,1,1,15,1,1,1,21,1,1,1,1,1,1,1,1,1,1,1,1,94,1,4,1,1,3,4,1,1,1,78,1,1,3,2,2,1,1,1,1,2,1,4,1
OTU_3965,1,92,59,1,1,1,1,1,1,1,42,2,1,1,1,1,6,1,10,33,1,1,1,1,1,1,5,1,8,3,3,1,1,45,1,1,4,1,1,1,36,1,4,1,22,85,1,1,1,100
OTU_3966,1,1,1,1,1,1,2,1,1,1,1,1,1,1,1,1,1,1,1,1,1,1,1,120,1,1,1,1,1,1,1,1,1,1,1,1,1,1,1,1,1,1,1,1,1,1,1,1,1,1
OTU_3967,1,1,1,1,1,1,1,1,1,1,1,1,1,1,1,1,1,1,1,1,1,1,1,1,1,1,1,1,1,1,1,1,1,1,1,1,1,1,1,1,1,1,1,1,1,1,1,1,1,1
OTU_3968,1,1,1,1,1,1,1,1,1,1,1,1,1,1,1,1,1,1,1,1,1,1,1,1,1,1,1,1,1,1,1,1,1,1,1,1,1,1,1,1,1,1,1,1,1,1,1,1,1,1
OTU_3969,1,1,1,1,1,1,1,1,1,1,1,1,1,1,1,1,1,1,1,1,1,1,1,1,1,1,1,1,1,1,1,1,1,1,1,1,1,1,1,1,1,1,1,1,1,1,1,1,1,1
OTU_3970,1,1,1,1,1,1,1,1,1,1,1,1,1,1,1,1,1,1,1,1,1,1,1,1,1,1,1,1,1,1,1,1,1,1,1,1,1,1,1,1,1,1,1,1,1,1,1,1,1,1
OTU_3971,2,1,1,3,5,4,1,1,1,1,1,1,4,1,4,1,1,1,1,1,1,1,9,1,16,6,1,13,2,1,1,10,6,2,1,1,4,1,1,7,1,1,8,1,3,1,19,1,58,16
OTU_3972,1,1,1,1,1,1,1,1,1,1,1,1,1,1,1,1,1,1,1,1,1,1,1,1,1,1,1,1,1,1,1,1,1,1,1,1,1,1,1,1,1,1,1,1,1,1,1,1,1,1
OTU_3973,1,1,1,1,1,1,1,1,1,1,1,1,1,1,1,1,1,1,1,1,1,1,1,1,1,1,1,1,1,1,1,1,1,1,1,1,1,1,1,1,1,1,1,1,1,1,1,1,1,1
OTU_3974,1,1,1,1,1,1,4,1,1,1,1,1,1,1,18,2,1,1,1,1,1,1,1,1,1,1,1,1,1,1,90,1,1,1,1,1,1,1,1,1,1,1,1,1,1,1,1,1,1,4
OTU_3975,12,1,4,29,3,67,4,41,158,150,73,19,99,12,6,2,43,7,8,4,1,81,34,15,1,46,14,108,77,111,3,30,1,2,81,509,1,4,5,90,1,15,32,145,11,17,1,1,36,7
OTU_3976,1,1,1,1,1,1,1,1,1,1,1,1,1,1,1,1,1,1,1,1,1,1,1,1,1,1,1,1,1,1,1,1,1,1,1,1,1,1,1,1,1,1,1,1,1,1,1,1,1,1
OTU_3977,1,1,1,1,1,1,1,1,1,1,1,1,1,1,1,1,1,1,1,1,1,1,1,1,1,1,1,1,1,1,1,1,1,1,1,1,1,1,1,1,1,1,1,1,1,1,1,1,1,1
OTU_3978,1,1,1,1,1,1,1,1,1,1,1,1,1,1,1,1,1,1,1,1,1,1,1,1,1,1,1,1,1,1,1,1,1,1,1,1,1,1,1,1,1,1,1,1,1,1,1,1,1,1
OTU_3979,1,1,1,1,1,1,1,1,1,1,1,1,1,1,1,1,1,1,1,1,1,1,1,1,1,1,1,1,1,1,1,1,1,1,1,1,1,1,1,1,1,1,1,1,1,1,1,1,1,1
OTU_3980,1,1,1,1,1,1,1,1,1,1,1,1,1,1,1,1,1,1,1,1,1,1,1,1,1,1,1,1,1,1,1,1,1,1,1,1,1,1,1,1,1,1,1,1,1,1,1,1,1,1
OTU_3981,1,1,1,1,1,1,1,1,1,1,1,1,1,1,1,1,1,1,1,1,1,1,1,1,1,1,1,1,1,1,1,1,1,1,1,1,1,1,1,1,1,1,1,1,1,1,1,1,1,1
OTU_3982,1,1,1,1,1,1,1,1,1,1,1,1,1,1,1,1,1,1,1,1,1,1,1,1,1,1,1,1,1,1,1,1,1,1,1,1,1,1,1,1,1,1,1,1,1,1,1,1,1,1
OTU_3983,1,1,1,1,1,1,1,1,1,1,1,1,1,1,1,1,1,1,1,1,1,1,1,1,1,1,1,1,1,1,1,1,1,1,1,1,1,1,1,1,1,1,1,1,1,1,1,1,1,1
OTU_3984,1,1,1,1,1,1,1,1,1,1,1,1,1,1,1,1,1,1,1,1,1,1,1,1,1,1,1,1,1,1,1,1,1,1,1,1,1,1,1,2,1,1,1,1,1,1,1,1,1,1
OTU_3985,1,1,1,1,1,1,1,1,1,1,1,1,1,1,1,1,1,1,1,1,1,1,1,1,1,1,1,1,1,1,1,1,1,1,1,1,1,1,1,1,1,1,1,1,1,1,1,1,1,1
OTU_3986,2,1,1,1,1,1,1,1,1,1,1,1,1,2,1,1,1,1,1,1,1,1,1,1,1,1,1,1,1,1,1,1,1,1,1,1,1,1,1,1,1,1,1,1,1,1,1,1,1,1
OTU_3987,60,39,151,245,372,332,72,157,129,228,141,295,309,85,70,35,348,377,134,204,94,98,51,646,226,439,6,646,197,207,1274,83,715,159,278,422,134,154,135,30,224,180,524,285,405,17,130,499,24,428
OTU_3988,1,147,1,1,1,1,1,1,1,1,1,1,1,1,1,1,1,1,1,1,1,1,1,1,1,1,1,1,1,1,1,1,6,1,1,1,1,1,1,1,1,1,1,1,1,1,1,1,1,1
OTU_3989,1,1,1,1,1,1,1,1,1,1,1,1,1,1,1,1,1,1,1,1,1,1,1,1,1,1,1,1,1,1,1,1,1,1,1,1,1,1,1,1,1,1,1,1,1,1,1,1,1,1
OTU_3990,1,1,1,1,1,1,1,1,1,51,1,1,1,1,1,1,1,1,1,1,1,1,1,1,1,1,1,1,1,1,1,1,26,1,1,1,1,1,1,1,1,1,1,1,1,1,1,1,145,1
OTU_3991,1,1,1,1,1,1,1,1,1,1,1,1,1,1,1,1,1,1,1,1,1,1,1,1,1,1,1,1,1,1,1,1,1,1,1,1,1,1,1,1,1,1,1,1,1,1,1,1,1,1
OTU_3992,1,1,1,1,1,1,1,1,1,1,1,1,1,1,1,1,1,1,1,1,1,1,1,2,1,1,1,1,1,1,1,1,2,1,1,1,2,1,1,1,1,1,1,1,1,1,1,1,1,1
OTU_3993,1,1,1,1,1,1,1,1,1,1,1,1,1,1,1,1,1,1,1,1,1,1,1,1,1,1,1,1,1,1,1,1,1,1,1,1,1,1,1,1,1,1,1,1,1,1,1,1,1,1
OTU_3994,1,1,1,1,1,1,1,1,1,1,1,1,1,1,1,1,1,1,1,1,1,1,1,1,1,1,1,1,1,1,1,1,1,1,1,1,1,1,1,1,1,1,1,1,1,1,1,1,1,1
OTU_3995,1,1,1,1,1,1,1,1,1,1,1,1,1,1,1,1,1,1,1,1,1,1,1,1,1,1,1,1,1,1,1,1,1,1,1,1,1,1,1,1,1,1,1,1,1,1,1,1,1,1
OTU_3996,1,1,1,2,1,1,20,20,1,1,1,3,2,1,9,1,64,1,1,2,1,4,75,1,1,1,4,1,1,1,1,1,1,1,1,1,1,11,1,1,1,1,152,9,23,1,1,1,2,1
OTU_3997,88,3,1,121,5,1,46,13,1,1,1,20,1,1,22,21,42,1,1,1,2,7,1,2,95,196,4,1,188,1,17,3,1,9,25,7,29,7,198,55,49,5,8,3,1,62,278,67,3,162
OTU_3998,1,1,1,1,1,1,1,1,1,1,1,1,1,1,1,1,1,1,1,1,1,1,1,1,1,1,1,1,1,1,1,1,1,1,1,1,1,1,1,1,1,1,1,1,1,1,1,1,1,1
OTU_3999,1,1,1,1,1,1,1,1,1,1,1,1,1,1,1,1,1,1,1,1,1,1,1,1,1,1,1,1,1,1,1,1,1,1,1,1,1,1,1,1,1,1,1,1,1,1,1,1,1,1
OTU_4000,14,1,1,1,1,54,2,1,1,1,32,7,1,73,1,1,2,1,1,1,58,15,4,1,1,18,2,1,2,1,3,10,3,1,1,1,13,1,1,1,50,1,2,1,2,1,46,7,1,9
OTU_4001,1,1,1,1,1,1,1,1,1,1,1,1,1,1,1,1,1,1,1,1,1,1,1,1,1,1,1,1,1,1,1,1,1,1,1,1,1,1,1,1,1,1,1,1,1,1,1,1,1,1
OTU_4002,730,1104,1024,171,442,434,268,507,651,341,245,191,446,736,610,240,172,241,175,96,307,223,323,454,78,604,497,136,393,331,420,388,379,641,506,149,424,596,337,196,551,351,421,280,216,203,443,226,182,248
OTU_4003,1,1,1,1,1,1,1,1,1,1,1,1,1,1,1,1,1,1,1,1,1,1,1,1,1,1,1,1,1,1,1,1,1,1,1,1,1,1,1,1,1,1,1,1,1,1,1,1,1,1
OTU_4004,1,1,1,1,1,1,1,1,1,1,1,1,1,1,1,1,1,1,1,1,1,1,1,1,1,1,1,1,1,1,1,1,1,1,1,1,1,1,1,1,1,1,1,1,1,1,1,1,1,1
OTU_4005,1,1,1,1,1,1,1,1,1,1,1,1,1,1,1,1,1,1,1,1,1,1,1,1,1,1,1,1,1,1,1,1,1,1,1,1,1,1,1,1,1,1,1,1,1,1,1,1,1,1
OTU_4006,1,1,1,1,1,1,1,1,1,1,1,1,1,1,1,1,1,1,1,1,1,1,1,1,1,1,1,1,1,1,1,1,1,1,1,1,1,1,1,1,1,1,1,1,1,1,1,1,1,1
OTU_4007,1,1,1,1,1,1,1,1,1,1,1,1,1,1,1,1,1,1,1,1,1,1,1,1,1,1,1,1,1,1,1,1,1,1,1,1,1,1,1,1,1,1,1,1,1,1,1,1,1,1
OTU_4008,1,1,1,1,1,1,1,7,1,1,1,1,1,2,1,22,1,1,1,1,1,15,1,1,1,1,1,1,1,1,1,1,1,1,1,1,1,1,1,1,1,2,1,1,1,1,1,1,1,1
OTU_4009,1,1,1,1,1,1,1,1,27,1,1,1,2,1,1,1,1,1,1,1,1,1,1,1,1,1,1,1,1,1,1,1,1,22,1,1,1,1,1,1,1,1,1,1,1,1,1,1,10,1
OTU_4010,1,7,28,1,1,1,1,1,7,3,1,119,1,4,2,1,1,1,1,36,2,4,1,4,1,1,1,1,1,1,1,1,1,3,5,105,12,1,1,34,7,1,1,2,4,1,2,2,7,1
OTU_4011,1,1,1,1,1,1,1,1,1,1,1,1,1,1,1,1,1,1,1,1,1,1,1,1,1,1,1,1,1,1,1,1,1,1,1,1,1,1,1,1,1,1,1,1,1,1,1,1,1,1
OTU_4012,1,1,1,1,1,1,1,1,1,1,1,1,1,1,1,1,1,1,1,2,1,1,1,1,1,1,1,1,1,1,1,1,1,1,1,1,1,1,1,1,1,1,1,1,1,1,1,1,1,1
OTU_4013,1,1,1,1,1,1,1,1,1,1,1,1,1,1,1,1,1,1,1,1,1,1,1,1,1,1,1,1,1,1,1,1,1,1,1,1,1,1,1,1,1,1,1,1,1,1,1,1,1,1
OTU_4014,1,1,1,1,1,1,1,1,1,1,1,1,1,1,1,1,1,1,1,1,1,1,1,1,1,1,1,1,1,1,1,1,1,1,1,1,1,1,1,1,1,1,1,1,1,1,1,1,1,1
OTU_4015,1,1,1,3,1,1,1,1,1,44,1,1,1,1,1,1,1,1,1,1,1,1,1,1,1,1,1,1,1,1,1,1,1,1,1,1,1,1,1,1,1,1,1,1,1,1,1,51,1,1
OTU_4016,1,332,1,86,1,1,181,1,264,24,5,22,9,91,1,2,22,1,1,6,5,206,1,1,4,54,8,19,98,225,126,2,1,162,24,36,6,29,24,318,1,81,364,18,109,28,1,1,1,24
OTU_4017,1,1,1,1,1,1,1,1,1,1,1,1,1,1,1,1,1,1,1,1,1,1,1,1,1,1,1,1,1,1,1,1,1,1,1,1,1,1,1,1,1,1,1,1,1,1,1,1,1,1
OTU_4018,340,218,166,221,193,345,286,101,177,132,278,569,565,205,249,382,275,84,195,235,653,126,97,467,680,441,71,321,138,341,242,217,58,386,37,547,25,877,192,131,352,132,448,577,671,277,77,263,93,55
OTU_4019,1,1,1,1,1,1,1,1,1,1,1,1,1,1,1,1,1,1,1,1,1,1,1,1,1,1,1,1,1,1,1,1,1,1,1,1,1,1,1,1,1,1,1,1,1,1,1,1,1,1
OTU_4020,1,1,1,1,1,1,1,1,1,1,1,1,1,1,1,1,1,1,1,1,1,1,1,1,1,1,1,1,1,1,1,1,1,1,1,1,1,1,1,1,1,1,1,1,1,1,1,1,1,1
OTU_4021,1,1,1,1,1,1,1,1,1,1,1,1,1,1,1,1,1,1,1,1,1,1,1,1,1,1,1,1,1,1,1,1,1,1,1,1,1,1,1,1,1,1,1,1,1,1,1,1,1,1
OTU_4022,1,1,1,1,1,1,1,1,1,1,1,1,1,1,1,1,1,1,1,1,1,1,1,1,1,1,1,1,1,1,1,1,1,1,1,1,1,1,1,1,1,1,1,1,2,1,1,1,1,1
OTU_4023,1,1,1,1,1,1,1,56,1,1,1,1,1,1,41,1,1,1,1,1,1,1,176,1,1,1,1,2,1,1,1,1,1,1,1,1,1,1,1,1,1,1,1,28,1,1,1,139,1,1
OTU_4024,1,1,1,1,1,1,1,1,1,1,1,1,1,1,1,1,1,1,1,1,1,1,1,1,1,1,1,1,1,1,1,1,1,1,1,1,1,1,1,1,1,1,1,1,1,1,1,1,1,1
OTU_4025,1,1,1,1,1,1,1,1,1,1,1,1,1,1,1,1,1,1,1,1,1,1,1,1,1,1,1,1,1,1,1,1,1,1,1,1,1,1,1,1,1,1,1,1,1,1,1,1,1,1
OTU_4026,1,1,90,3,45,1,10,153,9,50,1,244,1,7,5,4,1,3,11,167,240,9,1,1,1,2,19,108,4,1,167,1,173,1,6,137,40,1,27,13,7,23,9,27,2,103,1,1,297,85
OTU_4027,1,1,1,1,1,1,1,154,1,3,1,1,1,1,16,5,1,1,1,1,1,1,6,1,461,1,1,5,1,7,1,1,1,1,1,1,1,79,1,4,1,1,1,1,1,1,114,1,1,1
OTU_4028,1,1,1,1,1,1,1,1,1,1,1,1,1,1,1,1,1,1,1,1,1,1,1,1,1,1,1,1,1,1,1,1,1,1,1,1,1,1,1,1,1,1,1,1,1,1,1,1,1,1
OTU_4029,1,1,1,1,1,1,1,1,1,1,1,1,1,1,1,1,1,1,1,1,1,1,1,1,1,1,1,1,1,1,1,1,1,1,1,1,1,1,1,1,1,1,1,1,1,1,1,1,1,1
OTU_4030,1,1,1,1,1,1,1,1,1,1,1,1,1,1,1,1,1,1,1,1,1,1,1,1,1,1,1,1,1,1,1,1,1,1,1,1,1,1,1,1,1,1,1,1,1,1,1,1,1,1
OTU_4031,1,1,1,1,1,1,1,1,1,1,1,1,1,1,1,1,1,1,1,1,1,1,1,1,1,1,1,1,1,1,1,1,1,1,1,1,1,1,1,1,1,1,1,1,1,1,1,1,1,1
OTU_4032,93,59,47,327,32,60,123,224,919,220,18,7,303,95,273,240,112,82,92,176,84,50,54,292,319,46,204,216,479,169,476,50,52,131,779,545,204,115,115,151,145,540,89,151,83,99,203,9,432,106
OTU_4033,1,1,1,2,1,1,1,1,1,1,1,1,1,1,1,1,1,1,1,1,1,1,1,1,1,1,1,1,1,1,1,1,1,1,1,1,1,1,1,55,1,1,1,1,1,1,1,1,1,1
OTU_4034,1,1,1,1,1,1,1,1,1,1,1,1,1,1,1,1,1,1,1,1,1,1,1,1,1,1,1,1,1,1,1,1,1,1,1,1,1,1,1,1,1,1,1,1,1,1,1,1,1,1
OTU_4035,1,1,1,1,1,1,1,1,1,1,1,1,1,1,1,1,1,1,1,1,1,1,1,1,1,1,1,1,1,1,1,1,1,1,1,1,1,1,1,1,1,1,1,1,1,1,1,1,1,1
OTU_4036,102,4,63,1,22,22,214,10,1,30,31,1,16,26,35,188,200,22,20,1,275,5,6,60,19,2,2,15,10,2,25,3,327,3,6,1,1,9,99,1,24,36,4,146,1,87,37,367,9,1
OTU_4037,101,252,4,132,106,110,47,45,817,183,95,189,32,146,302,3,34,238,189,251,135,106,104,176,172,207,89,430,251,100,42,16,15,115,217,162,86,247,30,69,9,43,4,19,6,57,16,1,15,49
OTU_4038,1,1,1,1,1,1,1,1,1,1,1,1,1,1,1,1,1,1,1,1,1,1,1,1,1,1,1,1,1,1,1,1,1,1,1,1,1,1,1,1,1,1,1,1,1,1,1,1,1,1
OTU_4039,1,1,1,1,1,1,1,1,1,1,1,1,1,1,1,1,1,1,1,1,1,1,1,1,1,1,1,1,1,1,1,1,1,1,1,1,1,1,1,1,1,1,1,1,1,1,1,1,1,1
OTU_4040,1,1,1,1,1,1,1,1,1,1,1,1,1,1,1,1,1,1,1,1,1,1,1,1,1,1,1,1,1,1,1,1,1,1,1,1,1,1,1,1,1,1,1,1,1,1,1,1,1,1
OTU_4041,1,1,1,1,1,1,1,1,1,1,1,1,1,1,1,1,1,1,1,1,1,1,1,1,1,1,1,1,1,1,1,1,1,1,1,1,1,1,1,1,1,1,1,1,2,1,1,1,1,1
OTU_4042,1,1,1,1,1,1,1,1,1,1,1,1,1,1,1,1,1,1,1,1,1,1,1,1,1,1,1,1,1,1,1,1,1,1,1,1,1,1,1,1,1,1,1,1,1,1,1,1,1,1
OTU_4043,1,5,1,1,1,1,1,1,1,1,1,24,1,2,1,1,1,3,1,1,1,1,38,1,1,1,1,1,1,1,1,1,1,1,1,1,1,1,1,1,1,1,1,1,1,1,1,2,1,1
OTU_4044,29,1,16,10,24,3,1,1,1,1,1,1,1,1,1,1,1,1,1,64,1,35,61,1,1,249,7,1,8,58,1,1,1,2,1,1,2,1,1,110,1,1,1,23,1,1,1,1,1,1
OTU_4045,1,1,1,1,1,1,1,1,1,1,1,1,1,1,1,1,1,1,1,1,1,1,1,1,1,1,1,1,1,1,1,1,1,1,1,1,1,1,1,1,1,1,1,1,1,1,1,1,1,1
OTU_4046,1,1,1,1,1,1,1,1,2,1,1,1,1,1,1,1,1,1,24,1,1,1,1,1,1,1,1,1,1,1,1,1,1,1,1,1,10,1,1,1,1,1,1,1,1,1,1,1,1,1
OTU_4047,1,1,1,120,72,1,40,171,1,1,1,7,1,12,62,45,2,5,1,2,25,9,1,1,89,1,55,1,1,1,1,1,1,1,1,45,1,1,4,1,1,4,33,1,1,1,1,2,69,14
OTU_4048,1,1,1,1,1,1,1,1,1,1,1,1,1,1,1,1,1,1,1,1,1,1,1,1,1,1,1,1,1,1,1,1,1,1,1,1,1,1,1,1,1,1,1,1,1,1,1,1,1,1
OTU_4049,1,1,1,1,1,1,1,1,1,1,1,1,1,1,1,1,1,1,1,1,1,1,1,1,1,1,1,1,1,1,1,1,1,1,1,1,1,1,1,1,1,1,1,1,1,1,1,1,1,1
OTU_4050,1,1,27,1,1,1,1,1,1,1,1,1,1,1,1,76,1,1,1,1,1,6,1,1,1,1,1,1,1,1,1,1,1,1,1,4,1,1,1,1,1,1,2,1,1,1,1,1,1,1
OTU_4051,1,1,1,7,1,90,34,1,2,1,2,51,1,1,1,5,1,75,118,1,1,1,1,12,104,36,48,27,1,119,1,1,42,29,1,9,82,24,3,11,21,204,3,8,10,1,1,1,1,25
OTU_4052,16,1,22,1,1,1,1,1,1,1,1,1,1,1,1,1,1,1,1,1,1,1,1,1,1,1,1,1,4,2,1,1,1,1,1,1,171,1,1,1,1,1,1,1,1,1,3,1,8,1
OTU_4053,1,1,1,1,1,1,1,19,1,1,1,1,1,1,1,1,1,1,1,1,1,1,1,1,1,1,1,1,1,1,1,1,1,1,1,1,1,1,1,1,1,1,1,1,1,1,1,1,1,1
OTU_4054,1,1,1,1,1,1,1,1,1,1,1,1,1,1,1,1,1,1,1,1,1,1,1,1,1,1,1,1,1,1,1,1,1,1,1,1,1,1,1,1,1,1,1,1,1,1,1,1,1,1
OTU_4055,1,1,1,1,1,1,1,1,1,1,1,1,1,1,1,1,1,1,1,1,1,1,1,1,1,1,1,1,1,1,1,1,1,1,1,1,1,1,1,1,1,1,1,1,1,1,1,1,1,1
OTU_4056,1,1,1,1,1,1,1,1,1,1,1,1,1,1,1,1,1,1,1,1,1,1,1,1,1,1,1,1,1,1,1,1,1,1,1,1,1,1,1,1,1,1,1,1,1,1,1,1,1,1
OTU_4057,1,1,1,1,3,1,1,1,1,1,1,1,1,1,1,1,1,1,1,1,1,1,1,8,1,1,1,1,1,1,5,1,1,1,1,1,1,1,1,1,1,1,1,1,1,1,26,1,1,1
OTU_4058,1,1,1,1,1,1,1,1,1,1,1,1,1,1,1,1,1,1,1,1,1,1,1,1,1,1,1,1,1,1,1,1,1,1,1,1,1,1,1,1,1,1,1,1,1,1,1,1,1,1
OTU_4059,1,1,1,1,1,1,1,1,1,1,1,1,1,1,1,15,1,1,1,1,3,1,1,1,1,1,1,1,27,1,1,1,1,2,1,1,1,1,1,1,1,1,79,1,1,1,1,1,1,1
OTU_4060,1,1,1,1,1,1,1,1,1,1,1,1,1,1,1,1,1,1,1,1,1,1,1,1,1,1,1,1,1,1,1,1,1,1,1,1,1,1,1,1,1,1,1,1,1,1,1,1,1,1
OTU_4061,1,1,1,1,1,1,1,1,1,1,1,1,1,1,1,1,1,1,1,1,1,1,1,1,1,1,1,1,1,1,1,1,1,1,1,1,1,1,1,1,1,1,1,1,1,1,1,1,1,1
OTU_4062,1,1,1,1,1,1,1,1,1,1,1,1,1,1,1,1,1,1,1,1,1,1,1,1,1,1,1,1,1,1,1,1,1,1,1,1,1,1,1,1,1,1,1,1,1,1,1,1,1,1
OTU_4063,1,1,1,1,1,1,1,1,1,1,1,1,1,1,1,1,1,1,1,1,1,1,1,1,1,1,1,1,1,1,1,1,1,1,1,1,1,1,1,1,1,1,1,1,1,1,1,1,1,1
OTU_4064,1,1,1,1,1,1,1,1,1,1,1,1,1,1,1,1,1,1,1,1,1,1,1,1,1,1,1,1,1,1,1,1,1,1,1,1,1,1,1,1,1,1,1,1,1,1,1,1,1,1
OTU_4065,1,1,1,1,1,1,1,1,1,1,1,1,1,1,1,1,1,1,1,1,1,1,1,1,1,1,1,1,1,1,1,1,1,1,1,1,1,1,1,1,1,1,1,1,1,1,1,1,1,1
OTU_4066,1,1,1,1,1,1,1,1,1,1,1,1,1,1,1,1,1,1,1,1,1,1,1,1,1,1,1,1,1,1,1,1,1,1,1,1,1,1,1,1,1,1,1,1,1,1,1,1,1,1
OTU_4067,1,1,1,1,1,1,1,1,1,1,1,1,1,1,1,1,1,1,1,1,1,1,1,1,1,1,1,1,1,1,1,1,1,1,1,1,1,1,1,1,1,1,1,1,1,1,1,1,1,1
OTU_4068,1,1,2,1,1,4,92,1,49,1,227,1,1,1,13,1,1,1,1,1,1,66,1,1,25,1,1,152,1,1,1,2,1,3,1,12,1,1,1,59,6,3,63,48,9,12,1,1,1,1
OTU_4069,8,1,1,1,15,2,3,33,15,5,4,180,52,78,74,34,55,1,97,55,1,1,275,1,1,6,1,50,7,1,1,122,1,69,2,27,146,1,7,1,127,1,1,10,9,31,80,7,2,4
OTU_4070,1,1,1,1,1,1,1,1,1,1,1,1,1,1,1,1,1,1,1,1,1,15,1,1,1,1,1,11,1,1,1,1,1,1,1,1,1,1,1,1,1,1,1,1,1,1,1,1,1,107
OTU_4071,1,1,1,1,1,1,1,1,1,1,1,1,1,1,1,1,1,1,1,1,1,1,1,1,1,1,1,1,1,1,1,1,1,1,1,1,1,1,1,1,1,1,1,1,1,1,1,1,1,1
OTU_4072,1,1,1,1,28,1,1,1,1,2,1,1,1,1,1,48,1,1,1,1,1,1,1,1,1,1,1,113,1,1,1,1,3,18,1,48,1,1,1,1,1,9,64,47,1,1,1,391,1,1
OTU_4073,1,1,1,1,1,1,1,1,1,1,1,1,1,1,1,2,1,1,1,1,1,1,1,1,1,1,1,1,1,1,1,1,1,1,1,1,1,1,1,1,1,1,1,1,1,1,1,1,1,1
OTU_4074,1,1,1,1,1,1,1,1,1,1,1,1,1,1,1,1,1,1,1,1,1,1,1,1,1,1,1,1,1,1,1,1,1,1,1,1,1,14,1,1,1,1,1,1,1,1,1,1,1,1
OTU_4075,1,30,1,1,25,5,25,1,5,1,1,1,1,1,1,1,1,1,1,1,1,1,1,1,1,2,1,1,5,1,1,1,6,1,1,4,1,1,1,1,132,1,1,1,1,1,228,1,1,1
OTU_4076,1,1,1,1,1,1,1,1,1,1,1,1,1,1,1,1,1,1,1,1,1,1,1,1,1,1,1,1,1,1,1,1,1,1,1,1,1,1,1,1,1,1,1,1,1,1,1,1,1,1
OTU_4077,1,1,1,1,1,1,1,1,1,1,1,1,1,1,1,1,1,1,1,1,1,1,1,1,1,1,1,1,1,1,1,1,1,1,1,1,1,1,1,1,1,1,1,1,1,1,1,1,1,1
OTU_4078,1,1,1,1,1,1,1,1,1,1,5,1,1,1,1,1,2,1,1,1,1,1,1,1,1,1,1,1,1,1,13,1,1,1,93,1,1,1,1,1,41,1,4,1,1,1,1,1,1,1
OTU_4079,1,1,1,1,1,1,1,1,1,1,1,1,2,1,1,1,88,1,1,1,67,1,1,3,1,4,1,1,1,43,40,91,1,1,1,1,1,1,1,1,1,1,1,1,1,1,1,1,3,1
OTU_4080,1,1,1,1,1,1,1,1,1,1,1,1,1,1,1,1,1,1,1,1,1,1,1,1,1,1,1,1,1,1,1,1,1,1,1,1,1,1,1,1,1,1,1,1,1,1,1,1,1,1
OTU_4081,1,1,1,1,1,1,1,1,1,40,1,1,1,1,1,1,1,1,1,1,1,1,1,1,1,1,1,1,1,1,1,1,1,1,1,1,1,1,1,1,1,1,1,1,1,1,1,1,1,1
OTU_4082,1,1,1,1,1,1,1,1,1,1,1,1,1,1,1,1,1,1,1,1,1,1,1,1,1,1,1,1,1,1,1,1,1,1,1,1,1,1,1,1,1,1,1,1,1,1,1,1,1,1
OTU_4083,1,1,1,1,1,1,1,1,1,1,1,1,1,1,1,1,1,1,1,1,1,1,1,1,1,1,1,1,1,1,1,1,1,1,1,1,1,1,1,1,1,1,1,1,1,1,1,1,1,1
OTU_4084,1,1,1,1,1,2,1,1,2,1,1,1,1,1,1,1,1,1,2,1,1,1,1,1,1,1,1,1,1,1,1,1,1,1,1,1,1,1,1,1,1,1,1,1,1,1,1,1,1,1
OTU_4085,1,1,1,1,1,1,1,1,1,1,1,1,1,190,1,1,1,1,4,1,1,21,1,1,1,1,1,1,1,1,1,1,1,2,1,1,1,1,1,1,1,1,1,1,1,1,1,1,1,1
OTU_4086,1,1,1,1,1,1,1,1,1,1,1,1,1,1,1,1,1,1,1,1,1,1,1,1,1,1,1,1,1,1,1,1,1,1,1,1,1,1,1,1,1,1,1,1,1,1,1,1,1,1
OTU_4087,1,31,1,6,1,1,2,20,1,5,1,67,1,149,1,1,1,1,2,1,1,2,1,123,117,1,1,10,1,1,4,1,1,1,35,3,32,15,53,2,62,25,1,1,1,1,8,1,17,2
OTU_4088,1,1,1,41,1,1,1,1,1,1,44,1,1,1,1,1,1,4,1,18,1,1,1,1,1,18,88,3,1,13,2,1,1,1,51,1,1,2,1,1,1,9,1,1,1,1,1,1,9,1
OTU_4089,31,3,118,5,431,79,56,1,331,6,1,46,10,4,10,7,54,1,224,416,43,2,43,30,343,276,27,4,213,187,108,121,85,171,120,17,330,74,4,1,120,10,7,114,489,40,2,23,74,16
OTU_4090,1,1,1,1,1,1,1,1,1,1,1,1,1,1,1,1,1,1,1,1,1,1,1,1,1,1,1,1,1,1,1,1,1,1,1,1,1,1,1,1,1,1,1,1,1,1,1,1,1,1
OTU_4091,1,1,1,1,1,1,1,1,1,1,1,1,1,1,1,1,1,1,1,1,1,1,1,1,1,1,1,1,1,1,1,1,1,1,1,1,1,1,1,1,1,1,1,1,1,1,1,1,1,1
OTU_4092,1,1,1,1,1,1,1,1,1,1,1,1,1,1,1,1,1,1,1,1,1,1,1,1,1,1,1,1,1,1,1,1,1,1,1,1,1,1,1,1,1,1,1,1,1,1,1,1,1,1
OTU_4093,1,2,1,1,2,1,1,4,1,1,14,65,1,35,28,2,2,26,1,1,2,1,11,1,174,85,43,2,1,13,4,1,59,12,5,3,1,1,3,17,108,19,1,45,4,1,1,1,9,27
OTU_4094,1,1,1,1,1,1,1,1,1,1,1,1,1,1,1,1,2,20,1,1,1,1,1,1,25,1,1,1,1,1,1,1,1,1,1,1,1,1,1,19,1,1,1,1,1,1,22,1,1,1
OTU_4095,1,1,1,1,1,1,1,1,1,1,1,1,1,1,1,1,1,1,1,1,1,1,1,1,1,1,1,1,1,1,1,1,1,1,1,1,1,1,1,1,1,1,1,1,1,1,1,1,1,1
OTU_4096,1,1,1,1,1,1,1,1,1,1,1,1,1,1,1,1,1,1,1,1,1,1,1,1,1,1,1,1,1,1,1,1,1,1,1,1,1,1,1,1,1,1,1,1,1,1,1,1,1,1
OTU_4097,177,22,1,1,1,1,1,1,55,1,43,1,1,61,147,2,14,5,1,1,1,138,1,1,1,11,4,15,1,225,1,45,1,6,1,1,1,1,1,1,2,35,32,1,1,8,10,166,4,1
OTU_4098,1,1,1,1,1,1,1,1,1,1,1,1,1,1,1,1,1,1,1,1,1,1,1,1,1,1,1,1,1,1,1,1,1,1,1,1,1,1,1,1,1,1,1,1,1,1,1,1,1,1
OTU_4099,1,1,1,1,1,1,1,1,1,1,1,1,1,1,1,1,1,1,1,1,1,1,1,1,1,1,1,1,1,1,1,1,1,1,1,1,1,1,1,1,1,1,1,1,1,1,1,1,1,1
OTU_4100,1,1,1,1,1,2,1,1,1,1,1,1,1,1,1,1,1,1,1,1,1,1,1,1,1,1,1,1,1,1,1,1,1,1,1,1,1,31,1,1,1,1,1,1,1,1,1,188,1,1
OTU_4101,1,1,1,1,1,1,1,1,1,1,1,1,1,1,1,1,1,1,1,1,1,1,1,1,1,1,1,1,1,1,1,1,1,1,1,1,1,1,1,1,1,1,1,73,1,1,1,1,1,1
OTU_4102,1,1,1,1,1,1,1,1,1,1,1,1,1,1,1,1,1,1,1,1,1,1,1,1,1,1,1,1,1,1,1,1,1,1,1,1,1,1,1,1,1,1,1,1,1,1,1,1,1,1
OTU_4103,156,238,6,18,19,589,9,73,1,552,77,2,39,106,185,13,11,3,341,4,8,1,146,1,2,49,3,53,3,36,46,60,167,8,4,142,1,1,1,19,4,29,28,21,16,2,30,59,3,76
OTU_4104,1,1,1,1,1,1,1,1,1,1,1,1,1,1,1,1,1,1,1,1,1,1,1,1,1,1,1,1,1,1,1,1,1,1,1,1,1,1,1,1,1,1,1,1,1,1,1,1,1,1
OTU_4105,1,1,1,1,1,1,1,1,1,1,1,1,1,1,1,1,1,1,1,1,1,1,1,1,1,1,1,1,1,1,1,1,1,1,1,1,1,1,1,1,1,1,1,1,1,1,1,1,1,1
OTU_4106,1,1,1,1,1,1,1,1,1,1,1,1,1,1,1,1,1,1,1,1,1,1,1,1,1,1,1,1,1,1,1,1,1,1,1,1,1,1,1,1,1,1,1,1,1,1,1,1,1,1
OTU_4107,1,1,1,1,1,1,1,1,1,1,1,1,1,1,1,1,1,1,1,1,1,1,1,1,1,1,1,1,1,1,1,1,1,1,1,1,1,1,1,1,1,1,1,1,1,1,1,1,1,1
OTU_4108,1,1,1,1,1,1,1,1,1,1,1,1,1,1,1,1,1,1,1,1,1,1,1,1,1,1,1,1,1,1,1,1,1,1,1,1,1,1,1,1,1,1,1,1,1,1,1,1,1,1
OTU_4109,8,1,1,1,1,1,167,2,1,1,1,3,1,1,1,1,1,2,1,1,1,1,1,78,27,1,1,1,1,1,1,1,1,323,1,1,1,1,1,2,1,1,1,1,1,1,1,11,337,1
OTU_4110,1,1,1,1,1,1,1,1,1,1,1,1,1,1,1,1,1,1,1,1,1,1,1,1,1,1,1,1,1,1,1,1,1,1,1,1,1,1,1,1,1,1,1,1,1,1,1,1,1,1
OTU_4111,1,1,1,1,1,1,1,1,1,1,1,1,1,1,1,1,1,1,1,1,1,1,1,1,1,1,1,1,1,1,1,1,1,1,1,1,1,1,1,1,1,1,1,1,1,1,1,1,1,1
OTU_4112,1,1,2,1,1,1,1,51,1,1,1,1,1,1,87,1,1,1,1,1,1,1,1,1,1,1,1,1,1,1,1,3,1,1,1,1,2,2,7,1,249,3,1,1,1,1,1,2,5,1
OTU_4113,1,1,1,1,1,1,1,1,1,1,1,1,1,1,1,1,1,1,2,1,1,1,1,1,1,1,1,1,1,1,1,1,1,1,1,1,1,1,1,1,1,1,1,1,1,1,1,1,1,1
OTU_4114,56,105,374,122,51,108,177,148,199,841,198,459,177,355,272,135,61,296,439,387,25,150,265,511,172,326,292,398,339,122,208,118,159,68,218,74,93,116,202,180,383,681,121,108,319,194,419,182,536,179
OTU_4115,1,1,1,1,1,1,1,1,1,1,1,1,1,1,1,1,1,1,1,1,1,1,1,1,1,1,1,1,1,1,1,1,1,1,1,1,1,1,1,1,1,1,1,1,1,1,1,1,1,1
OTU_4116,1,1,1,1,1,1,1,1,1,1,1,1,1,1,1,1,1,1,1,1,1,1,1,1,1,1,1,1,1,1,1,1,1,1,1,1,1,1,1,1,1,1,1,1,1,1,1,1,1,1
OTU_4117,4,64,16,24,15,64,9,119,1,241,3,1,5,20,47,3,23,64,11,4,19,1,264,137,173,1,36,26,1,20,58,1,279,183,35,323,121,215,140,2,1,7,151,18,1,15,1,10,4,1
OTU_4118,1,1,1,1,1,1,1,1,1,1,1,1,1,1,1,1,1,1,1,1,1,1,1,1,1,1,1,1,1,1,1,1,1,1,1,1,1,1,1,1,1,1,1,1,1,1,1,1,1,1
OTU_4119,12,26,1,1,4,5,1,16,1,139,5,1,1,21,1,3,25,1,1,1,14,36,4,1,2,1,4,1,1,1,1,1,1,1,199,27,2,2,38,1,32,1,1,4,1,1,1,98,1,1
OTU_4120,1,1,1,1,1,1,1,1,1,1,1,1,1,1,1,1,1,1,1,1,1,1,1,1,1,1,1,1,1,1,1,1,1,1,1,1,1,1,1,1,1,1,1,1,1,1,1,1,1,1
OTU_4121,1,1,1,1,1,1,1,1,1,1,1,1,1,1,1,1,1,1,1,1,1,1,1,1,1,1,1,1,1,1,1,1,1,1,1,1,1,1,1,1,1,1,1,1,1,1,1,1,1,1
OTU_4122,1,1,1,1,1,1,1,1,1,1,1,1,1,1,1,44,1,1,1,1,1,1,1,1,1,1,1,1,1,1,1,1,1,1,1,1,1,1,1,1,1,1,1,1,1,1,1,1,1,1
OTU_4123,34,18,30,1,88,1,1,14,1,66,1,58,6,41,1,15,3,12,18,1,46,139,3,1,6,2,1,54,101,50,1,1,16,1,180,1,6,10,2,1,1,26,29,70,1,79,1,26,41,1
OTU_4124,1,1,1,1,1,1,1,1,1,1,1,1,1,1,1,1,1,1,1,1,1,1,1,1,1,1,1,1,1,1,1,1,1,1,1,1,1,1,1,1,1,1,1,1,1,1,1,1,1,1
OTU_4125,1,514,41,76,1,217,6,253,11,1,12,43,231,69,41,3,6,2,1,6,1,5,2,1,1,1,9,64,13,15,12,1,1,11,177,23,1,4,5,165,123,17,1,10,1,140,8,1,35,1
OTU_4126,184,1,1,1,46,36,4,1,11,1,1,1,5,1,1,100,87,1,69,1,1,1,95,1,1,1,1,67,1,1,1,9,1,1,3,82,1,1,37,1,1,1,2,1,1,1,1,1,88,1
OTU_4127,1,1,1,1,1,1,1,1,1,1,1,1,1,1,1,1,1,1,1,1,1,1,1,1,1,1,1,1,1,1,1,2,1,1,1,1,1,60,1,1,1,1,1,1,1,1,1,1,1,1
OTU_4128,1,1,1,1,1,1,1,1,1,1,1,1,1,1,1,1,1,1,1,1,1,1,1,1,1,1,1,1,2,1,1,1,1,1,1,1,1,1,1,1,1,1,5,1,1,1,1,1,1,1
OTU_4129,1,1,1,1,1,1,1,1,1,1,1,1,1,1,1,1,1,1,1,1,1,1,1,1,1,1,1,1,1,1,1,1,1,1,1,1,1,1,1,1,1,1,1,1,1,1,1,1,1,1
OTU_4130,1,1,1,1,1,1,1,2,1,1,1,2,1,1,1,1,1,1,1,1,1,1,1,1,1,1,1,1,1,1,1,1,1,1,1,1,1,1,1,1,1,1,1,1,53,1,1,1,1,1
OTU_4131,10,1,17,9,3,7,17,117,11,4,297,49,69,153,93,44,208,399,11,130,39,16,105,1,86,88,125,6,31,112,15,165,1,78,205,2,23,239,12,39,95,28,147,5,15,28,80,316,614,1
OTU_4132,1,1,1,1,1,1,1,1,1,1,1,1,1,1,1,1,1,1,1,1,1,1,1,1,1,1,1,1,1,1,1,1,1,1,1,1,1,1,1,1,1,1,1,1,1,1,1,1,1,1
OTU_4133,276,340,300,181,72,60,92,341,6,126,274,420,277,82,424,137,30,910,62,10,283,103,291,233,36,32,181,193,207,341,77,78,179,344,19,169,374,50,440,77,100,321,666,179,10,284,14,327,99,82
OTU_4134,1,1,1,1,1,1,1,1,1,1,1,1,1,1,1,1,1,1,1,1,1,1,1,1,1,1,1,1,1,1,1,1,1,1,1,1,1,1,1,1,1,1,1,1,1,1,1,1,1,1
OTU_4135,1,1,1,1,1,1,2,1,1,1,1,1,1,1,1,1,1,1,1,1,1,1,1,1,1,1,1,1,1,1,1,10,1,1,1,1,1,1,71,1,1,1,1,1,1,1,1,4,1,1
OTU_4136,1,1,1,1,1,1,1,1,1,1,1,1,1,1,1,1,1,1,1,1,1,1,1,1,1,1,1,1,1,1,1,1,1,1,1,1,1,1,1,1,1,1,1,1,1,1,1,1,1,1
OTU_4137,1,1,1,1,1,1,1,2,2,1,1,1,1,1,1,1,1,1,1,1,1,1,1,1,1,1,1,1,1,1,1,1,1,1,1,1,1,1,1,1,1,1,1,1,1,1,25,1,1,1
OTU_4138,1,1,1,1,1,1,1,1,1,1,1,1,1,1,1,1,1,1,1,1,1,1,1,1,1,1,1,1,1,1,1,1,1,1,1,1,1,1,1,1,1,1,1,1,1,1,1,1,1,1
OTU_4139,9,9,2,81,19,193,201,34,1,62,129,12,44,179,72,81,182,28,277,396,77,46,1,8,3,193,117,389,18,224,34,17,33,13,40,142,99,249,46,14,24,50,34,32,74,24,149,112,149,308
OTU_4140,1,1,1,1,1,2,1,1,1,1,1,1,1,1,1,1,1,1,1,1,1,1,1,1,1,1,1,1,1,1,1,1,1,1,1,1,1,1,1,1,1,1,1,1,1,1,1,1,1,1
OTU_4141,1,1,1,1,1,1,1,1,1,1,1,1,1,1,2,1,1,1,1,1,1,1,1,1,1,1,1,1,1,1,1,1,1,1,1,1,1,1,1,1,1,1,1,1,1,1,1,1,1,1
OTU_4142,1,1,1,1,1,1,1,1,1,1,1,1,1,1,1,1,1,1,1,1,1,1,1,1,1,1,1,1,1,1,1,1,1,1,1,1,1,1,1,1,1,1,1,1,1,1,1,1,1,1
OTU_4143,1,184,50,87,19,219,25,4,2,15,1,44,1,160,1,18,103,20,11,22,461,50,216,38,1,17,105,1,67,186,66,1,1,1,1,38,4,3,151,1,49,129,16,1,2,54,1,3,1,67
OTU_4144,1,1,1,1,1,1,1,1,1,1,1,1,1,1,1,1,1,1,1,1,1,1,1,1,1,1,1,1,1,1,1,1,1,1,1,1,1,1,1,1,1,1,1,1,1,1,1,1,1,1
OTU_4145,1,14,74,17,20,55,5,116,100,5,115,106,15,183,10,1,4,7,83,56,13,26,79,279,16,144,1,194,116,175,1,67,12,103,1,24,136,5,255,67,105,121,441,148,19,185,235,352,154,1
OTU_4146,9,1,1,3,1,2,1,4,1,8,1,94,7,1,1,1,34,1,5,54,1,1,3,1,5,1,1,1,1,4,1,1,1,1,12,1,1,1,1,1,286,1,1,1,3,1,1,1,5,1
OTU_4147,1,15,6,1,18,1,11,128,1,1,23,427,1,1,1,1,2,2,23,1,2,1,4,61,1,42,1,1,1,2,2,1,277,16,4,1,2,1,1,1,1,1,34,85,1,1,1,1,1,1
OTU_4148,1,1,1,1,1,1,1,1,1,1,1,1,1,1,1,1,1,1,1,1,1,1,1,1,1,1,1,1,1,1,1,1,1,1,1,1,1,1,1,1,1,1,1,1,1,1,1,1,1,1
OTU_4149,1,1,1,1,1,1,1,1,1,1,2,1,1,1,1,1,1,1,1,1,1,1,1,1,1,1,1,1,1,1,1,1,1,1,1,1,1,1,1,1,1,1,1,1,1,1,1,1,1,1
OTU_4150,1,6,1,1,2,1,1,1,1,1,1,11,111,1,1,1,1,1,1,1,1,1,1,1,1,40,1,4,1,87,1,1,1,1,33,1,1,1,5,3,1,1,12,161,1,1,1,1,1,1
OTU_4151,6,80,38,46,129,1,43,250,31,5,34,192,7,19,303,62,3,24,9,2,99,105,106,8,3,92,114,26,185,126,123,11,287,10,140,80,60,4,198,32,5,28,63,1,22,3,5,5,22,45
OTU_4152,1,1,1,1,1,1,1,1,1,1,1,1,1,1,1,1,1,1,1,1,1,1,1,1,1,1,1,1,1,1,1,1,1,1,1,1,1,1,1,1,1,1,1,1,1,1,1,1,1,1
OTU_4153,1,1,1,219,1,55,1,14,12,139,2,1,1,2,2,202,3,1,1,135,1,13,4,2,10,111,10,1,1,1,1,1,1,1,15,3,1,1,19,3,1,1,1,1,1,22,1,10,15,53
OTU_4154,72,196,3,2,111,185,88,4,227,62,86,5,1,75,264,77,8,19,62,2,25,79,2,2,200,108,262,31,2,6,16,36,11,6,1,32,74,7,1,1,310,7,83,186,24,58,15,248,55,1
OTU_4155,1,1,1,77,1,1,1,2,1,2,33,1,1,1,1,1,1,3,1,1,44,1,1,1,1,1,1,1,1,1,1,1,1,1,1,1,1,1,1,1,1,1,1,1,1,1,1,1,1,1
OTU_4156,1,1,1,1,1,1,1,1,1,1,1,1,1,1,1,1,1,1,1,1,1,1,1,1,1,1,1,1,1,1,1,1,1,1,1,1,1,1,1,1,1,1,1,1,1,1,1,1,1,1
OTU_4157,1,51,12,1,1,1,1,66,14,1,1,2,45,1,6,1,2,50,2,25,2,16,4,1,77,11,17,49,3,257,8,15,10,2,19,1,12,3,1,1,1,5,348,28,2,2,21,123,3,1
OTU_4158,131,378,202,660,120,129,275,41,1086,71,418,199,165,328,197,77,126,487,439,239,106,50,149,627,287,206,338,215,292,111,181,124,238,119,114,871,144,250,124,376,473,579,356,119,183,464,439,938,657,181
OTU_4159,14,137,7,8,167,10,25,1,6,1,10,11,71,1,1,21,100,3,58,228,66,1,24,13,1,3,5,15,4,489,2,100,215,1,55,273,212,1,1,5,2,3,2,2,29,10,3,32,48,1
OTU_4160,1,1,1,1,1,1,1,1,1,1,1,1,1,1,1,1,1,1,1,1,1,1,1,1,1,1,1,1,1,1,1,1,1,1,1,1,1,1,1,1,1,1,1,1,1,1,1,1,1,1
OTU_4161,1,7,1,1,55,12,1,1,25,1,1,4,1,1,1,1,1,1,1,61,1,281,74,1,15,1,1,1,1,1,1,1,1,15,1,46,1,1,1,1,4,1,1,1,1,1,1,49,1,1
OTU_4162,1,156,9,1,1,55,71,21,12,16,4,305,42,24,8,2,28,1,1,3,1,21,1,1,1,1,64,1,2,93,7,40,68,1,30,1,1,93,1,1,30,1,10,9,1,1,1,13,28,1
OTU_4163,1,1,1,1,1,1,1,1,1,1,1,1,1,1,1,1,1,1,1,1,1,1,1,1,1,1,1,1,1,1,1,1,1,1,1,1,1,1,1,1,1,1,1,1,1,1,1,1,1,1
OTU_4164,4,1,1,1,1,1,20,1,4,43,50,5,1,1,1,1,1,1,5,1,1,2,2,4,1,15,53,1,1,3,98,66,1,6,13,1,2,1,1,1,1,2,146,10,82,1,29,1,1,93
OTU_4165,1,1,1,1,165,1,6,1,25,1,1,10,1,1,1,1,1,1,1,1,1,1,1,1,1,3,1,1,4,1,1,1,195,1,186,158,1,1,148,1,1,1,1,1,1,3,1,9,1,1
OTU_4166,1,1,1,1,1,1,1,1,1,1,1,1,1,1,1,1,1,1,1,1,1,1,1,1,1,1,1,1,1,1,1,1,1,1,1,1,1,1,1,1,1,1,1,1,1,1,1,1,1,1
OTU_4167,1,1,1,1,1,1,1,1,1,1,1,1,1,1,1,1,1,1,1,1,1,1,1,1,1,1,1,1,1,1,1,1,1,1,1,1,1,1,1,1,1,1,1,1,1,1,1,1,1,1
OTU_4168,1,1,1,1,1,1,1,1,1,1,1,1,1,1,1,1,1,1,1,1,1,1,1,1,1,1,1,1,1,1,1,1,1,1,1,1,1,1,1,1,1,1,1,1,1,1,1,1,1,1
OTU_4169,1,41,2,157,7,82,4,2,1,164,1,9,99,122,226,2,69,14,234,7,5,67,18,11,27,73,1,142,1,181,18,23,105,20,4,30,16,21,3,30,96,17,4,72,212,15,37,1,1,44
OTU_4170,1,1,1,1,1,1,1,1,1,1,1,1,1,1,1,1,1,1,1,1,1,1,1,1,1,1,1,1,1,1,1,1,1,1,1,1,1,1,1,1,1,1,1,1,1,1,1,1,1,1
OTU_4171,1,1,1,1,1,1,1,1,1,1,1,1,1,1,1,1,1,1,1,1,1,1,1,1,1,1,1,1,1,1,1,1,1,1,1,1,1,1,1,1,1,1,1,1,1,1,1,1,1,1
OTU_4172,23,2,10,38,26,217,257,18,160,77,298,21,93,1,3,144,11,2,10,2,59,397,1,26,36,8,6,205,4,79,39,8,131,115,21,10,14,152,116,126,354,8,44,290,28,169,92,242,92,8
OTU_4173,1,1,1,1,1,1,1,1,1,1,1,1,1,1,1,1,1,1,1,1,1,1,1,45,1,1,2,1,1,1,1,1,1,1,1,1,1,1,1,1,1,1,1,1,1,1,1,1,1,1
OTU_4174,1,1,1,1,1,1,1,150,1,1,39,1,1,1,1,81,1,1,1,1,1,1,2,1,1,1,1,20,1,1,1,4,1,1,1,6,1,1,1,1,1,88,1,1,1,1,1,48,1,1
OTU_4175,1,1,1,1,1,1,1,1,1,1,1,1,1,1,1,1,1,1,1,1,1,1,1,1,1,1,1,1,1,1,1,1,1,1,1,1,1,1,1,1,1,1,1,1,1,2,1,1,1,1
OTU_4176,16,58,8,123,92,61,101,67,179,210,4,55,24,23,10,1,117,89,5,379,39,14,21,156,90,3,95,25,5,418,67,14,28,468,2,5,137,7,107,34,92,75,183,1,46,31,23,20,73,167
OTU_4177,1,1,1,1,1,1,1,1,1,1,1,1,1,1,1,1,1,1,1,1,1,1,1,1,1,1,1,1,1,1,1,1,1,1,1,2,1,1,1,1,1,1,1,1,1,1,1,1,1,1
OTU_4178,1,1,1,1,1,1,1,1,1,1,1,1,1,1,1,1,1,1,1,1,1,1,1,1,1,1,1,1,1,1,1,1,1,1,1,1,1,1,1,1,1,1,1,1,1,1,1,1,1,1
OTU_4179,1,1,1,1,1,1,1,1,1,1,1,1,1,1,1,1,1,1,1,1,1,1,1,1,1,1,1,1,1,1,1,1,1,1,1,1,1,1,1,1,1,1,1,1,1,1,1,1,1,1
OTU_4180,1,1,1,1,1,1,1,1,1,1,1,1,1,1,1,1,1,1,1,1,1,1,1,1,1,1,1,1,1,1,1,1,1,1,1,1,1,1,1,1,1,1,1,1,1,1,1,1,1,1
OTU_4181,1,3,24,1,1,11,1,11,1,16,10,1,2,1,58,128,63,92,5,1,17,1,12,132,1,132,2,1,1,52,13,79,1,14,3,3,2,1,1,1,270,1,1,1,6,14,2,40,2,21
OTU_4182,1,1,1,1,1,1,1,1,1,1,1,1,1,1,1,1,1,1,1,1,1,1,1,1,1,1,1,1,1,1,1,1,1,1,1,1,1,1,1,1,1,1,1,1,1,1,1,1,1,1
OTU_4183,1,1,2,1,12,1,2,1,1,1,1,2,184,2,1,1,1,1,1,1,6,1,1,1,1,7,9,1,22,2,1,1,2,1,33,1,1,1,17,1,2,1,1,1,1,1,1,1,2,1
OTU_4184,2,1,40,45,57,8,1,1,1,21,1,34,3,124,186,1,34,155,1,1,19,7,8,48,242,24,69,125,6,5,1,1,1,1,25,42,1,2,1,17,14,34,34,4,104,150,128,22,6,4
OTU_4185,1,1,1,1,1,1,1,1,1,1,1,1,40,1,1,1,1,1,1,1,1,1,1,1,1,1,1,1,2,2,1,1,1,1,1,1,1,1,1,1,1,1,1,1,1,1,1,1,1,1
OTU_4186,1,1,1,1,1,1,1,1,1,1,1,1,1,1,1,1,1,1,1,1,1,1,1,1,1,1,1,1,1,1,1,1,1,1,1,1,1,1,1,1,1,1,1,1,1,1,1,1,1,1
OTU_4187,1,1,1,1,1,1,1,1,1,1,1,1,1,1,1,1,1,1,1,1,1,1,1,1,1,1,1,1,1,1,1,1,1,1,1,1,1,1,1,1,1,1,1,1,1,1,1,1,1,1
OTU_4188,1,1,1,1,1,1,1,1,1,1,1,1,1,1,1,1,1,1,1,1,1,1,1,1,1,1,1,1,1,1,1,1,1,1,1,1,1,1,1,1,1,1,1,1,1,1,1,1,1,1
OTU_4189,1,1,1,1,1,1,1,1,1,1,1,1,1,1,1,50,1,1,1,1,1,1,1,1,1,1,1,1,1,1,1,1,1,1,1,4,1,1,1,5,1,1,1,1,1,1,1,1,1,1
OTU_4190,1,1,1,1,1,1,1,1,1,1,1,1,1,1,1,1,1,1,1,1,1,1,1,1,1,1,1,1,1,1,1,1,1,1,1,1,1,1,1,1,1,1,1,1,1,1,1,1,1,1
OTU_4191,1,1,1,1,1,1,1,1,1,1,1,1,1,1,1,1,1,1,1,1,1,1,1,1,1,1,1,1,1,1,1,1,1,1,1,1,1,1,1,1,1,1,1,1,1,1,1,1,1,1
OTU_4192,1,28,5,2,41,1,139,2,1,1,84,1,33,1,1,1,35,1,1,1,33,79,1,16,21,4,1,4,1,1,24,92,1,1,125,1,3,1,1,1,2,2,1,10,6,2,90,1,29,5
OTU_4193,32,1,1,1,1,1,1,1,1,1,1,1,1,1,1,1,1,1,13,5,1,1,1,1,1,1,1,1,1,1,1,1,5,1,1,1,1,1,1,1,1,1,1,2,1,1,1,1,1,1
OTU_4194,1,1,1,1,1,1,1,1,1,20,1,1,1,1,1,1,1,1,1,1,3,1,1,1,1,1,2,1,2,1,1,1,1,1,1,1,1,1,1,1,1,1,1,1,1,1,1,1,1,1
OTU_4195,1,1,1,9,1,1,1,1,1,1,1,1,1,1,1,1,1,1,1,1,1,1,1,1,1,1,1,1,1,1,1,1,1,1,1,1,1,6,1,36,1,1,1,2,1,4,1,98,1,1
OTU_4196,1,1,1,1,1,1,1,1,1,1,1,1,1,1,1,1,1,1,1,1,1,1,1,1,1,1,1,1,1,1,1,1,1,1,1,1,1,1,1,1,1,1,1,1,1,1,1,1,1,1
OTU_4197,1,1,1,1,1,1,1,1,1,1,1,1,1,1,1,1,1,1,1,1,1,1,1,1,1,1,1,1,1,1,1,1,1,1,1,1,1,1,1,1,1,1,1,1,1,1,1,1,1,1
OTU_4198,1,1,1,1,1,1,1,1,1,1,1,1,1,1,1,1,1,1,1,1,1,1,3,1,1,1,1,1,1,1,1,1,1,1,1,1,1,1,1,1,1,1,1,1,1,1,1,1,1,1
OTU_4199,1,1,1,1,1,1,5,39,1,1,1,1,4,30,2,1,1,74,1,1,16,4,59,41,1,1,1,1,3,208,1,3,3,1,1,1,1,1,21,1,4,1,1,1,1,6,1,58,2,1
OTU_4200,1,1,1,1,1,1,1,1,1,1,1,1,1,1,1,1,1,1,1,1,1,1,1,1,1,1,1,1,1,1,1,1,1,1,1,1,1,1,1,1,1,1,1,1,1,1,1,1,1,1
OTU_4201,288,35,126,185,23,68,1,114,20,16,80,47,2,53,99,1,141,26,5,261,13,73,168,142,9,147,31,1,9,5,34,31,33,1,1,119,13,35,4,78,6,12,3,433,134,213,53,79,116,194
OTU_4202,8,74,142,2,22,26,2,104,108,98,115,1,102,1,2,8,107,17,199,2,87,3,111,21,89,121,9,303,131,6,2,1,7,58,1,2,143,13,115,95,22,7,55,50,149,2,109,17,129,26
OTU_4203,7,24,19,3,44,1,1,1,1,1,1,276,1,1,7,6,33,1,4,2,1,34,1,1,3,3,16,352,1,1,114,2,1,1,4,1,72,1,1,39,1,1,42,7,4,3,8,1,23,1
OTU_4204,1,1,1,1,1,1,1,1,1,1,1,1,4,28,1,1,1,1,1,1,1,1,1,1,1,1,1,1,1,1,1,1,1,1,1,1,114,1,80,1,4,1,1,1,1,1,1,1,1,1
OTU_4205,1,1,1,1,1,1,1,1,1,1,1,1,1,1,1,1,1,1,1,1,1,1,1,1,1,1,1,1,1,1,1,1,1,1,1,1,1,1,1,1,1,1,1,1,1,1,1,1,1,1
OTU_4206,1,1,1,1,1,1,1,1,1,1,1,1,1,1,1,1,1,1,1,1,1,1,1,1,1,1,1,1,1,1,1,1,1,1,1,1,1,1,1,1,1,1,1,1,1,1,1,1,1,1
OTU_4207,1,1,1,1,1,1,1,1,1,1,1,1,1,1,1,1,1,1,1,1,1,1,1,1,1,1,1,1,1,1,1,1,1,1,1,1,1,1,1,1,1,1,1,1,1,1,1,1,1,1
OTU_4208,1,1,1,1,1,1,1,1,1,1,1,1,1,1,1,1,1,1,1,1,1,1,1,1,1,1,1,1,16,1,1,1,1,1,1,1,8,1,1,4,1,1,1,1,1,1,1,1,1,1
OTU_4209,1,1,1,1,1,1,1,1,1,1,1,1,1,1,1,1,1,1,1,1,1,1,1,1,1,1,1,1,1,1,1,1,1,1,1,1,1,1,1,1,1,1,1,1,1,1,1,1,1,1
OTU_4210,1,1,1,1,1,1,1,1,1,1,1,1,1,1,1,1,1,1,1,1,1,1,1,1,1,1,1,1,1,1,1,1,1,1,1,1,1,1,1,1,1,1,1,1,1,1,1,1,1,1
OTU_4211,1,1,1,1,1,1,1,1,1,1,1,1,1,1,1,1,1,1,1,1,1,1,1,1,1,1,1,1,1,1,1,1,1,1,1,1,1,1,1,1,1,1,1,1,1,1,1,1,1,1
OTU_4212,1,8,2,1,1,1,1,1,2,1,1,1,1,1,1,1,1,1,1,1,1,1,1,1,1,1,1,1,1,1,1,1,1,1,1,1,1,1,1,1,1,1,1,1,1,1,1,1,1,1
OTU_4213,1,1,1,1,1,1,1,1,1,1,1,1,1,1,1,1,1,1,1,1,1,1,1,1,1,1,1,1,1,1,1,1,1,1,1,1,1,1,1,1,1,1,1,1,1,1,1,1,1,1
OTU_4214,1,26,1,1,1,1,1,1,1,1,1,1,1,1,1,1,1,1,1,1,1,3,1,1,1,1,1,1,1,1,1,1,1,1,1,1,1,1,1,1,1,1,1,1,1,1,1,1,1,36
OTU_4215,1,1,1,1,1,1,1,1,1,1,1,1,1,1,1,1,1,1,1,1,1,1,1,1,1,1,1,1,1,1,1,1,1,1,1,1,1,1,1,1,1,1,1,1,1,1,1,1,1,1
OTU_4216,1,1,1,1,1,1,1,1,1,1,1,1,1,1,1,1,1,1,1,1,1,1,1,1,1,1,1,1,1,1,1,1,1,1,1,1,1,1,1,1,1,1,1,1,1,1,1,1,1,1
OTU_4217,26,1,131,40,81,138,47,71,19,130,17,36,12,302,158,44,114,38,3,408,136,299,26,135,120,125,9,155,382,69,214,36,31,59,181,2,40,16,16,325,308,175,30,81,4,14,261,57,29,3
OTU_4218,12,23,54,2,19,119,45,51,206,1,333,2,4,10,56,98,74,1,4,2,30,3,41,254,15,26,147,80,250,30,2,125,46,99,88,39,148,3,1,84,11,1,26,5,2,3,149,25,6,29
OTU_4219,1,1,1,1,1,1,1,1,1,1,1,1,1,1,1,1,1,1,1,1,1,1,1,1,1,1,1,1,1,1,1,1,1,1,1,1,1,1,1,1,1,1,1,1,1,1,1,1,1,1
OTU_4220,1,1,1,1,1,14,7,1,156,1,3,11,1,1,1,108,1,1,1,14,1,1,12,1,1,29,73,1,1,1,1,1,13,1,1,1,1,3,1,1,1,1,10,1,1,20,1,1,1,1
OTU_4221,1,1,1,1,1,1,1,1,1,1,1,1,1,1,1,1,1,1,1,1,1,1,1,1,1,1,1,1,1,1,1,1,1,1,1,1,1,1,1,1,1,1,1,1,1,1,1,1,1,1
OTU_4222,1,1,1,1,1,1,1,1,1,1,1,1,1,1,1,1,1,1,1,1,1,1,1,1,1,1,1,1,1,1,1,1,1,1,1,1,1,1,1,1,1,1,1,1,1,1,1,1,1,1
OTU_4223,1,1,1,1,1,1,1,1,1,1,1,27,1,1,1,1,1,1,1,1,1,1,1,1,1,1,1,1,1,1,1,1,38,1,1,1,10,1,34,1,1,1,1,1,1,1,1,1,1,45
OTU_4224,1,1,1,1,1,1,1,1,1,1,1,1,1,1,1,1,1,1,1,1,1,1,1,1,1,1,1,1,1,1,1,1,1,1,1,1,1,1,1,1,1,1,1,1,1,1,1,1,1,1
OTU_4225,1,1,1,1,1,1,1,1,1,1,1,1,1,1,1,1,1,1,1,1,1,1,1,1,1,1,1,1,1,1,1,1,1,1,1,1,1,1,1,1,1,1,1,1,1,1,1,1,1,1
OTU_4226,518,222,352,44,242,112,12,51,17,83,356,350,218,39,192,139,88,7,345,185,240,105,253,25,62,281,117,50,408,164,8,3,55,86,110,57,151,13,31,150,75,1,112,27,53,167,131,300,86,108
OTU_4227,1,1,1,1,1,1,1,1,1,1,1,1,1,1,1,1,1,1,1,1,1,1,1,1,1,1,1,1,1,1,1,1,1,1,1,1,1,1,1,1,1,1,1,1,1,1,1,1,1,1
OTU_4228,1,1,1,1,1,1,1,1,1,1,1,1,1,1,1,1,1,1,1,1,1,1,1,1,1,1,1,1,1,1,1,1,1,1,1,1,1,1,1,1,1,1,1,1,1,1,1,1,1,1
OTU_4229,1,1,1,1,1,1,1,1,1,1,1,1,1,1,1,1,1,1,1,1,1,1,1,1,1,1,1,1,1,1,1,1,1,1,1,1,1,1,1,1,1,1,1,1,1,1,1,1,1,1
OTU_4230,1,1,1,1,1,1,1,1,1,1,1,1,1,1,1,1,1,1,1,1,1,1,1,1,1,1,1,1,1,1,1,1,1,1,1,1,1,1,1,1,1,1,1,1,1,1,1,1,1,1
OTU_4231,1,1,1,1,1,1,1,1,1,1,1,1,1,1,1,1,1,1,1,1,1,1,1,1,1,1,1,1,1,1,1,1,1,1,1,1,1,1,1,1,1,1,1,1,1,1,1,1,1,1
OTU_4232,1,1,1,1,1,1,1,1,1,1,1,1,1,1,1,1,1,1,2,1,1,1,1,1,1,1,1,1,1,1,1,1,1,1,15,1,1,1,1,1,1,1,1,1,1,1,1,1,1,1
OTU_4233,1,1,1,1,1,1,1,26,1,1,1,1,1,1,1,1,1,1,1,1,1,21,1,57,1,1,1,1,1,1,88,12,1,25,1,1,20,1,17,1,1,1,1,1,1,3,1,1,50,1
OTU_4234,1,1,1,1,1,1,1,1,1,1,1,1,1,1,1,1,1,1,1,1,1,1,1,1,1,1,1,1,1,1,1,1,1,1,1,1,1,1,1,1,1,1,1,1,1,1,1,1,1,1
OTU_4235,1,1,1,1,1,1,1,1,1,1,1,1,1,1,1,1,1,1,1,1,1,1,1,1,1,1,1,1,1,1,1,1,1,1,1,1,1,1,1,1,1,1,1,1,1,1,1,1,1,1
OTU_4236,1,1,1,1,1,1,1,1,1,1,1,1,1,1,1,1,1,1,1,1,1,1,1,1,1,1,1,1,1,1,1,1,1,1,1,1,1,1,1,1,1,1,1,1,1,1,1,1,1,1
OTU_4237,1,1,54,1,1,1,1,1,1,1,1,1,1,1,1,1,1,1,1,1,1,1,18,1,1,1,1,1,1,1,1,1,1,1,1,1,1,1,1,1,1,1,2,1,1,1,1,1,1,1
OTU_4238,1,1,2,1,176,7,212,1,1,253,4,1,10,1,1,2,2,1,17,1,222,52,5,4,27,4,1,9,1,3,1,1,1,2,26,5,4,7,1,17,1,2,2,3,2,53,1,1,10,9
OTU_4239,1,1,1,1,1,1,1,1,1,1,1,1,1,1,1,1,1,1,1,1,1,1,1,1,1,1,1,1,1,1,1,1,1,1,1,1,1,1,1,1,1,1,1,1,1,1,1,1,1,1
OTU_4240,1,1,13,1,5,1,1,1,1,1,1,1,1,148,1,1,1,1,1,1,1,1,1,1,1,1,1,1,1,1,1,1,2,1,2,1,1,1,1,1,1,1,1,1,1,1,1,1,1,1
OTU_4241,5,2,1,27,18,3,2,8,3,1,1,1,2,3,1,1,1,19,1,6,1,1,150,83,1,1,10,1,1,1,3,86,69,1,1,1,1,1,1,33,110,1,1,52,2,1,26,445,1,377
OTU_4242,1,1,1,1,1,1,1,1,1,1,1,1,1,1,1,1,1,1,1,1,1,1,1,1,1,1,1,1,1,1,1,1,1,1,1,1,1,1,1,1,1,1,1,1,1,1,1,1,1,1
OTU_4243,1,1,1,1,1,1,1,1,1,1,1,1,1,1,1,1,1,1,1,1,1,1,1,1,1,1,1,1,1,1,1,1,1,1,1,1,1,1,1,1,1,1,1,1,1,1,1,1,1,1
OTU_4244,60,1,1,5,1,1,1,1,1,1,6,1,1,18,26,24,1,1,27,3,1,50,1,12,1,3,5,15,9,13,1,4,1,1,1,1,197,2,1,1,1,74,1,13,55,8,17,23,26,52
OTU_4245,1,1,1,1,1,1,1,1,1,1,1,1,1,1,1,1,1,1,1,1,1,1,1,1,1,1,1,1,1,1,1,1,1,1,1,1,1,1,1,1,1,1,1,1,1,1,1,1,1,1
OTU_4246,58,2,1,1,2,1,22,1,1,1,1,1,22,65,2,1,1,1,1,1,1,3,1,2,1,14,3,1,2,3,13,1,1,1,1,1,184,27,1,2,1,1,1,2,1,2,1,1,1,1
OTU_4247,1,1,1,1,1,1,1,1,1,1,1,1,1,1,1,1,1,1,1,1,1,1,1,1,1,1,1,1,1,1,1,1,1,1,1,1,1,1,1,1,1,1,1,1,1,1,1,1,1,1
OTU_4248,1,1,1,1,1,1,1,1,1,1,1,1,1,1,1,1,1,1,1,1,1,1,1,1,1,1,1,1,1,1,1,1,1,1,1,1,1,1,1,1,1,1,1,1,1,1,1,1,1,1
OTU_4249,1,1,1,1,1,6,1,1,1,1,18,1,1,1,1,3,1,1,1,1,10,1,1,91,1,1,1,1,1,1,1,1,1,1,1,1,1,41,1,17,6,1,1,1,1,255,1,1,1,1
OTU_4250,1,1,1,1,1,1,1,1,1,1,1,1,1,1,5,1,1,1,1,1,1,1,1,1,1,1,1,1,1,1,1,1,1,1,1,1,1,1,1,1,1,1,1,1,1,1,1,1,1,1
OTU_4251,17,117,51,5,24,151,4,71,221,1,157,3,36,6,34,1,22,9,1,11,170,68,1,8,167,38,32,134,1,4,3,107,202,34,171,10,20,23,1,34,215,78,15,129,14,1,85,426,1,27
OTU_4252,1,1,1,1,1,1,1,1,1,1,1,1,1,1,1,1,1,1,1,1,17,1,1,1,1,1,1,1,1,1,1,1,1,1,1,1,1,1,1,1,1,1,1,1,1,12,1,1,1,1
OTU_4253,1,1,1,1,1,1,1,1,1,1,1,1,1,1,1,1,1,1,1,1,1,1,1,1,1,1,1,1,1,1,1,1,1,1,1,1,1,1,1,1,1,1,1,1,1,1,1,1,1,1
OTU_4254,1,1,1,1,1,1,1,1,1,1,1,1,1,1,1,1,1,1,1,1,1,1,1,1,1,1,1,1,1,1,1,1,1,1,1,1,1,1,1,1,1,1,1,1,1,1,1,1,1,1
OTU_4255,29,8,3,2,17,4,34,169,1,1,9,16,1,1,48,2,20,2,1,2,13,158,1,1,1,13,7,226,1,1,31,2,2,86,9,9,30,1,78,65,77,29,255,57,13,7,1,3,5,79
OTU_4256,331,29,214,363,28,123,84,31,179,47,22,195,98,39,810,15,592,704,271,117,600,21,268,35,102,5,132,6,343,62,124,141,106,63,136,448,100,3,296,135,204,263,341,35,31,89,28,365,588,132
OTU_4257,198,18,131,305,247,309,41,54,318,60,252,29,334,123,73,49,51,18,51,654,16,573,240,6,253,69,230,103,466,84,281,173,44,107,117,151,230,197,63,365,154,157,168,103,67,19,226,202,180,60
OTU_4258,1,1,1,1,1,1,1,1,1,1,1,1,1,1,1,1,1,1,1,1,1,1,1,1,1,1,1,1,1,1,1,1,1,1,1,1,1,1,1,1,1,1,1,1,1,1,1,1,1,1
OTU_4259,1,1,1,1,1,1,1,1,1,1,1,1,1,1,1,1,1,1,1,1,1,1,1,1,1,1,1,1,1,1,1,1,1,1,1,1,1,1,1,1,1,1,1,1,1,1,1,1,1,1
OTU_4260,33,2,310,33,1,4,25,1,17,2,7,39,3,128,114,1,250,11,21,1,29,142,2,212,141,42,1,60,78,1,2,1,78,2,2,2,20,1,18,11,56,1,354,3,60,43,2,1,165,2
OTU_4261,1,1,1,1,1,1,1,1,2,1,1,1,1,1,1,1,1,1,1,1,1,1,1,1,1,1,1,1,1,1,1,1,1,1,1,1,1,1,1,1,1,1,1,1,1,1,1,1,1,1
OTU_4262,1,1,1,1,1,1,1,1,1,1,1,1,1,1,1,1,1,1,1,1,1,1,1,1,1,1,1,1,1,1,1,1,1,1,1,1,1,1,1,1,1,1,1,1,1,1,1,1,1,1
OTU_4263,1,1,1,1,1,1,1,1,1,1,1,1,1,1,1,1,1,1,1,1,1,1,1,1,1,1,1,1,1,1,1,1,1,1,1,1,1,1,1,1,1,1,1,1,1,1,1,1,1,1
OTU_4264,7,1,1,1,1,1,1,1,1,1,1,1,1,1,1,1,1,1,1,40,1,1,1,1,1,1,1,1,1,1,1,1,1,1,1,1,1,1,1,1,1,1,1,1,3,1,1,1,1,1
OTU_4265,30,174,5,1,14,6,261,63,124,86,287,36,55,8,51,79,512,18,158,3,1,346,1,58,13,11,59,15,202,287,5,35,1,362,117,8,85,11,41,436,10,17,287,3,475,14,23,75,352,161
OTU_4266,1,1,1,1,1,1,1,1,1,1,1,1,1,1,1,1,1,1,1,1,1,1,1,1,1,1,1,1,1,1,1,1,1,1,1,1,1,1,1,1,1,1,1,1,1,1,1,1,1,1
OTU_4267,1,1,1,1,1,1,1,1,1,1,1,1,1,1,1,1,1,1,1,1,1,1,1,1,1,1,1,1,1,1,1,1,1,1,1,1,1,1,1,1,1,1,1,1,1,1,1,1,1,1
OTU_4268,17,17,5,8,62,43,676,203,3,69,9,291,16,90,45,1,199,15,64,141,26,14,31,101,4,6,413,5,36,2,29,64,15,1,13,5,33,118,1,1,140,227,8,13,97,120,7,191,26,2
OTU_4269,54,179,324,100,231,6,314,173,244,55,94,169,43,434,164,614,210,83,9,113,263,86,463,573,52,29,94,121,88,314,262,7,304,190,134,71,336,119,162,188,124,45,60,78,92,473,66,145,352,316
OTU_4270,1,1,1,1,1,1,1,1,1,1,1,1,1,1,1,1,1,1,1,1,1,1,1,1,1,1,1,1,1,1,1,1,1,1,1,1,1,1,1,1,1,1,1,1,1,1,1,1,1,1
OTU_4271,1,1,1,1,1,1,1,1,1,1,1,1,1,1,1,1,1,1,1,1,1,1,1,1,1,1,1,1,1,1,1,1,1,1,1,1,1,1,1,1,1,1,1,1,1,1,1,1,1,1
OTU_4272,1,1,1,1,1,1,1,1,1,1,1,1,1,1,1,1,1,1,1,1,1,1,1,1,1,1,1,1,1,1,1,1,1,1,1,1,1,1,1,1,1,1,1,1,1,1,1,1,1,1
OTU_4273,1,1,1,1,1,1,1,1,1,1,1,1,1,1,1,1,1,1,1,1,1,1,1,1,1,1,1,1,1,1,1,1,1,1,1,1,1,1,1,1,1,1,1,1,1,1,1,1,1,1
OTU_4274,1,1,1,1,1,1,1,1,1,1,1,1,1,1,1,1,1,1,1,1,1,1,1,1,1,1,1,1,1,1,1,1,1,1,1,1,1,1,1,1,1,1,1,1,1,1,1,1,1,1
OTU_4275,1,1,1,1,1,1,1,1,1,1,1,1,1,1,1,1,1,1,1,1,1,1,1,1,1,4,31,107,1,26,1,1,1,1,1,1,1,1,1,1,1,1,1,1,1,1,1,1,28,1
OTU_4276,1,1,1,1,1,1,1,1,1,1,13,1,1,1,20,1,1,1,1,1,1,1,1,1,5,1,1,1,1,1,1,1,1,1,1,1,1,1,1,1,1,1,23,211,59,1,1,1,1,1
OTU_4277,1,1,1,1,1,1,1,1,1,1,1,1,1,1,1,1,1,1,1,1,1,1,1,1,1,1,1,1,1,1,1,1,1,1,1,1,1,1,1,1,1,1,1,1,1,1,1,1,1,1
OTU_4278,1,1,1,1,1,1,1,1,1,1,1,1,1,1,1,1,1,1,1,1,1,1,1,1,1,1,1,1,1,1,1,1,1,1,1,1,1,1,1,1,1,1,1,1,1,1,1,1,1,1
OTU_4279,1,1,1,1,1,1,1,1,1,1,1,1,1,1,1,1,1,1,1,1,1,1,1,1,1,1,1,1,1,1,1,1,1,1,1,1,1,1,1,1,1,1,1,1,1,1,1,1,1,1
OTU_4280,1,126,1,1,1,1,1,1,2,230,1,14,1,51,55,7,2,117,4,41,4,118,3,29,69,6,1,6,1,1,47,2,1,2,2,1,1,15,18,3,5,22,7,36,15,11,2,1,85,1
OTU_4281,1,1,1,1,1,1,1,1,1,1,1,1,1,1,1,1,1,1,1,1,1,1,1,1,1,2,1,1,1,1,1,1,1,1,1,1,1,1,1,1,1,1,1,1,1,1,1,1,1,1
OTU_4282,1,1,1,1,1,1,1,1,1,1,1,1,1,1,1,1,1,1,1,1,1,1,1,1,1,1,1,1,1,1,1,1,1,1,1,1,1,1,1,1,1,1,1,1,1,1,1,1,1,1
OTU_4283,99,268,53,1,1,5,51,95,25,1,9,2,89,4,4,22,37,16,23,1,7,5,43,13,5,9,1,7,39,22,1,2,8,12,18,23,1,1,12,6,1,6,30,16,2,1,290,8,74,135
OTU_4284,1,1,1,1,1,1,1,1,1,1,1,1,1,1,1,1,3,1,1,1,1,1,60,1,1,1,1,1,1,1,1,1,1,1,1,1,1,1,1,1,10,1,1,21,9,1,1,1,1,6
OTU_4285,1,1,1,1,1,1,1,1,1,1,1,1,1,1,1,1,1,1,1,1,1,1,1,1,1,1,1,1,1,1,1,1,1,1,1,1,1,1,1,1,1,1,1,1,1,1,1,1,1,1
OTU_4286,1,1,1,1,1,1,1,1,1,1,1,1,1,1,1,1,1,1,1,1,1,1,1,1,1,1,1,1,1,1,1,1,1,1,1,4,1,1,1,1,1,1,1,1,1,1,1,1,1,1
OTU_4287,1,1,1,1,1,1,1,1,1,1,1,1,1,1,1,1,1,1,1,2,1,1,1,1,1,1,1,1,1,1,1,1,1,1,1,1,1,1,1,1,1,1,1,1,1,1,1,1,1,1
OTU_4288,1,1,2,16,1,1,1,1,15,1,1,7,1,1,6,1,79,29,1,97,19,1,1,12,1,1,3,12,38,1,1,138,1,2,1,1,1,1,1,4,1,2,1,8,1,1,1,1,151,70
OTU_4289,1,1,8,1,1,1,1,1,1,1,2,1,1,1,1,1,1,1,1,1,10,1,1,1,1,1,1,1,1,1,1,1,1,1,1,1,1,1,1,1,1,1,1,34,1,1,1,1,1,1
OTU_4290,16,1,1,1,14,30,1,1,57,8,1,1,239,1,1,42,7,1,14,1,235,2,98,28,8,16,1,8,1,1,1,1,1,1,1,68,1,64,4,1,1,8,1,1,1,1,1,1,19,1
OTU_4291,1,1,1,1,1,1,1,1,1,1,1,1,1,1,1,1,1,1,1,1,1,1,1,1,1,1,1,1,1,1,1,1,1,1,1,1,1,1,1,1,1,1,1,1,1,1,1,1,1,1
OTU_4292,1,1,1,1,1,1,1,1,1,1,1,1,1,1,1,1,1,1,1,1,1,1,1,1,1,1,1,1,1,1,1,1,1,1,1,1,1,1,1,1,1,1,1,1,1,1,1,1,1,1
OTU_4293,1,1,1,1,1,1,1,1,1,1,1,1,1,1,1,1,1,1,1,1,1,1,1,1,1,1,1,1,1,1,1,1,1,1,1,1,1,1,1,1,1,1,1,1,1,1,1,1,1,1
OTU_4294,1,1,1,1,1,1,1,1,1,1,1,1,1,1,1,1,1,1,1,1,1,1,1,1,1,1,1,1,1,1,1,1,1,1,1,1,1,1,1,1,1,1,1,1,1,1,1,1,1,1
OTU_4295,2,49,2,1,1,24,1,1,98,1,117,34,1,1,1,14,1,1,89,4,15,1,1,6,5,155,1,1,23,96,1,2,2,1,5,3,3,1,1,6,43,20,1,1,60,25,2,1,1,20
OTU_4296,1,1,1,1,1,1,1,1,1,1,1,1,1,1,1,1,1,1,1,1,1,1,1,1,1,1,1,1,1,1,1,1,1,1,1,1,1,1,1,1,1,1,1,1,1,1,1,1,1,1
OTU_4297,1,1,1,1,1,1,1,1,1,1,1,1,1,1,1,1,1,1,1,1,1,1,1,1,1,1,1,1,1,1,1,1,1,1,1,1,1,1,1,1,1,1,1,1,1,1,1,1,1,1
OTU_4298,1,1,1,1,1,1,1,1,1,1,1,1,1,1,1,1,1,1,1,1,1,1,1,1,1,1,1,1,1,1,1,1,1,1,1,1,1,1,1,1,1,1,1,1,1,1,1,1,1,1
OTU_4299,1,2,37,67,4,1,10,37,1,3,10,17,1,7,2,7,1,22,186,81,253,1,14,221,1,34,2,4,38,517,166,50,1,10,1,104,22,6,144,34,9,1,9,52,285,1,50,347,59,101
OTU_4300,1,1,1,1,1,1,1,1,12,1,1,1,5,80,1,1,1,1,1,1,1,1,1,1,1,1,1,1,1,1,1,1,1,1,1,1,1,39,1,1,1,2,5,1,1,1,20,1,1,1
OTU_4301,1,1,1,1,1,1,1,1,1,1,1,1,1,1,1,1,1,1,1,1,1,1,1,1,1,1,1,1,1,1,1,1,1,1,1,1,1,1,1,1,1,1,1,1,1,1,1,1,1,1
OTU_4302,1,1,1,1,1,1,1,1,1,1,1,1,1,1,1,1,1,1,1,1,1,1,1,1,1,1,1,1,1,1,1,1,1,1,1,1,1,1,1,1,1,1,1,1,1,1,1,1,1,1
OTU_4303,1,1,1,1,1,1,1,1,1,1,1,1,1,1,1,1,1,1,1,1,1,1,1,1,1,1,1,1,1,1,1,1,1,1,1,1,1,1,1,1,1,1,1,1,1,1,1,1,1,1
OTU_4304,1,1,1,1,44,1,142,1,1,1,28,42,29,1,1,27,1,10,3,1,1,1,1,1,1,1,51,1,1,63,1,1,1,7,177,1,1,3,121,39,1,18,1,2,1,359,1,243,1,3
OTU_4305,1,1,1,1,1,1,1,1,1,1,1,1,1,1,1,1,1,1,1,1,1,1,1,1,1,1,1,1,1,1,1,1,1,1,1,1,1,1,1,1,1,1,1,1,1,1,1,1,1,1
OTU_4306,32,1,101,3,47,223,3,1,1,25,3,1,1,119,6,9,354,129,1,6,3,30,2,57,28,31,4,1,11,13,16,1,2,38,3,65,227,5,197,73,4,2,26,21,126,108,10,28,12,5
OTU_4307,1,1,1,1,1,1,1,1,1,1,1,1,1,1,1,1,1,1,1,1,1,2,1,1,1,1,1,1,1,1,1,1,1,1,1,1,1,1,1,1,1,1,1,1,1,1,1,1,1,1
OTU_4308,1,1,1,1,1,1,1,1,1,1,1,1,1,1,1,1,1,1,1,1,1,1,1,1,1,1,1,1,1,1,1,1,1,1,1,1,1,1,1,1,1,1,1,1,1,1,1,1,1,1
OTU_4309,1,1,1,1,1,1,1,1,1,1,1,1,1,1,1,1,1,1,1,1,1,1,1,1,1,1,1,1,1,1,1,1,1,1,1,1,1,1,1,1,1,1,1,1,1,1,1,1,1,1
OTU_4310,5,1,1,21,1,1,1,1,10,2,1,1,1,1,16,1,1,1,1,3,1,23,1,1,1,10,1,1,1,2,1,1,10,1,1,1,1,1,1,1,2,215,1,1,1,11,1,2,1,1
OTU_4311,362,209,13,791,20,136,56,145,157,229,35,243,126,87,138,43,22,26,33,16,9,238,17,33,20,24,10,162,34,12,517,2,57,4,24,47,65,330,4,2,955,83,319,27,12,107,470,303,85,155
OTU_4312,597,41,638,167,145,112,315,241,157,18,85,41,77,46,215,117,373,261,431,209,26,392,388,127,182,178,73,65,113,380,68,80,147,218,35,11,465,307,23,125,266,449,83,58,33,282,159,52,337,73
OTU_4313,3,1,5,1,60,298,1,72,1,54,39,1,4,29,109,19,4,1,1,8,1,2,1,26,11,21,43,1,126,1,1,5,3,1,1,1,1,40,1,1,1,1,1,1,1,1,96,1,1,6
OTU_4314,1,5,1,1,1,1,1,1,1,1,1,1,1,1,1,1,1,1,1,1,1,1,1,1,1,1,1,1,3,1,1,1,1,1,1,1,1,1,1,1,1,1,1,1,1,1,49,3,1,1
OTU_4315,1,1,1,1,1,1,1,1,1,1,1,1,1,1,1,1,1,1,1,3,1,3,1,1,1,1,1,1,1,1,1,1,1,1,1,1,1,1,1,1,1,1,1,1,1,1,1,1,1,1
OTU_4316,1,1,1,1,1,1,1,1,1,1,1,1,1,1,1,1,1,1,1,1,1,1,1,1,1,1,1,1,1,1,1,1,1,1,1,1,1,1,1,1,1,1,1,1,1,1,1,1,1,1
OTU_4317,1,1,1,1,1,1,1,1,1,1,1,1,1,1,1,1,1,1,1,1,1,1,1,1,1,1,1,1,1,1,1,1,1,1,1,1,1,1,1,1,1,1,1,1,1,1,1,1,1,1
OTU_4318,1,1,1,1,1,1,1,1,1,1,1,1,1,1,1,1,1,1,1,1,1,1,1,1,1,1,1,1,1,1,1,1,1,1,1,1,1,1,1,1,1,1,1,1,1,1,1,1,1,1
OTU_4319,1,1,1,1,1,1,1,1,1,1,1,1,1,1,1,1,1,1,1,1,1,1,1,1,1,1,1,1,1,1,1,1,1,1,1,1,1,1,1,1,1,1,1,1,1,1,1,1,1,1
OTU_4320,173,11,1,3,1,4,1,1,5,1,76,6,1,9,1,147,122,2,3,2,1,46,6,14,9,3,2,1,1,1,1,399,1,25,3,2,1,4,29,13,69,25,138,50,7,6,47,26,1,30
OTU_4321,1,1,1,1,1,1,1,1,1,1,2,1,1,1,1,1,1,1,1,1,1,1,1,1,1,1,1,1,1,1,1,1,1,1,1,1,1,1,1,1,1,1,1,1,1,1,1,1,1,1
OTU_4322,1,1,1,1,1,1,1,1,1,1,1,1,1,1,1,1,1,1,1,1,1,1,1,1,1,1,1,1,1,1,1,1,1,1,1,1,1,1,1,1,1,1,1,1,1,1,1,1,1,1
OTU_4323,4,9,11,1,1,3,1,1,1,2,1,1,3,1,1,1,1,60,1,1,2,1,1,1,1,1,1,1,1,2,3,1,115,1,2,1,1,5,1,1,28,1,1,1,1,6,1,53,1,1
OTU_4324,1,1,1,1,1,1,1,1,1,1,4,1,1,1,1,1,1,1,1,1,1,1,1,1,1,1,1,1,1,20,1,1,32,1,1,1,1,1,1,1,1,1,1,1,1,1,1,1,1,1
OTU_4325,1,1,1,1,1,1,1,1,1,1,1,1,1,1,1,1,1,1,1,1,1,1,1,1,1,1,1,1,1,1,1,1,1,1,1,1,1,1,1,1,1,1,1,1,1,1,1,1,1,1
OTU_4326,1,1,1,1,1,1,1,1,1,1,1,1,1,1,1,1,1,1,1,1,1,1,1,1,1,1,1,1,1,1,1,1,1,1,1,1,1,1,1,1,1,1,1,1,1,1,2,1,1,1
OTU_4327,1,1,1,1,1,1,1,1,1,1,1,1,1,1,1,1,1,1,1,1,1,1,1,1,1,1,1,1,1,1,1,1,1,1,1,1,1,1,1,1,1,1,1,1,1,1,1,1,1,1
OTU_4328,1,1,1,1,1,1,1,1,1,1,1,1,11,1,1,1,1,1,1,1,1,1,1,1,1,1,1,1,1,1,1,1,1,1,3,1,1,1,1,1,1,1,53,1,1,1,1,1,1,1
OTU_4329,6,7,13,2,245,2,112,2,146,18,90,103,28,41,22,22,7,358,18,266,130,207,103,12,152,17,10,421,362,273,36,23,1,35,153,1,183,98,218,1,578,11,2,6,291,11,94,96,99,22
OTU_4330,1,1,1,1,1,1,1,1,1,1,1,1,1,1,1,1,1,1,1,1,1,1,1,1,1,1,1,1,1,1,1,1,1,1,1,1,1,1,29,1,1,1,1,1,1,1,1,1,1,1
OTU_4331,1,1,1,1,1,1,1,1,1,1,1,1,1,1,1,1,1,1,1,1,1,1,1,1,1,1,1,1,1,1,1,1,1,1,1,1,1,1,1,1,1,1,1,1,1,1,1,1,1,1
OTU_4332,1,1,1,1,1,1,1,1,1,1,1,1,1,1,1,1,1,1,1,1,1,1,1,1,1,1,1,1,1,1,1,1,1,1,1,1,1,1,1,1,1,1,1,1,1,1,1,1,1,1
OTU_4333,1,1,1,1,1,1,1,1,1,1,1,1,1,1,1,1,1,1,1,1,1,1,1,1,1,1,1,1,1,1,1,2,1,19,1,1,1,1,1,1,1,1,1,1,1,1,1,1,1,1
OTU_4334,1,1,1,1,1,1,1,1,1,1,1,1,1,1,1,1,1,1,1,1,1,1,1,1,1,1,1,1,1,1,1,1,1,1,1,1,1,1,1,1,1,1,1,1,1,1,1,1,1,1
OTU_4335,1,1,1,1,1,1,1,1,1,1,1,1,1,1,1,1,1,1,1,1,1,1,1,1,1,1,1,1,1,1,1,1,1,1,1,1,1,1,1,1,1,1,1,1,1,1,1,1,1,252
OTU_4336,1,1,1,1,1,1,1,1,1,1,1,1,1,1,1,1,1,1,1,1,1,1,1,1,1,1,1,1,1,1,1,1,1,1,1,1,1,1,1,1,1,1,1,1,1,1,1,1,1,1
OTU_4337,1,1,1,1,1,1,1,1,1,1,1,1,1,1,1,1,1,1,1,1,1,1,1,1,1,1,1,1,1,1,1,1,1,1,1,1,1,1,1,1,1,1,1,1,1,1,1,1,1,1
OTU_4338,1,1,1,1,1,1,1,1,1,1,1,1,1,1,1,1,1,1,1,1,1,1,1,1,1,1,1,1,1,1,1,1,1,1,1,1,1,1,1,1,1,1,1,1,1,1,1,1,1,1
OTU_4339,2,1,88,97,28,316,1,113,1,20,9,96,49,1,1,89,4,150,1,2,5,33,98,1,22,56,35,8,32,2,107,16,127,33,1,1,46,44,16,486,1,1,62,4,28,143,64,3,1,4
OTU_4340,1,1,1,1,1,1,1,1,1,1,1,1,1,1,1,1,1,1,1,1,1,1,1,1,1,1,1,1,1,1,1,1,1,1,1,1,1,1,1,1,1,1,1,1,1,1,1,1,1,1
OTU_4341,1,1,1,1,1,1,1,1,1,1,1,1,1,1,1,1,1,1,1,1,1,1,1,1,1,1,1,1,1,1,1,1,1,1,1,1,1,1,1,1,1,1,1,1,1,1,1,1,1,1
OTU_4342,1,1,1,1,1,1,1,1,1,1,1,1,1,1,1,1,1,1,1,1,1,1,1,1,1,1,1,1,1,1,1,1,1,1,1,1,1,1,1,1,1,1,1,1,1,1,1,1,1,1
OTU_4343,1,1,1,1,1,1,1,1,1,1,1,1,1,1,1,1,1,1,1,1,1,1,1,1,1,1,1,1,1,1,1,1,1,1,1,1,1,1,1,1,1,1,1,1,1,1,1,1,1,1
OTU_4344,1,1,1,1,1,1,1,1,1,1,1,1,1,1,1,1,1,1,1,1,1,1,1,1,1,1,1,1,1,1,1,1,1,1,1,1,1,1,1,1,1,1,1,1,1,1,1,1,1,1
OTU_4345,1,1,1,1,1,1,1,1,1,1,1,1,1,1,1,1,1,1,1,1,1,1,1,1,1,1,1,1,1,1,1,1,1,1,1,1,1,1,1,1,1,1,1,1,1,1,1,1,1,1
OTU_4346,1,1,1,1,1,1,1,1,1,1,1,1,1,1,1,1,1,1,1,1,1,1,1,1,1,2,1,1,1,1,1,1,1,1,1,1,1,1,1,1,1,1,1,1,1,1,1,1,1,1
OTU_4347,1,1,1,1,1,1,1,1,1,1,1,1,1,1,1,1,1,1,1,1,1,1,1,1,1,1,1,1,1,1,1,1,1,1,1,1,1,1,1,1,1,1,1,1,1,1,1,1,1,1
OTU_4348,1,1,1,1,1,1,1,1,1,1,1,1,1,1,1,1,1,1,1,1,1,1,1,1,1,1,1,1,1,1,1,1,1,1,1,1,1,1,1,1,1,1,1,1,1,1,1,1,1,1
OTU_4349,1,1,1,1,1,1,1,1,1,1,1,1,1,1,7,1,1,1,4,1,1,1,1,1,1,1,1,1,1,1,1,1,1,1,1,1,1,1,1,1,1,1,1,1,1,1,1,1,1,1
OTU_4350,1,1,1,1,1,1,1,1,1,1,1,1,1,1,1,1,1,1,1,1,1,1,1,1,1,1,1,1,1,1,1,1,1,1,1,1,1,1,1,1,1,1,1,1,1,1,1,1,1,1
OTU_4351,1,1,1,1,1,1,1,1,1,1,1,1,1,1,1,1,1,1,1,1,1,1,1,1,1,1,1,1,1,1,2,1,1,5,1,1,1,1,1,6,1,2,1,16,1,1,1,1,110,1
OTU_4352,1,1,1,1,1,1,1,1,1,1,1,1,1,1,1,1,1,1,1,1,1,1,1,1,1,1,1,1,1,1,1,1,1,1,1,1,1,1,1,1,1,1,1,1,1,1,1,1,1,1
OTU_4353,1,1,1,1,1,1,1,1,1,1,1,1,1,1,1,1,1,1,1,1,1,1,1,1,1,1,1,1,1,1,1,1,1,1,1,1,1,1,1,1,1,1,1,1,1,1,1,1,1,1
OTU_4354,79,402,5,131,135,76,33,46,54,121,46,92,123,403,71,326,46,31,32,175,124,164,1,18,153,4,29,101,143,640,104,47,79,41,49,33,43,351,25,60,461,293,6,46,51,122,12,104,838,563
OTU_4355,26,2,3,31,18,49,3,204,8,114,338,4,14,318,166,17,49,116,237,54,28,63,98,4,2,15,16,26,39,223,11,46,67,14,97,27,84,79,317,114,36,13,16,220,1,14,69,143,31,23
OTU_4356,19,1,6,1,49,11,103,17,60,58,8,150,305,256,259,2,21,20,55,25,59,28,312,25,11,2,61,6,3,11,7,5,1,22,59,46,52,2,73,255,1,13,1,40,9,83,1,2,67,57
OTU_4357,1,1,1,1,1,1,1,1,1,1,1,1,1,1,1,1,1,1,1,1,1,1,1,1,1,1,1,1,1,1,1,1,1,1,1,1,1,1,1,1,1,1,1,1,1,1,1,1,1,1
OTU_4358,1,1,1,1,1,1,1,1,1,1,1,1,1,1,1,1,1,1,1,1,1,1,1,1,1,1,1,1,1,1,1,1,1,1,1,1,1,1,1,1,1,1,1,1,1,1,1,1,1,1
OTU_4359,1,1,1,1,1,1,1,1,1,1,1,11,1,1,1,1,1,1,1,1,1,1,1,1,1,1,1,1,1,61,1,1,1,1,1,1,1,1,1,1,1,1,1,1,1,1,1,1,1,1
OTU_4360,3,143,2,1,30,1,213,1,2,43,168,1,1,2,1,9,1,14,2,29,1,1,2,1,21,1,18,12,1,83,1,61,20,2,1,4,1,1,1,2,54,1,2,1,1,31,2,1,18,1
OTU_4361,1,1,1,1,1,1,1,1,1,1,1,1,1,1,1,1,1,1,1,1,1,1,1,1,1,1,1,1,1,1,1,1,1,1,1,1,1,1,1,1,1,1,1,1,1,1,1,1,1,1
OTU_4362,1,1,1,1,1,1,1,1,1,1,1,1,1,1,1,1,1,1,1,2,1,1,1,1,1,1,1,1,1,1,1,1,1,1,1,1,1,1,1,1,1,1,1,1,1,1,1,1,1,1
OTU_4363,1,1,1,1,1,1,4,1,1,6,1,1,7,1,1,1,1,1,1,1,1,1,43,1,7,1,1,8,1,1,1,1,1,1,1,1,1,1,1,1,1,1,1,1,1,1,1,1,1,1
OTU_4364,1,1,1,1,1,1,1,1,202,1,1,1,1,1,1,1,13,1,1,1,1,1,1,1,1,1,1,1,1,1,1,1,1,1,1,1,1,1,1,1,1,1,1,1,1,1,2,1,1,1
OTU_4365,1,1,1,1,1,1,1,1,1,1,1,1,1,1,1,1,1,1,1,1,1,1,1,1,1,1,1,1,1,1,1,1,1,1,1,1,1,1,1,1,1,1,1,1,1,1,1,1,1,1
OTU_4366,1,1,1,1,1,1,1,1,1,1,1,1,1,1,1,1,1,1,1,1,1,1,1,1,1,1,1,1,1,1,1,1,1,1,1,1,1,1,1,1,1,1,1,1,1,1,1,1,1,1
OTU_4367,1,1,1,1,1,1,1,1,1,1,1,1,1,1,1,1,1,1,1,1,1,1,1,1,1,1,1,1,1,1,1,1,1,1,1,1,1,1,1,1,1,1,2,1,1,1,1,1,1,1
OTU_4368,1,1,1,1,1,1,1,28,1,3,1,1,1,1,1,1,2,1,10,1,1,1,1,1,1,1,1,1,1,1,1,1,2,1,1,1,1,1,1,1,1,1,1,1,1,1,3,1,1,1
OTU_4369,224,13,21,1,103,4,2,1,9,105,27,85,51,72,97,67,106,7,294,11,150,125,83,161,85,1022,185,15,50,80,135,3,243,27,8,2,250,21,4,55,261,140,1,15,42,21,5,57,4,70
OTU_4370,1,1,1,1,1,1,1,1,1,1,1,1,1,1,1,1,1,1,1,1,1,1,1,1,1,1,1,1,1,1,1,1,1,1,2,1,1,1,1,1,23,1,1,1,1,1,1,1,1,1
OTU_4371,1,1,1,1,1,1,1,1,1,1,1,1,1,1,1,1,1,1,1,1,1,1,1,1,1,1,1,1,1,1,1,1,1,1,1,1,1,1,1,1,1,1,1,1,1,1,1,1,1,1
OTU_4372,1,1,15,2,24,1,1,1,1,1,49,8,26,1,59,1,2,1,1,1,2,1,1,1,2,1,1,1,1,1,47,1,1,1,1,1,15,1,20,1,1,1,1,7,1,1,1,25,8,2
OTU_4373,1,1,1,1,1,1,1,1,1,1,1,1,1,1,1,1,1,1,1,1,1,1,1,1,1,1,1,1,1,1,1,1,1,1,1,1,1,1,1,1,1,1,1,1,1,1,1,1,1,1
OTU_4374,13,237,3,2,1,46,8,358,23,11,1,65,20,67,10,111,163,39,3,56,18,291,19,327,224,42,143,3,22,2,24,4,110,15,19,102,125,69,1,5,61,76,61,295,6,33,71,33,122,4
OTU_4375,1,2,1,1,1,3,16,1,1,1,41,6,1,23,1,1,1,1,4,8,11,1,1,1,2,3,9,1,1,1,65,1,1,1,40,2,19,1,1,41,1,1,1,23,1,1,4,5,6,1
OTU_4376,1,1,1,1,1,1,1,1,1,1,1,1,1,1,1,1,1,1,1,1,1,1,1,1,1,1,1,1,1,1,1,1,1,1,1,1,1,1,1,1,1,1,1,1,1,1,1,1,1,1
OTU_4377,1,1,1,1,1,1,1,1,1,1,1,1,1,1,1,1,1,1,1,1,1,1,1,1,1,1,1,1,1,1,1,1,1,1,1,1,1,1,1,1,1,1,1,1,1,1,1,1,1,1
OTU_4378,1,1,1,1,1,1,1,1,1,1,1,1,1,1,1,1,1,1,1,1,1,1,1,1,1,1,1,1,1,1,1,1,1,1,1,1,1,1,1,1,1,1,1,1,1,1,1,1,1,1
OTU_4379,1,1,1,1,1,1,1,1,1,1,1,1,1,1,1,1,1,6,1,1,1,1,1,1,1,1,1,1,1,1,1,1,1,1,1,1,1,1,1,1,1,1,1,1,1,1,1,1,1,1
OTU_4380,1,1,1,1,1,1,1,1,1,1,1,1,1,1,1,1,1,1,1,1,1,1,1,1,1,1,1,1,1,1,1,1,1,1,1,1,1,1,1,1,1,1,1,1,1,1,1,1,1,1
OTU_4381,1,1,1,1,1,1,1,1,1,1,1,1,1,1,1,1,1,1,1,1,1,1,1,1,1,1,1,1,1,1,1,1,1,1,1,1,1,1,1,1,1,1,1,1,1,1,1,1,1,1
OTU_4382,1,1,1,1,1,1,1,1,1,1,1,1,1,1,1,1,1,1,1,1,1,1,2,1,1,1,1,1,1,1,1,1,1,1,1,1,1,1,1,1,1,1,1,1,1,1,1,1,1,1
OTU_4383,1,1,1,1,1,1,1,1,1,1,1,1,1,1,1,1,1,1,1,1,1,1,1,1,1,1,1,1,1,1,1,1,1,1,1,1,1,1,1,1,1,1,1,1,1,1,1,1,1,1
OTU_4384,252,191,38,1,1,4,1,15,17,16,49,1,22,1,1,1,25,1,14,1,1,2,73,1,74,4,1,1,212,5,25,1,1,21,6,9,8,3,33,8,1,3,161,1,19,2,5,3,1,2
OTU_4385,1,1,1,1,1,1,1,1,1,1,1,1,1,1,1,1,1,1,1,1,1,1,1,1,1,1,1,1,1,1,1,1,1,1,1,1,1,1,1,1,1,1,1,1,1,1,1,1,1,1
OTU_4386,1,1,1,1,1,1,1,1,1,1,1,1,1,1,1,1,1,1,1,1,1,1,1,1,1,1,1,1,1,1,1,1,1,1,1,1,1,1,1,1,1,1,1,1,1,1,1,1,1,1
OTU_4387,1,1,1,1,1,1,1,1,1,1,1,1,2,1,1,1,1,1,1,1,1,1,1,1,1,1,1,1,1,1,1,1,1,1,1,1,1,1,1,1,1,1,1,1,1,1,1,1,1,1
OTU_4388,1,1,1,1,1,1,1,1,1,1,1,1,1,1,1,1,1,1,1,1,1,1,1,1,1,1,1,1,1,1,1,1,1,1,1,1,1,1,1,1,1,1,1,1,1,1,1,1,1,1
OTU_4389,1,1,1,1,1,1,1,1,1,1,1,1,1,1,1,1,1,1,1,1,1,1,1,1,1,1,1,1,1,1,1,1,1,1,1,1,1,1,1,1,1,1,1,1,1,1,1,1,1,1
OTU_4390,1,1,1,1,1,1,1,1,1,1,1,1,1,1,1,1,1,1,1,1,1,1,1,1,1,1,1,1,1,1,1,1,1,1,1,1,1,1,1,1,1,1,1,1,1,1,1,1,1,1
OTU_4391,15,1,1,2,1,1,1,19,182,1,1,1,1,1,4,4,1,1,1,2,1,1,3,1,1,1,43,1,7,1,1,1,1,1,1,1,1,1,55,1,6,35,1,1,1,5,1,1,133,13
OTU_4392,1,1,1,1,1,1,1,1,1,1,1,1,1,1,1,1,1,1,1,1,1,1,1,1,1,1,1,1,1,1,1,1,1,1,1,1,1,1,1,1,1,1,1,1,1,1,1,1,1,1
OTU_4393,1,1,1,1,1,1,1,1,1,1,1,1,1,1,1,1,1,1,1,1,1,1,1,1,1,1,1,1,1,1,1,1,1,1,1,1,1,1,1,1,1,1,1,1,2,1,1,1,1,1
OTU_4394,1,1,1,1,1,1,1,1,1,1,1,1,1,1,1,1,1,1,1,1,1,4,1,1,1,1,1,1,1,1,1,1,1,1,1,1,1,1,1,1,11,1,1,1,1,1,1,1,1,1
OTU_4395,1,1,1,1,1,1,1,1,1,1,1,1,1,1,1,1,1,1,1,1,1,1,1,1,1,1,1,1,1,1,1,1,1,1,1,1,1,1,1,1,1,1,1,1,1,1,1,1,1,1
OTU_4396,1,1,1,1,1,1,1,1,1,1,1,1,1,1,1,1,5,1,1,1,1,1,1,1,1,1,1,1,1,1,1,3,1,1,1,1,1,28,1,1,1,1,1,1,1,1,1,1,1,1
OTU_4397,1,1,1,1,1,1,1,1,1,1,1,1,1,1,1,1,1,1,1,1,1,1,1,1,1,1,1,1,1,1,1,1,1,1,1,1,1,1,1,1,1,1,1,1,1,1,1,1,1,1
OTU_4398,1,1,1,1,1,1,1,1,1,1,1,1,1,1,1,1,1,1,1,1,1,1,1,1,1,1,1,1,1,1,1,1,1,1,1,1,1,1,1,1,1,1,1,1,1,1,1,1,1,1
OTU_4399,1,1,1,1,1,1,1,1,1,1,1,1,1,1,1,1,1,1,1,1,1,1,1,1,1,1,1,1,1,1,1,1,1,1,1,1,1,1,1,1,1,1,1,1,1,1,1,1,1,1
OTU_4400,1,1,1,1,1,1,1,1,1,1,1,1,1,1,1,1,1,1,1,1,1,1,1,1,1,1,1,1,1,1,1,1,1,1,1,1,1,1,1,1,1,1,1,1,1,1,1,1,1,1
OTU_4401,1,1,1,1,1,1,1,1,1,1,1,1,1,1,1,1,1,1,1,1,1,1,1,1,1,1,1,1,1,1,1,1,1,1,1,1,1,1,1,1,1,1,1,1,1,1,1,1,1,1
OTU_4402,1,1,1,1,1,1,1,1,1,1,1,1,1,1,1,1,1,1,1,1,1,1,1,1,1,1,1,1,1,1,1,1,1,1,1,1,1,1,1,1,1,1,1,1,1,1,1,1,1,1
OTU_4403,1,1,1,1,1,1,1,1,1,1,1,1,1,1,1,1,1,1,1,1,1,1,1,1,1,1,1,1,1,1,1,1,1,1,1,1,1,1,1,1,1,1,1,1,1,1,1,1,1,1
OTU_4404,1,1,1,1,1,1,1,1,1,1,1,1,1,1,1,1,1,1,1,1,1,1,1,1,1,1,1,1,1,1,1,1,1,1,1,1,1,1,1,1,1,1,1,1,1,1,1,1,1,1
OTU_4405,85,1,64,82,183,2,7,6,40,183,86,15,96,11,1,85,2,188,15,12,42,174,81,13,56,43,13,17,301,338,4,113,64,25,177,16,3,26,605,256,1,27,210,9,19,1,10,634,175,10
OTU_4406,1,1,12,1,1,1,1,1,1,1,372,1,1,1,22,1,1,1,7,17,1,1,1,1,1,20,1,29,9,28,1,1,1,2,1,1,1,3,1,13,1,1,35,1,2,116,1,318,1,1
OTU_4407,1,1,1,1,1,1,1,1,1,1,1,1,1,1,1,1,1,1,1,1,1,1,1,1,1,1,1,1,1,1,1,1,1,1,1,1,1,1,1,1,1,1,1,1,1,1,1,1,1,1
OTU_4408,44,117,12,160,111,232,132,81,338,662,13,104,187,429,549,680,176,5,34,361,146,592,150,306,75,3,295,449,206,62,164,194,99,2,386,48,34,168,139,643,179,113,724,192,35,370,65,183,165,204
OTU_4409,1,2,197,13,3,180,1,18,119,6,29,154,32,367,1,55,12,36,30,12,110,66,21,6,18,3,84,13,9,111,30,30,1,2,22,25,2,24,2,1,8,1,1,112,263,18,233,1,1,1
OTU_4410,1,23,1,1,1,1,1,1,1,1,1,1,1,7,1,1,1,1,1,1,1,1,1,1,2,1,1,1,1,1,1,1,1,1,1,3,1,1,1,1,1,1,4,1,1,1,1,2,45,1
OTU_4411,1,1,1,1,1,1,1,1,1,1,1,1,1,1,1,1,1,1,1,1,1,1,1,1,1,1,1,1,1,1,1,1,1,1,1,1,1,1,1,1,1,1,1,1,1,1,1,1,1,1
OTU_4412,1,1,1,1,1,93,1,1,29,1,1,1,1,2,1,1,61,1,1,1,26,14,1,1,4,1,2,131,1,1,1,64,1,1,1,1,93,2,1,1,5,1,1,2,1,1,1,100,1,1
OTU_4413,1,1,1,1,1,1,1,1,1,1,1,1,1,1,1,1,1,1,1,1,1,1,1,1,1,1,1,1,1,1,1,1,1,1,1,1,1,1,1,1,1,1,1,1,1,1,1,1,1,1
OTU_4414,1,1,1,3,1,4,2,1,1,1,3,1,1,1,1,1,1,1,1,1,25,1,2,1,1,1,1,1,1,4,1,3,7,1,2,12,1,1,1,1,1,1,1,11,1,1,2,1,1,12
OTU_4415,1,1,1,1,1,1,1,1,1,1,1,1,1,1,1,1,1,1,1,1,1,1,1,41,1,1,1,1,1,1,1,48,1,2,1,1,1,1,1,1,3,1,1,1,2,1,1,1,1,1
OTU_4416,1,1,1,1,1,1,1,1,1,1,1,1,1,1,1,1,1,1,1,1,1,1,1,1,1,1,1,1,1,1,1,1,1,1,1,1,1,1,1,1,1,1,1,1,1,1,1,1,1,1
OTU_4417,1,1,1,1,1,1,1,14,1,1,1,1,1,1,2,1,1,1,1,2,17,3,1,1,1,68,2,4,1,1,1,1,1,1,1,1,1,1,1,1,1,1,1,1,1,1,1,1,1,1
OTU_4418,1,1,1,1,1,1,1,1,1,1,1,1,1,1,1,1,1,1,1,1,1,1,1,1,1,1,1,1,1,1,1,1,1,1,1,1,1,1,1,1,1,1,1,1,1,1,1,1,1,1
OTU_4419,14,24,5,69,2,10,9,2,2,59,34,8,1,1,53,22,163,1,1,15,15,29,23,8,1,131,1,113,1,53,31,5,39,9,3,1,8,2,253,123,3,1,1,69,255,8,1,7,16,1
OTU_4420,117,75,445,68,121,102,171,127,174,6,217,175,148,96,55,273,228,26,331,10,61,7,78,31,83,135,427,207,58,359,106,57,190,31,72,475,51,94,143,200,51,569,153,124,162,54,14,99,38,8
OTU_4421,1,1,1,1,1,1,1,1,1,1,1,1,1,1,1,1,1,1,1,1,1,1,1,1,1,1,1,1,1,1,1,1,1,1,1,1,1,1,1,1,1,1,1,1,1,1,1,1,1,1
OTU_4422,37,5,46,8,36,20,9,5,74,66,74,217,1,47,35,40,18,6,1,14,2,59,36,19,1,366,26,269,90,1,2,41,7,1,10,37,3,132,236,40,1,3,27,1,151,2,2,1,49,15
OTU_4423,1,1,1,1,1,1,1,1,1,1,1,1,1,1,1,1,1,1,1,1,1,1,1,1,1,1,1,1,1,1,1,1,1,1,1,1,1,1,1,1,1,1,1,1,1,1,1,1,1,1
OTU_4424,1,1,1,1,1,1,1,1,1,1,1,1,1,1,1,1,1,1,1,1,1,1,1,1,1,1,1,1,1,1,1,1,1,1,1,1,1,1,1,1,1,1,1,1,1,1,1,1,1,1
OTU_4425,1,1,1,1,1,1,1,1,1,1,1,1,1,1,1,1,1,1,1,1,1,1,1,1,1,1,1,1,1,1,1,1,1,1,1,1,1,1,1,1,1,1,1,1,1,1,1,1,1,1
OTU_4426,1,1,1,1,1,1,1,1,1,1,1,1,1,1,1,1,1,1,1,1,1,1,1,1,1,1,1,1,1,1,1,1,1,1,1,1,1,1,1,1,1,1,1,1,1,1,1,1,1,1
OTU_4427,1,1,1,1,1,52,1,1,1,1,290,1,1,1,1,1,1,1,1,1,1,1,1,1,1,1,1,1,1,1,1,1,1,1,1,1,1,1,1,1,52,1,1,1,1,1,1,1,1,1
OTU_4428,30,1,1,4,21,3,14,9,2,18,66,210,1,96,1,23,7,1,12,50,22,2,1,92,22,33,4,1,1,123,51,1,7,20,15,18,25,18,56,6,36,100,172,141,5,35,117,44,27,6
OTU_4429,1,1,1,1,3,142,3,1,1,5,1,3,1,3,1,3,1,1,1,1,1,1,1,3,1,1,2,1,1,1,3,1,1,1,7,1,1,124,1,14,3,1,1,20,5,1,1,6,1,1
OTU_4430,1,1,1,1,1,1,1,1,1,1,1,1,1,1,1,1,1,1,1,1,1,1,1,1,1,1,1,1,1,1,1,1,1,1,1,1,1,1,1,1,1,1,1,1,1,1,1,1,1,1
OTU_4431,1,1,1,1,1,1,1,76,1,2,1,1,1,2,1,1,604,1,1,1,111,1,12,6,34,1,1,5,1,1,4,2,1,152,2,60,1,1,1,1,1,2,185,2,2,8,153,1,1,1
OTU_4432,1,261,15,1,10,1,1,1,5,1,1,1,253,2,1,1,209,1,7,6,1,1,18,1,1,1,1,1,2,4,17,24,1,1,1,1,1,1,8,1,5,1,15,2,1,3,1,1,1,1
OTU_4433,109,12,28,247,96,24,301,8,46,33,78,127,24,3,18,267,32,7,595,1,16,4,26,206,1,23,5,16,3,74,158,29,14,71,30,20,2,33,53,23,71,58,306,13,480,1,1,6,6,5
OTU_4434,1,1,1,1,1,1,1,1,1,1,1,1,1,1,1,1,1,1,1,1,1,1,1,1,1,1,1,1,1,1,1,1,1,1,1,1,1,1,1,1,1,1,1,1,1,1,1,1,1,1
OTU_4435,188,268,163,177,145,171,56,72,94,372,625,111,527,28,11,262,173,761,147,434,25,110,83,381,219,224,3,243,90,225,110,42,227,180,235,321,24,91,285,67,152,859,88,209,452,163,165,17,183,160
OTU_4436,4,4,1,57,1,1,20,1,1,1,1,1,1,66,8,1,1,3,103,5,1,15,49,1,1,3,1,1,40,29,1,1,1,1,1,1,23,1,82,4,1,1,1,48,65,1,1,1,3,1
OTU_4437,1,1,1,1,1,1,1,1,1,1,1,1,1,1,1,1,1,1,1,1,1,1,1,1,1,1,1,1,1,1,1,1,1,1,1,1,1,1,1,1,1,1,1,1,1,1,1,1,1,1
OTU_4438,1,1,1,1,1,1,1,1,1,1,1,1,1,1,1,1,1,1,1,1,1,1,1,1,1,1,1,1,1,1,1,1,1,1,1,1,1,1,1,1,1,1,1,1,1,1,1,1,1,1
OTU_4439,1,1,1,1,1,1,1,1,1,1,1,1,1,1,1,1,1,1,1,1,1,1,1,1,1,1,1,1,1,1,1,1,1,1,1,1,1,1,1,1,1,1,1,1,1,1,1,1,1,1
OTU_4440,1,1,1,1,1,1,1,1,1,1,1,1,1,1,1,1,1,1,1,1,1,1,1,1,1,1,1,1,1,1,1,1,1,1,1,1,1,1,1,1,1,1,1,1,1,1,1,1,1,1
OTU_4441,1,1,1,1,1,1,1,1,1,1,1,1,1,1,1,1,1,1,1,1,1,1,1,1,1,1,1,1,1,1,1,1,1,1,1,1,1,1,1,1,1,1,1,1,1,1,1,1,90,1
OTU_4442,1,1,1,1,1,1,1,1,1,1,1,1,1,1,1,1,1,1,1,1,1,1,1,1,1,1,1,1,1,1,1,1,1,1,1,1,1,1,1,1,6,1,1,1,1,1,1,1,1,1
OTU_4443,1,5,1,1,1,1,1,1,1,1,1,1,37,1,1,1,1,1,1,1,1,45,1,1,1,3,1,1,4,1,23,12,7,1,1,1,1,1,1,1,1,1,1,42,1,1,1,1,1,1
OTU_4444,1,1,1,1,1,1,1,1,1,1,1,1,1,1,1,1,1,1,1,1,1,1,1,1,1,1,1,1,1,1,1,1,1,1,1,1,1,1,1,1,1,1,1,1,1,1,1,1,1,1
OTU_4445,1,1,1,1,1,1,1,1,1,1,1,1,1,1,1,1,1,1,1,1,1,1,1,1,1,1,1,1,1,1,1,1,1,1,1,1,1,1,1,1,1,1,1,1,1,1,1,1,1,1
OTU_4446,1,1,1,1,1,1,1,1,1,1,1,1,1,1,1,1,1,1,1,1,1,1,1,1,1,1,1,1,1,1,1,1,1,1,1,1,1,1,1,1,1,1,1,1,1,1,1,1,1,1
OTU_4447,2,1,1,1,1,1,1,1,1,1,12,1,2,1,1,1,1,1,1,1,1,1,1,1,1,1,1,1,1,1,1,62,1,1,1,1,1,1,1,1,1,1,1,1,1,1,1,1,1,1
OTU_4448,1,1,1,10,1,1,1,1,6,81,1,1,14,6,1,1,1,1,1,1,1,2,1,1,1,6,204,2,46,9,1,4,1,1,2,1,1,2,1,1,1,1,2,1,26,2,11,1,1,1
OTU_4449,1,1,1,1,1,1,1,1,1,1,1,1,1,1,1,1,1,1,1,1,1,1,1,1,1,1,1,1,1,1,1,1,1,1,1,1,1,1,1,1,1,1,1,1,1,1,1,1,1,1
OTU_4450,1,1,1,1,1,1,1,1,1,1,1,1,1,1,1,1,1,1,1,1,1,1,1,1,1,1,1,1,1,1,1,1,1,1,1,1,1,1,1,1,1,1,1,1,1,1,1,1,1,1
OTU_4451,1,1,1,1,1,1,1,1,1,1,1,1,1,1,1,1,1,1,1,1,1,1,1,1,1,1,1,1,1,1,1,1,1,1,1,1,1,1,1,1,1,1,1,1,1,1,1,1,1,1
OTU_4452,19,50,281,29,29,257,187,138,43,98,60,31,3,147,19,430,76,150,14,143,14,239,75,72,43,390,173,48,329,42,8,130,36,146,192,32,532,496,8,20,19,191,104,91,37,64,119,111,25,76
OTU_4453,332,8,23,1,101,23,130,7,14,559,11,15,203,15,18,1,1,4,1,226,34,202,23,1,4,49,85,1,18,1,47,8,72,1,4,1,55,9,1,1,2,19,69,269,20,152,35,37,1,5
OTU_4454,1,1,1,1,1,1,1,1,1,1,1,1,1,1,1,1,1,1,1,1,1,1,1,1,1,1,1,1,1,1,1,1,1,1,1,1,1,1,1,1,1,1,1,1,1,1,1,1,1,1
OTU_4455,1,1,1,1,1,1,1,1,1,1,1,1,1,1,1,1,1,1,1,1,1,1,1,1,1,1,1,1,1,1,1,1,1,1,1,1,1,1,1,1,1,1,1,1,1,1,1,1,1,1
OTU_4456,10,19,53,1,5,1,1,1,1,6,1,1,1,51,1,5,1,1,52,2,1,12,1,1,140,1,78,1,1,1,1,32,11,119,1,13,1,1,1,1,9,1,27,1,595,28,1,4,62,1
OTU_4457,1,1,1,1,1,1,1,1,1,1,1,1,1,1,1,1,1,1,1,1,1,1,1,1,1,1,1,1,1,1,1,1,1,1,1,1,1,1,1,1,1,1,1,1,1,1,1,1,1,1
OTU_4458,1,1,31,1,1,1,1,1,1,1,1,1,1,1,1,1,3,1,1,1,122,1,1,1,1,1,1,1,1,1,1,1,1,1,1,1,1,1,1,1,1,1,1,1,1,1,8,1,1,1
OTU_4459,55,18,77,96,1,52,18,29,77,8,5,61,187,22,2,26,50,19,96,532,383,22,23,1,2,110,7,125,50,180,536,1,35,54,66,22,22,1,3,557,191,12,66,9,273,55,4,3,38,26
OTU_4460,1,1,1,1,1,1,1,1,1,1,1,1,1,1,1,1,1,1,1,1,1,1,1,1,1,1,1,1,1,1,1,1,1,1,1,1,1,1,1,1,1,1,1,1,1,1,1,1,1,1
OTU_4461,1,1,1,1,1,1,1,1,1,1,1,1,1,1,1,1,1,1,1,1,11,7,1,1,1,1,1,1,1,1,1,1,1,1,1,21,1,1,1,1,1,1,1,1,1,1,1,1,1,1
OTU_4462,1,1,1,1,1,1,1,1,1,1,1,1,1,1,1,1,1,1,1,1,1,1,1,1,1,1,1,1,1,1,1,1,1,1,1,1,1,1,1,1,1,1,1,1,1,1,1,1,1,1
OTU_4463,1,1,1,1,1,1,1,1,1,1,1,1,1,1,1,1,1,1,1,1,1,1,1,1,1,1,1,1,1,1,1,1,1,1,1,1,1,1,1,1,1,1,1,1,1,1,1,1,1,1
OTU_4464,1,1,1,1,1,1,1,1,1,1,1,1,1,1,1,1,1,1,1,1,1,1,1,1,1,1,1,1,1,1,1,1,1,1,1,1,1,1,1,1,1,1,1,1,1,1,1,1,1,1
OTU_4465,1,1,1,1,1,1,1,1,1,1,1,1,1,1,1,1,1,1,1,1,1,1,1,21,1,1,1,1,1,1,1,1,1,1,1,1,1,1,1,1,1,1,1,1,1,1,1,1,1,1
OTU_4466,1,1,1,1,5,1,1,78,1,1,1,1,1,1,2,1,1,1,1,1,1,15,1,4,1,1,1,33,5,1,1,1,1,1,1,1,3,1,206,1,1,1,4,9,230,1,1,3,1,1
OTU_4467,1,19,1,9,1,1,1,341,304,259,1,39,24,94,1,38,17,20,25,1,153,1,2,1,20,1,4,1,13,230,1,1,99,16,340,221,203,1,1,79,75,2,1,24,26,374,5,2,17,58
OTU_4468,1,1,1,1,1,1,1,1,1,1,1,1,1,1,1,1,1,1,1,1,1,1,1,1,1,1,1,1,1,1,1,1,1,1,1,1,1,1,1,1,1,1,1,1,1,1,1,1,1,1
OTU_4469,70,34,35,3,22,20,9,33,1,2,421,217,1,4,32,1,16,1,5,6,1,1,1,23,1,52,1,2,155,2,222,34,56,1,1,15,2,15,1,45,1,11,1,1,15,1,1,2,77,1
OTU_4470,1,1,1,1,1,1,1,1,1,1,1,1,1,1,1,1,1,1,1,1,1,1,1,1,1,1,1,1,1,1,1,1,1,1,1,1,1,1,1,1,1,1,1,1,1,1,1,1,1,1
OTU_4471,1,1,1,1,1,1,1,1,1,1,1,1,1,1,1,1,1,1,1,1,1,1,1,1,1,1,1,1,1,1,1,1,1,1,1,1,1,1,1,1,1,1,1,1,1,1,1,1,1,1
OTU_4472,1,1,1,1,1,1,1,1,1,1,1,1,1,1,1,1,1,1,1,1,1,1,1,1,1,1,1,1,1,1,1,1,1,1,1,1,1,1,1,1,1,1,1,1,1,1,1,1,1,1
OTU_4473,1,1,1,1,1,1,1,1,1,1,1,1,1,1,1,1,1,1,1,1,1,1,1,1,1,1,1,1,1,1,1,1,1,1,1,1,1,1,1,1,1,1,1,1,1,1,1,1,1,1
OTU_4474,1,1,1,1,1,1,1,1,1,1,1,1,1,1,1,1,1,1,1,1,1,1,1,1,1,1,1,1,1,1,1,1,1,1,1,1,1,1,1,1,1,1,1,1,1,1,1,1,1,1
OTU_4475,1,1,1,1,1,1,1,1,1,1,1,1,1,1,1,1,1,1,1,1,1,1,1,1,1,1,1,1,1,1,1,1,1,1,1,1,1,1,1,1,1,1,1,1,1,1,1,1,1,1
OTU_4476,119,82,13,60,20,13,223,106,1,2,1,4,3,8,74,2,8,9,3,3,480,33,72,1,26,1,3,82,423,14,6,152,200,103,136,167,19,1,19,1,6,149,8,49,251,129,4,18,7,1
OTU_4477,1,1,1,1,1,1,1,1,1,1,1,1,1,1,1,1,1,1,1,1,1,1,1,1,1,3,1,1,1,1,1,1,1,1,1,1,1,1,1,1,1,1,1,1,1,1,1,1,1,1
OTU_4478,1,2,13,4,36,342,48,1,1,6,2,11,8,383,1,9,1,9,279,22,62,54,302,4,4,16,37,7,1,1,1,72,2,93,19,1,1,2,1,5,1,6,2,98,1,1,9,20,49,34
OTU_4479,1,1,1,1,1,1,1,1,1,1,1,1,1,1,1,1,1,1,1,1,1,1,1,1,1,1,1,1,1,1,1,1,1,1,1,1,1,1,1,1,1,1,1,1,1,1,1,1,1,1
OTU_4480,1,1,1,1,1,1,1,1,1,1,1,1,1,1,1,1,1,1,1,1,1,1,1,1,1,1,1,1,1,1,1,1,1,1,1,1,1,1,1,1,1,1,1,1,1,1,1,1,1,1
OTU_4481,1,1,1,1,1,1,1,1,1,1,1,1,1,1,1,1,1,1,1,1,1,1,1,1,1,1,1,1,1,1,1,1,1,1,1,1,1,1,1,181,1,1,1,1,1,1,1,1,1,1
OTU_4482,1,1,1,1,1,1,1,1,1,1,1,1,1,1,1,1,1,1,1,1,1,1,1,1,2,1,1,1,1,1,1,1,1,1,1,1,1,1,1,1,1,1,1,1,1,1,1,1,1,1
OTU_4483,1,1,1,1,1,1,1,1,1,1,1,1,1,1,1,1,1,1,1,1,1,1,1,1,1,1,1,1,1,1,1,1,1,1,1,1,1,1,1,1,1,2,1,1,1,1,1,1,1,1
OTU_4484,1,1,1,1,1,1,1,1,1,1,1,1,1,1,1,1,1,1,1,1,1,1,1,1,1,1,1,1,1,1,1,1,1,1,1,1,1,1,1,1,1,1,1,1,1,1,1,1,1,1
OTU_4485,1,1,1,1,1,1,1,1,1,1,1,1,1,1,1,1,1,1,1,1,1,1,1,1,1,403,1,1,1,1,1,1,1,1,1,1,1,1,1,1,1,1,1,1,1,1,1,1,1,1
OTU_4486,1,1,1,1,1,1,1,1,1,1,1,1,1,1,1,1,1,1,1,1,1,1,1,1,1,1,1,1,1,1,1,1,1,1,1,1,1,1,1,1,1,1,1,1,1,1,1,1,1,1
OTU_4487,41,15,6,1,20,1,6,53,47,1,19,230,1,1,15,140,1,8,36,204,26,75,34,73,122,138,1,10,2,1,66,115,150,30,38,49,2,473,2,110,1,131,4,40,53,24,10,55,223,1
OTU_4488,1,1,1,1,1,1,1,1,1,1,1,1,1,1,1,1,1,1,1,1,1,1,1,1,1,1,2,1,1,1,1,1,1,1,1,1,1,1,1,1,1,1,1,1,1,1,1,1,16,1
OTU_4489,342,87,12,33,307,475,152,121,79,384,55,412,33,348,80,26,282,88,472,337,53,79,237,109,21,13,117,207,190,20,142,219,117,149,174,104,725,115,415,92,65,175,9,526,115,294,99,52,55,25
OTU_4490,1,1,1,1,1,1,1,1,1,1,1,1,1,1,1,1,1,1,1,1,1,1,1,1,1,1,1,1,1,1,1,1,1,1,1,1,1,1,1,1,1,1,1,1,1,1,1,1,1,1
OTU_4491,1,1,1,1,1,1,1,1,1,1,1,1,1,1,1,1,1,1,1,1,1,1,1,1,1,1,1,1,1,1,1,1,1,1,1,1,1,1,1,1,1,1,1,1,1,1,1,1,1,1
OTU_4492,1,1,2,1,1,1,1,1,1,1,1,127,1,1,1,1,1,1,1,1,1,1,1,1,1,1,1,1,1,1,1,1,1,1,1,1,1,1,1,1,1,1,1,1,1,1,1,1,1,1
OTU_4493,1,1,1,1,1,1,1,1,1,1,1,1,1,1,1,1,1,1,1,1,1,1,1,1,1,1,1,1,1,1,1,1,1,1,1,1,1,1,1,1,1,1,1,1,1,1,1,1,1,1
OTU_4494,24,46,3,2,21,1,4,1,1,1,20,1,1,1,1,1,106,1,1,113,19,8,18,1,1,8,8,1,4,6,1,1,1,1,2,1,6,1,68,1,27,192,1,20,165,25,1,1,59,5
OTU_4495,1,1,1,1,1,1,1,1,1,1,1,1,1,1,1,1,1,1,1,1,1,1,1,1,1,1,1,1,1,1,1,1,1,1,1,1,1,1,1,1,1,1,1,1,1,1,1,1,1,1
OTU_4496,1,1,1,1,1,1,1,1,1,1,1,1,1,1,1,1,1,1,1,1,1,1,1,1,1,1,1,1,1,1,1,1,1,1,1,1,1,1,1,1,1,1,1,1,1,1,1,1,1,1
OTU_4497,50,1,2,1,1,1,1,1,1,1,1,1,1,1,1,1,1,1,1,1,1,1,1,58,1,1,15,1,1,1,1,1,1,1,1,1,1,1,1,1,1,1,1,1,1,1,1,1,1,1
OTU_4498,1,1,1,1,1,1,1,1,1,1,1,1,1,1,1,1,1,1,1,1,1,1,1,1,1,1,1,1,1,1,1,1,1,1,1,1,1,1,1,1,1,1,1,1,1,1,1,1,1,1
OTU_4499,1,1,1,1,1,1,1,1,1,1,1,1,1,1,1,1,1,1,1,1,1,1,1,1,1,1,1,1,1,1,1,1,1,1,1,1,1,1,1,1,1,1,1,1,1,1,1,1,1,1
OTU_4500,1,1,1,1,1,1,1,1,1,1,1,1,1,1,1,1,1,1,1,1,1,1,1,1,1,1,1,1,1,1,1,1,1,1,1,1,1,1,1,1,1,1,1,1,1,1,1,1,1,1
OTU_4501,1,1,1,1,1,1,1,1,1,1,1,1,1,1,1,1,1,1,1,1,1,1,1,1,1,1,1,1,1,1,1,1,1,1,1,1,1,1,1,1,1,1,1,1,1,1,1,1,1,1
OTU_4502,1,1,1,1,1,1,1,1,1,1,1,1,1,1,1,1,1,1,1,1,1,3,1,1,1,1,1,1,1,1,1,1,1,1,1,1,1,1,1,1,1,1,1,1,1,1,1,1,1,1
OTU_4503,1,1,1,1,1,1,1,1,1,1,1,1,1,1,1,1,1,1,1,1,1,1,1,1,1,1,1,1,1,1,1,1,1,1,1,1,1,1,1,1,1,1,1,1,1,1,1,1,1,1
OTU_4504,1,1,1,1,13,1,1,1,1,1,3,1,1,1,1,1,1,1,1,1,1,1,1,1,1,1,1,1,1,1,27,1,1,41,1,9,93,1,1,1,1,1,1,1,1,1,1,1,1,16
OTU_4505,1,1,1,1,1,1,1,1,1,1,1,1,1,1,1,1,1,1,1,1,1,1,1,1,1,1,1,1,1,1,1,1,3,1,1,1,1,1,1,1,1,1,1,1,1,1,1,1,1,1
OTU_4506,2,65,5,3,7,1,1,1,14,2,6,15,102,4,64,31,17,1,1,16,1,1,8,1,5,1,6,1,1,45,2,10,104,1,2,28,43,1,1,2,1,1,188,1,1,92,5,5,3,98
OTU_4507,1,1,1,1,1,1,1,1,1,1,1,1,1,1,1,1,1,1,1,1,1,1,1,1,1,1,1,1,1,1,1,1,1,1,1,1,1,1,1,1,1,1,1,1,1,1,1,1,1,1
OTU_4508,1,1,1,1,1,1,1,1,1,1,1,1,1,1,1,1,1,1,1,1,1,1,1,1,1,1,1,1,1,1,1,1,1,1,1,1,1,1,1,1,1,1,1,1,1,1,1,1,1,1
OTU_4509,55,4,1,1,1,25,1,65,1,1,1,3,1,1,1,5,1,1,1,1,1,1,1,1,1,2,242,1,1,129,2,1,2,1,28,1,1,1,1,7,91,1,1,1,1,1,1,1,1,1
OTU_4510,1,1,1,1,1,1,1,1,1,1,1,1,1,1,1,1,1,1,1,1,1,1,1,1,1,1,1,1,1,1,1,1,1,1,1,1,1,1,1,1,1,1,1,1,1,1,1,1,1,1
OTU_4511,1,1,1,1,1,1,1,2,1,1,1,1,1,1,1,1,1,1,1,1,1,1,1,1,1,1,1,1,1,1,1,1,1,1,1,1,1,1,1,1,1,1,1,1,1,1,1,1,1,1
OTU_4512,1,1,1,1,1,1,1,1,1,1,1,1,1,1,1,1,1,1,1,1,1,1,1,1,1,1,1,1,1,1,1,1,1,1,1,1,1,1,1,1,1,1,1,1,1,1,1,1,1,1
OTU_4513,1,1,1,1,1,1,81,1,1,1,1,1,1,14,1,1,1,91,7,1,1,1,1,1,3,1,1,1,1,1,1,1,1,1,1,1,9,1,182,1,1,1,1,1,1,1,1,2,1,1
OTU_4514,12,132,48,19,238,17,444,49,39,135,237,28,12,3,131,176,4,43,91,48,153,35,176,352,547,2,14,483,274,18,99,9,18,35,45,27,4,78,1,12,27,4,25,71,98,25,30,110,6,77
OTU_4515,1,1,1,1,1,1,1,1,1,1,1,1,1,1,1,1,1,1,1,1,1,1,1,1,1,1,1,1,1,1,1,1,1,1,1,1,1,1,1,1,1,1,1,1,1,1,1,1,1,1
OTU_4516,193,1,1,1,1,1,1,1,1,1,1,1,12,1,1,1,1,1,1,1,232,11,1,1,1,1,1,1,1,1,1,1,1,1,1,1,1,1,1,1,1,1,1,1,1,1,1,1,1,1
OTU_4517,1,1,1,1,1,1,1,1,1,1,1,1,1,1,1,1,1,1,1,1,1,1,1,1,1,1,1,1,1,1,1,1,1,1,1,1,1,1,1,1,1,1,1,1,1,1,1,1,1,1
OTU_4518,1,1,1,1,1,1,1,1,2,1,1,1,1,1,11,1,1,1,1,1,53,1,1,1,1,1,1,1,1,85,1,1,34,1,9,1,2,1,1,1,1,1,1,1,1,1,1,1,1,1
OTU_4519,1,1,1,1,1,1,1,1,1,1,1,1,1,1,1,1,1,1,1,1,1,1,1,1,1,1,1,1,1,1,1,1,1,1,1,1,1,1,1,1,1,1,1,1,1,1,1,1,1,1
OTU_4520,1,1,1,1,1,1,1,1,1,1,1,1,1,1,1,1,1,1,1,1,1,1,1,1,1,1,1,1,1,1,1,1,1,1,1,1,1,1,1,1,1,1,1,1,1,1,1,1,1,1
OTU_4521,1,1,1,1,1,1,1,1,1,1,1,1,1,1,1,1,1,1,1,1,1,1,1,1,1,1,1,1,1,1,1,1,1,1,1,1,1,1,1,1,1,1,1,1,1,1,1,1,1,1
OTU_4522,1,1,1,1,8,1,1,1,1,1,1,1,1,1,1,1,1,1,1,1,1,1,1,1,1,1,1,1,7,1,1,1,1,1,1,1,1,1,1,1,1,1,1,1,1,1,1,1,1,1
OTU_4523,1,1,1,1,1,1,1,1,1,1,1,1,1,1,1,1,1,1,1,1,1,1,1,1,1,1,1,1,1,1,1,1,1,1,1,1,1,1,1,1,1,1,1,1,1,1,1,1,1,1
OTU_4524,1,1,1,1,1,1,1,1,1,1,1,1,1,1,1,1,1,1,1,1,1,1,1,1,1,1,1,1,1,1,1,1,1,1,1,1,1,1,1,1,1,1,1,1,1,1,1,1,1,1
OTU_4525,1,1,1,1,1,1,1,1,1,1,1,1,1,1,1,1,1,1,1,1,1,1,1,1,1,1,1,1,1,1,1,1,1,1,1,1,1,1,1,1,1,1,1,1,1,1,1,1,1,1
OTU_4526,1,1,1,1,1,1,1,1,1,1,1,1,1,1,1,2,1,1,1,1,1,1,1,1,1,1,1,1,1,1,1,1,1,1,1,1,1,1,1,1,1,1,1,1,1,1,1,1,1,1
OTU_4527,13,4,17,1,20,115,3,1,1,161,478,1,44,1,1,102,1,179,1,10,1,74,1,1,21,3,5,52,1,1,1,1,4,7,62,1,224,115,2,13,2,14,7,4,1,5,9,10,2,10
OTU_4528,1,1,1,1,1,1,1,1,1,1,1,1,1,1,1,1,1,1,1,1,1,1,1,1,1,1,1,1,1,1,1,1,1,1,1,1,1,1,1,1,1,1,1,1,1,1,1,1,1,1
OTU_4529,1,1,1,1,1,1,1,1,1,1,1,1,1,1,1,1,1,1,1,1,1,1,1,1,1,1,1,1,1,1,1,1,1,1,19,1,1,1,1,1,1,1,1,1,1,1,1,1,1,1
OTU_4530,1,1,1,1,1,1,1,1,1,1,1,1,1,1,1,1,1,1,1,1,1,1,1,1,1,1,1,1,1,1,1,1,1,1,1,1,1,1,1,1,1,1,1,1,1,1,1,1,1,1
OTU_4531,1,1,1,1,1,1,1,1,1,1,1,1,1,1,1,1,1,1,1,1,1,1,1,1,1,1,1,1,1,1,1,1,1,1,1,1,1,1,1,1,1,1,1,1,1,1,1,1,1,1
OTU_4532,1,1,1,1,1,1,1,1,1,1,1,1,1,1,1,1,1,1,1,1,1,1,1,1,1,1,1,1,1,1,1,1,1,1,1,1,1,1,1,1,1,1,1,1,1,1,1,1,1,1
OTU_4533,199,59,3,3,229,1,29,10,174,3,1,31,131,174,350,4,48,7,94,60,14,28,47,1,261,32,2,95,5,10,542,4,5,6,1,4,112,29,18,2,1,56,1,37,164,5,34,151,9,22
OTU_4534,1,1,1,1,1,1,1,1,1,1,1,1,1,1,1,1,1,1,1,1,1,1,1,1,1,1,1,1,1,1,1,1,1,1,1,1,1,1,1,1,1,1,1,1,1,1,1,1,1,1
OTU_4535,1,1,1,1,1,1,1,1,1,1,1,1,1,1,1,1,1,1,1,1,1,1,1,1,1,5,1,1,1,177,1,1,1,1,1,1,1,1,1,1,1,2,1,1,1,1,37,1,1,1
OTU_4536,1,1,1,1,1,1,1,1,1,1,1,1,1,1,1,1,1,1,1,1,1,1,1,1,1,1,1,1,1,1,1,1,1,1,1,1,1,1,1,1,1,1,1,1,1,1,1,1,1,1
OTU_4537,1,1,1,1,1,1,1,1,1,1,1,1,1,1,1,1,1,1,1,1,1,1,1,1,1,1,1,1,1,1,1,1,1,1,1,1,1,1,1,1,1,1,1,1,1,1,1,1,1,1
OTU_4538,2,1,1,217,1,1,11,1,2,1,8,1,29,3,2,1,1,1,1,22,2,289,1,1,1,10,1,1,1,1,1,1,2,2,1,1,1,49,47,1,1,1,1,2,159,8,681,1,1,1
OTU_4539,1,1,1,1,1,1,1,1,1,1,1,1,1,1,1,1,1,1,1,1,1,1,1,1,1,1,1,1,1,1,1,1,1,1,1,1,1,1,1,1,1,1,1,1,1,1,1,1,1,1
OTU_4540,1,1,1,1,1,3,1,1,1,1,1,1,1,1,1,1,1,1,1,1,1,1,1,1,1,1,1,1,1,1,1,1,1,1,1,1,1,1,1,1,1,1,1,1,1,1,1,1,1,1
OTU_4541,1,1,1,1,1,1,1,1,1,1,1,1,1,1,1,1,1,1,1,1,1,1,1,1,1,1,1,1,1,1,1,1,1,1,1,1,1,1,1,1,1,1,1,1,1,1,1,1,1,1
OTU_4542,1,1,1,1,1,1,1,1,1,1,1,1,1,1,1,1,1,1,1,1,13,1,1,1,1,1,1,1,1,1,1,1,1,1,1,1,1,1,1,1,1,1,1,1,1,1,1,1,1,1
OTU_4543,9,1,16,15,61,40,124,36,73,7,1,43,72,15,41,81,35,31,1,1,2,78,1,3,61,27,5,90,2,24,14,21,55,1,172,21,148,20,38,37,1,90,263,6,1,4,6,230,15,126
OTU_4544,1,1,1,1,1,1,1,1,1,1,1,1,1,1,1,1,1,1,1,1,1,1,1,1,1,1,1,1,1,1,1,1,1,1,1,1,1,1,1,1,1,1,1,1,1,1,1,1,1,1
OTU_4545,1,1,1,1,1,1,1,1,1,1,1,1,1,1,1,1,1,1,1,1,1,1,1,1,1,1,1,1,1,1,1,1,1,1,1,1,1,1,1,1,1,1,1,1,1,1,1,1,1,1
OTU_4546,17,43,19,45,1,1,3,942,7,2,320,118,1,6,130,41,3,19,147,5,7,1,4,1,1,1,7,55,1,1,2,4,1,355,4,8,16,29,44,4,49,6,12,1,114,5,149,28,2,24
OTU_4547,1,1,1,1,1,1,1,1,1,1,1,1,1,1,1,1,1,1,1,1,1,1,1,1,1,1,1,1,1,1,1,1,1,1,1,1,1,1,1,1,1,1,1,1,1,1,1,1,1,1
OTU_4548,8,69,135,15,458,46,248,1,40,73,11,105,4,303,35,7,2,329,4,207,1,16,56,310,24,1,1,529,393,43,18,44,21,100,10,75,91,11,41,69,80,109,98,8,3,21,48,141,43,58
OTU_4549,1,36,28,6,223,7,55,125,2,14,2,1,1,4,1,261,56,2,310,18,11,8,42,4,82,2,75,81,11,1,1,430,7,46,1,2,85,137,1,1,8,175,77,46,2,8,13,42,7,1
OTU_4550,1,1,1,1,1,1,1,1,1,1,1,1,1,1,1,1,1,1,1,1,1,1,1,1,1,1,1,1,1,1,1,1,1,1,1,1,1,1,1,1,1,1,1,1,1,1,1,1,1,1
OTU_4551,1,1,1,1,1,1,1,1,1,1,1,1,1,1,1,1,1,1,1,1,1,1,1,1,1,1,1,1,1,1,1,1,1,1,1,1,1,1,1,1,1,1,1,1,1,1,1,1,1,1
OTU_4552,1,1,1,1,1,1,1,1,1,1,1,1,1,1,1,1,1,1,1,2,1,1,1,1,1,1,1,1,1,1,1,1,1,1,1,1,1,1,1,1,1,1,1,1,1,1,1,1,1,1
OTU_4553,1,1,1,1,1,1,1,1,1,1,1,1,1,1,1,1,1,1,1,1,1,1,1,1,1,1,1,1,1,1,1,1,1,1,1,1,1,1,1,1,1,1,1,1,1,1,1,1,1,1
OTU_4554,1,1,1,1,1,1,1,1,1,1,1,1,1,1,1,1,1,1,1,1,1,1,1,1,1,1,1,1,1,1,1,1,1,1,1,1,1,1,1,1,1,1,1,1,1,1,1,1,1,1
OTU_4555,1,1,1,1,1,1,1,1,1,1,1,1,1,1,1,1,1,1,1,1,1,1,12,1,1,1,1,1,1,1,1,1,1,1,1,1,1,1,1,1,1,1,1,1,1,1,1,1,1,1
OTU_4556,1,1,1,1,1,1,1,1,1,1,1,1,1,1,1,1,1,1,1,1,1,1,1,1,1,1,1,1,1,1,1,1,1,1,1,1,1,1,1,1,1,1,1,1,1,1,1,1,1,1
OTU_4557,1,1,1,1,1,1,1,1,1,1,1,1,1,1,1,1,1,1,1,1,1,1,1,1,1,1,1,1,1,1,1,1,1,1,1,1,1,1,1,1,1,1,1,1,1,1,1,2,1,1
OTU_4558,1,1,1,1,1,1,1,1,1,1,1,1,1,1,1,1,4,1,1,24,1,1,1,1,16,1,1,1,1,1,1,1,1,1,1,1,1,1,1,1,1,1,1,1,1,1,1,1,1,1
OTU_4559,1,1,1,1,1,1,1,1,1,1,1,1,1,1,1,1,1,1,1,1,1,1,1,1,1,1,1,1,1,1,1,1,1,1,1,1,1,1,1,1,1,1,1,1,1,1,1,1,1,1
OTU_4560,1,1,1,138,119,38,1,1,2,1,35,1,1,1,44,13,61,4,1,64,9,1,5,1,1,1,45,3,1,1,6,1,1,1,3,16,2,1,1,1,1,45,1,87,1,1,1,1,1,1
OTU_4561,1,1,1,1,1,1,1,1,1,1,1,1,1,1,1,1,1,1,1,1,1,1,1,1,1,1,1,1,1,1,1,1,1,1,1,1,1,1,1,1,1,1,1,1,1,1,1,1,1,1
OTU_4562,1,1,1,1,1,1,1,1,1,1,1,1,1,1,1,1,1,1,1,1,1,1,1,1,1,1,1,1,1,1,1,1,1,1,1,1,1,1,1,1,1,1,1,1,1,1,1,1,3,1
OTU_4563,3,1,1,1,1,1,1,1,1,1,1,1,1,1,1,116,1,1,1,1,1,1,1,1,1,2,1,1,1,1,1,1,1,1,1,1,1,1,1,1,1,1,1,1,1,1,1,1,1,1
OTU_4564,1,1,1,1,1,1,1,1,1,1,1,1,1,1,1,1,1,1,1,1,1,1,1,1,1,1,1,1,1,1,1,1,1,1,1,1,1,1,1,1,1,1,1,1,1,1,1,1,1,1
OTU_4565,66,20,92,66,16,36,81,101,122,160,207,61,45,1,100,105,71,99,62,119,45,121,5,28,323,232,3,67,39,23,75,64,122,88,118,285,119,4,79,178,210,165,64,4,248,35,28,120,160,3
OTU_4566,1,1,1,1,1,1,1,1,1,1,1,1,1,1,1,1,1,1,1,1,1,1,1,1,1,1,1,1,1,1,1,1,1,1,1,1,1,1,1,1,1,1,1,1,1,1,1,1,1,1
OTU_4567,1,1,1,1,1,1,1,1,1,1,1,1,1,1,1,1,1,1,1,1,1,1,1,1,1,1,1,1,1,1,1,1,1,1,1,1,1,1,1,1,1,1,1,1,1,1,1,1,1,1
OTU_4568,1,1,1,1,1,1,1,1,1,1,1,1,1,1,1,1,1,1,1,1,1,1,1,1,1,1,1,1,1,1,1,1,1,1,1,1,1,1,1,1,1,1,1,1,1,1,1,1,1,1
OTU_4569,1,1,1,1,1,1,1,1,1,1,1,1,1,1,1,1,1,1,1,1,1,1,1,1,1,1,1,1,1,1,1,1,1,1,1,1,1,1,1,1,1,1,1,1,1,1,1,1,1,1
OTU_4570,1,1,1,1,1,1,1,1,1,1,1,1,1,1,1,1,1,1,1,1,1,1,1,1,1,1,1,1,1,1,1,1,1,1,1,1,1,1,1,1,1,1,1,1,1,1,1,1,1,1
OTU_4571,1,1,1,1,1,1,1,1,1,1,1,1,1,1,1,1,1,1,1,1,1,1,1,1,1,1,1,1,1,1,1,1,1,1,1,1,1,1,1,1,1,1,1,1,1,1,1,1,1,1
OTU_4572,1,62,1,8,1,1,1,1,1,1,1,1,1,1,30,1,1,1,21,1,1,1,1,1,1,1,1,1,1,1,1,29,1,1,1,1,1,1,1,1,1,1,1,1,1,1,1,1,1,1
OTU_4573,1,1,1,1,1,1,1,1,1,1,1,1,1,1,1,1,1,1,1,1,1,1,1,1,1,1,1,1,1,1,1,1,1,1,1,1,1,1,1,1,1,1,1,1,1,1,1,1,1,1
OTU_4574,1,1,1,1,1,1,1,1,1,1,1,1,1,1,1,1,1,1,1,1,1,1,1,1,1,1,1,1,1,1,1,1,1,1,1,1,1,1,1,1,1,1,1,1,1,1,1,1,1,1
OTU_4575,1,1,1,1,1,1,1,1,1,1,1,1,1,1,1,1,1,1,1,1,33,1,1,1,1,1,1,1,1,1,1,1,6,1,1,1,1,1,1,71,1,1,1,1,1,1,1,1,1,1
OTU_4576,1,1,1,1,1,1,1,1,1,1,1,1,1,1,1,1,1,1,1,1,1,1,1,1,1,1,1,1,1,1,1,1,1,1,1,1,1,1,1,1,1,1,1,1,1,1,1,1,1,1
OTU_4577,1,1,1,1,1,1,1,1,1,1,1,1,1,1,1,1,1,1,1,1,1,1,1,1,1,1,1,1,1,1,1,1,1,1,1,1,1,1,1,1,1,1,1,1,1,1,1,1,1,1
OTU_4578,1,1,1,1,1,1,1,1,1,1,1,1,1,1,1,1,1,1,1,1,1,1,1,1,1,1,1,1,1,1,1,1,1,1,1,1,1,1,1,1,1,1,1,1,1,1,1,1,1,1
OTU_4579,1,1,1,1,1,1,1,1,1,1,1,1,1,1,1,1,1,1,1,1,1,1,1,1,1,1,1,1,1,1,1,1,1,1,1,1,1,1,1,1,1,1,1,1,1,1,1,1,1,1
OTU_4580,1,1,1,1,1,1,1,1,1,1,1,1,1,1,1,1,1,1,1,1,1,1,1,1,1,1,1,1,1,1,1,1,1,1,1,1,1,1,1,1,1,1,1,1,1,1,1,1,1,1
OTU_4581,139,32,10,12,1,187,1,2,1,30,1,16,4,22,4,206,19,52,18,1,1,1,5,1,1,1,20,1,1,2,12,15,1,1,4,93,1,4,1,1,1,1,1,14,3,1,3,1,1,1
OTU_4582,1,1,1,14,1,1,1,3,1,1,59,1,1,1,1,4,1,37,1,1,1,1,1,1,1,1,6,1,1,3,1,5,1,1,1,1,1,1,1,29,1,1,1,1,1,1,1,23,1,1
OTU_4583,1,1,1,1,1,1,1,1,1,1,1,1,1,1,1,1,1,1,1,1,1,1,1,1,1,1,1,1,1,1,1,1,1,1,1,1,1,1,1,1,1,1,1,1,1,1,1,1,1,1
OTU_4584,1,1,1,1,1,1,1,1,1,1,1,1,1,1,1,1,1,1,1,1,1,1,1,1,1,1,1,1,1,1,1,1,1,1,1,1,1,1,1,1,1,1,1,1,1,1,1,1,1,1
OTU_4585,124,52,8,98,7,627,5,566,126,425,154,35,51,2,323,40,130,93,143,309,137,37,117,211,599,11,96,73,108,251,357,2,2,300,130,341,67,144,14,55,104,15,15,204,717,24,5,77,25,248
OTU_4586,152,30,2,46,233,41,202,152,287,125,1,11,98,187,255,119,28,159,27,332,66,71,4,36,79,148,203,22,6,257,130,97,86,82,15,76,63,76,39,20,23,20,154,57,96,75,185,207,66,34
OTU_4587,1,1,1,1,1,1,1,1,1,1,1,1,1,1,1,1,1,1,1,1,1,1,1,1,1,1,1,1,1,1,1,1,1,1,1,1,1,1,1,1,1,1,1,1,1,1,1,1,1,1
OTU_4588,1,1,1,1,1,1,1,1,1,1,1,1,1,1,1,1,1,1,1,1,1,1,1,1,1,1,1,1,1,1,1,1,1,1,1,1,1,1,1,1,1,1,1,1,1,1,1,1,1,1
OTU_4589,1,66,2,15,1,1,22,88,1,14,9,83,2,5,29,10,9,35,74,5,39,1,45,2,12,1,1,3,10,13,3,264,128,225,3,1,30,16,11,86,3,2,30,1,89,5,8,69,24,8
OTU_4590,1,1,1,1,1,1,1,1,1,1,1,1,1,1,1,1,1,1,1,1,1,1,1,1,1,1,1,1,1,1,1,1,1,1,1,1,1,1,1,1,1,1,12,1,1,1,1,1,1,1
OTU_4591,259,19,10,23,39,122,4,9,3,46,62,20,22,168,54,46,1,90,30,6,1,59,2,97,1,12,1,126,146,57,127,50,7,67,135,35,4,8,105,63,29,187,2,43,51,1,41,14,55,118
OTU_4592,1,1,1,1,1,1,1,1,1,1,1,1,1,1,1,1,1,1,1,1,1,1,1,1,1,1,1,1,1,1,1,1,1,1,1,1,1,1,1,1,1,1,1,1,1,1,1,1,1,1
OTU_4593,1,1,1,1,1,1,1,1,1,1,1,1,1,1,1,1,1,1,1,1,1,1,1,1,1,1,1,1,1,1,1,1,1,1,1,1,1,1,1,1,1,1,1,1,1,1,1,1,1,1
OTU_4594,125,67,14,212,257,5,4,112,216,150,1,2,38,121,1,164,14,12,112,44,155,3,12,60,134,174,21,5,49,73,61,104,24,12,16,29,73,158,427,17,1,126,257,41,2,1,185,166,18,32
OTU_4595,1,1,1,1,2,1,1,1,1,1,1,1,1,1,1,1,1,1,1,1,1,1,1,1,1,1,1,1,1,1,1,1,1,1,1,1,1,1,1,1,1,1,1,1,1,1,1,1,1,1
OTU_4596,1,1,1,1,1,1,1,1,1,1,1,1,1,1,1,1,1,1,1,1,1,1,1,1,1,1,1,1,1,1,1,1,1,1,1,1,1,1,1,1,1,1,1,1,1,1,1,1,1,1
OTU_4597,1,1,1,1,1,1,1,1,1,1,1,1,1,1,1,1,1,1,1,1,1,1,1,1,1,1,1,1,1,1,1,1,1,1,1,1,1,1,1,1,1,1,1,1,1,1,1,1,1,1
OTU_4598,1,1,1,1,1,1,1,1,1,1,1,1,1,1,1,1,1,1,1,1,1,1,1,1,1,1,1,1,1,1,1,1,1,1,1,1,1,1,1,1,1,1,1,1,1,1,1,1,1,1
OTU_4599,1,1,1,1,1,1,1,1,1,1,1,1,1,1,1,1,1,1,1,1,1,1,1,1,1,1,1,1,1,1,1,1,1,1,1,1,1,1,1,1,1,1,1,1,1,1,1,1,1,1
OTU_4600,1,1,1,1,1,1,1,1,1,1,1,1,1,1,1,1,1,1,1,1,1,1,1,1,1,1,1,1,1,1,1,1,1,1,1,1,1,1,1,1,1,1,1,1,1,1,1,1,1,1
OTU_4601,310,157,362,436,246,59,86,238,65,234,238,286,236,337,84,689,53,152,547,116,136,122,270,300,324,317,78,37,381,95,302,216,444,46,254,515,132,119,108,121,65,280,327,438,276,495,70,416,292,229
OTU_4602,1,1,1,1,1,1,1,64,1,1,1,1,1,85,1,1,4,1,1,1,1,1,1,7,1,1,1,1,1,1,1,1,1,1,1,188,28,1,1,1,1,1,1,1,10,1,1,1,1,2
OTU_4603,1,1,1,1,1,1,1,1,1,1,1,1,1,1,1,1,1,1,1,1,1,1,1,1,1,1,1,1,1,1,1,1,1,1,1,1,1,1,1,1,1,1,1,1,1,2,1,1,1,1
OTU_4604,1,1,1,1,1,1,1,1,1,1,1,1,1,1,1,1,1,1,1,1,1,1,1,1,1,1,1,1,1,1,1,1,1,1,1,1,1,1,1,1,1,1,1,1,1,1,1,1,1,1
OTU_4605,1,1,1,1,1,1,1,1,1,1,1,1,1,1,1,1,1,1,1,1,1,1,1,1,1,1,1,1,1,1,1,1,1,1,1,1,1,1,1,1,1,1,1,1,1,1,1,1,1,1
OTU_4606,1,1,1,1,1,1,1,1,1,1,1,1,1,1,1,1,1,1,1,1,1,1,1,1,1,1,1,1,1,1,1,1,1,1,1,1,1,1,1,1,1,1,1,1,1,1,1,1,1,1
OTU_4607,1,1,1,1,1,120,1,1,1,1,1,1,1,1,1,1,1,1,1,1,1,1,1,1,1,1,1,1,1,1,1,1,1,1,1,1,1,1,1,1,1,1,1,1,1,1,1,1,1,1
OTU_4608,1,1,1,1,1,1,1,1,1,1,1,1,1,1,1,1,1,1,1,1,1,1,1,1,1,1,1,1,1,1,1,1,1,1,1,1,1,1,1,1,1,1,1,1,1,1,1,1,1,1
OTU_4609,1,1,1,1,1,1,1,1,1,1,1,1,3,1,1,1,1,1,1,1,1,1,1,1,1,1,1,1,1,1,1,1,1,1,1,1,1,1,1,1,1,1,1,1,1,1,1,1,1,1
OTU_4610,1,1,1,1,1,1,1,1,1,1,1,1,1,1,1,1,1,1,1,1,1,1,1,1,1,1,1,1,1,1,1,1,1,1,1,1,1,1,1,1,1,1,1,1,1,1,1,1,1,1
OTU_4611,1,56,2,8,177,173,245,8,91,219,111,82,9,5,166,77,14,15,175,7,39,24,1,29,1,1,267,21,17,81,209,155,172,204,171,9,33,188,303,2,212,134,175,18,11,296,217,16,1,136
OTU_4612,1,1,1,1,1,1,1,1,1,1,20,1,1,1,1,1,2,1,1,12,147,1,1,44,8,1,7,3,1,1,1,10,1,1,196,1,1,58,5,1,1,1,1,1,4,1,1,1,1,22
OTU_4613,1,1,1,1,1,1,1,1,1,1,1,1,1,1,1,1,1,1,1,1,1,1,1,1,1,1,1,1,1,1,1,1,1,1,1,1,1,1,1,1,1,1,1,1,1,1,1,1,1,1
OTU_4614,1,1,1,1,1,1,1,1,1,1,1,1,1,1,1,1,1,1,1,1,1,1,1,1,1,1,1,1,1,1,1,1,1,1,1,1,1,1,1,1,1,1,1,1,1,1,1,1,1,1
OTU_4615,66,1,1,4,4,3,28,28,1,8,1,1,151,4,36,6,55,33,1,164,39,9,4,50,249,17,24,1,10,1,1,134,69,1,1,20,16,36,1,1,1,2,75,7,31,26,1,13,12,70
OTU_4616,1,1,1,1,1,1,1,1,1,1,1,1,1,1,1,1,1,1,1,1,1,1,1,1,1,1,1,1,1,1,1,1,1,1,1,1,1,1,1,1,1,1,1,1,1,1,1,1,1,1
OTU_4617,1,3,8,327,9,1,86,1,3,147,6,161,1,21,13,6,3,17,217,3,1,121,1,14,63,1,1,14,23,38,2,47,63,80,9,1,6,86,50,14,3,5,1,4,99,3,1,11,4,71
OTU_4618,1,1,1,1,1,2,1,1,5,1,1,1,1,1,1,1,1,1,1,1,1,1,1,1,1,1,1,1,1,1,1,8,2,1,1,1,1,1,1,1,1,3,1,1,1,1,1,1,1,1
OTU_4619,14,12,54,55,162,20,221,31,52,214,148,65,69,1,190,27,8,52,5,1,61,329,1,2,41,12,224,28,166,70,156,87,114,2,6,16,190,91,442,25,34,217,197,31,187,8,30,33,646,59
OTU_4620,1,1,1,1,1,1,1,1,1,1,1,1,1,1,1,1,1,1,1,1,1,1,1,1,1,1,2,1,1,1,1,1,1,1,1,1,1,1,1,1,1,1,1,1,1,1,1,1,1,1
OTU_4621,190,203,110,137,212,273,75,52,17,84,146,1,206,120,2,134,151,177,73,2,15,141,86,335,113,3,101,60,57,265,88,77,336,108,449,24,83,84,459,77,192,38,43,10,217,146,63,258,110,70
OTU_4622,1,1,4,1,4,98,1,1,1,1,1,1,1,40,69,1,1,5,4,1,50,1,1,83,1,1,1,180,1,24,1,1,48,16,1,1,1,1,13,78,55,1,58,6,1,1,1,1,1,13
OTU_4623,1,1,1,1,1,1,1,1,1,1,1,1,1,1,1,1,1,1,1,1,1,1,1,1,1,1,1,1,1,1,1,1,1,1,1,1,1,1,1,1,1,1,1,1,1,1,1,1,1,1
OTU_4624,1,1,1,1,1,1,1,1,1,1,1,2,1,1,1,1,1,1,7,1,1,1,1,1,1,1,1,13,1,1,1,1,1,1,1,1,1,2,1,1,1,1,1,1,1,1,1,1,1,1
OTU_4625,1,1,1,1,1,1,1,1,1,1,1,1,1,1,1,1,1,1,1,1,1,1,1,1,1,1,1,1,1,1,1,1,1,1,1,1,1,1,1,1,1,1,1,1,1,1,1,1,1,1
OTU_4626,1,1,1,1,1,1,1,1,1,1,1,1,1,1,1,1,1,1,1,1,1,1,1,1,1,1,1,1,1,1,1,1,1,1,1,1,1,1,1,1,1,1,1,1,1,1,1,1,1,1
OTU_4627,1,1,1,1,1,1,1,1,1,1,1,1,1,1,1,1,1,1,1,1,1,1,1,1,1,1,1,1,1,1,1,1,1,1,1,1,1,1,1,1,1,1,1,1,1,1,1,1,1,1
OTU_4628,1,1,1,1,1,1,1,1,1,1,1,1,1,1,1,1,1,1,1,1,1,1,1,1,1,1,1,1,1,1,1,1,1,1,1,1,1,1,1,1,1,1,1,1,1,1,1,1,1,1
OTU_4629,1,1,1,43,2,18,12,1,10,1,1,1,1,1,1,73,1,5,64,1,4,4,222,1,60,36,1,7,1,1,18,1,1,2,1,1,6,1,2,6,73,1,6,1,1,1,1,13,3,117
OTU_4630,1,1,1,1,1,1,1,1,1,1,1,1,1,1,1,1,1,1,1,1,1,1,1,1,1,1,1,1,1,1,1,1,1,1,1,1,1,1,1,1,1,1,1,1,1,1,1,1,1,1
OTU_4631,1,642,2,2,9,233,107,61,54,7,1,1,1,95,21,96,1,118,17,2,1,33,6,47,1,185,95,13,119,34,81,6,55,30,2,1,46,124,188,86,1,36,32,112,1,9,2,1,3,19
OTU_4632,78,235,43,19,128,134,84,23,80,73,160,65,23,543,116,262,27,59,1,57,108,121,429,94,308,4,20,45,119,8,279,83,342,229,89,90,56,6,18,422,18,10,112,62,40,178,297,66,313,392
OTU_4633,49,249,18,52,17,1,56,39,21,327,1,6,181,10,30,31,26,137,1,2,3,206,16,44,1,3,139,46,16,70,1,39,87,3,14,15,81,9,19,14,1,80,1,10,20,33,68,34,73,2
OTU_4634,1,1,20,1,1,1,1,1,1,1,1,1,2,1,1,1,1,1,1,1,1,1,1,1,1,1,1,1,1,1,1,1,1,1,1,1,1,1,1,1,1,1,1,1,1,1,1,1,1,1
OTU_4635,5,1,1,1,1,1,1,2,1,1,1,1,11,1,1,1,1,1,25,1,1,1,1,9,1,1,1,1,1,1,31,1,31,1,420,3,1,1,1,1,1,14,1,1,1,1,12,1,1,1
OTU_4636,1,1,1,1,1,1,1,1,1,1,1,1,1,1,1,1,1,1,1,1,1,1,1,1,1,1,1,1,1,1,1,1,1,1,1,1,1,1,1,1,1,1,1,1,1,1,1,1,1,1
OTU_4637,173,12,15,126,4,93,141,83,142,64,117,35,4,113,1,52,19,125,154,118,19,38,244,4,50,3,87,331,7,28,29,630,1,29,5,26,4,257,30,32,3,1,6,8,1,1,30,12,232,2
OTU_4638,6,1,35,1,4,25,54,67,1,397,36,1,2,114,23,1,131,1,21,136,202,16,15,1,109,13,33,13,29,49,91,18,146,8,1,3,1,15,80,2,81,239,48,291,10,88,270,60,58,1
OTU_4639,1,1,1,1,1,1,1,1,1,1,1,1,1,1,1,1,1,1,1,1,1,1,1,1,1,1,1,1,1,1,1,1,1,1,1,1,1,1,1,1,1,1,1,1,1,1,1,1,1,1
OTU_4640,1,1,1,1,1,1,1,1,1,1,1,1,1,1,1,1,1,1,1,1,1,1,1,1,1,1,1,1,1,1,1,1,1,1,1,1,1,1,1,1,1,1,1,1,1,1,1,1,1,1
OTU_4641,1,1,1,1,1,1,1,1,1,1,1,1,1,1,1,1,1,1,1,1,1,1,1,1,1,1,1,1,1,1,1,1,1,1,1,1,1,1,1,1,1,1,1,1,1,1,1,1,1,1
OTU_4642,1,1,1,1,1,1,1,1,1,1,1,1,1,1,1,1,1,1,1,1,1,1,1,1,1,1,1,1,1,1,1,1,1,1,1,1,1,1,1,1,1,1,1,1,1,1,1,1,1,1
OTU_4643,19,42,227,36,97,160,19,6,365,96,27,14,134,139,249,2,64,59,88,1,250,53,104,9,426,661,6,48,15,5,2,3,38,167,41,227,51,185,50,58,97,88,49,66,95,11,1,62,114,6
OTU_4644,8,4,17,95,23,47,181,17,641,56,29,1,201,273,6,7,214,264,56,2,96,6,30,417,1,52,2,8,174,84,17,2,216,46,16,118,93,62,1,15,50,56,20,324,12,66,198,14,272,49
OTU_4645,1,1,1,1,1,1,1,1,1,1,1,1,1,1,1,1,1,1,7,1,1,1,1,1,1,1,1,1,1,1,1,1,1,1,1,1,1,1,1,1,1,1,36,1,2,1,1,1,1,1
OTU_4646,1,1,1,1,1,1,1,1,1,1,1,1,1,1,1,1,1,1,1,1,1,1,1,1,1,1,1,1,1,1,1,1,1,1,1,1,1,1,1,1,1,1,1,1,1,1,1,1,1,1
OTU_4647,1,1,1,1,1,1,1,1,1,1,1,1,1,1,1,1,1,1,1,1,1,1,1,1,1,1,1,1,1,1,1,1,1,1,1,1,1,1,1,1,1,1,1,1,1,1,1,1,1,1
OTU_4648,672,240,49,24,23,31,64,31,333,12,259,113,541,4,19,10,219,41,88,98,232,2,237,90,78,371,343,116,21,25,226,137,1,83,46,61,16,17,23,264,1,2,238,328,4,152,27,117,122,52
OTU_4649,1,1,1,1,1,1,1,1,1,1,1,1,1,1,1,1,1,1,1,1,1,1,1,1,1,1,1,1,1,1,1,1,1,1,1,1,1,1,1,1,1,1,1,1,1,1,1,1,1,1
OTU_4650,1,1,1,1,1,1,1,1,1,1,1,1,1,1,1,1,1,1,1,1,1,1,1,1,1,1,1,1,1,1,1,1,1,1,1,1,1,1,1,1,1,1,1,1,1,1,1,1,1,1
OTU_4651,1,1,1,1,1,1,1,1,1,1,1,1,1,1,1,1,1,1,1,1,1,1,1,1,8,1,1,1,1,1,1,1,1,1,1,99,1,1,1,1,1,1,3,1,1,1,1,1,1,1
OTU_4652,97,53,6,276,46,2,19,23,405,2,15,1,57,6,46,3,4,222,61,155,26,143,13,12,58,37,12,18,26,89,74,129,12,217,111,324,41,134,1,327,35,56,199,29,2,16,178,26,91,20
OTU_4653,1,1,1,1,1,1,1,1,1,1,1,1,1,1,1,1,1,1,1,1,1,1,1,1,1,1,1,1,1,1,1,1,1,1,1,1,1,1,1,1,1,1,1,1,1,1,1,1,1,1
OTU_4654,1,1,1,1,1,1,1,1,1,1,1,1,1,1,1,1,1,1,1,1,1,1,1,1,1,1,1,1,1,1,1,1,1,1,1,1,15,1,2,1,1,1,1,1,1,1,1,1,1,1
OTU_4655,1,1,1,1,1,1,1,1,1,1,1,1,1,1,1,1,1,1,1,1,1,1,1,1,1,1,1,1,1,1,1,1,1,1,1,1,1,1,1,1,1,1,1,1,1,1,1,1,1,1
OTU_4656,13,3,11,9,20,351,1,1,89,28,21,6,8,4,1,151,2,100,289,68,77,4,2,9,117,4,1,1,46,170,166,1,1,22,84,48,366,64,4,3,3,20,643,6,4,47,4,37,19,98
OTU_4657,1,1,1,1,1,1,1,1,1,1,1,1,1,1,1,1,1,1,1,1,1,1,1,1,1,1,1,1,1,1,1,1,1,1,1,1,1,1,1,1,1,1,1,1,1,1,1,1,1,1
OTU_4658,1,1,1,1,1,1,1,1,1,1,1,1,1,1,1,1,1,1,1,1,1,1,1,1,1,1,1,1,1,1,1,1,1,1,1,1,1,1,1,1,1,1,1,1,1,1,1,1,1,1
OTU_4659,1,1,1,1,1,1,73,1,1,4,1,1,1,88,1,2,4,1,1,2,99,1,232,1,1,1,1,1,1,2,1,1,1,1,1,1,1,1,1,1,1,116,1,1,1,1,1,1,1,1
OTU_4660,1,1,1,1,1,1,1,1,1,1,1,1,1,1,1,1,1,1,1,1,1,1,1,1,1,1,1,1,1,1,1,1,1,1,1,1,1,1,1,1,1,1,1,1,1,1,1,1,1,1
OTU_4661,16,1,37,1,30,12,1,1,1,1,1,38,1,1,1,61,1,14,1,10,18,1,22,16,1,10,2,9,1,1,140,1,1,1,13,17,1,7,1,2,4,4,11,32,54,1,22,92,1,3
OTU_4662,1,1,1,1,1,1,1,1,1,1,1,1,1,1,1,1,1,1,1,1,1,1,1,1,1,1,1,1,1,1,1,1,1,1,1,1,1,1,1,1,1,1,1,1,1,1,1,1,1,1
OTU_4663,1,1,1,1,1,1,1,1,1,1,1,1,1,1,1,1,1,1,1,1,1,1,1,1,1,1,1,1,1,1,1,1,1,1,1,1,1,1,1,1,1,1,1,1,1,1,1,1,1,1
OTU_4664,1,1,1,1,1,1,1,1,1,1,1,1,1,1,1,1,1,1,1,1,1,1,1,1,1,1,1,1,1,1,1,1,1,1,1,1,1,1,1,1,1,1,1,1,1,1,1,1,1,1
OTU_4665,1,1,1,1,1,1,1,1,1,1,1,1,1,1,1,1,1,1,1,1,1,1,1,1,1,1,1,1,1,1,1,1,1,1,1,1,1,1,1,1,1,1,1,1,1,1,1,1,1,1
OTU_4666,118,94,17,519,40,118,2,47,51,44,106,45,30,31,25,132,215,91,481,5,337,189,206,162,21,57,29,27,132,12,226,52,122,182,15,372,336,379,383,175,114,202,337,386,124,61,16,107,59,126
OTU_4667,1,1,1,1,1,1,1,1,1,1,1,1,1,1,1,1,1,1,1,1,1,1,1,1,1,1,1,1,1,1,1,1,1,1,1,1,1,1,1,1,1,1,1,1,1,1,1,1,1,1
OTU_4668,4,1,2,3,1,59,2,5,1,142,11,20,1,4,2,74,1,241,26,1,4,6,1,72,4,6,44,10,1,1,3,16,3,267,4,14,7,3,1,3,2,1,43,1,46,7,457,13,1,22
OTU_4669,1,1,1,1,1,1,1,1,1,1,1,1,1,1,1,1,1,1,1,1,1,1,1,1,1,1,1,1,1,1,1,1,1,1,1,1,1,1,1,1,1,1,1,1,1,1,1,1,1,1
OTU_4670,43,12,1,1,1,1,1,1,2,5,23,6,1,1,1,1,1,1,1,1,1,1,1,20,1,1,87,1,1,193,1,126,1,17,1,1,1,1,1,2,112,1,1,70,53,1,1,1,1,1
OTU_4671,1,1,1,1,1,1,1,1,1,1,1,1,1,1,1,1,1,1,1,1,1,1,1,1,1,1,1,1,1,1,1,1,1,1,1,1,1,1,1,1,1,1,1,1,1,1,1,1,1,1
OTU_4672,19,30,1,45,3,2,211,9,204,6,51,2,1,51,121,16,96,102,1,63,201,25,5,36,145,141,13,33,134,154,29,21,52,24,85,7,19,7,304,8,6,31,47,14,17,26,1,20,14,5
OTU_4673,1,1,1,1,1,1,1,1,1,1,1,1,1,1,1,1,1,1,1,1,1,1,1,1,1,1,1,1,1,1,1,1,1,1,1,1,1,1,1,1,1,1,1,1,1,1,1,1,1,1
OTU_4674,1,1,1,1,1,1,1,1,1,1,1,1,1,1,1,1,1,1,1,1,1,1,1,1,1,1,1,1,1,1,1,1,1,1,1,1,1,1,1,1,1,1,1,1,1,1,1,1,1,1
OTU_4675,209,152,75,216,127,9,80,193,53,23,71,386,119,1,49,4,43,87,2,56,29,275,12,39,239,293,178,236,208,261,16,77,80,187,33,363,25,120,9,1,109,1,17,29,9,436,26,27,38,53
OTU_4676,1,1,1,1,1,1,1,1,1,1,1,1,1,1,1,1,1,1,1,1,1,1,1,1,1,1,1,1,1,1,1,1,1,1,1,1,1,1,1,1,1,1,1,1,1,1,1,1,1,1
OTU_4677,1,1,1,1,1,1,1,1,1,1,1,1,1,1,1,1,1,1,1,1,1,1,1,1,1,1,1,1,1,1,1,1,1,1,1,1,1,1,1,1,1,1,1,1,1,1,1,1,1,1
OTU_4678,2,1,1,1,1,1,1,1,1,1,1,1,1,1,1,1,1,1,1,1,1,1,1,1,1,1,1,1,1,1,1,1,1,2,1,1,1,1,1,1,1,1,1,1,1,1,1,1,1,1
OTU_4679,1,1,1,1,1,1,1,1,1,1,1,1,1,1,1,1,1,1,1,1,1,1,1,1,1,1,1,1,1,1,1,1,1,1,1,1,1,1,1,1,1,1,1,1,1,1,1,1,1,1
OTU_4680,43,52,15,4,1,16,538,1,335,33,1,38,33,1,1,1,1,33,2,2,76,1,77,454,1,1,2,9,1,23,1,1,1,1,57,25,53,3,29,54,125,3,5,16,1,33,3,19,1,51
OTU_4681,1,1,1,1,1,1,1,1,1,1,1,15,1,1,1,1,1,1,1,1,1,9,1,1,1,1,1,1,1,1,1,1,1,1,1,1,1,1,1,1,1,1,1,1,1,1,1,1,1,1
OTU_4682,1,1,1,1,1,1,1,1,1,1,1,1,1,1,1,1,1,1,1,1,1,1,1,1,1,1,1,1,1,1,1,2,1,1,1,1,1,1,1,1,1,1,1,1,1,1,1,1,1,1
OTU_4683,1,1,1,1,1,1,1,1,1,1,1,1,1,1,1,1,1,1,1,1,1,1,1,1,1,1,1,1,1,1,1,1,1,1,1,1,1,1,1,1,1,1,1,1,1,1,1,1,1,1
OTU_4684,16,1,1,1,1,1,43,1,1,186,1,3,22,1,1,14,16,23,2,1,1,1,5,1,1,2,1,1,2,1,1,1,1,1,2,144,1,25,13,2,180,1,84,1,1,1,1,1,1,1
OTU_4685,1,1,1,1,1,1,1,1,1,1,1,1,1,1,1,1,1,1,1,1,1,1,1,1,1,1,1,1,1,1,1,1,1,1,1,1,1,1,1,1,1,1,1,1,1,1,1,1,1,1
OTU_4686,1,1,1,1,1,1,1,1,1,1,1,1,1,1,1,1,1,1,1,1,1,1,1,1,1,1,1,1,1,1,1,1,1,1,1,1,1,1,1,1,1,1,1,1,1,1,1,1,1,1
OTU_4687,1,1,1,1,1,1,1,1,1,1,1,1,1,1,1,1,1,1,1,1,1,1,1,1,1,1,1,1,1,1,1,1,1,1,1,1,1,1,1,1,1,1,1,1,1,1,1,1,1,1
OTU_4688,1,1,1,1,1,1,6,1,2,1,4,1,1,1,1,1,1,1,1,1,1,1,4,1,23,1,1,19,3,1,1,1,1,1,1,1,53,6,160,1,1,1,1,1,1,49,1,1,2,125
OTU_4689,1,1,1,1,1,1,1,1,1,1,1,1,1,1,1,1,1,1,1,1,1,1,1,1,1,1,1,1,1,1,1,1,1,1,1,1,1,1,1,1,1,1,1,1,1,1,1,1,1,1
OTU_4690,1,1,1,1,1,1,1,1,1,1,1,1,1,1,1,1,1,1,1,1,1,1,1,1,1,1,1,1,1,1,1,1,1,1,1,1,1,1,1,1,1,1,1,1,1,1,1,1,1,1
OTU_4691,1,1,1,1,1,1,1,18,27,3,1,1,2,1,1,1,1,1,1,1,1,359,1,1,1,91,1,17,1,1,15,1,2,27,1,1,1,72,1,1,1,1,1,1,1,12,1,1,38,1
OTU_4692,1,1,1,1,3,1,1,1,1,1,1,1,1,1,31,1,1,1,1,1,1,1,1,5,1,1,1,1,1,1,1,1,1,1,5,1,1,1,1,1,1,1,1,1,1,9,1,1,2,1
OTU_4693,1,1,1,1,1,1,1,187,1,1,1,1,1,1,1,8,1,1,1,29,1,1,1,1,1,1,1,2,1,1,1,1,1,1,1,1,1,1,1,1,1,1,1,8,1,1,1,1,1,1
OTU_4694,8,2,18,2,1,7,43,1,1,66,15,1,26,1,8,3,1,1,4,36,1,1,10,3,21,53,8,2,22,4,3,72,1,88,401,1,1,1,23,4,64,1,1,30,1,112,19,1,21,2
OTU_4695,1,1,1,1,1,1,1,1,1,1,1,1,1,1,1,1,1,1,1,1,1,1,1,1,1,1,1,1,1,1,1,1,1,1,1,1,1,1,1,1,1,1,1,1,1,1,1,1,1,1
OTU_4696,1,1,1,1,1,1,1,1,1,1,1,1,1,1,1,1,1,1,1,1,1,1,1,1,1,1,1,1,1,1,1,1,1,1,1,1,1,1,1,1,1,1,1,1,1,1,1,1,1,1
OTU_4697,1,3,1,4,1,58,95,1,3,9,190,2,19,21,43,1,263,3,192,3,1,2,1,1,191,1,49,4,2,22,1,1,9,101,1,3,49,14,215,8,7,5,1,1,1,2,50,3,57,15
OTU_4698,1,1,1,1,1,1,1,1,1,1,1,1,1,1,1,1,1,1,1,1,1,1,1,1,1,1,1,1,1,1,1,1,1,1,1,1,1,1,1,1,1,1,1,1,1,1,1,1,1,1
OTU_4699,1,1,1,1,1,1,1,1,1,1,1,1,1,1,1,13,1,1,1,1,1,1,1,1,1,1,1,1,1,1,1,149,1,25,1,1,1,1,1,1,1,1,1,1,1,3,1,1,1,1
OTU_4700,1,1,1,1,1,1,1,1,1,1,1,1,1,1,1,1,1,1,1,1,1,1,1,1,1,1,1,1,1,1,1,1,1,1,1,1,1,1,1,1,1,1,1,1,1,1,1,1,1,1
OTU_4701,1,1,1,1,1,1,1,1,1,1,1,1,1,1,1,1,1,1,1,1,1,1,1,1,1,1,1,1,1,1,1,1,1,1,1,1,1,1,1,1,13,1,1,1,1,1,1,1,1,1
OTU_4702,1,1,1,1,1,1,1,1,1,2,1,1,1,1,1,1,1,1,1,1,1,1,1,1,1,1,1,1,1,1,1,1,1,1,1,1,1,1,1,1,1,1,1,1,1,1,1,1,1,1
OTU_4703,1,1,1,1,1,1,1,1,1,1,1,1,1,1,1,1,1,1,1,1,1,1,1,1,1,1,1,1,1,1,1,1,1,1,1,1,1,1,1,1,1,1,1,1,1,1,1,1,1,1
OTU_4704,877,204,68,1009,84,590,123,516,150,260,85,354,96,640,273,97,161,165,20,203,258,729,214,266,160,264,591,15,52,222,284,234,128,283,332,140,30,756,475,361,181,363,107,179,121,415,502,161,354,327
OTU_4705,42,1,1,1,1,5,23,3,12,2,2,1,1,1,1,1,6,3,1,25,8,37,76,1,1,1,1,1,91,1,1,1,48,1,20,13,57,4,146,7,1,1,1,34,8,19,6,1,1,12
OTU_4706,1,1,1,1,1,1,1,1,1,1,1,1,1,1,1,1,1,1,1,1,1,1,1,1,1,1,1,1,1,1,1,1,1,1,1,1,1,1,1,1,1,1,1,1,1,1,1,1,1,1
OTU_4707,1,1,1,1,1,1,1,1,1,1,1,1,1,1,1,1,1,1,1,1,1,1,1,1,1,1,1,1,1,1,1,1,1,1,1,1,1,1,1,1,1,1,1,1,1,1,1,1,1,1
OTU_4708,1,1,1,1,1,1,1,1,1,1,1,1,1,1,1,1,1,1,1,1,1,1,1,1,1,1,1,1,1,1,1,1,1,1,1,1,1,1,8,1,1,1,1,1,1,1,1,1,1,1
OTU_4709,1,1,1,1,1,1,1,1,1,1,1,1,1,1,1,1,1,1,1,1,1,1,1,1,1,1,1,1,1,1,1,1,1,1,1,1,1,1,1,1,1,1,1,1,1,1,1,1,1,1
OTU_4710,1,5,1,1,1,1,1,3,1,1,1,3,1,157,1,19,1,26,1,1,1,1,17,1,1,1,1,4,1,1,1,1,23,25,143,35,1,2,1,1,1,1,1,8,1,1,15,1,1,1
OTU_4711,1,1,1,1,1,1,1,1,1,1,1,1,1,1,1,1,1,1,1,1,1,1,1,1,1,1,1,1,1,1,1,1,1,1,1,1,1,1,1,1,1,1,1,1,1,1,1,1,1,1
OTU_4712,1,1,3,1,1,1,1,1,1,1,1,1,1,1,4,1,1,1,1,1,1,1,26,1,1,1,1,1,1,1,1,1,1,1,1,1,2,1,1,1,1,1,1,1,1,1,10,1,1,1
OTU_4713,1,1,1,1,1,1,1,1,1,1,1,1,1,1,1,1,1,1,1,1,1,1,1,1,1,1,1,1,1,1,1,1,1,1,1,1,1,1,1,1,1,1,1,1,1,1,1,1,1,1
OTU_4714,1,1,1,1,3,163,1,3,1,1,1,1,1,1,1,1,1,1,1,314,26,1,1,1,1,1,1,1,1,1,1,1,1,1,23,1,1,6,1,113,4,1,1,1,1,5,1,1,1,50
OTU_4715,46,448,142,73,2,8,2,22,3,441,14,9,2,8,157,408,34,17,212,92,124,38,12,88,240,21,58,50,105,201,69,62,204,157,2,238,222,150,8,7,18,115,55,84,547,102,16,511,9,132
OTU_4716,1,1,1,1,1,1,1,1,1,1,1,1,1,1,1,1,1,1,1,1,1,1,1,302,1,1,1,1,1,1,1,1,1,1,1,1,1,1,1,1,1,1,1,1,1,1,1,1,1,1
OTU_4717,1,1,1,1,1,1,1,1,1,1,1,1,1,1,1,1,1,1,1,1,1,1,1,1,1,1,1,1,1,1,1,1,1,1,1,1,1,1,1,1,1,1,1,1,1,1,1,1,1,1
OTU_4718,71,58,61,89,134,361,669,68,48,95,124,145,260,2,416,559,108,74,388,364,610,334,25,82,133,85,199,175,242,39,66,66,148,367,17,186,61,381,111,475,388,329,540,137,1036,67,140,74,86,290
OTU_4719,1,1,1,1,1,1,1,1,1,1,1,1,1,1,1,1,1,1,1,1,1,1,1,1,1,1,1,1,1,1,1,1,1,1,1,16,1,1,1,1,1,1,1,1,1,1,1,1,1,1
OTU_4720,16,76,16,30,60,65,141,71,46,46,30,177,26,37,10,8,109,16,4,103,42,64,29,64,386,6,2,1,86,335,100,142,19,19,207,2,25,39,26,2,9,6,148,23,263,298,135,286,10,91
OTU_4721,1,1,1,1,1,1,1,1,1,1,1,1,1,1,1,1,1,1,1,1,1,1,1,1,1,2,1,1,1,1,1,1,1,1,1,1,1,1,1,1,1,1,1,1,1,1,1,1,1,1
OTU_4722,1,1,1,1,1,1,1,1,1,1,1,1,1,1,1,1,1,1,1,1,1,1,1,1,1,1,1,1,1,1,1,1,9,1,1,1,1,1,1,1,1,1,1,1,1,1,1,1,2,1
OTU_4723,1,1,1,1,1,1,1,1,1,1,1,1,1,1,1,1,1,1,1,1,1,1,1,1,1,1,1,1,1,1,1,1,1,1,1,1,1,1,1,1,1,1,1,1,1,1,1,1,1,1
OTU_4724,1,1,1,1,1,1,1,1,1,1,1,1,1,1,1,1,1,1,1,1,1,1,1,1,1,1,1,1,1,1,1,1,1,1,1,1,1,1,1,1,1,1,1,1,1,1,1,1,1,1
OTU_4725,1,1,1,1,1,1,1,1,1,1,1,1,1,1,1,1,1,1,1,1,1,1,1,1,1,1,1,1,1,1,1,1,1,1,1,1,1,1,1,1,1,1,1,1,1,1,1,1,1,1
OTU_4726,1,1,1,1,1,1,1,1,1,1,1,1,1,1,1,1,1,1,1,1,1,1,1,1,1,1,1,1,1,1,1,1,1,1,1,1,1,1,1,1,1,1,1,1,1,1,1,1,1,1
OTU_4727,1,1,1,1,1,1,1,1,1,1,1,1,1,1,1,1,1,1,1,1,1,1,1,1,1,1,1,1,1,1,1,1,1,1,1,1,1,1,1,1,1,1,1,1,1,1,1,1,1,1
OTU_4728,118,1,8,5,8,1,1,16,113,48,3,5,247,14,137,2,2,1,22,97,1,2,1,48,1,5,3,7,12,325,1,275,4,173,73,1,27,3,39,1,36,77,4,8,20,1,30,1,1,1
OTU_4729,1,1,1,1,1,1,1,1,1,1,1,1,1,1,1,1,1,1,1,1,1,1,1,1,1,1,1,1,1,1,1,1,1,1,1,1,1,1,1,1,1,1,1,1,1,1,1,1,1,1
OTU_4730,1,1,2,1,1,1,1,1,1,1,1,1,1,1,1,1,1,1,1,1,1,1,1,1,1,1,1,1,1,1,1,1,1,1,1,1,1,1,1,1,1,1,1,1,1,1,1,1,1,1
OTU_4731,1,1,1,1,1,1,1,1,1,1,1,1,1,1,1,1,1,1,1,14,1,1,1,1,1,1,1,1,1,1,1,1,1,1,1,1,1,1,1,1,1,1,1,1,1,1,1,1,1,1
OTU_4732,1,1,1,1,1,1,1,1,1,1,1,1,1,1,1,1,1,1,1,1,1,1,1,1,1,1,1,1,1,1,1,1,1,1,1,1,1,1,1,1,1,1,1,1,1,1,1,1,1,1
OTU_4733,1,1,1,1,3,1,1,4,1,1,1,1,1,1,1,225,1,1,1,1,1,1,1,1,1,1,1,1,1,1,1,1,1,1,1,1,1,1,1,1,1,1,1,1,10,1,1,1,1,69
OTU_4734,1,1,1,1,1,1,1,1,1,1,1,1,1,1,1,1,1,1,1,1,1,1,1,1,1,1,1,1,1,1,1,1,1,1,1,1,1,1,1,1,1,1,1,1,1,1,1,1,1,1
OTU_4735,1,1,1,1,1,1,1,1,1,1,1,1,1,1,1,1,1,1,1,1,1,1,1,1,1,1,1,1,1,1,1,1,1,1,1,1,1,1,1,1,1,1,1,1,1,1,1,1,1,1
OTU_4736,1,1,1,1,117,1,1,1,11,3,1,1,1,1,1,1,1,1,22,3,1,365,1,7,1,1,1,1,1,1,1,1,1,40,1,1,59,1,1,1,1,1,1,1,1,1,45,1,1,1
OTU_4737,1,1,1,1,1,1,1,1,1,1,1,1,1,1,1,1,1,1,1,1,1,1,1,1,1,1,1,1,1,1,1,1,1,1,1,1,1,1,1,1,1,1,1,1,1,1,1,1,1,1
OTU_4738,1,1,1,1,1,1,1,1,1,1,1,1,1,1,1,1,1,1,1,1,1,1,1,1,1,1,1,1,1,1,1,1,1,1,1,1,1,1,1,1,1,1,1,1,1,1,1,1,1,1
OTU_4739,1,1,1,1,1,1,1,1,1,1,1,1,1,1,1,1,1,1,1,1,1,1,1,1,1,1,1,1,1,1,1,1,1,1,1,1,1,1,1,1,1,2,1,1,1,1,1,1,1,1
OTU_4740,1,1,1,1,1,1,1,1,1,1,1,1,1,1,1,1,1,1,1,1,1,1,1,1,1,1,1,1,1,1,1,1,1,1,1,1,1,1,1,1,1,1,1,1,1,1,1,1,1,1
OTU_4741,1,1,1,1,54,1,15,1,1,1,3,10,1,1,1,63,1,1,1,1,1,1,1,1,25,1,59,1,1,1,1,1,125,1,1,1,1,1,1,1,1,1,1,57,1,1,1,1,1,2
OTU_4742,1,1,1,1,1,1,1,1,1,1,1,1,1,1,1,1,1,1,1,1,1,1,1,1,1,1,1,1,1,1,1,1,1,1,1,1,1,1,1,1,1,1,1,1,1,1,1,1,1,1
OTU_4743,1,1,1,1,1,1,1,1,1,1,1,1,1,1,1,1,1,1,1,1,1,1,1,1,1,1,1,1,1,1,1,1,1,1,1,1,1,1,1,1,1,1,1,1,1,1,1,1,1,1
OTU_4744,22,107,17,47,102,155,156,1,15,194,1,1,1,205,44,69,106,5,139,43,125,224,2,1,11,105,46,243,73,102,47,3,35,134,5,14,290,140,48,75,142,378,1,6,85,89,281,3,5,1
OTU_4745,108,55,16,106,211,439,422,24,302,4,140,218,20,100,105,23,54,157,66,61,95,233,165,194,64,127,69,506,192,32,59,126,497,30,58,31,356,274,31,80,278,22,10,63,427,241,117,102,85,93
OTU_4746,1,1,1,1,1,1,1,1,1,1,1,1,1,1,1,1,1,1,1,1,1,1,1,1,1,1,1,1,1,1,1,1,1,1,1,1,1,1,1,1,1,1,1,1,1,1,1,1,1,1
OTU_4747,1,106,20,1,1,2,1,1,112,1,1,1,149,1,1,1,1,1,1,2,1,1,1,1,1,1,21,1,2,1,1,1,1,1,1,1,6,1,21,1,12,1,1,1,1,1,1,68,1,1
OTU_4748,1,1,1,1,1,1,1,1,1,1,1,1,1,1,1,1,1,1,1,1,1,1,1,1,1,1,1,1,1,1,1,1,1,1,1,1,1,1,1,1,1,1,1,1,1,1,1,1,1,1
OTU_4749,1,1,1,7,3,1,1,1,1,13,1,1,1,1,1,1,157,1,1,1,1,8,1,1,1,1,69,8,1,1,1,1,1,1,1,55,1,1,4,1,1,1,1,1,1,1,1,1,1,1
OTU_4750,1,1,1,1,1,1,1,1,1,1,1,1,1,1,1,1,1,1,1,1,1,1,1,1,1,1,1,1,1,1,1,1,1,1,1,1,1,1,1,1,1,1,1,1,1,1,1,1,1,1
OTU_4751,1,1,1,1,1,1,1,1,1,1,1,1,1,1,1,1,1,1,1,1,1,1,1,1,1,1,1,1,1,1,1,1,1,1,1,1,1,1,1,1,1,1,1,1,1,1,1,1,1,1
OTU_4752,1,1,1,7,2,2,62,1,22,11,1,1,1,7,1,72,1,1,1,1,1,1,2,35,1,24,1,1,1,4,120,1,1,1,1,1,1,1,1,1,1,1,1,30,1,1,1,21,1,1
OTU_4753,1,1,1,1,1,1,1,1,1,1,1,1,1,1,1,1,1,1,1,1,1,1,1,1,1,1,1,1,1,1,1,1,1,1,1,1,1,1,1,1,1,1,1,1,1,1,1,1,1,1
OTU_4754,1,1,1,1,1,1,1,1,1,1,1,1,1,1,1,1,1,1,1,1,1,1,1,1,1,1,1,1,1,1,1,1,1,1,1,1,1,1,1,1,1,1,1,1,1,1,1,1,1,1
OTU_4755,1,1,1,1,1,1,1,1,1,1,1,1,1,1,1,1,1,1,1,1,1,1,1,1,1,1,1,1,1,1,1,1,1,1,6,1,1,1,1,1,1,1,1,1,1,1,1,2,1,1
OTU_4756,1,1,1,1,1,1,1,1,1,1,1,1,1,1,1,1,1,1,1,1,1,1,1,1,1,1,1,1,1,1,1,1,1,1,1,1,1,1,1,1,1,1,1,1,1,1,1,1,1,1
OTU_4757,1,2,2,38,1,1,46,1,1,1,45,1,1,1,1,1,1,1,106,1,15,1,1,1,131,3,340,1,1,1,2,1,28,1,1,1,51,1,6,1,1,11,1,1,1,94,1,1,1,1
OTU_4758,52,269,12,263,60,63,137,70,127,1,272,78,36,76,56,109,26,153,14,323,199,146,92,221,590,168,216,23,11,29,222,300,121,100,75,154,49,62,5,29,40,4,107,153,24,22,25,241,2,64
OTU_4759,1,1,1,1,1,1,1,1,1,1,1,1,1,1,9,1,1,1,1,1,1,1,1,1,1,1,1,1,1,1,1,1,1,1,1,1,1,1,1,1,1,1,1,1,1,1,1,1,1,1
OTU_4760,347,1,1,1,12,1,1,1,32,2,1,115,28,1,17,38,1,6,1,1,4,38,11,1,3,6,1,21,13,8,1,26,164,1,55,1,2,7,1,86,2,1,34,1,31,1,2,1,22,1
OTU_4761,1,1,1,1,1,1,1,1,1,1,1,1,1,1,1,1,1,1,1,1,1,1,1,1,1,1,1,1,1,1,1,1,1,1,1,1,1,1,1,1,1,1,1,1,1,1,1,1,1,1
OTU_4762,1,1,1,1,1,1,1,1,1,1,1,1,1,1,1,1,1,1,1,1,1,1,1,1,1,1,1,1,1,1,1,1,1,1,1,1,1,1,1,1,1,1,1,1,1,1,1,1,1,1
OTU_4763,1,1,1,1,1,1,1,1,1,1,1,1,1,1,1,1,1,1,1,1,1,1,1,1,1,1,1,1,1,1,1,1,1,1,1,1,1,1,1,1,1,1,1,1,1,1,1,1,1,1
OTU_4764,2,1,4,194,22,94,57,2,5,1,34,1,1,23,81,1,11,50,1,38,1,18,1,3,15,2,1,8,87,1,1,1,1,1,1,1,480,1,417,116,307,2,1,1,43,3,34,15,20,33
OTU_4765,1,1,1,1,1,1,1,1,1,1,1,1,1,1,1,1,1,1,1,1,1,1,1,1,1,1,1,1,1,1,1,1,1,1,1,1,1,1,1,1,1,1,1,1,1,1,1,1,1,1
OTU_4766,46,7,18,61,234,9,50,6,3,130,4,40,156,1,38,1,112,53,3,1,34,49,42,35,1,15,8,9,10,84,101,5,4,37,19,189,10,30,8,27,5,1,91,39,1,2,3,2,22,2
OTU_4767,1,1,1,1,1,1,1,7,1,1,1,1,1,1,1,1,1,1,1,1,1,1,1,1,1,1,1,1,1,1,3,1,1,1,2,1,1,1,1,1,1,1,1,1,1,1,1,1,1,1
OTU_4768,1,1,1,1,1,1,1,1,1,1,1,1,1,1,1,1,1,1,1,1,1,1,1,1,1,1,1,1,1,1,1,1,1,1,1,1,1,1,1,1,1,1,1,1,1,1,1,1,1,1
OTU_4769,1,1,1,1,1,1,1,1,1,1,1,1,1,1,1,1,1,1,1,1,1,1,1,1,1,1,1,1,1,1,1,1,1,1,1,1,1,1,1,1,1,1,1,1,1,1,1,1,1,1
OTU_4770,1,1,2,19,1,1,1,1,1,15,2,1,11,30,10,1,77,14,16,8,1,1,1,1,54,3,1,37,12,101,1,1,65,124,2,6,16,1,1,32,1,1,73,1,3,1,21,1,85,86
OTU_4771,132,12,72,61,28,41,92,260,87,67,204,209,395,92,548,2,77,19,12,49,82,8,6,6,158,248,63,100,8,570,160,13,51,24,64,342,59,100,83,127,427,215,90,155,23,89,9,125,68,113
OTU_4772,1,1,6,68,1,1,1,48,1,1,2,194,151,1,1,1,1,8,38,1,8,1,2,38,1,1,1,1,1,1,68,62,891,1,1,324,1,1,1,2,1,1,1,1,1,1,16,8,2,1
OTU_4773,1,1,1,1,1,1,1,1,1,1,1,1,1,1,1,1,1,1,1,1,1,1,4,1,1,1,1,1,1,1,1,1,1,25,1,1,2,1,1,1,1,1,1,1,1,1,1,1,1,1
OTU_4774,1,1,1,1,1,1,1,1,1,1,1,1,1,1,1,1,1,1,1,1,1,1,1,1,1,1,1,1,1,1,1,1,1,1,1,1,1,1,1,1,1,1,1,1,1,1,1,1,1,1
OTU_4775,1,1,1,1,1,1,1,1,1,1,1,1,1,1,1,1,1,1,1,1,1,1,1,1,1,1,1,1,1,1,1,1,1,1,1,1,1,1,1,1,1,1,1,1,1,1,1,1,1,1
OTU_4776,1,1,1,1,1,1,1,1,1,1,1,1,1,1,1,1,1,1,1,1,1,1,1,1,1,1,1,1,1,2,1,1,1,1,1,1,1,1,1,1,1,1,1,1,1,1,1,1,1,1
OTU_4777,76,1,13,3,111,4,23,2,2,293,105,382,132,3,1,12,8,1,129,1,22,17,43,11,4,14,2,43,1,65,64,67,3,44,53,89,147,136,42,35,1,5,55,58,20,25,2,101,245,108
OTU_4778,23,6,32,230,17,68,105,115,8,155,1,830,11,8,2,165,2,64,59,52,1,33,136,73,142,1,91,62,35,6,3,1,313,1,766,34,6,56,109,1,124,20,2,79,5,62,63,15,26,56
OTU_4779,1,1,1,1,1,1,1,1,1,1,1,1,1,1,1,1,1,1,1,1,1,1,1,1,1,1,1,1,1,1,1,1,1,1,1,1,1,1,1,1,1,1,1,1,1,1,1,1,1,1
OTU_4780,1,1,1,1,1,1,1,1,1,1,1,1,1,1,1,1,1,1,1,1,1,1,1,1,1,1,1,1,1,1,1,1,1,1,1,1,1,1,1,1,1,1,1,1,1,1,1,1,1,1
OTU_4781,1,2,1,1,1,4,1,1,35,1,1,38,5,1,1,1,23,1,1,1,1,1,10,1,1,2,2,1,1,1,1,1,1,1,1,1,37,2,1,1,3,1,1,1,1,7,1,1,1,3
OTU_4782,3,251,95,2,9,27,32,411,89,31,27,214,26,139,87,2,30,169,178,34,73,2,12,9,40,104,3,2,237,21,8,106,26,84,14,1,2,86,90,362,163,1,51,258,44,244,3,159,47,1
OTU_4783,1,1,1,1,1,1,1,1,1,1,1,1,1,1,1,1,1,1,1,1,1,1,1,1,1,1,1,1,1,1,1,1,1,1,1,1,1,1,1,1,1,1,1,1,1,1,1,1,1,1
OTU_4784,1,1,1,1,1,1,1,1,1,1,1,1,1,1,1,1,1,1,1,1,1,1,1,1,1,1,1,1,1,1,1,1,1,1,1,1,1,1,1,1,1,1,1,1,1,1,1,1,1,1
OTU_4785,1,1,1,1,1,1,1,1,1,1,1,1,1,1,1,1,1,1,1,1,1,1,1,1,1,1,1,1,1,1,1,1,1,1,1,1,1,1,1,1,1,1,1,1,1,1,1,1,1,1
OTU_4786,1,1,1,1,1,1,1,1,1,1,1,1,1,1,1,1,1,1,1,1,1,1,1,1,1,1,1,1,1,1,1,1,1,1,1,1,1,1,1,1,1,1,1,1,1,1,1,1,1,1
OTU_4787,1,1,1,1,1,1,1,1,1,1,1,1,1,1,1,1,1,1,1,1,1,1,1,1,1,1,1,1,1,1,1,1,1,1,1,1,1,1,1,1,1,1,1,1,1,1,1,1,1,1
OTU_4788,1,1,1,1,1,1,1,1,1,1,1,1,1,1,1,1,1,1,1,1,1,1,1,1,1,1,1,1,1,1,1,1,1,1,1,1,1,1,1,1,1,1,1,1,1,1,1,1,1,1
OTU_4789,1,1,10,26,106,1,49,13,20,1,1,12,1,203,35,8,10,1,1,1,3,1,36,88,22,1,1,2,2,1,2,1,3,5,1,1,1,1,1,1,1,157,48,2,3,77,15,1,1,1
OTU_4790,1,1,1,1,1,1,1,1,1,1,1,1,1,1,1,1,1,1,1,1,1,1,1,1,1,1,1,1,1,1,1,1,1,1,1,1,1,1,1,1,1,1,1,1,1,1,2,1,1,1
OTU_4791,1,1,1,1,1,1,1,1,1,1,1,1,1,1,1,1,1,1,1,1,1,1,1,1,1,1,1,1,1,1,1,1,1,1,1,1,1,1,1,1,1,1,1,1,1,1,1,1,1,1
OTU_4792,1,1,1,1,1,1,1,1,1,1,1,1,1,1,1,1,1,1,1,1,1,1,1,1,1,1,1,1,1,1,1,1,1,1,1,1,1,1,1,1,1,1,1,1,1,1,1,1,1,1
OTU_4793,25,58,37,79,113,697,145,43,169,7,3,82,76,63,199,25,378,61,129,391,82,15,11,322,23,8,43,99,279,3,51,1,165,5,530,3,4,2,28,5,52,162,40,164,15,99,336,36,216,1
OTU_4794,1,1,12,1,31,2,1,1,1,1,1,1,4,1,3,1,1,1,14,51,1,1,1,1,1,2,1,1,1,1,1,2,1,1,1,1,1,1,69,1,17,1,1,1,1,28,1,1,1,1
OTU_4795,1,1,1,1,1,1,1,1,1,1,1,1,1,1,1,1,2,1,1,1,1,1,1,1,1,1,1,1,1,1,1,1,1,1,1,1,1,1,1,1,1,1,1,1,1,48,1,1,1,1
OTU_4796,1,1,1,1,1,1,1,1,1,1,1,1,1,1,1,1,1,1,1,1,1,1,1,1,1,1,1,1,1,1,1,1,1,1,1,1,1,1,1,1,1,1,1,1,1,1,1,1,1,1
OTU_4797,1,1,1,1,1,1,1,1,1,1,1,1,1,1,1,1,1,1,1,1,1,1,1,1,1,1,1,1,1,1,1,1,1,1,1,1,1,1,1,1,1,1,1,1,1,1,1,1,1,1
OTU_4798,1,1,1,1,1,1,1,1,1,1,1,1,1,1,1,1,1,1,1,1,1,1,1,1,1,1,1,1,1,1,1,1,1,1,1,1,1,90,1,1,1,1,1,1,1,1,1,1,1,1
OTU_4799,1,1,1,1,1,1,1,1,1,1,1,1,1,1,1,1,1,1,1,1,1,1,1,1,1,1,1,1,1,1,1,1,1,1,1,1,1,1,1,1,1,1,1,1,1,1,1,1,1,1
OTU_4800,1,1,1,1,1,1,1,1,1,136,1,1,1,1,1,1,1,1,1,1,1,1,1,1,1,1,1,1,1,13,1,1,1,1,1,1,1,1,1,1,1,1,1,1,1,1,1,1,1,1
OTU_4801,1,1,1,1,1,94,1,1,1,1,1,1,2,1,1,1,1,1,1,1,1,1,1,1,1,1,1,1,1,1,1,1,1,1,1,1,1,1,1,1,1,1,1,1,1,1,1,1,1,1
OTU_4802,1,1,1,1,1,1,1,1,1,1,1,1,1,1,1,1,1,1,1,15,1,1,1,1,1,1,1,1,1,1,1,1,1,1,1,1,1,1,1,1,1,1,1,1,1,1,1,1,1,1
OTU_4803,1,1,1,1,1,1,1,1,1,1,8,1,1,6,1,1,1,1,1,1,1,1,1,1,1,1,1,1,1,1,2,1,1,1,1,1,1,1,1,1,1,1,1,2,1,1,1,1,1,1
OTU_4804,1,1,1,1,1,1,1,1,1,1,1,1,1,1,1,1,1,1,1,1,1,1,1,1,1,1,1,1,1,1,1,1,1,1,1,1,1,1,1,1,1,1,1,1,1,1,1,1,1,1
OTU_4805,1,1,1,1,1,1,1,1,1,1,1,1,1,1,1,1,1,1,1,1,1,1,1,1,1,1,1,1,1,1,1,1,1,1,1,1,1,1,1,1,1,1,1,1,1,1,1,1,1,1
OTU_4806,1,1,1,1,1,1,1,1,1,1,1,1,1,1,1,1,1,1,1,1,1,1,1,1,1,1,1,1,1,1,1,1,1,1,1,1,1,2,1,1,1,1,1,1,1,1,1,1,1,1
OTU_4807,1,1,1,1,1,1,1,1,1,1,1,1,1,1,1,1,1,1,1,1,1,1,1,1,1,1,1,1,1,1,1,1,1,1,1,1,1,1,1,1,1,1,1,1,1,1,1,1,1,1
OTU_4808,1,1,1,1,1,1,1,1,1,1,1,1,1,1,1,1,1,1,1,1,1,1,1,1,1,1,1,1,1,1,1,1,1,1,1,1,1,1,1,1,1,1,1,1,1,1,1,1,1,1
OTU_4809,1,1,1,1,1,1,1,1,1,1,1,1,1,1,1,1,1,1,1,1,1,1,1,1,1,1,1,1,1,1,1,1,1,1,1,1,1,1,1,1,1,1,1,1,1,1,1,1,1,1
OTU_4810,1,1,1,1,1,1,1,1,1,1,1,1,1,1,1,1,1,1,1,1,1,1,1,1,1,1,1,1,1,1,1,1,1,1,1,1,1,1,1,1,1,1,1,1,1,1,1,1,1,1
OTU_4811,215,27,588,64,735,578,291,199,240,142,184,502,102,519,279,236,129,156,70,82,88,43,122,82,264,776,454,168,179,401,249,128,260,153,400,644,160,162,65,283,246,201,224,276,94,175,375,512,159,271
OTU_4812,1,1,1,1,1,1,1,1,1,1,1,1,1,1,1,1,1,1,1,1,1,1,1,1,1,1,1,1,1,1,1,1,1,1,1,1,1,1,1,1,1,1,1,1,1,1,1,1,1,1
OTU_4813,1,1,1,1,1,1,1,2,1,3,1,1,3,1,83,1,15,1,1,1,3,10,1,1,2,1,1,4,1,1,1,1,1,1,1,1,1,22,1,228,1,1,1,1,1,1,1,1,3,2
OTU_4814,1,1,1,1,1,1,1,1,1,1,1,1,1,1,1,1,1,1,1,1,1,1,1,1,1,1,1,1,1,1,1,1,1,1,1,1,1,1,1,1,1,1,1,1,1,1,1,1,1,1
OTU_4815,1,1,1,2,1,1,1,1,1,1,1,1,1,1,1,1,1,1,16,1,1,1,1,1,1,1,8,1,1,1,1,1,1,1,1,1,1,1,1,1,1,1,1,1,1,5,1,1,76,1
OTU_4816,1,1,1,1,1,1,1,1,1,1,1,1,1,1,1,1,1,1,1,1,1,1,1,1,1,1,1,1,1,1,1,1,1,1,1,1,1,1,1,1,1,1,1,1,1,1,1,1,1,1
OTU_4817,1,2,5,1,1,10,5,1,171,65,2,1,1,1,1,1,14,1,18,98,1,1,84,1,1,7,1,5,1,16,50,1,1,16,59,10,1,1,5,213,1,1,13,6,1,1,1,76,343,2
OTU_4818,1,111,3,11,124,2,194,32,11,22,255,4,41,1,31,1,3,54,2,28,1,75,1,1,12,7,8,23,112,1,5,17,62,1,71,123,14,206,16,1,2,10,1,32,80,132,1,93,1,1
OTU_4819,57,147,94,1,5,1,1,18,2,1,1,103,30,9,3,121,1,80,15,15,117,6,110,45,11,80,2,38,21,1,6,1,101,1,1,1,33,7,3,29,166,8,28,18,139,1,2,86,112,208
OTU_4820,1,1,1,1,1,1,1,1,1,1,1,1,1,1,1,1,1,1,1,1,1,1,1,1,1,1,1,1,1,1,1,1,1,1,1,1,1,1,1,1,1,1,1,1,1,1,1,1,1,1
OTU_4821,1,1,1,1,1,1,1,1,1,1,1,1,1,25,1,1,1,1,1,1,1,1,1,1,1,1,1,1,1,2,1,4,1,1,1,1,1,1,1,1,1,1,20,1,13,1,1,87,1,1
OTU_4822,1,1,1,1,1,1,1,1,1,1,1,1,1,1,1,1,1,1,1,1,1,1,1,1,1,1,1,1,1,1,1,1,1,1,1,1,1,1,1,1,1,1,1,1,1,1,1,1,1,1
OTU_4823,1,1,1,1,1,1,1,1,1,1,1,1,1,1,1,1,1,1,1,1,1,1,1,1,1,1,1,1,1,1,1,1,1,1,1,1,1,1,1,1,1,1,1,1,1,1,1,1,1,1
OTU_4824,1,1,1,1,1,1,1,1,1,1,1,1,1,1,1,1,1,1,1,1,1,1,1,1,1,1,1,1,1,1,1,1,1,1,1,1,1,1,1,1,1,1,1,1,1,1,1,1,1,1
OTU_4825,1,1,1,1,1,1,1,7,3,1,18,1,3,1,1,2,1,20,9,1,1,3,1,1,1,18,1,1,86,1,1,95,7,1,2,2,1,1,1,1,1,8,1,1,45,1,1,1,1,1
OTU_4826,1,1,1,1,1,1,1,1,1,1,1,1,1,1,1,1,1,1,1,1,1,1,1,1,1,1,1,1,1,1,1,1,1,1,1,1,1,1,1,1,1,1,1,1,1,1,1,1,1,1
OTU_4827,19,106,132,10,32,563,37,419,5,140,32,15,1,100,37,1,1,114,49,183,7,367,314,53,198,273,4,13,6,30,308,1,261,121,58,70,1,14,163,17,56,52,11,456,23,11,363,3,72,12
OTU_4828,1,1,1,1,1,1,1,1,1,1,1,1,1,1,1,1,1,1,1,1,1,1,1,1,1,1,1,1,1,1,1,1,1,1,1,1,1,1,1,1,1,1,1,1,1,1,1,1,1,1
OTU_4829,1,1,1,1,1,1,1,1,1,1,1,1,1,1,1,1,1,1,1,1,1,1,1,1,1,1,1,1,1,1,1,1,1,1,1,1,1,1,1,1,1,1,1,1,1,1,1,1,1,1
OTU_4830,1,1,1,1,1,1,2,1,1,1,1,1,1,1,1,1,1,1,1,1,1,1,1,1,1,1,1,1,6,1,1,1,1,1,1,1,1,1,1,1,1,1,1,1,1,1,1,1,1,1
OTU_4831,41,1,1,1,1,1,1,1,1,1,1,1,1,1,1,1,1,1,1,1,1,1,1,1,1,1,1,1,1,1,1,1,1,1,1,1,1,1,1,1,1,1,1,1,1,1,1,1,1,1
OTU_4832,1,1,1,1,1,1,1,1,2,1,1,1,1,1,36,1,1,1,1,1,1,1,1,1,1,1,1,1,1,1,1,1,1,1,1,1,1,1,1,1,1,1,1,1,1,1,1,1,1,1
OTU_4833,1,1,1,1,1,1,1,1,1,1,1,1,1,1,1,1,1,1,1,1,1,1,1,1,1,1,1,1,1,1,1,1,1,1,1,1,1,1,1,1,1,1,1,1,1,1,1,1,1,1
OTU_4834,1,1,1,1,1,1,1,1,1,1,1,1,1,1,1,1,1,1,1,1,1,1,1,1,1,1,1,1,1,1,1,1,1,1,1,1,1,1,1,1,1,1,1,1,1,1,1,1,1,1
OTU_4835,1,1,1,1,1,1,1,1,1,1,1,1,1,1,1,1,1,1,1,1,1,1,1,1,1,1,1,1,1,1,1,1,1,1,1,1,1,1,1,1,1,1,1,1,1,1,1,1,1,1
OTU_4836,1,1,1,1,1,1,1,1,1,1,1,1,1,1,1,1,1,1,1,1,1,1,1,1,1,1,1,1,1,1,1,1,1,1,1,1,1,1,1,1,1,1,1,1,1,1,1,1,1,1
OTU_4837,1,1,1,1,1,1,1,1,1,1,1,1,1,1,1,1,1,1,1,1,1,1,1,1,1,1,1,1,1,1,1,1,1,1,1,1,1,1,1,1,1,1,1,1,1,1,1,1,1,1
OTU_4838,1,1,1,1,1,1,1,1,1,1,1,1,1,1,1,1,1,1,1,1,1,1,1,1,1,1,1,1,1,1,1,1,1,1,1,1,1,1,1,1,1,1,1,1,1,1,1,1,1,1
OTU_4839,1,1,1,1,1,1,1,1,1,1,1,1,1,1,1,1,1,1,1,1,1,1,1,1,1,1,1,1,1,1,1,1,1,1,1,1,1,1,1,1,1,1,1,1,1,1,1,1,1,1
OTU_4840,1,1,1,5,1,1,1,1,1,1,1,1,1,1,1,41,1,1,1,1,7,1,1,1,1,1,1,1,1,1,1,1,1,1,1,1,1,1,1,1,1,1,1,4,1,1,1,1,1,1
OTU_4841,1,1,1,1,1,1,1,1,1,1,1,1,1,1,1,1,79,1,1,1,1,1,1,1,1,1,1,1,1,1,1,1,1,1,1,1,1,1,1,1,1,1,1,1,1,1,1,1,1,1
OTU_4842,1,1,1,30,1,1,1,1,1,1,2,1,1,1,1,1,1,1,1,1,1,1,1,1,1,1,1,1,1,1,1,1,1,1,1,1,1,1,1,1,4,1,2,1,2,1,1,2,4,1
OTU_4843,1,1,1,1,1,1,1,1,1,1,1,1,1,1,1,1,1,1,1,1,1,1,1,1,1,1,1,1,1,1,1,1,1,1,1,1,1,1,1,1,1,1,1,1,1,1,1,1,1,1
OTU_4844,1,1,1,1,1,1,1,1,1,1,1,1,1,1,1,1,1,1,1,1,1,1,1,1,1,1,1,1,1,1,1,1,1,1,1,1,1,1,1,1,1,1,1,1,1,1,1,1,1,1
OTU_4845,1,1,1,1,1,1,1,1,1,1,1,1,1,1,1,1,1,1,1,1,1,1,1,1,1,1,1,1,1,1,1,1,1,1,1,1,1,1,1,1,1,1,1,1,1,1,1,1,1,1
OTU_4846,3,40,65,35,383,5,394,4,1,53,7,1,495,1,64,4,1,269,39,39,52,92,11,45,2,43,1,6,74,81,60,8,1,130,426,160,170,11,222,3,14,6,1,32,1,120,4,185,5,82
OTU_4847,1,1,1,1,1,1,1,1,1,1,1,1,1,1,1,1,1,1,1,1,1,1,1,1,1,1,1,1,1,1,1,1,1,1,1,1,1,1,1,1,1,1,1,1,1,1,1,1,1,1
OTU_4848,23,1,112,27,18,1,1,393,1,158,1,3,1,2,1,39,14,9,93,42,1,48,59,3,2,22,10,14,4,246,142,4,7,1,17,8,8,36,2,3,45,1,1,110,16,2,114,1,1,60
OTU_4849,1,1,1,1,1,1,1,1,1,1,1,1,1,1,1,1,1,1,1,1,1,1,1,1,1,1,1,1,1,1,1,1,1,1,1,1,1,1,1,1,1,1,1,1,1,1,1,1,1,1
OTU_4850,1,1,1,1,1,1,1,1,1,1,1,1,1,1,1,1,1,1,1,1,1,1,1,1,1,1,1,1,1,1,1,1,1,1,1,1,1,1,1,1,1,1,1,1,1,1,1,1,1,1
OTU_4851,1,1,1,1,1,1,1,1,1,1,1,1,1,1,1,1,1,1,1,1,1,1,1,1,1,1,1,1,1,1,1,1,1,1,1,1,1,1,1,1,1,1,1,1,1,1,1,1,1,1
OTU_4852,1,1,1,1,2,1,1,1,4,1,146,1,1,2,1,8,1,1,5,8,12,1,5,3,1,1,1,1,1,1,1,1,3,1,1,1,1,1,59,2,1,1,1,1,1,103,1,1,1,1
OTU_4853,1,1,1,1,1,1,1,1,1,1,25,1,1,1,1,1,1,1,1,1,1,1,1,1,1,1,1,1,1,1,1,1,1,1,1,1,1,1,1,1,1,1,1,1,1,1,1,1,1,1
OTU_4854,1,1,1,1,1,1,1,1,1,1,1,4,1,1,1,1,1,1,1,1,1,1,1,1,1,1,1,1,1,1,1,1,1,1,1,1,1,1,1,1,1,1,1,1,2,1,1,1,1,1
OTU_4855,1,1,1,1,1,1,1,1,1,1,1,1,1,1,1,1,1,1,1,1,1,1,1,1,1,1,1,1,1,1,1,1,1,1,1,1,1,1,1,1,1,1,1,1,1,1,1,1,1,1
OTU_4856,1,1,1,1,1,1,1,1,1,1,1,1,1,1,1,1,1,1,1,1,1,1,1,1,1,1,1,1,1,1,1,1,1,1,1,1,1,1,1,1,1,1,1,1,1,1,1,1,1,1
OTU_4857,1,1,1,1,1,1,1,1,1,1,1,1,1,1,1,1,1,1,1,1,1,1,1,1,1,1,1,1,1,1,1,1,1,1,1,1,1,1,1,1,1,1,1,1,1,1,1,1,1,1
OTU_4858,1,1,1,1,1,1,1,1,1,1,1,1,1,1,1,1,1,1,1,1,1,1,1,1,1,1,1,1,1,1,1,1,1,1,1,1,1,1,1,1,1,1,1,1,1,1,1,1,1,1
OTU_4859,1,1,1,1,1,1,1,1,1,1,1,1,1,1,1,1,1,1,1,1,1,1,1,1,1,1,1,1,1,1,1,1,1,1,1,1,1,1,1,1,1,1,1,1,1,1,1,1,1,1
OTU_4860,1,1,1,1,1,1,1,1,1,1,1,1,1,1,1,1,1,1,1,1,1,1,1,1,1,1,1,1,1,1,1,1,1,1,1,1,1,1,1,1,1,1,1,1,1,1,1,1,1,1
OTU_4861,1,1,1,1,1,1,1,1,1,1,1,1,1,1,1,1,1,1,1,1,1,1,1,1,1,1,1,1,1,1,1,1,1,1,1,1,1,1,1,1,1,1,1,1,1,1,1,1,1,1
OTU_4862,1,1,1,1,1,1,1,1,1,1,1,1,1,1,1,1,1,1,1,1,1,1,1,1,1,1,1,1,1,1,1,1,71,1,1,1,1,1,1,1,1,1,1,1,1,1,1,1,1,1
OTU_4863,1,1,1,1,1,1,1,1,1,1,1,1,1,1,1,1,1,1,1,1,1,1,1,1,1,1,1,1,1,1,1,1,1,1,1,1,1,1,1,1,1,1,1,1,1,1,1,1,1,1
OTU_4864,1,8,46,1,2,85,12,7,36,1,12,11,5,18,281,143,247,1,100,78,2,5,1,1,10,1,1,174,3,7,1,14,29,1,22,20,8,15,8,1,1,1,1,3,70,2,1,189,6,2
OTU_4865,23,4,53,3,457,144,42,8,86,1,13,142,30,14,26,18,1,1,696,5,43,1,13,1,67,19,1,93,6,423,59,30,14,786,1,167,253,41,1,1,5,75,2,61,75,103,18,103,5,58
OTU_4866,1,1,1,1,1,1,1,1,1,1,1,1,1,1,1,1,1,1,1,1,1,1,1,1,1,1,1,1,1,1,1,1,1,1,1,1,1,1,1,1,1,1,1,1,1,1,1,1,1,1
OTU_4867,3,1,126,26,10,4,7,71,20,1,9,7,112,609,57,256,17,92,78,138,17,3,61,11,12,111,33,240,5,146,167,30,54,82,19,18,47,44,61,12,22,57,1,185,12,80,26,131,507,578
OTU_4868,1,1,1,1,1,1,1,1,1,1,1,1,1,1,1,1,1,1,1,1,1,1,1,1,1,1,1,1,1,1,1,1,1,1,1,1,1,1,1,1,1,1,1,1,1,1,1,1,1,1
OTU_4869,1,1,1,1,1,1,1,1,1,1,1,1,1,1,1,1,1,1,1,1,1,1,1,1,1,1,1,1,1,1,1,1,1,1,1,1,1,1,1,1,1,1,1,1,1,1,1,1,1,1
OTU_4870,1,1,1,1,1,1,1,1,1,1,1,1,1,1,1,1,1,1,1,1,1,1,1,1,1,1,1,1,1,1,1,1,1,1,1,1,1,1,1,1,1,1,1,1,1,1,1,1,1,1
OTU_4871,10,19,2,1,97,1,1,1,1,1,1,1,83,40,1,1,1,1,275,1,6,1,103,1,58,1,3,46,1,93,89,1,1,1,35,1,1,49,1,1,5,7,6,1,1,5,68,1,16,1
OTU_4872,1,1,1,1,1,1,99,1,1,1,1,1,5,2,1,1,1,1,1,1,1,1,1,1,1,1,1,1,1,1,1,1,2,2,1,1,1,1,1,1,1,1,1,1,1,1,1,1,1,1
OTU_4873,14,1,1,247,1,33,1,23,1,5,1,3,1,245,1,1,1,10,1,20,1,1,3,1,1,1,14,1,1,1,1,3,14,1,37,1,1,1,4,1,4,40,80,2,1,25,1,2,2,1
OTU_4874,1,1,1,1,1,3,1,1,1,1,1,1,1,1,1,1,1,1,1,1,1,1,1,1,1,1,1,1,1,1,1,1,1,1,1,1,1,1,1,1,1,1,1,1,1,1,1,1,1,1
OTU_4875,1,1,1,1,1,1,1,1,1,1,1,1,1,1,1,1,1,1,1,1,1,1,1,1,1,1,1,1,1,1,1,1,1,1,1,1,2,1,1,1,1,1,1,1,1,1,1,1,1,1
OTU_4876,1,1,1,1,1,1,1,1,1,1,1,1,1,1,1,1,1,1,1,1,1,1,1,1,1,1,1,1,1,1,1,1,1,1,1,1,1,1,1,1,1,1,1,1,1,1,1,1,1,1
OTU_4877,1,1,1,1,1,1,1,1,1,1,1,1,1,1,1,1,1,1,1,1,1,1,1,1,1,1,1,1,1,1,1,1,1,1,1,1,1,1,1,1,1,1,1,1,1,1,1,1,1,1
OTU_4878,2,1,26,5,21,5,1,1,161,8,1,21,183,13,9,2,35,1,6,269,214,11,488,27,17,133,1,7,85,1,79,148,272,1,1,36,4,7,148,10,155,39,14,12,426,2,1,369,4,1
OTU_4879,1,1,1,1,1,1,6,17,1,5,2,519,1,8,1,1,1,1,2,1,33,1,14,1,1,1,1,1,1,49,111,1,1,5,1,1,5,9,1,2,2,5,1,1,1,246,58,1,76,1
OTU_4880,1,263,1,1,9,1,1,1,1,3,1,1,113,1,1,1,1,1,7,1,1,1,1,1,1,1,1,1,14,1,1,1,1,1,1,1,1,35,1,1,1,1,1,2,1,1,1,1,14,1
OTU_4881,1,1,1,1,1,1,1,1,1,1,1,1,1,1,1,1,1,1,1,1,1,1,1,1,1,1,1,1,1,1,1,1,1,1,1,1,1,1,1,1,1,1,1,1,1,1,1,1,1,1
OTU_4882,1,1,1,1,1,1,1,1,1,1,1,1,1,1,1,1,1,1,1,1,1,1,1,1,1,1,1,1,1,1,1,1,1,1,1,1,1,1,1,1,1,1,1,1,1,1,1,1,1,1
OTU_4883,1,1,1,1,1,1,1,1,1,1,1,1,1,1,1,1,1,1,1,1,1,1,1,1,1,1,1,1,1,1,1,1,1,1,1,1,1,1,1,1,1,1,1,1,1,1,1,1,1,1
OTU_4884,1,1,1,1,1,1,1,1,1,1,1,1,1,1,1,1,1,1,1,1,1,1,1,1,1,1,1,1,1,1,1,1,1,1,1,1,1,1,1,1,1,1,1,1,1,1,1,1,1,1
OTU_4885,4,1,116,131,80,6,1,241,1,1,28,84,1,1,1,94,4,1,1,237,108,67,3,31,1,41,184,64,106,1,9,1,56,1,33,78,1,1,25,2,1,1,285,22,15,1,58,459,16,347
OTU_4886,1,1,1,1,1,1,1,1,1,1,1,1,1,1,1,1,1,1,1,1,1,1,1,1,1,1,1,1,1,1,1,1,1,1,1,1,1,1,1,1,1,1,1,1,1,1,1,1,1,1
OTU_4887,1,1,1,1,1,1,1,1,1,1,1,1,1,1,1,1,1,1,1,1,1,1,1,1,1,1,1,1,1,1,1,1,1,1,1,1,1,1,1,1,1,1,1,1,1,1,1,1,1,1
OTU_4888,1,8,6,1,8,9,40,34,25,9,124,415,1,28,48,13,4,1,9,50,21,203,21,2,39,41,126,246,180,82,78,2,26,5,2,38,47,87,4,381,301,7,237,14,227,16,75,1,56,16
OTU_4889,1,1,1,1,1,1,1,1,1,1,1,1,1,1,1,1,1,1,1,1,1,1,1,1,1,1,1,1,1,1,1,1,1,1,1,1,1,1,1,1,1,1,1,1,1,1,1,1,1,1
OTU_4890,1,1,1,1,1,1,1,1,1,1,1,1,1,1,1,1,1,1,1,1,1,1,1,1,1,1,1,1,1,1,1,1,1,1,1,1,1,1,1,1,1,1,1,1,1,1,1,1,1,1
OTU_4891,9,1,4,1,8,9,136,13,1,54,1,2,2,66,2,1,3,100,5,1,8,2,5,2,295,1,2,1,3,1,143,147,1,43,1,43,2,5,1,4,29,1,1,6,1,162,53,109,1,1
OTU_4892,1,1,1,1,1,1,1,1,1,1,1,1,1,1,1,1,1,1,1,1,1,1,1,1,1,1,1,1,1,1,1,1,1,1,1,1,1,1,1,1,1,1,1,1,1,1,1,1,1,1
OTU_4893,1,1,1,1,1,1,1,1,1,1,1,1,1,1,1,1,1,1,1,1,1,1,1,1,1,1,1,1,1,1,1,1,1,1,1,1,1,1,1,1,1,1,1,1,1,1,1,1,1,1
OTU_4894,1,1,1,1,1,1,1,1,1,1,1,1,1,1,1,1,1,1,1,1,1,1,1,1,1,1,1,1,1,1,1,1,1,1,1,1,1,1,1,1,1,1,1,1,1,1,1,1,1,1
OTU_4895,1,1,5,18,2,4,1,3,14,1,1,30,47,17,1,2,47,14,231,1,28,4,34,3,24,2,2,11,30,1,2,39,2,282,1,7,4,60,1,1,2,3,2,2,1,8,1,10,2,9
OTU_4896,1,1,1,1,13,1,1,38,1,1,1,1,1,1,1,1,2,1,1,5,1,1,2,1,1,1,1,1,1,1,1,1,1,1,80,115,3,1,1,1,1,4,1,1,1,1,1,1,1,1
OTU_4897,1,1,1,2,1,1,1,1,1,1,1,1,1,1,1,1,2,1,2,1,1,1,1,1,1,1,1,1,1,1,1,1,1,1,1,193,1,1,35,1,1,1,1,1,12,1,1,1,1,1
OTU_4898,1,1,1,1,1,1,1,1,1,1,1,1,1,1,1,1,1,1,1,1,1,1,1,1,1,1,1,1,1,1,1,1,1,1,1,1,1,1,1,1,1,1,1,1,1,1,1,1,1,1
OTU_4899,1,1,1,1,1,1,1,1,1,1,1,1,1,1,1,1,1,1,1,1,1,1,1,1,1,1,1,1,1,1,1,1,1,1,1,1,1,1,1,1,1,1,1,1,1,1,1,1,1,1
OTU_4900,1,1,1,1,1,1,1,1,1,1,1,1,1,1,1,1,1,1,1,1,38,1,1,1,1,1,1,1,1,1,1,1,1,1,1,1,1,1,1,1,1,1,1,1,1,11,1,1,22,1
OTU_4901,1,1,1,1,1,1,1,1,1,1,1,61,1,1,1,1,1,1,1,1,1,1,1,1,1,1,1,1,1,1,1,1,1,1,1,1,1,1,1,1,1,1,1,1,1,1,1,1,1,1
OTU_4902,331,48,204,11,41,3,44,5,1,19,11,73,117,22,38,1,104,40,2,6,6,41,5,595,264,1,21,273,82,2,20,78,1,1,1,138,117,1,8,7,113,9,41,1,1,1,1,1,87,3
OTU_4903,1,1,1,1,1,1,1,1,1,1,1,1,1,1,1,1,1,1,1,1,1,1,1,1,1,1,1,1,1,1,1,1,1,1,1,1,1,1,1,1,1,1,1,1,1,1,1,1,1,1
OTU_4904,1,1,1,1,1,1,1,1,1,1,1,1,1,1,1,1,1,1,1,1,1,1,1,1,1,1,1,1,1,1,1,1,1,1,1,1,1,1,1,1,1,1,1,1,1,1,1,1,1,1
OTU_4905,1,1,1,1,1,1,1,1,1,1,1,1,1,1,1,1,1,1,1,1,1,1,1,1,1,1,1,1,1,1,1,1,1,1,1,1,1,1,1,1,1,1,1,1,1,1,1,1,1,1
OTU_4906,1,1,1,1,1,1,1,1,1,1,1,1,1,1,1,1,1,1,1,1,1,1,1,7,1,1,1,1,1,1,1,1,1,1,1,1,1,1,1,1,1,1,1,1,1,1,1,1,1,1
OTU_4907,1,1,1,1,1,1,1,1,30,1,1,1,1,1,1,1,1,1,1,1,1,1,1,1,1,1,1,1,1,38,1,16,1,1,1,1,1,1,1,1,127,1,72,1,1,1,4,1,1,1
OTU_4908,213,5,3,6,2,1,1,3,1,235,59,31,11,30,3,11,1,14,16,1,295,2,23,47,4,1,40,1,9,55,178,1,1,2,22,56,80,1,7,146,1,1,1,1,152,1,1,1,10,1
OTU_4909,1,1,1,1,1,1,1,1,1,1,1,1,1,1,1,1,1,1,1,1,1,1,1,1,1,1,1,1,1,1,1,1,1,1,1,1,1,1,1,1,1,1,1,1,1,1,1,1,1,1
OTU_4910,1,1,1,1,1,1,1,1,1,1,1,1,1,1,1,1,1,1,1,1,1,1,1,1,1,1,1,1,1,1,1,1,1,1,1,1,1,1,1,1,1,1,1,1,1,1,1,1,1,1
OTU_4911,1,1,1,1,1,1,1,1,1,1,1,1,1,1,1,1,1,1,1,1,1,1,1,1,1,1,1,1,1,1,1,1,1,1,1,1,1,1,1,1,1,1,1,1,1,1,1,1,1,1
OTU_4912,21,213,412,13,113,13,115,206,11,87,10,160,79,26,74,189,136,248,15,1,44,68,11,39,6,105,160,178,274,3,79,4,39,60,13,180,21,3,1,1,134,203,90,39,179,201,147,121,25,34
OTU_4913,1,1,1,1,1,1,1,1,1,1,1,1,1,1,1,1,1,1,1,1,1,1,1,1,1,1,1,1,1,1,1,1,1,1,1,1,1,1,1,1,1,1,1,1,1,1,1,1,1,1
OTU_4914,32,1,1,1,1,1,1,1,1,1,1,4,1,1,1,1,1,4,22,1,1,1,6,1,1,1,1,1,1,1,1,1,19,1,1,70,1,60,2,1,4,1,1,1,1,1,1,18,147,1
OTU_4915,1,1,1,1,1,1,1,1,1,1,1,1,1,1,1,1,1,1,1,1,1,1,1,1,1,1,1,1,1,1,1,1,1,1,1,1,1,1,1,1,1,1,1,1,1,1,1,1,1,1
OTU_4916,1,1,1,48,2,1,1,1,1,1,1,1,2,1,1,41,63,1,25,1,1,1,1,1,1,1,1,275,1,1,1,23,7,1,1,1,1,1,1,1,1,1,1,1,1,1,1,1,1,1
OTU_4917,1,1,1,1,1,1,1,1,1,1,1,1,1,1,1,1,1,1,1,1,1,1,1,1,1,1,1,1,1,1,1,1,1,1,1,1,1,1,1,1,1,1,1,1,1,1,1,1,1,1
OTU_4918,1,1,1,1,1,1,1,1,1,1,1,1,1,1,1,1,1,1,1,1,1,1,1,1,1,1,1,1,1,1,1,1,1,1,1,1,1,1,1,1,1,1,1,1,1,1,1,1,1,1
OTU_4919,1,1,1,1,1,1,1,1,1,1,1,1,1,1,1,1,1,1,1,1,1,1,1,1,3,1,1,1,1,1,1,1,1,1,1,1,1,1,1,1,1,1,1,1,1,1,1,1,1,1
OTU_4920,61,38,4,7,13,1,69,29,69,3,1,1,72,141,2,171,5,1,11,30,13,10,1,1,17,22,81,1,7,531,25,64,167,52,88,1,6,43,1,2,32,206,111,11,37,14,171,150,27,1
OTU_4921,1,1,1,1,1,1,1,1,1,1,1,1,1,1,1,1,1,1,1,1,1,1,1,1,1,1,1,1,1,1,1,1,1,1,1,1,1,1,1,1,1,1,1,1,1,1,1,1,1,1
OTU_4922,1,1,1,1,1,1,1,1,22,1,1,1,1,1,1,3,1,1,1,47,1,28,1,1,1,1,1,1,1,1,1,1,1,1,1,1,1,1,1,1,1,1,1,1,1,1,1,1,1,1
OTU_4923,1,1,1,1,1,5,1,1,1,1,1,1,1,1,1,1,1,1,1,1,1,1,1,1,1,1,1,1,1,1,1,1,1,1,1,1,1,1,1,1,1,1,1,1,2,3,4,1,1,1
OTU_4924,1,1,1,1,1,1,1,1,1,1,1,1,1,1,1,1,1,1,1,1,1,1,1,1,1,1,1,1,1,1,1,1,1,1,1,1,1,1,1,1,1,1,1,1,1,1,1,1,1,1
OTU_4925,1,1,1,1,1,1,1,5,1,13,1,1,1,1,1,1,2,1,3,1,1,2,1,1,9,1,1,1,1,1,1,1,1,1,35,1,1,1,1,2,1,1,1,1,1,1,1,1,1,1
OTU_4926,1,1,1,1,1,1,1,1,1,1,1,1,1,1,1,1,1,1,1,1,1,1,1,1,1,1,1,1,1,1,1,1,1,1,1,1,1,1,1,1,1,1,1,1,1,1,1,1,1,1
OTU_4927,1,1,1,1,1,1,1,1,1,1,1,1,1,1,1,1,1,1,1,1,1,1,1,1,1,1,1,1,1,2,1,1,1,1,1,1,1,1,1,1,1,1,1,1,1,1,1,1,1,1
OTU_4928,1,1,1,1,1,1,1,1,1,1,1,1,1,1,1,1,1,1,1,1,1,1,1,1,1,1,1,1,1,1,1,1,1,1,1,1,1,1,1,1,1,1,1,1,1,1,1,1,1,1
OTU_4929,1,1,1,1,1,1,1,1,1,1,1,1,1,1,1,1,1,1,1,1,1,1,1,1,1,1,1,1,1,1,1,1,1,1,1,1,1,1,1,1,1,1,1,1,1,1,1,1,1,1
OTU_4930,1,1,1,1,1,1,1,1,1,1,1,1,1,1,1,1,1,1,1,1,1,1,1,1,1,1,1,1,1,1,1,1,1,1,1,1,1,1,1,1,1,1,1,1,1,1,1,1,1,1
OTU_4931,1,1,1,1,1,1,1,1,1,1,1,1,1,1,1,1,1,1,1,1,1,1,1,1,1,1,1,1,1,1,1,1,1,1,1,1,1,1,1,1,1,1,1,1,1,1,1,1,1,1
OTU_4932,1,1,1,1,1,1,1,1,1,1,1,1,1,1,1,1,1,1,1,1,1,1,1,1,1,1,1,1,1,1,1,1,1,1,1,1,1,1,1,1,1,1,1,1,1,1,1,1,1,1
OTU_4933,1,1,356,1,1,1,1,1,1,1,1,1,1,1,1,14,1,1,1,1,1,1,1,1,1,1,1,1,248,6,1,1,1,1,1,1,1,1,1,2,1,1,9,1,1,1,1,1,1,1
OTU_4934,1,7,1,1,1,1,1,1,1,1,1,1,4,1,1,1,19,1,1,1,8,4,1,1,1,1,1,1,1,1,1,1,1,1,1,2,1,1,1,1,131,59,1,1,1,1,1,1,1,1
OTU_4935,1,1,1,1,1,1,1,1,1,2,1,1,1,1,1,1,1,1,1,1,1,1,1,1,1,1,1,1,1,1,1,1,1,1,1,1,1,1,1,1,1,1,1,1,1,1,1,1,1,1
OTU_4936,1,1,1,1,1,1,1,1,1,1,4,1,1,1,1,1,1,1,1,1,1,1,29,4,1,1,2,1,1,1,1,1,3,1,1,1,1,1,1,1,1,1,1,8,25,65,1,68,1,1
OTU_4937,1,1,1,1,1,1,1,1,1,1,1,1,1,1,1,1,1,1,1,1,1,1,1,1,1,1,1,1,1,1,1,1,1,1,1,1,1,1,1,1,1,1,1,1,1,1,1,1,1,1
OTU_4938,1,1,1,1,1,1,1,1,1,1,1,1,16,1,1,1,1,1,1,1,1,1,1,1,1,1,1,1,1,1,1,1,1,1,1,1,1,1,1,1,1,1,1,1,1,1,1,1,1,1
OTU_4939,1,1,1,1,1,1,1,1,1,1,1,1,1,1,1,1,1,1,1,1,1,1,1,1,1,1,1,1,1,1,1,1,1,1,1,1,1,1,1,1,1,1,1,1,1,1,1,1,1,1
OTU_4940,1,1,1,1,1,1,1,1,1,1,1,1,1,1,1,1,1,1,1,1,1,1,1,1,1,1,1,1,1,1,1,1,1,1,1,1,1,1,1,1,1,1,1,1,1,1,1,1,1,1
OTU_4941,1,1,1,1,1,1,1,1,1,1,1,1,1,1,1,1,1,1,1,1,1,1,1,1,1,1,1,1,1,1,1,1,1,1,1,1,1,1,1,1,1,1,1,1,1,1,1,1,1,1
OTU_4942,1,1,1,1,1,1,1,1,1,1,1,1,1,1,1,1,1,36,1,1,1,1,1,1,1,1,1,1,1,1,1,1,1,1,1,1,1,1,1,1,1,1,1,1,1,1,1,1,1,1
OTU_4943,1,1,1,1,1,1,1,2,1,1,1,1,1,1,1,1,1,1,1,1,1,1,1,1,1,1,1,1,1,1,1,1,1,1,1,1,1,1,1,1,1,1,1,1,1,1,1,1,1,1
OTU_4944,1,1,1,1,1,1,1,1,1,1,1,1,1,1,1,1,1,1,1,1,1,1,1,1,1,1,1,1,1,1,1,1,1,1,1,1,1,1,1,1,1,1,1,1,1,1,1,1,1,1
OTU_4945,1,37,3,1,1,1,8,1,1,1,1,2,1,1,1,4,1,1,1,1,2,95,1,11,1,1,1,1,51,1,6,30,1,1,99,1,1,1,1,1,22,9,1,1,1,107,130,1,1,3
OTU_4946,1,1,1,1,1,1,1,1,1,1,1,1,1,1,1,1,1,1,1,1,1,1,1,1,1,1,1,1,1,1,1,1,1,1,1,1,1,1,1,1,1,1,1,1,1,1,1,1,1,1
OTU_4947,1,1,1,1,1,1,1,1,1,1,1,1,3,1,1,1,1,1,36,1,1,1,2,1,1,2,1,1,1,1,70,1,1,1,1,1,1,1,1,1,1,1,1,1,1,1,1,1,1,1
OTU_4948,1,1,1,1,1,1,1,1,1,1,1,1,1,1,1,1,1,1,1,1,1,1,1,1,1,1,1,1,1,1,1,1,1,1,1,1,1,1,1,1,1,1,1,1,1,1,1,1,1,1
OTU_4949,1,1,1,1,225,1,22,1,31,142,1,72,22,1,1,1,1,3,27,2,2,1,375,14,34,1,1,1,1,1,1,5,1,2,1,1,1,1,31,1,186,1,1,20,1,20,11,394,1,1
OTU_4950,1,1,1,1,1,2,1,1,1,1,1,1,1,1,1,1,1,1,1,1,1,1,1,1,1,1,1,1,1,1,1,1,1,1,1,1,1,1,1,1,1,1,1,1,1,1,1,1,1,1
OTU_4951,1,1,1,1,1,1,1,1,1,1,1,1,1,1,1,1,1,1,2,1,1,1,1,1,1,1,1,1,1,1,1,1,1,1,1,1,1,1,1,1,1,1,1,1,1,1,1,1,1,1
OTU_4952,1,1,1,1,1,1,1,1,1,1,1,1,1,1,1,1,1,1,1,1,1,1,1,1,1,1,1,1,1,1,1,1,1,1,1,1,1,1,1,1,1,1,1,1,1,1,1,1,1,1
OTU_4953,129,21,81,84,11,4,26,125,72,7,48,184,225,88,108,313,251,178,46,33,24,55,169,100,81,9,41,62,129,3,23,31,108,21,14,92,123,139,18,69,111,72,10,43,131,337,175,210,127,86
OTU_4954,24,44,1,12,148,8,60,11,5,5,1,1,1,4,16,1,1,2,2,409,1,2,3,2,1,11,1,1,2,1,1,6,1,1,1,5,6,2,237,12,1,1,3,24,9,55,1,1,4,74
OTU_4955,1,1,1,1,1,1,1,1,1,1,1,1,1,1,1,1,1,1,1,1,1,1,1,1,1,1,1,1,1,1,1,1,1,1,1,1,1,1,1,1,1,1,1,1,1,1,1,1,1,2
OTU_4956,1,1,1,1,1,1,1,1,1,1,1,1,1,1,1,1,1,1,1,1,1,1,1,1,1,1,1,1,1,1,1,1,1,1,1,1,1,1,1,1,1,1,1,1,1,1,1,1,1,1
OTU_4957,1,1,1,1,1,1,1,1,1,1,1,1,1,1,1,1,1,1,1,1,1,1,1,1,1,1,1,1,1,1,1,1,1,1,1,1,1,1,1,1,1,1,1,1,1,1,1,1,1,1
OTU_4958,1,1,1,1,1,1,1,1,1,1,1,1,1,1,1,1,1,1,1,1,1,1,1,1,1,1,1,1,1,1,1,1,1,1,1,1,1,1,1,1,1,1,1,1,1,1,1,1,1,1
OTU_4959,1,1,1,1,1,1,1,1,1,1,1,1,1,1,1,1,1,1,1,1,1,1,1,1,1,1,1,1,1,1,1,1,1,1,1,1,1,1,1,1,1,1,1,1,1,1,1,1,1,1
OTU_4960,1,1,1,1,1,1,1,2,1,1,1,1,1,1,704,1,3,1,1,1,1,1,1,1,1,1,1,1,1,1,1,1,1,1,1,1,1,1,1,1,1,1,1,1,1,1,1,1,1,1
OTU_4961,1,1,1,1,1,1,1,1,1,1,1,1,1,1,1,1,1,1,1,1,1,1,1,1,1,1,1,1,1,1,1,1,1,1,1,1,1,1,1,1,1,1,1,1,1,1,1,1,1,1
OTU_4962,1,1,1,1,1,1,1,1,1,1,1,1,1,1,1,1,1,1,1,1,1,1,1,1,1,1,1,1,1,1,1,1,1,1,1,1,1,1,1,1,1,1,1,1,1,1,1,1,1,1
OTU_4963,1,1,1,1,1,1,1,1,1,1,1,1,1,1,1,1,1,1,1,1,1,1,1,1,1,1,1,1,1,1,1,1,1,1,1,1,1,1,1,1,1,1,1,1,1,1,1,1,1,1
OTU_4964,1,1,1,1,1,1,1,1,1,1,1,1,1,1,1,1,1,1,1,1,1,1,1,1,1,1,1,1,1,1,1,1,1,1,1,1,1,1,1,1,1,1,1,1,1,1,1,1,1,1
OTU_4965,1,1,1,1,1,32,1,1,1,1,1,1,1,1,1,1,1,1,1,1,1,1,1,1,1,1,1,1,1,1,1,1,1,1,1,39,1,1,1,1,1,1,1,1,1,1,1,1,1,1
OTU_4966,1,1,1,1,1,1,1,1,1,1,1,1,1,1,1,1,1,1,1,1,1,1,1,1,1,1,1,1,1,1,1,1,1,1,1,1,1,1,1,1,1,1,1,1,1,1,1,1,1,1
OTU_4967,1,1,1,1,1,1,1,1,1,1,1,1,1,1,1,1,1,1,1,1,1,1,1,1,1,1,1,1,1,1,1,1,1,1,1,1,1,1,1,1,1,1,1,1,1,1,1,1,1,1
OTU_4968,1,1,1,1,1,1,1,1,1,1,1,1,1,1,1,1,1,1,1,1,1,1,1,1,1,1,1,1,1,1,1,1,1,1,1,1,1,1,1,1,1,1,1,1,1,1,1,1,1,1
OTU_4969,71,208,26,86,21,170,113,64,274,191,50,135,207,82,181,9,58,13,1,175,220,9,354,214,11,37,41,2,15,27,78,2,4,70,1,250,28,360,75,85,73,353,157,46,41,35,172,11,190,1
OTU_4970,1,1,1,1,1,1,1,1,1,1,1,1,1,1,1,1,1,1,1,1,1,1,1,1,1,1,1,1,1,1,1,1,1,1,1,1,1,1,1,1,1,1,1,1,1,1,1,1,1,1
OTU_4971,1,1,1,1,1,1,1,1,1,1,1,1,1,1,1,1,1,1,1,1,1,1,1,1,1,1,1,1,1,1,1,1,1,1,1,1,1,1,1,1,1,1,1,1,1,1,1,1,1,1
OTU_4972,1,1,1,1,1,1,1,1,1,1,1,1,1,1,1,1,1,1,1,1,1,1,1,1,1,1,1,1,1,1,1,1,1,1,1,1,1,1,1,1,1,1,1,1,1,1,1,1,1,1
OTU_4973,1,1,1,1,1,1,1,1,1,1,1,1,1,1,1,1,1,1,1,1,1,1,1,1,1,1,1,1,1,1,1,1,1,1,1,1,1,1,1,1,1,1,1,1,1,1,1,1,1,1
OTU_4974,1,1,1,1,1,1,1,1,1,1,1,1,1,1,1,1,1,1,1,1,1,1,1,1,1,1,1,1,1,1,1,1,1,1,1,1,1,1,1,1,1,1,1,1,1,1,1,1,1,1
OTU_4975,1,1,1,20,3,1,41,82,9,56,2,1,1,6,166,2,135,133,1,6,1,1,1,1,1,54,6,2,1,79,8,2,1,4,1,1,1,46,4,2,1,17,1,2,1,1,1,1,1,85
OTU_4976,1,1,1,1,1,1,1,1,1,1,1,1,1,1,1,1,1,1,1,1,1,1,1,1,1,1,1,1,1,1,1,1,1,1,1,1,1,1,1,1,1,1,1,1,1,1,1,1,1,1
OTU_4977,1,1,1,1,1,1,1,1,1,1,1,1,1,1,1,1,1,1,1,1,1,1,1,1,1,1,1,1,1,1,1,1,1,1,1,1,1,1,1,1,1,1,1,1,1,1,1,1,1,1
OTU_4978,112,240,65,113,85,562,58,82,87,8,3,50,34,114,13,106,198,256,136,151,340,414,357,10,62,165,40,64,48,109,140,51,43,39,82,56,116,4,557,65,8,75,240,58,20,150,70,142,36,63
OTU_4979,1,1,1,1,1,1,1,1,1,1,1,1,1,1,1,1,1,1,1,1,63,2,1,1,1,1,1,1,1,1,1,1,1,1,1,1,1,1,28,1,1,1,1,1,1,1,1,1,1,1
OTU_4980,1,1,1,1,1,1,1,1,1,1,1,1,1,1,1,1,1,1,1,1,1,1,1,1,1,1,1,1,1,1,1,1,1,1,1,1,1,1,1,1,1,1,1,1,1,1,1,1,1,1
OTU_4981,93,8,47,210,24,43,62,165,55,627,89,91,166,211,143,155,199,117,156,202,166,21,233,30,38,33,62,162,132,28,569,438,18,33,156,126,19,169,161,677,14,31,49,60,17,166,52,45,734,14
OTU_4982,1,1,1,1,1,1,1,1,1,1,1,1,1,1,1,1,1,1,1,1,1,1,1,1,1,1,1,1,1,1,1,1,1,1,1,1,1,1,1,1,1,1,1,1,1,1,1,1,1,1
OTU_4983,1,1,1,1,1,1,1,1,1,1,1,1,1,1,1,1,1,1,1,1,1,1,1,1,1,1,1,1,1,1,1,1,1,1,1,1,1,1,1,1,1,1,1,1,1,1,1,1,1,1
OTU_4984,1,1,1,1,11,1,1,1,1,1,1,1,1,1,1,1,1,11,1,1,1,1,1,1,1,1,1,1,1,1,1,1,2,1,1,1,1,1,1,1,1,1,1,1,1,1,1,1,1,1
OTU_4985,1,1,1,30,11,15,5,2,1,1,1,2,19,1,1,1,1,1,10,8,3,1,1,2,5,3,1,1,1,1,1,1,9,19,6,1,2,14,183,1,1,21,1,1,104,14,1,167,1,1
OTU_4986,1,1,1,1,1,1,1,1,1,1,1,1,1,1,1,1,1,1,1,1,1,1,1,1,1,1,1,1,1,1,1,1,1,1,1,1,1,1,1,1,1,1,1,1,1,1,1,1,1,1
OTU_4987,1192,557,1325,380,955,1312,1243,457,1124,1319,1284,764,953,696,1309,553,142,1292,836,718,459,1866,1333,756,571,1186,816,521,942,382,414,1594,817,1473,808,613,621,1066,473,311,394,918,1561,746,1258,1864,887,438,526,317
OTU_4988,1,1,1,1,1,1,1,1,1,1,1,1,1,1,1,1,1,1,1,1,1,1,1,1,1,1,1,1,1,1,1,1,1,1,1,1,1,1,1,1,1,1,1,1,1,1,1,1,1,1
OTU_4989,67,5,32,4,1,90,23,32,175,2,6,99,424,14,38,4,41,57,5,51,45,25,278,112,1,123,83,8,2,133,77,134,209,151,51,3,103,2,169,25,295,73,2,47,111,3,164,62,272,2
OTU_4990,1,7,1,1,207,1,9,20,15,171,1,16,9,1,3,1,21,2,9,1,1,1,2,5,1,3,27,31,4,3,104,1,1,1,17,1,1,1,1,1,1,16,4,41,137,2,17,1,1,1
OTU_4991,1,1,1,2,1,1,1,196,1,1,1,1,31,1,233,14,1,1,1,35,1,1,12,1,1,1,1,1,1,1,15,1,1,1,10,1,1,1,1,1,1,1,1,1,1,1,1,1,6,1
OTU_4992,1,1,1,1,1,1,1,1,1,1,1,1,1,1,1,1,1,1,1,1,1,1,1,1,1,1,1,1,1,1,1,1,1,1,1,1,1,1,1,1,1,1,1,1,1,1,1,1,1,1
OTU_4993,1,1,1,1,1,1,1,1,1,1,1,1,1,1,1,1,1,1,1,1,1,1,1,1,1,1,1,1,1,1,1,1,1,1,1,1,1,1,1,1,1,1,1,1,1,1,1,1,1,1
OTU_4994,1,1,1,1,1,1,1,1,1,1,1,1,1,1,1,1,1,1,1,1,1,1,1,1,1,1,1,1,1,1,1,1,1,1,1,1,1,1,1,1,1,1,1,1,1,1,1,1,1,1
OTU_4995,73,2,1,1,3,1,1,1,1,3,1,2,1,1,18,1,1,1,1,1,3,1,1,1,1,1,1,1,1,1,1,1,1,1,10,1,1,1,1,2,1,1,1,10,1,1,1,2,2,1
OTU_4996,1,1,1,1,1,1,1,1,1,1,1,1,1,1,1,1,1,1,1,2,1,1,1,1,1,1,1,1,1,1,1,1,1,1,1,1,1,1,1,1,1,1,1,1,1,1,1,1,1,1
OTU_4997,1,1,1,1,1,1,1,1,1,1,1,1,1,1,1,1,1,1,1,1,1,1,1,1,1,1,1,1,1,1,1,1,1,1,1,1,1,1,1,1,1,1,1,1,1,1,1,1,1,1
OTU_4998,1,1,1,1,1,1,1,1,1,1,1,1,1,1,1,1,1,1,1,1,1,1,1,1,1,1,1,1,1,1,1,1,1,1,1,1,1,1,1,1,1,1,1,1,1,1,1,1,1,1
OTU_4999,1,1,1,1,1,1,1,1,1,1,1,1,1,1,1,1,1,1,1,1,1,123,1,1,1,1,1,1,1,1,1,1,1,1,1,1,1,24,1,1,7,1,1,1,1,1,1,1,1,1
OTU_5000,1,1,1,1,1,1,1,1,1,1,1,1,1,1,1,1,1,1,1,1,1,1,1,1,1,1,1,1,1,1,1,1,1,1,1,1,1,1,1,1,1,1,1,1,1,1,1,1,1,1
OTU_5001,1,1,193,24,39,3,22,79,21,153,29,51,285,5,10,36,86,45,167,1,60,51,46,118,120,7,145,26,8,102,27,58,27,18,1,160,6,7,13,43,3,149,3,20,5,110,338,27,3,287
OTU_5002,1,1,1,1,1,1,1,1,1,1,1,1,1,1,1,1,1,1,1,1,1,1,1,1,1,1,1,1,1,1,1,1,1,1,20,1,1,1,1,1,1,1,1,1,1,1,1,1,1,1
OTU_5003,3,4,1,23,1,68,1,78,6,1,12,1,9,3,13,10,9,1,7,41,364,15,36,1,1,121,52,1,1,7,2,60,1,7,5,1,11,1,1,35,41,65,36,58,1,34,55,1,1,1
OTU_5004,1,1,1,1,1,1,1,1,1,1,1,1,1,1,1,1,1,1,1,1,1,1,1,1,1,1,1,1,1,1,1,1,1,1,1,1,1,1,1,1,1,1,1,1,1,1,1,1,1,1
OTU_5005,1,1,1,2,1,2,31,1,1,1,1,1,1,4,1,1,42,1,1,1,72,1,3,1,1,1,1,1,1,1,1,1,1,1,32,1,1,1,1,1,39,1,19,1,1,4,41,1,1,6
OTU_5006,1,1,1,1,1,1,1,1,1,1,1,1,1,1,1,1,1,1,1,1,1,1,1,1,1,1,1,1,1,1,1,1,1,1,1,1,1,1,1,1,1,1,1,1,1,1,1,1,1,1
OTU_5007,1,2,1,1,1,1,1,2,1,4,1,43,10,1,1,9,1,1,3,1,1,1,23,1,1,1,1,1,1,1,1,1,1,25,41,1,1,1,1,1,1,217,1,1,14,1,1,1,1,158
OTU_5008,1,1,1,1,1,1,1,1,1,1,1,1,1,1,1,1,1,1,1,1,1,1,1,1,1,1,1,1,1,1,1,1,1,1,1,1,1,1,1,1,1,1,1,1,1,1,1,1,1,1
OTU_5009,1,1,1,1,1,1,1,1,1,1,1,1,1,1,1,1,1,1,1,1,1,1,1,1,1,1,1,1,1,1,1,1,1,1,1,1,1,1,5,1,3,1,1,1,1,1,1,1,1,1
OTU_5010,1,1,1,1,1,1,1,1,1,1,1,1,1,1,1,1,1,1,1,1,1,1,1,1,1,1,1,1,1,1,1,1,1,1,1,1,1,1,1,1,1,1,1,1,1,1,1,1,1,1
OTU_5011,1,1,1,1,1,1,1,1,1,1,1,1,1,1,1,1,1,1,1,1,1,1,1,1,1,1,1,1,1,1,1,1,1,1,1,1,1,1,1,1,1,1,1,1,1,1,1,1,1,1
OTU_5012,1,1,1,1,1,1,1,1,1,1,1,1,1,1,1,1,1,1,1,1,1,1,1,1,1,1,1,1,1,1,1,1,1,1,1,1,1,1,1,1,1,1,1,1,1,1,1,1,1,1
OTU_5013,1,1,1,1,1,1,1,1,1,1,1,1,1,1,1,1,1,1,1,1,1,1,1,1,1,1,1,1,1,1,1,1,1,1,1,1,1,1,1,1,1,1,1,1,1,1,1,1,1,1
OTU_5014,14,1,30,14,1,192,1,1,2,6,1,17,1,1,2,1,120,14,1,17,2,9,1,1,1,1,2,6,1,2,43,1,188,5,1,1,20,74,6,1,124,1,1,1,3,72,5,2,24,267
OTU_5015,30,79,67,2,1,2,1,8,5,8,27,109,17,21,2,9,22,83,21,148,1,2,6,1,2,6,6,19,29,91,146,2,14,13,28,18,1,1,13,22,15,12,4,21,1,4,48,12,1,120
OTU_5016,1,1,1,1,1,1,1,1,1,1,1,1,1,1,1,1,1,1,1,1,1,1,1,1,1,1,1,1,1,1,1,1,1,1,1,1,1,1,1,1,1,1,1,1,1,1,1,1,1,1
OTU_5017,1,6,1,32,1,8,1,1,1,1,1,23,1,1,1,1,1,1,1,1,1,1,1,1,1,1,1,1,1,1,91,1,1,1,1,1,11,1,1,1,1,1,1,1,2,1,1,1,31,1
OTU_5018,1,9,263,13,1,49,135,61,4,10,94,67,41,3,17,25,315,50,1,1,3,347,1,57,55,183,1,23,13,92,17,1,7,4,124,17,7,4,385,14,1,121,6,1,1,1,1,52,3,1
OTU_5019,1,1,1,1,1,1,1,1,1,1,1,1,1,1,1,1,1,1,1,1,1,1,1,1,1,1,1,1,1,1,1,1,1,1,1,1,1,1,1,1,1,1,1,1,1,1,1,1,1,1
OTU_5020,1,1,1,1,1,1,1,1,1,1,1,1,1,1,1,1,1,1,1,1,1,1,1,1,1,1,1,1,1,1,1,1,1,1,1,1,1,1,1,1,1,1,1,1,1,1,1,1,1,1
OTU_5021,1,1,1,1,1,1,1,1,1,1,1,1,1,1,1,1,1,1,1,1,1,1,1,1,1,1,1,1,1,1,1,1,1,1,1,1,1,1,1,1,1,1,1,1,1,1,1,1,1,1
OTU_5022,3,4,1,1,1,1,1,7,1,1,1,1,1,1,323,1,1,1,1,1,1,2,1,1,1,1,1,1,118,1,1,1,1,1,1,1,1,1,3,1,1,1,1,1,1,54,1,10,1,1
OTU_5023,1,1,1,1,1,1,1,1,1,1,1,1,1,1,1,1,1,1,1,1,1,1,1,1,1,1,1,1,1,1,1,1,1,1,1,1,1,1,1,1,1,1,1,1,1,1,1,1,1,1
OTU_5024,1,1,1,1,1,1,1,1,1,1,1,1,1,1,1,1,1,1,1,1,1,1,1,1,1,1,1,1,1,1,1,1,1,1,1,1,1,1,1,1,1,1,1,1,1,1,1,1,1,1
OTU_5025,1,1,1,1,1,1,1,1,1,1,1,1,1,1,1,1,1,1,1,1,1,1,1,4,1,1,1,1,1,1,1,1,1,30,1,1,1,1,2,1,1,1,15,1,1,1,1,1,1,1
OTU_5026,1,1,1,1,1,7,1,1,1,9,1,1,1,1,1,2,1,1,1,54,1,1,1,1,1,1,1,1,1,2,1,1,1,1,1,1,7,42,4,1,1,42,1,1,1,1,9,1,1,1
OTU_5027,9,3,98,22,241,9,98,2,102,27,13,2,14,4,41,77,3,1,60,7,126,278,6,27,80,44,131,1,68,16,82,70,4,1,1,3,25,16,6,332,7,95,22,2,1,312,151,41,2,10
OTU_5028,1,1,1,1,1,1,1,23,1,1,1,1,1,1,1,1,1,1,1,1,1,1,1,1,1,1,1,1,1,1,1,1,1,1,1,1,1,1,1,7,1,1,1,1,1,1,1,1,1,1
OTU_5029,1,1,1,1,1,1,1,1,5,17,2,1,1,1,68,1,1,1,1,1,7,1,2,1,1,4,1,1,52,2,1,2,29,1,1,31,1,1,1,1,1,3,2,1,1,1,21,16,102,1
OTU_5030,110,1,4,24,1,38,1,1,63,54,1,1,4,52,1,1,6,70,1,2,1,1,1,12,2,18,1,1,2,156,1,1,3,155,1,1,1,39,1,1,14,9,51,38,28,39,4,1,152,1
OTU_5031,1,55,17,1,7,143,97,73,51,92,37,2,162,503,105,66,17,9,73,117,170,245,67,175,58,8,173,265,33,10,371,148,2,290,85,2,41,100,89,100,32,98,482,51,33,185,9,177,9,311
OTU_5032,1,1,1,1,1,1,1,1,1,1,1,1,1,1,1,1,1,1,1,1,1,1,1,1,1,1,1,1,1,1,1,1,1,1,1,1,1,1,1,1,1,1,1,1,1,1,1,1,1,1
OTU_5033,1,1,1,1,1,1,1,1,1,118,1,1,1,1,1,1,1,1,1,1,1,1,1,1,1,1,1,1,1,1,1,1,1,1,1,1,1,1,1,1,7,98,1,1,1,1,1,1,1,1
OTU_5034,4,25,1,1,2,1,2,2,1,1,6,1,119,1,1,27,1,16,2,1,1,7,1,1,1,4,1,1,1,15,1,4,3,1,1,10,1,5,36,1,1,1,7,1,1,1,1,1,1,1
OTU_5035,1,1,1,1,1,1,1,1,1,1,1,1,1,1,1,1,1,1,1,1,1,1,1,1,1,1,1,1,1,1,1,1,1,1,1,1,1,1,1,1,1,1,1,1,1,1,1,1,1,1
OTU_5036,1,1,1,1,1,1,1,1,1,1,1,1,1,1,1,1,3,1,1,1,1,1,1,1,1,1,1,1,1,1,1,1,1,1,1,1,1,1,1,1,1,1,1,1,1,1,1,3,1,1
OTU_5037,2,1,88,2,8,1,2,3,1,1,5,18,7,23,217,19,5,77,1,3,77,1,6,18,1,165,73,1,1,156,62,41,84,174,3,9,1,40,1,9,1,1,15,346,1,1,42,9,8,1
OTU_5038,1,1,1,1,1,1,1,1,1,1,1,1,1,1,1,1,1,1,1,1,1,1,1,1,1,1,1,1,1,1,1,1,1,1,1,1,1,1,1,1,1,1,1,1,1,1,1,1,1,1
OTU_5039,78,7,204,162,8,113,250,4,111,44,112,324,32,233,81,621,701,201,389,162,45,284,110,58,239,159,184,171,75,260,323,607,1026,66,62,181,325,85,102,251,106,254,58,69,28,349,146,260,434,376
OTU_5040,2,51,1,126,1,2,1,15,17,11,4,2,85,1,1,193,63,15,29,1,1,3,8,1,1,2,70,1,3,1,272,1,42,33,67,7,25,79,1,58,8,4,224,1,135,159,23,20,3,33
OTU_5041,1,1,7,1,1,1,1,3,1,1,1,1,1,1,1,1,99,1,1,1,1,5,1,34,1,27,387,1,1,8,1,1,1,8,1,3,1,1,1,9,8,1,1,1,2,20,1,1,34,1
OTU_5042,1,1,1,1,4,2,1,1,1,1,1,1,1,1,1,1,10,1,1,40,1,1,1,6,1,1,1,1,16,106,1,2,1,1,1,1,1,1,3,1,1,1,1,1,15,1,1,1,1,1
OTU_5043,1,1,1,1,1,1,1,1,1,1,1,1,1,1,1,1,1,1,1,1,1,1,1,1,1,1,1,1,1,1,1,1,1,1,1,1,1,1,1,1,1,1,1,1,1,1,1,1,1,1
OTU_5044,3,28,48,8,207,74,38,5,68,152,97,1,3,4,10,26,20,24,129,137,7,141,243,66,1,69,36,1,70,57,4,1,27,11,44,175,11,1,51,69,2,69,1,1,742,2,1,7,1,9
OTU_5045,1,1,1,1,1,1,1,1,1,1,1,1,1,1,1,1,1,1,1,1,1,1,1,1,1,1,1,1,1,1,1,1,1,1,1,1,1,1,1,1,1,1,1,1,1,1,1,1,1,1
OTU_5046,1,1,1,1,1,1,1,1,1,1,1,1,1,1,1,1,1,1,1,1,1,1,1,1,1,1,1,1,1,1,1,1,1,1,1,1,1,1,1,1,1,1,1,1,1,1,1,1,1,1
OTU_5047,16,1,1,1,2,1,1,1,1,1,1,1,1,1,1,4,1,2,1,1,1,1,1,1,1,3,1,1,4,6,1,1,1,14,1,1,1,1,1,7,1,1,1,1,1,1,1,1,1,1
OTU_5048,1,1,1,1,1,1,1,1,1,1,1,1,1,1,1,1,1,1,1,1,1,1,1,1,1,1,1,1,1,1,1,1,1,1,1,1,1,1,1,1,1,1,1,1,1,1,1,1,1,1
OTU_5049,82,29,114,51,1,47,144,103,29,97,136,217,81,150,211,167,35,194,68,264,14,352,352,26,307,454,264,37,73,49,28,9,7,604,8,157,542,89,3,6,167,132,50,74,79,246,14,107,309,44
OTU_5050,1,1,1,1,1,1,1,1,1,1,1,1,1,1,1,1,1,1,1,1,1,1,1,1,1,1,1,1,1,1,1,1,1,1,1,1,1,1,1,1,1,1,1,1,1,1,1,1,1,1
OTU_5051,3,62,1,1,1,59,1,1,1,1,1,28,1,1,1,1,1,1,1,1,9,1,1,1,84,1,1,1,1,1,1,4,1,109,23,1,1,1,1,1,1,1,1,1,1,6,1,1,17,1
OTU_5052,1,1,1,1,1,1,1,1,1,1,1,1,1,1,1,1,1,1,1,1,1,1,1,1,1,1,1,1,1,1,1,1,1,1,1,1,1,1,1,1,1,1,1,1,1,1,1,1,1,1
OTU_5053,1,1,1,1,1,1,1,1,1,1,1,1,1,1,1,1,1,1,1,1,1,1,1,1,1,1,1,1,1,1,1,1,1,1,1,1,1,1,1,1,1,1,1,1,1,1,1,1,1,1
OTU_5054,38,1,392,86,88,2,79,124,36,1,4,2,1,4,135,17,1,123,5,105,5,19,94,1,1,1,1,205,20,199,14,533,2,2,210,10,129,10,36,1,2,32,2,1,1,139,1,229,1,37
OTU_5055,1,1,1,1,1,1,1,1,1,1,1,1,1,1,1,1,1,1,1,1,1,1,1,1,1,1,1,1,1,1,1,1,1,1,1,1,1,1,1,1,1,1,1,1,1,1,1,1,1,1
OTU_5056,1,1,1,1,1,1,1,1,1,1,1,1,1,1,1,1,1,1,1,1,1,1,1,1,1,1,1,1,1,1,1,1,1,1,1,1,1,1,1,1,1,1,1,1,1,1,1,1,1,1
OTU_5057,1,1,1,1,1,1,1,1,1,1,1,1,1,1,1,1,1,1,1,1,1,1,1,1,1,1,1,1,1,1,1,1,1,1,1,1,1,1,1,1,1,1,1,1,1,1,1,1,1,1
OTU_5058,139,147,1,5,18,1,120,42,35,1,4,65,18,32,2,1,3,9,41,20,214,51,101,378,19,212,54,6,2,12,3,17,31,37,16,1,1,2,81,2,15,2,20,114,35,89,2,1,1,1
OTU_5059,66,45,75,89,49,208,11,9,12,111,85,6,163,77,75,96,272,31,95,117,10,97,24,15,296,431,54,77,246,210,27,440,81,36,84,54,126,30,82,72,84,446,205,27,396,22,38,48,157,173
OTU_5060,1,1,1,1,1,1,1,1,1,1,1,1,1,1,1,1,1,1,1,1,1,1,1,1,1,1,1,1,1,1,1,1,1,1,1,1,1,1,1,1,1,1,1,1,1,1,1,1,1,1
OTU_5061,1,1,1,1,1,1,1,1,1,1,1,1,1,1,1,1,1,1,1,1,1,1,1,1,1,1,1,1,1,1,1,1,1,1,2,73,1,1,1,1,1,1,1,1,1,36,1,1,1,1
OTU_5062,1,1,1,1,1,1,1,1,1,1,1,1,1,1,1,1,1,1,1,1,1,1,1,1,1,1,1,1,1,1,1,1,1,1,1,1,1,1,1,1,1,1,1,1,1,1,1,1,1,1
OTU_5063,1,1,1,1,1,1,1,1,1,1,1,1,1,1,1,1,1,1,1,1,1,1,1,1,1,1,1,1,1,1,1,1,1,1,1,1,1,1,1,1,1,1,1,1,1,1,1,1,1,1
OTU_5064,1,1,1,1,1,1,1,1,1,1,1,1,1,1,15,1,1,1,1,1,1,1,1,1,1,1,1,1,16,1,1,1,1,1,1,1,1,1,1,1,1,1,1,1,1,1,1,1,1,1
OTU_5065,1,1,1,1,1,1,1,1,1,1,1,1,10,1,1,1,8,1,1,1,1,1,1,1,1,1,1,2,1,1,1,1,1,1,1,2,1,1,1,1,1,1,1,1,1,1,1,1,1,1
OTU_5066,1,1,1,1,1,1,1,1,1,1,1,1,1,1,1,1,1,1,1,1,1,1,1,1,1,1,1,1,1,1,1,1,1,1,1,1,1,1,1,1,1,1,1,1,1,1,1,1,1,1
OTU_5067,1,1,1,1,17,25,1,1,28,1,1,192,73,7,1,3,2,1,1,1,1,1,19,1,1,3,1,6,1,1,1,1,1,1,1,1,1,1,1,1,5,16,1,1,230,4,1,2,1,1
OTU_5068,1,1,1,1,1,1,1,1,1,3,1,1,1,1,1,1,1,1,1,1,1,1,1,1,1,1,1,1,1,1,1,1,1,1,1,7,13,1,1,1,1,1,1,1,1,1,1,1,1,1
OTU_5069,1,1,1,1,1,1,1,1,1,1,1,1,1,1,1,1,1,1,1,1,1,1,1,1,1,1,1,1,1,1,1,1,1,1,1,1,1,1,1,1,1,1,1,1,1,1,1,1,1,1
OTU_5070,1,1,1,1,1,1,1,1,1,1,1,1,1,1,1,1,1,1,1,1,1,1,1,1,1,1,1,1,1,1,1,1,1,1,1,1,1,1,1,1,1,1,1,1,1,1,1,1,1,1
OTU_5071,1,1,1,1,1,12,1,1,1,1,1,1,1,61,1,1,1,1,1,1,1,1,1,1,1,1,1,1,1,1,1,1,1,1,1,1,1,1,1,1,1,1,1,1,1,1,1,1,1,1
OTU_5072,7,288,319,238,5,23,26,7,147,1,55,84,50,269,29,24,37,1,189,11,82,1,22,36,26,42,54,26,46,8,9,20,71,91,15,173,5,104,5,51,44,4,29,5,27,52,25,26,1,7
OTU_5073,1,1,1,1,1,1,1,1,1,1,1,1,1,1,1,1,1,1,1,1,1,1,1,1,1,1,1,1,1,1,1,1,1,1,1,1,1,1,1,1,1,1,1,1,1,1,1,1,1,1
OTU_5074,1,1,1,1,1,1,1,1,1,1,1,1,1,1,1,1,1,1,1,1,1,1,1,1,1,1,1,1,1,1,1,1,1,1,1,1,1,1,1,1,1,1,1,1,1,1,1,1,1,1
OTU_5075,1,1,1,1,1,1,1,1,1,1,1,1,1,1,1,1,1,1,1,1,1,1,1,1,1,1,1,1,1,1,1,1,1,1,1,1,1,1,1,1,1,1,1,1,1,1,1,1,1,1
OTU_5076,1,1,1,1,1,1,1,1,1,1,1,1,1,1,1,1,1,1,1,1,1,1,1,1,1,1,1,1,1,1,1,1,1,1,1,1,1,1,1,1,1,1,1,1,1,1,1,1,1,1
OTU_5077,1,1,1,1,1,1,1,1,1,1,1,1,1,1,1,1,1,1,1,1,1,1,1,1,1,1,1,1,1,1,1,1,1,1,1,1,1,1,1,1,1,1,1,1,1,1,1,1,1,1
OTU_5078,1,1,1,1,1,1,1,1,1,1,1,1,1,1,1,1,1,1,1,1,1,1,1,1,1,1,1,1,1,1,1,1,1,1,1,1,1,1,1,1,1,1,1,1,1,1,1,1,1,1
OTU_5079,1,1,1,1,1,1,1,1,1,1,1,1,1,1,1,1,1,1,1,1,1,1,1,1,1,1,1,1,1,1,1,1,1,1,1,1,1,1,1,1,1,1,1,1,1,1,1,1,1,1
OTU_5080,79,97,39,277,3,299,77,15,229,365,38,16,67,167,1,71,629,106,75,418,115,157,51,96,22,197,3,474,25,289,97,299,164,343,56,119,223,91,64,218,36,61,9,165,105,187,708,94,50,24
OTU_5081,1,1,1,1,1,1,1,1,1,1,1,1,1,1,1,1,1,1,1,1,1,1,1,1,1,1,1,1,1,1,1,1,1,1,1,1,1,1,1,1,1,1,1,1,1,1,1,1,1,1
OTU_5082,1,1,1,1,1,1,1,1,1,1,1,1,1,1,1,1,1,1,1,1,1,1,1,1,1,1,1,1,1,1,1,1,1,1,1,1,1,1,1,1,1,1,1,1,1,1,1,1,1,1
OTU_5083,1,1,1,1,1,1,1,1,1,1,1,1,1,1,1,1,1,1,1,1,1,1,1,1,1,1,1,1,1,1,1,1,1,1,1,1,1,1,1,1,1,1,1,1,1,1,1,1,1,1
OTU_5084,1,1,1,1,1,1,1,1,1,1,1,1,1,1,1,1,1,1,1,1,1,1,1,1,1,1,1,1,1,1,1,1,1,1,1,1,1,1,1,1,1,1,1,1,1,1,1,1,1,1
OTU_5085,1,1,1,1,1,1,1,1,1,1,1,1,1,1,1,1,1,1,1,1,1,1,1,1,1,1,1,1,1,1,1,1,1,1,1,1,1,1,1,1,1,1,1,1,1,1,1,1,1,1
OTU_5086,1,1,1,1,1,1,1,1,1,1,1,1,1,1,1,1,1,1,1,1,1,1,1,1,1,1,1,1,1,1,1,1,1,1,1,1,1,1,1,1,1,1,1,1,1,1,1,1,1,1
OTU_5087,1,1,1,1,1,1,1,1,1,1,1,1,1,1,1,1,1,1,1,1,1,1,1,1,1,1,1,1,1,1,1,1,1,1,1,1,1,1,1,1,1,1,1,1,1,1,1,1,1,1
OTU_5088,1,1,1,1,1,1,1,1,1,1,1,1,1,1,1,1,1,1,1,1,1,1,1,1,1,1,1,1,1,1,1,1,1,1,1,1,1,1,1,1,1,1,1,1,1,1,1,1,1,1
OTU_5089,1,1,1,1,1,1,1,1,1,1,1,1,1,1,1,1,1,1,1,1,1,1,1,1,1,1,1,1,1,1,1,1,1,1,1,1,1,1,1,1,1,1,1,1,1,1,1,1,1,1
OTU_5090,1,16,1,1,1,11,1,1,1,1,1,1,1,1,1,1,1,63,26,1,1,1,1,1,118,1,1,1,1,1,1,1,1,1,1,1,1,1,1,1,1,1,1,1,1,1,1,1,1,1
OTU_5091,1,1,1,1,1,1,1,1,1,1,1,1,1,1,1,1,1,1,1,1,1,1,1,1,1,1,1,1,1,1,1,1,1,1,1,1,1,1,1,1,1,1,1,1,1,1,1,1,1,1
OTU_5092,1,1,1,10,1,1,1,1,82,7,1,1,1,1,1,1,3,1,1,1,8,1,3,1,4,2,1,1,1,1,1,1,6,1,1,1,1,1,1,6,57,1,6,1,20,1,1,1,1,1
OTU_5093,3,1,1,168,5,15,21,355,1,1,195,1,53,8,30,36,20,25,17,19,84,14,303,31,11,305,2,21,1,8,1,1,154,3,1,1,2,2,3,126,39,1,12,107,19,199,1,19,1,6
OTU_5094,1,1,1,1,1,1,1,1,1,1,1,1,1,1,1,1,1,1,1,1,1,1,1,1,1,1,1,1,1,1,1,1,1,1,1,1,1,1,1,1,1,1,1,1,1,1,1,1,1,1
OTU_5095,1,1,1,1,1,1,1,1,1,1,1,1,1,1,1,1,1,1,1,1,1,1,1,1,1,1,1,1,1,1,1,1,1,1,1,1,1,1,1,1,1,1,1,1,1,1,1,1,1,1
OTU_5096,1,1,1,1,1,1,1,1,1,1,1,1,1,1,1,1,1,1,1,1,1,1,1,1,1,1,1,1,1,1,1,1,1,1,1,1,1,1,1,1,1,1,1,1,1,1,1,1,1,1
OTU_5097,130,248,213,83,419,379,242,340,498,400,397,363,131,826,72,188,73,155,529,144,206,12,490,207,181,228,116,110,377,70,543,69,142,69,151,225,172,408,196,254,270,347,178,117,67,25,356,58,289,362
OTU_5098,116,15,205,20,301,6,3,38,39,12,48,12,7,20,29,61,195,103,20,85,106,261,23,14,13,163,43,2,56,27,92,142,20,25,284,1,32,582,6,9,133,8,71,70,43,64,1,71,34,64
OTU_5099,1,1,1,22,1,40,1,1,3,2,2,1,1,1,52,206,1,1,1,1,1,1,5,1,5,1,1,1,1,1,1,1,1,3,1,13,1,3,9,3,1,1,48,7,1,1,1,3,89,2
OTU_5100,1,1,1,1,1,1,1,1,1,1,1,1,1,1,1,1,1,1,1,1,1,1,1,1,1,1,1,1,1,1,1,1,1,1,1,1,1,1,1,1,1,1,1,1,1,1,1,1,1,1
OTU_5101,1,1,1,1,1,1,1,1,1,1,1,1,1,1,1,1,1,1,1,1,1,1,1,1,1,1,1,1,1,1,1,1,1,1,1,1,1,1,1,1,1,1,1,1,1,1,1,1,1,1
OTU_5102,1,1,1,1,1,1,1,1,1,1,1,1,1,1,1,1,1,1,1,1,1,1,1,1,1,1,1,1,1,1,1,1,1,1,1,1,1,1,1,1,1,1,1,1,1,1,1,1,1,1
OTU_5103,1,1,1,1,1,1,1,1,1,1,1,1,1,1,1,1,1,1,1,1,1,1,1,1,1,1,1,1,1,1,1,1,1,1,1,1,1,1,1,1,1,1,1,1,1,1,1,1,1,1
OTU_5104,1,1,1,1,1,1,1,1,1,1,1,1,1,1,1,1,1,1,1,1,1,1,1,1,1,1,1,1,1,1,1,1,1,1,1,1,1,1,1,1,1,1,1,1,1,1,1,1,1,1
OTU_5105,48,191,393,181,91,87,388,291,314,17,94,846,177,312,37,212,13,21,207,12,364,24,473,67,85,183,374,291,10,155,211,35,105,114,8,54,85,72,46,268,82,104,168,85,369,55,199,79,68,41
OTU_5106,1,1,1,1,1,1,1,1,1,1,1,1,1,1,1,1,1,1,1,1,1,1,1,1,1,1,1,1,1,1,1,1,1,1,1,1,1,1,1,1,1,1,1,1,1,1,1,1,1,1
OTU_5107,1,1,1,1,1,1,1,1,1,1,1,1,1,1,1,1,1,1,1,1,1,1,1,1,1,1,1,1,1,1,1,1,1,1,1,1,1,1,1,1,1,1,1,1,1,1,1,1,1,1
OTU_5108,1,1,1,1,1,1,1,1,1,1,1,1,1,1,1,1,1,1,1,1,1,1,1,1,1,1,1,1,1,1,1,1,1,1,1,1,1,1,1,1,1,1,1,1,1,1,1,1,1,1
OTU_5109,1,1,1,1,1,1,1,1,1,1,1,1,1,1,1,1,1,1,1,1,1,1,1,1,1,1,1,1,1,1,1,1,1,1,1,1,1,1,1,1,1,1,1,1,1,1,1,1,1,1
OTU_5110,72,1,1,1,1,1,1,1,1,1,1,1,1,1,1,1,1,1,1,1,1,1,1,1,1,1,1,1,1,1,1,1,1,1,1,2,1,1,2,1,1,42,1,1,1,1,1,33,1,1
OTU_5111,1,1,1,1,1,1,1,1,1,1,1,1,1,1,1,1,1,1,1,1,1,1,1,1,1,1,1,1,1,1,1,1,1,1,1,1,1,1,1,1,1,1,1,1,1,1,1,1,1,1
OTU_5112,1,1,1,1,1,1,1,1,1,1,1,1,1,1,1,1,1,1,1,1,1,1,1,1,1,1,1,1,1,1,1,1,1,1,1,1,1,1,1,1,1,1,1,1,1,1,1,1,1,1
OTU_5113,1,1,1,1,1,1,1,1,1,1,1,1,1,1,1,1,1,1,1,1,1,1,1,1,1,1,1,1,1,1,1,1,1,1,1,1,1,1,1,1,1,1,1,1,1,1,1,1,1,1
OTU_5114,1,1,1,1,1,1,1,1,1,1,1,1,1,1,1,1,1,1,1,1,1,1,1,2,1,1,1,1,1,1,1,1,1,1,1,1,1,1,1,1,1,1,1,1,1,1,1,1,1,1
OTU_5115,1,1,1,1,1,1,1,1,1,1,1,1,1,1,1,1,1,1,1,1,1,1,1,1,1,1,1,1,1,1,1,1,1,1,1,1,1,1,1,1,1,1,1,1,1,1,1,1,1,1
OTU_5116,1,1,1,1,1,1,1,1,1,1,1,1,1,1,1,1,1,1,1,1,1,1,1,1,1,1,1,1,1,1,1,1,1,1,1,1,1,1,1,1,1,1,1,1,1,1,1,1,1,1
OTU_5117,1,1,1,1,1,1,1,1,1,1,1,1,1,1,1,1,1,1,1,1,1,1,1,1,1,1,1,1,1,1,1,1,1,1,1,1,1,1,1,1,1,1,1,1,1,1,1,1,1,1
OTU_5118,2,2,1,269,110,1,3,1,103,1,43,36,16,39,5,261,1,1,62,561,240,135,1,12,25,171,3,31,1,44,27,5,24,1,1,1,2,113,49,6,25,139,4,11,79,4,2,81,1,8
OTU_5119,1,1,1,1,1,1,1,1,1,1,1,1,1,1,1,1,1,1,1,1,1,1,1,1,1,1,1,1,1,1,1,1,1,1,1,1,1,1,1,1,1,1,1,1,1,1,1,1,1,1
OTU_5120,1,1,1,1,1,1,1,1,1,1,1,1,1,1,1,1,1,1,1,1,1,1,1,1,1,1,1,1,1,1,1,1,1,1,1,1,1,1,1,1,1,1,1,1,1,1,1,1,1,1
OTU_5121,68,2,1,1,15,40,2,1,1,1,1,1,2,1,84,12,1,1,4,4,1,1,1,15,47,1,109,3,1,1,1,1,1,66,1,1,1,3,13,4,1,1,9,1,1,1,1,1,31,3
OTU_5122,1,1,1,1,1,1,1,1,1,1,1,1,1,1,1,1,1,1,1,1,1,1,1,1,1,1,1,1,1,1,1,1,1,1,1,1,1,1,1,1,1,1,1,1,1,1,1,1,1,1
OTU_5123,1,1,1,1,1,1,1,1,1,1,1,1,1,1,1,1,1,1,1,1,1,1,1,1,1,1,1,1,1,1,1,1,1,1,1,1,1,1,1,1,1,1,1,1,1,1,1,1,6,1
OTU_5124,1,1,4,1,1,1,1,1,1,1,1,1,1,1,1,1,1,1,1,1,1,1,1,1,1,1,1,1,1,18,77,1,1,1,1,1,1,1,4,1,1,1,1,1,1,1,1,1,1,1
OTU_5125,2,167,2,1,74,1,186,4,16,1,303,1,10,1,1,1,16,6,2,1,10,1,1,32,3,161,3,1,1,1,2,11,1,1,3,1,1,7,587,1,7,1,1,24,2,1,1,2,1,2
OTU_5126,1,1,1,1,1,1,1,1,1,1,1,1,1,1,1,1,1,1,1,1,1,1,1,1,1,1,1,1,1,1,1,1,1,1,1,1,1,1,1,1,1,1,1,1,1,1,1,1,1,1
OTU_5127,18,1,19,12,1,13,2,1,1,404,119,1,1,3,151,167,1,2,1,55,1,38,1,27,1,2,1,1,1,1,33,1,20,79,1,24,5,17,1,1,117,1,1,33,1,1,55,51,1,27
OTU_5128,1,1,1,1,1,1,1,1,1,1,1,1,1,1,1,1,1,1,1,1,1,1,1,1,1,1,1,1,1,1,1,1,1,1,1,1,1,1,1,1,1,1,1,1,1,1,1,1,1,1
OTU_5129,1,1,1,1,1,1,1,1,1,1,1,1,1,1,1,1,1,1,1,1,1,1,1,1,1,1,1,1,1,1,1,1,1,1,1,1,1,1,1,1,1,1,1,1,1,1,1,1,1,1
OTU_5130,1,1,1,1,1,1,1,1,1,1,1,1,1,1,1,1,1,1,1,1,1,1,1,1,1,1,1,1,1,1,1,1,1,1,1,1,1,1,1,1,1,1,1,1,1,1,1,1,1,1
OTU_5131,1,1,1,1,1,1,1,1,1,1,1,1,1,1,1,1,1,1,1,1,1,1,1,1,1,1,1,1,1,1,1,1,1,1,1,1,1,1,1,1,1,1,1,1,1,1,1,1,1,1
OTU_5132,1,1,417,1,3,75,136,80,1,100,1,5,709,4,1,39,48,5,1,2,79,1,20,77,22,1,1,2,30,1,169,11,2,23,42,9,111,1,1,1,8,2,2,38,602,5,21,91,1,1
OTU_5133,1,1,1,1,1,1,1,1,1,1,1,1,1,1,1,1,1,1,1,1,1,1,1,1,1,1,1,1,1,1,1,1,1,1,1,1,1,1,1,1,1,1,1,1,1,1,1,1,1,1
OTU_5134,1,1,1,1,1,1,1,1,220,1,1,1,1,1,38,1,1,1,1,1,1,1,1,1,1,15,1,1,1,1,1,1,1,1,1,1,1,1,1,1,1,1,1,1,1,1,1,1,1,1
OTU_5135,1,1,1,1,1,1,1,1,1,1,1,75,1,1,2,2,131,60,160,1,1,1,1,69,1,1,1,1,1,20,49,1,1,1,1,1,1,8,1,1,1,1,1,1,3,1,15,2,10,1
OTU_5136,1,1,1,2,1,1,1,1,1,1,1,1,1,1,1,1,1,1,1,1,1,1,1,1,1,1,1,1,1,1,1,1,1,1,1,1,1,1,1,1,1,1,1,1,1,1,1,1,21,1
OTU_5137,1,1,1,1,1,1,1,1,1,1,1,1,1,1,1,1,1,1,1,1,1,1,1,1,1,1,1,1,1,1,1,1,1,1,1,1,1,1,1,1,1,1,1,1,1,1,1,1,1,1
OTU_5138,1,1,1,1,1,1,1,1,1,1,1,1,1,1,1,1,1,1,1,1,1,1,1,1,1,1,1,1,1,1,1,1,1,1,1,1,1,1,1,1,1,1,1,1,1,1,1,1,1,1
OTU_5139,1,1,1,1,1,1,1,1,1,1,1,1,1,1,1,1,1,1,1,1,1,1,1,1,1,1,1,1,1,1,1,1,1,1,1,1,1,1,1,1,1,1,1,1,1,1,1,1,1,1
OTU_5140,1,1,1,1,1,1,1,1,1,1,1,1,1,1,1,1,1,1,1,1,1,1,1,1,1,1,1,1,1,1,1,1,1,1,1,1,1,1,1,1,1,1,1,1,1,1,1,1,1,1
OTU_5141,1,1,1,1,1,1,1,44,1,1,1,1,1,1,1,1,1,1,1,1,1,1,1,1,1,1,1,1,1,1,1,1,1,1,1,1,1,1,1,1,1,1,1,1,1,1,1,1,1,1
OTU_5142,1,1,1,1,1,1,1,1,1,1,1,1,1,1,1,1,1,1,1,1,1,1,1,1,1,1,1,1,1,1,1,1,1,1,1,1,1,1,1,1,1,1,1,1,1,1,1,1,1,1
OTU_5143,1,1,1,1,1,1,1,1,1,1,1,1,1,1,1,1,1,1,1,1,1,1,1,1,1,1,1,1,1,1,1,1,1,1,1,1,1,1,1,1,1,1,1,1,1,1,1,1,1,1
OTU_5144,1,1,1,1,1,1,1,1,1,1,1,1,1,1,1,1,1,1,1,1,1,1,1,1,1,1,1,1,1,1,1,1,1,1,1,1,1,1,1,1,95,1,1,1,1,1,1,1,1,1
OTU_5145,1,61,104,66,435,338,140,9,375,204,90,218,477,20,4,358,240,167,30,17,58,274,5,50,335,116,111,43,531,746,9,10,73,261,94,30,334,38,10,578,21,10,93,110,100,136,354,22,24,5
OTU_5146,21,98,88,302,53,273,57,140,82,465,354,257,145,177,309,189,240,283,231,347,181,484,241,523,244,179,194,601,238,164,62,217,314,975,525,78,98,189,305,194,340,219,278,170,255,60,112,101,985,529
OTU_5147,413,195,80,106,442,50,462,13,70,55,215,23,273,187,207,12,13,127,549,33,85,150,127,14,31,114,148,7,44,112,80,25,122,82,128,87,8,122,125,9,9,85,9,7,565,35,39,7,41,5
OTU_5148,1,1,1,1,1,1,1,1,1,1,1,1,1,1,1,1,1,1,1,1,1,1,1,1,1,1,1,1,1,1,1,1,1,1,1,1,1,1,1,1,1,1,1,1,1,1,1,1,1,1
OTU_5149,1,1,1,1,1,1,1,1,1,1,1,1,1,1,1,1,1,1,1,1,1,1,1,1,1,1,1,1,1,1,2,1,1,1,1,1,1,1,1,1,1,1,1,1,1,1,1,1,1,1
OTU_5150,9,337,11,17,228,24,110,75,21,4,2,138,3,195,163,675,16,67,27,103,8,1,20,134,103,5,87,32,1,142,61,22,3,13,30,8,55,8,30,4,14,169,2,1,47,75,97,62,77,351
OTU_5151,18,40,26,116,326,68,284,30,146,212,5,193,49,48,134,1,229,304,5,284,17,314,4,219,237,93,44,346,12,4,80,382,30,7,99,248,146,280,3,11,18,64,282,41,115,21,145,6,12,72
OTU_5152,1,1,1,1,1,1,1,1,1,1,1,1,1,1,1,1,1,1,1,1,1,1,1,1,1,1,1,1,1,1,1,1,1,1,1,1,1,1,1,1,1,1,1,1,1,1,1,1,1,1
OTU_5153,60,111,698,256,127,5,43,183,130,24,30,202,32,329,385,45,83,467,411,311,38,176,255,70,45,149,463,467,97,659,17,381,80,139,149,308,20,454,281,154,88,116,242,326,311,127,19,222,115,270
OTU_5154,1,1,1,1,1,1,1,1,1,1,1,1,1,1,1,1,1,1,1,1,1,1,1,1,1,1,1,1,1,1,1,1,1,1,1,1,1,1,1,1,1,1,1,1,1,1,1,2,1,1
OTU_5155,1,1,1,1,1,1,1,1,1,1,1,1,1,1,1,1,1,1,1,1,1,1,1,1,1,1,1,1,1,1,1,1,1,1,1,1,1,1,1,1,1,1,1,1,1,1,1,1,1,1
OTU_5156,1,1,1,1,1,1,1,1,1,1,1,1,1,1,1,1,1,1,1,1,1,1,1,1,1,1,1,1,1,1,1,1,1,1,1,1,1,1,1,1,1,1,1,1,1,1,1,1,1,1
OTU_5157,4,1,1,1,1,1,31,94,8,5,65,4,1,2,143,1,13,2,16,6,5,22,24,57,2,10,1,8,1,121,12,4,7,170,51,73,1,1,1,460,592,2,9,1,12,1,15,133,31,70
OTU_5158,1,1,1,1,1,1,1,1,1,1,1,1,1,1,1,1,1,1,1,1,1,1,1,1,1,1,1,1,1,1,1,1,1,2,1,1,1,1,1,1,1,1,1,1,1,1,1,1,1,1
OTU_5159,10,8,85,110,3,10,1,404,8,142,1,11,1,14,3,7,19,79,8,6,2,1,1,45,9,6,1,1,51,5,1,69,3,1,38,1,4,2,26,76,34,3,3,1,27,3,14,9,4,1
OTU_5160,1,1,1,1,1,1,1,1,1,1,1,1,1,1,1,1,1,1,1,1,1,1,1,1,1,1,1,1,1,1,1,1,1,1,1,1,1,1,1,1,1,1,1,1,1,1,1,1,1,1
OTU_5161,1,1,1,1,1,1,1,1,1,1,1,1,1,1,1,1,1,1,1,1,1,1,1,1,1,1,1,1,1,1,1,1,1,1,1,1,1,1,1,1,1,1,1,1,1,1,1,1,1,1
OTU_5162,1,1,1,1,1,1,1,1,1,1,1,1,1,1,1,1,1,73,1,1,1,1,1,1,1,1,1,1,1,1,1,1,1,1,1,1,1,1,280,1,1,1,1,1,1,1,1,1,1,1
OTU_5163,146,926,214,419,356,55,117,80,872,209,2,113,70,265,132,19,534,332,36,87,353,85,99,133,263,46,142,64,64,196,31,270,91,193,48,232,78,6,4,71,538,237,179,181,355,101,115,300,40,845
OTU_5164,1,1,1,1,1,1,1,1,1,1,1,1,1,1,1,1,1,1,1,1,1,1,1,1,1,1,1,1,1,1,1,1,1,1,1,1,1,1,1,1,1,1,1,1,1,1,1,1,1,1
OTU_5165,1,1,1,1,1,1,1,1,1,1,1,1,1,1,1,1,1,1,1,1,1,1,1,1,1,1,1,1,1,1,1,1,1,1,1,1,1,1,1,1,1,1,1,1,1,1,1,1,1,1
OTU_5166,1,1,1,1,1,1,1,1,1,1,1,1,1,1,1,1,1,1,1,1,1,1,1,1,1,1,1,1,1,1,1,1,1,1,1,1,1,1,1,1,1,1,1,1,1,1,1,1,1,1
OTU_5167,1,139,1,15,41,1,1,1,1,52,8,18,1,1,1,2,1,1,1,1,78,7,1,8,1,3,15,2,1,1,1,12,1,1,2,1,1,8,1,1,94,2,55,238,13,1,61,8,1,18
OTU_5168,1,1,1,1,1,1,1,1,1,1,1,1,1,1,1,1,1,1,1,1,1,1,1,1,1,1,1,1,1,1,1,1,1,1,1,1,1,1,1,1,1,1,1,1,1,1,1,1,1,1
OTU_5169,1,1,1,1,1,1,1,1,1,1,1,1,1,1,1,1,1,1,1,1,1,1,1,1,1,1,1,1,1,1,1,1,1,1,1,1,1,1,1,1,1,1,1,1,1,1,1,1,1,1
OTU_5170,1,1,1,1,1,1,1,1,1,1,1,1,1,1,1,1,1,1,1,1,1,1,1,1,1,1,1,1,1,1,1,1,1,1,1,1,1,1,1,1,1,1,1,1,1,1,1,1,1,1
OTU_5171,1,1,1,1,1,1,1,1,1,1,1,1,1,1,1,1,1,1,1,1,1,1,1,1,1,1,1,1,1,1,1,1,1,1,1,1,1,1,1,1,1,1,1,1,1,1,1,1,1,1
OTU_5172,1,1,1,1,1,1,1,1,1,1,1,1,1,1,1,1,1,1,1,1,1,1,1,1,1,1,1,1,1,1,1,1,1,1,1,1,1,1,1,1,1,1,1,1,1,1,1,1,1,1
OTU_5173,1,1,1,1,1,1,1,1,1,1,1,1,1,1,1,1,1,1,1,1,1,1,1,1,1,1,1,1,1,1,1,1,1,1,1,1,1,1,1,1,1,1,1,1,1,1,1,1,1,1
OTU_5174,1,1,1,1,1,1,1,1,1,1,1,1,1,1,1,1,1,1,1,1,1,1,1,1,1,1,1,1,1,1,1,1,1,1,1,1,1,1,1,1,1,1,1,1,1,1,1,1,1,1
OTU_5175,1,1,1,1,1,1,1,1,1,1,1,1,1,1,1,1,1,1,1,1,1,1,1,1,1,1,1,1,1,1,1,1,1,1,1,1,1,1,1,1,1,1,1,1,1,1,1,1,1,1
OTU_5176,1,1,1,1,1,1,1,1,1,1,1,1,1,1,1,1,1,1,1,1,1,1,1,1,1,1,1,1,1,1,1,1,1,1,1,1,1,1,1,1,1,1,1,1,1,1,1,1,1,1
OTU_5177,78,10,158,244,77,1,354,255,10,29,39,32,17,348,400,103,145,48,95,134,126,22,10,169,3,58,353,105,7,4,30,5,5,108,8,46,5,24,45,218,27,281,21,8,26,216,4,97,108,141
OTU_5178,1,1,1,1,1,1,1,6,1,1,1,1,1,1,1,1,1,1,1,1,1,1,1,1,1,1,1,1,1,1,1,1,1,1,1,1,1,1,1,1,1,1,1,1,1,1,1,1,1,1
OTU_5179,2,1,1,1,1,1,1,1,1,1,1,1,1,1,1,1,1,1,1,1,1,1,1,1,1,1,1,1,1,1,1,1,1,1,1,1,1,1,1,1,1,1,1,1,1,1,1,1,1,1
OTU_5180,1,1,1,1,1,1,1,1,1,1,4,1,1,1,1,1,1,1,1,1,1,1,1,1,1,1,1,1,1,1,1,1,95,17,7,1,1,1,1,1,236,27,1,59,1,5,1,1,1,1
OTU_5181,1,1,1,1,1,1,1,1,1,1,1,1,1,1,1,1,1,1,1,1,1,1,1,1,1,1,1,1,1,1,1,1,1,1,1,1,1,1,1,1,1,1,1,1,1,1,1,1,1,1
OTU_5182,1,1,1,1,1,1,1,1,1,1,1,25,1,1,1,1,1,1,1,3,1,1,1,1,1,1,1,1,1,1,1,1,1,4,1,1,1,1,1,1,1,1,104,1,1,1,1,1,11,1
OTU_5183,1,1,1,1,1,314,1,1,1,1,1,1,1,1,1,72,1,1,1,1,1,1,1,1,9,1,40,1,1,1,1,1,1,1,1,1,2,1,1,1,1,1,1,1,1,1,1,1,1,1
OTU_5184,1,1,1,1,1,1,1,1,1,1,1,1,1,1,1,1,1,1,1,1,1,1,1,1,1,1,1,1,1,1,1,1,1,1,1,1,1,1,1,1,1,1,1,1,1,1,1,1,1,1
OTU_5185,1,1,1,1,1,1,1,1,1,1,1,1,1,1,1,1,1,1,1,1,1,1,1,1,1,1,1,1,1,1,1,1,1,1,1,1,1,1,1,1,1,1,1,1,1,1,1,1,1,1
OTU_5186,1,1,1,1,1,1,1,1,1,1,1,1,1,1,1,1,1,1,1,1,1,1,1,1,1,1,1,1,1,1,1,1,1,1,1,1,1,1,1,1,1,1,1,13,1,1,1,1,1,1
OTU_5187,1,1,1,1,1,1,1,4,1,1,1,1,1,1,1,1,7,1,1,67,1,1,1,1,1,1,1,1,1,1,1,1,2,1,1,1,1,1,1,1,1,1,1,1,1,1,1,1,1,1
OTU_5188,1,1,1,1,1,1,1,1,1,1,1,1,1,1,1,1,1,1,1,1,1,1,1,1,1,1,1,1,1,1,1,1,1,1,1,1,1,1,1,1,1,1,1,1,1,1,1,1,1,1
OTU_5189,1,1,1,1,1,1,1,1,1,1,1,1,1,1,1,1,1,1,1,1,1,1,1,1,1,1,1,1,1,1,1,1,1,1,1,1,1,1,1,1,1,1,1,1,1,1,1,1,1,1
OTU_5190,1,1,1,1,1,1,1,1,1,1,1,1,1,1,1,1,1,1,1,1,1,1,1,1,1,1,1,1,1,1,1,1,1,1,1,1,1,1,1,1,1,1,1,1,1,1,1,1,1,1
OTU_5191,1,1,1,1,1,1,1,1,1,1,1,1,1,1,1,1,1,1,1,1,1,1,1,1,1,1,1,1,1,1,1,1,1,1,1,1,1,1,1,1,1,1,1,1,1,1,1,1,1,1
OTU_5192,13,105,4,2,2,3,6,1,32,19,1,105,126,98,21,32,2,20,42,26,49,111,252,209,1,12,43,3,17,3,2,15,28,10,1,1,3,2,2,94,18,17,6,75,77,15,30,100,121,265
OTU_5193,1,1,1,1,1,1,1,1,1,1,1,1,1,1,1,1,1,1,1,1,1,1,1,1,1,1,1,1,1,1,1,1,1,1,1,1,1,1,1,1,1,1,1,1,1,1,1,1,1,1
OTU_5194,1,1,1,1,1,1,1,1,1,1,1,1,1,1,1,1,1,1,1,1,1,1,1,1,1,1,1,1,1,1,1,1,1,1,1,1,1,1,1,1,1,1,1,1,1,1,1,1,1,1
OTU_5195,1,1,1,1,1,1,16,1,1,1,1,1,217,1,1,1,1,15,1,1,1,1,1,1,1,1,37,1,1,1,1,1,1,1,1,1,1,1,1,6,17,1,1,1,1,3,1,1,1,1
OTU_5196,1,1,1,1,1,1,1,1,1,1,1,1,1,1,1,1,1,1,1,1,1,1,1,1,1,1,1,1,1,1,1,1,1,1,1,1,1,1,1,1,1,1,1,1,1,1,1,1,1,1
OTU_5197,5,35,71,1,1,138,4,29,5,1,33,1,300,18,1,1,13,6,3,1,6,3,1,113,1,5,90,1,4,24,1,6,1,19,1,9,11,1,3,48,101,2,1,25,191,180,22,7,86,5
OTU_5198,1,1,1,1,1,1,1,1,1,1,1,1,1,1,1,1,1,1,1,1,1,1,1,1,1,1,1,1,1,1,1,1,2,1,1,1,1,1,1,1,1,1,1,1,1,1,1,1,1,1
OTU_5199,1,1,1,1,1,1,1,1,1,1,1,1,1,1,1,1,1,1,1,1,1,1,1,1,1,1,1,1,1,1,1,1,1,1,1,1,1,1,1,1,1,1,1,1,1,1,1,1,1,1
OTU_5200,1,1,1,1,1,1,1,1,1,1,1,1,1,1,1,1,1,1,3,1,1,1,1,1,1,1,1,1,1,1,7,1,1,1,4,1,1,1,1,1,35,1,1,32,1,1,1,3,1,1
OTU_5201,1,1,1,1,1,1,1,1,1,1,1,1,1,1,1,1,1,1,1,1,1,1,1,1,1,1,1,1,1,1,1,1,1,1,1,1,1,1,1,1,1,1,1,1,1,1,1,1,1,1
OTU_5202,1,1,1,1,1,1,1,1,1,1,1,1,1,1,1,1,1,1,1,1,1,1,1,1,1,1,1,1,1,1,1,1,1,1,1,1,1,1,1,1,1,1,1,1,1,1,1,1,1,1
OTU_5203,1,1,1,1,1,1,1,1,1,1,1,1,1,1,1,1,1,1,1,1,1,1,1,1,1,1,1,1,1,1,1,1,1,1,1,1,1,1,1,1,1,1,1,1,1,1,1,1,1,1
OTU_5204,1,2,1,1,1,1,1,1,1,10,1,1,1,1,1,1,1,1,1,1,1,1,6,1,3,1,1,1,1,4,1,1,1,1,1,1,1,1,1,1,1,1,1,1,1,1,1,1,1,1
OTU_5205,1,1,1,1,1,1,1,64,88,1,159,1,5,1,1,1,1,1,1,1,1,1,1,3,113,1,1,1,1,1,1,1,1,2,1,1,1,17,1,15,1,1,1,1,1,1,1,33,1,1
OTU_5206,1,1,7,4,1,112,131,1,45,1,1,1,2,53,19,1,8,54,31,1,3,1,202,1,8,1,2,203,1,17,3,50,1,1,4,46,140,2,1,3,22,1,2,6,1,32,1,1,1,19
OTU_5207,1,1,1,1,1,1,1,1,1,1,1,1,1,1,1,1,1,1,1,1,1,1,1,1,1,1,1,1,1,1,1,1,1,1,1,1,1,1,1,1,1,1,1,1,1,1,1,1,1,1
OTU_5208,1,1,1,1,1,1,1,1,1,1,1,1,1,1,1,1,1,1,1,1,1,1,1,1,1,1,1,1,1,1,1,1,1,1,1,1,1,1,1,1,2,1,1,1,1,1,1,1,1,1
OTU_5209,1,1,1,2,12,28,1,13,5,1,2,144,1,1,292,3,140,1,22,1,1,60,1,1,1,1,2,35,4,5,46,4,11,50,33,1,2,45,1,1,26,60,1,12,1,13,255,1,29,1
OTU_5210,1,1,1,1,1,1,1,1,1,1,1,1,1,1,1,1,1,1,1,1,1,1,1,1,1,1,1,1,1,1,1,1,1,1,1,1,1,1,1,1,1,1,1,1,1,1,1,1,1,1
OTU_5211,1,1,1,1,1,1,1,1,1,1,1,1,1,1,1,1,1,1,1,1,1,1,1,1,1,1,1,1,1,1,1,1,1,1,1,1,1,1,1,1,1,1,1,1,1,1,1,1,1,1
OTU_5212,1,1,1,1,1,1,1,1,1,1,1,1,1,1,1,1,1,1,1,1,1,1,1,1,1,1,1,1,1,1,1,1,1,1,1,1,1,1,1,1,1,1,1,1,1,1,1,1,1,1
OTU_5213,93,2,14,17,13,5,35,6,11,13,1,6,1,9,3,1,1,2,139,167,4,7,1,2,1,1,5,1,2,1,7,1,5,4,44,2,4,3,1,14,1,71,88,256,1,1,1,26,3,1
OTU_5214,645,287,300,323,382,752,57,1355,56,192,289,726,38,423,187,233,101,75,177,213,409,279,155,385,336,908,125,631,185,212,427,53,386,184,268,779,344,233,753,357,78,279,241,61,359,176,413,266,1327,259
OTU_5215,435,2,379,180,9,4,2,149,5,4,37,136,65,32,42,7,51,1,29,20,152,244,58,37,59,3,38,3,6,97,147,54,3,47,239,4,25,54,49,28,104,44,1,26,101,103,29,1,4,373
OTU_5216,1,1,1,1,1,1,1,1,1,1,1,1,1,1,1,1,1,1,1,1,1,1,1,1,1,1,1,1,1,1,1,1,1,1,1,1,1,1,1,1,1,1,1,1,1,1,1,1,1,1
OTU_5217,155,9,1,1,1,1,2,3,67,669,79,1,4,2,37,17,26,5,1,83,100,105,112,2,1,1,1,2,1,49,237,1,1,7,10,15,8,115,9,1,31,30,2,1,136,10,5,2,182,1
OTU_5218,1,1,1,1,1,1,2,1,2,1,1,1,1,1,1,1,1,1,1,1,1,1,1,1,1,1,1,1,1,1,1,1,1,1,1,1,1,1,1,1,1,1,1,1,1,1,1,381,1,1
OTU_5219,1,9,13,2,1,1,19,1,1,138,1,1,113,1,1,1,9,1,1,184,1,5,1,1,10,65,1,1,1,1,1,1,1,1,1,2,1,22,1,2,2,1,1,1,1,1,1,6,3,1
OTU_5220,1,1,3,7,1,1,1,1,36,1,1,135,1,1,1,2,1,1,30,1,8,2,1,1,1,1,1,34,1,1,1,1,1,4,1,21,1,1,1,1,1,1,15,3,63,1,1,1,1,1
OTU_5221,1,1,1,1,1,1,1,1,1,1,1,1,1,1,1,1,1,1,1,1,1,1,1,1,1,1,1,1,1,1,1,1,1,1,1,1,1,1,1,1,1,1,1,1,1,1,1,1,1,1
OTU_5222,1,1,1,1,6,1,1,1,1,32,1,2,105,1,1,1,1,1,2,1,1,1,1,1,1,25,1,4,1,1,1,1,1,1,1,1,1,1,1,1,1,1,1,16,13,1,1,1,273,1
OTU_5223,1,1,1,1,1,1,1,1,1,1,1,1,1,1,1,1,1,1,1,1,1,1,1,1,1,1,1,1,1,1,1,1,1,1,1,1,1,1,1,1,1,1,1,1,1,1,1,1,1,1
OTU_5224,1,1,1,1,1,1,1,1,1,1,1,1,1,1,1,1,1,1,1,1,1,1,1,1,1,1,1,1,1,1,1,1,1,1,1,1,1,1,1,1,1,1,1,1,1,1,1,1,1,1
OTU_5225,1,1,1,1,1,1,1,1,1,1,1,1,1,1,1,1,1,1,1,1,1,1,1,1,1,1,1,1,1,1,1,1,1,1,1,1,1,1,1,1,1,1,1,1,1,1,1,1,1,1
OTU_5226,1,1,1,1,1,1,1,1,1,1,1,1,1,1,1,1,1,1,1,1,1,1,1,1,1,1,1,1,1,1,1,1,1,1,1,1,1,1,1,1,1,1,1,1,1,1,1,1,1,1
OTU_5227,1,1,1,1,1,1,1,1,1,1,1,1,1,1,1,1,1,1,1,1,1,1,1,1,1,1,1,1,1,1,1,1,1,1,1,1,1,1,1,1,1,1,1,1,1,1,1,1,1,1
OTU_5228,33,4,41,2,62,1,1,159,1,1,56,443,1,3,1,273,15,60,5,5,1,181,1,2,1,1,251,30,1,35,91,5,8,1,159,132,89,1,1,1,415,1,1,44,191,25,15,72,1,2
OTU_5229,1,1,1,1,1,1,1,1,1,1,1,1,1,1,1,1,1,1,1,1,1,1,1,1,1,1,1,1,1,1,1,1,1,1,1,1,1,1,1,1,1,1,1,1,1,1,1,1,1,1
OTU_5230,1,1,1,1,1,1,1,1,1,1,1,1,1,1,1,1,1,1,1,1,1,1,1,1,1,1,1,1,1,1,1,1,1,1,1,1,1,1,1,1,1,1,1,1,1,1,1,1,1,1
OTU_5231,1,1,1,1,1,1,1,1,1,1,1,1,1,1,1,1,1,1,1,1,1,1,1,1,1,2,1,1,1,1,1,1,1,1,1,1,1,1,1,1,1,1,1,1,1,1,1,1,1,1
OTU_5232,1,7,27,1,1,1,1,1,1,1,12,1,1,1,1,251,1,1,1,1,1,23,1,1,1,1,24,1,29,1,42,2,146,1,1,2,1,1,1,2,1,1,1,1,1,1,8,1,1,1
OTU_5233,1,1,1,1,1,1,1,1,1,1,1,1,1,1,1,1,1,1,1,1,1,1,1,1,1,1,1,1,1,1,1,1,1,1,1,1,1,1,1,1,1,1,1,1,1,1,1,1,1,1
OTU_5234,141,6,7,119,2,1,7,1,1,32,1,9,91,22,1,23,271,169,5,17,1,122,71,22,1,501,19,8,188,24,330,17,100,4,39,40,1,1,1,36,255,25,517,1,63,4,75,3,112,7
OTU_5235,1,1,1,1,1,1,1,1,1,1,1,1,1,1,1,1,1,1,1,1,1,1,1,1,1,1,1,1,1,1,1,1,1,1,1,1,1,1,1,1,1,1,1,1,1,1,1,1,1,1
OTU_5236,1,1,1,1,1,1,1,1,1,1,1,1,1,1,1,1,1,1,1,1,1,1,1,1,1,1,1,1,1,1,1,1,1,1,1,1,1,1,1,1,1,1,1,1,1,1,1,1,1,1
OTU_5237,5,567,28,66,97,18,122,137,23,90,78,1,55,452,44,42,262,34,11,148,8,18,32,305,13,10,6,51,14,2,28,39,231,253,48,134,12,80,258,17,47,82,81,6,11,293,2,8,50,221
OTU_5238,1,1,1,1,11,24,1,1,12,1,1,52,1,1,1,1,1,5,2,1,338,5,1,1,2,60,1,2,29,29,4,51,1,1,147,2,1,6,3,17,1,1,33,2,1,1,1,1,1,4
OTU_5239,1,1,1,3,1,1,1,1,1,1,1,4,16,1,1,1,1,1,1,1,1,1,1,1,1,1,1,1,1,1,1,1,1,1,1,1,1,1,1,1,1,1,1,1,1,1,47,2,1,1
OTU_5240,1,1,1,1,1,1,1,1,1,1,1,1,1,1,1,1,1,1,1,1,1,1,1,1,1,1,1,1,1,1,1,1,1,1,1,1,1,1,1,1,1,1,1,1,1,1,1,1,1,1
OTU_5241,1,1,1,1,1,1,1,1,1,1,1,1,1,1,1,1,1,1,1,1,1,1,1,1,1,1,1,1,1,1,1,1,1,1,1,1,1,1,1,1,1,1,1,1,1,1,1,1,1,1
OTU_5242,679,271,90,109,356,140,149,147,288,135,49,15,69,169,417,157,78,419,241,94,402,98,44,252,392,146,313,67,20,59,223,176,234,139,237,11,36,215,200,274,586,145,42,95,224,86,87,67,265,25
OTU_5243,1,1,1,1,1,1,1,1,1,1,1,1,1,1,1,1,1,1,1,1,1,1,1,1,1,1,1,1,1,1,1,1,1,1,1,1,1,1,1,1,1,1,1,1,1,1,1,1,1,1
OTU_5244,30,15,35,1,15,4,42,85,30,123,1,59,35,2,1,1,5,13,1,26,8,1,6,1,96,1,23,50,123,2,1,78,22,41,39,7,25,5,5,28,82,1,41,1,1,13,12,25,1,15
OTU_5245,1,1,1,1,1,1,17,4,1,1,1,1,1,1,1,31,1,1,1,1,1,1,1,1,1,1,1,14,1,1,1,1,1,5,1,1,1,1,1,1,1,1,58,1,1,1,1,1,1,1
OTU_5246,1,1,1,1,1,1,1,1,1,1,1,1,1,1,1,1,1,1,1,1,1,1,1,1,1,1,1,1,1,1,1,1,1,1,1,1,1,1,1,1,1,1,1,1,1,1,1,1,1,1
OTU_5247,1,1,1,1,1,1,1,1,1,1,1,1,1,1,1,1,1,1,1,1,1,1,1,1,1,1,1,1,1,1,1,1,1,1,1,1,1,1,1,1,1,1,1,1,1,1,1,1,1,1
OTU_5248,1,1,1,1,1,1,1,1,1,1,1,1,1,1,1,1,1,1,1,1,1,1,1,1,1,1,1,1,1,1,1,1,1,1,1,1,1,1,1,1,1,1,1,1,1,1,1,1,1,1
OTU_5249,1,1,1,1,1,1,1,1,1,1,1,1,1,1,1,1,1,1,1,1,1,1,1,1,1,1,1,1,1,1,1,1,1,1,1,1,1,1,1,1,10,1,1,1,1,1,1,1,1,1
OTU_5250,1,1,1,1,1,1,1,1,1,1,1,1,1,1,1,1,1,1,1,1,1,1,1,1,1,1,1,1,1,1,1,1,1,1,1,1,1,1,1,1,1,1,1,1,1,1,1,1,1,1
OTU_5251,1,1,1,1,1,1,1,1,1,1,1,1,1,1,1,1,1,1,1,1,1,1,1,1,1,1,1,1,1,1,1,1,1,1,1,1,1,1,1,1,1,1,1,1,1,1,1,1,1,1
OTU_5252,1,1,1,1,1,1,1,1,1,1,1,1,1,1,1,1,1,1,1,1,1,1,1,1,1,1,1,1,1,1,1,1,1,1,1,1,1,1,1,1,1,1,1,1,1,1,1,1,1,1
OTU_5253,1,1,1,1,1,1,1,1,1,1,1,1,1,1,1,1,1,1,1,1,1,1,1,1,1,1,1,1,1,1,1,1,1,1,1,1,1,1,1,1,1,1,1,1,1,1,51,1,1,1
OTU_5254,1,1,1,1,1,1,1,1,1,1,1,1,1,1,1,1,1,1,1,1,1,1,1,1,1,1,1,1,1,1,1,1,1,1,1,1,1,1,1,1,1,1,1,1,1,1,1,1,1,1
OTU_5255,1,1,1,1,1,1,1,1,1,1,1,1,1,1,1,1,1,1,1,1,1,1,1,1,1,1,1,1,1,1,1,1,1,1,1,1,1,1,1,1,1,1,1,1,1,1,1,1,1,1
OTU_5256,1,1,1,1,1,1,1,1,1,1,1,1,1,1,1,1,1,1,1,1,1,1,1,1,1,1,1,1,1,1,1,1,1,1,1,1,1,1,1,1,1,1,1,1,1,1,1,1,1,1
OTU_5257,1,1,1,1,1,1,1,1,1,1,1,1,1,1,1,1,1,1,1,1,1,1,1,1,1,1,1,1,1,1,1,1,1,1,1,1,1,1,1,1,1,1,1,1,1,1,1,1,1,1
OTU_5258,1,1,1,1,1,1,1,1,1,1,1,1,1,1,1,1,1,1,1,1,1,1,1,1,1,1,1,1,1,1,1,1,1,1,1,1,1,1,1,1,1,1,1,1,1,1,1,1,1,1
OTU_5259,1,1,1,1,1,1,1,1,1,1,1,1,1,1,1,1,1,1,1,1,1,1,1,1,1,1,1,1,1,1,1,1,1,1,1,1,1,1,1,1,1,1,2,1,1,1,1,1,10,1
OTU_5260,1,1,1,1,1,1,1,1,22,1,1,1,1,1,1,1,1,1,1,1,1,1,1,1,1,1,1,1,1,1,1,1,1,1,1,1,1,1,1,1,1,1,1,1,1,1,1,1,1,2
OTU_5261,1,1,1,1,1,1,1,1,1,1,1,1,1,1,1,1,1,1,1,1,1,1,1,1,1,1,1,1,1,1,1,1,1,1,1,1,1,1,1,1,1,1,1,1,1,1,1,1,1,1
OTU_5262,1,1,9,1,3,1,38,1,4,110,167,1,27,1,1,24,1,1,3,1,4,1,1,1,11,121,18,72,90,1,31,103,1,1,1,1,1,1,7,36,9,1,1,4,1,1,1,1,34,1
OTU_5263,1,1,1,1,1,1,1,1,1,1,1,1,1,1,1,1,1,1,1,1,1,1,1,1,1,1,1,1,1,1,1,1,1,1,1,1,1,1,1,1,1,1,1,1,1,1,1,1,1,1
OTU_5264,1,1,1,1,1,1,1,1,1,1,1,1,1,1,1,1,1,1,1,1,1,1,1,1,1,1,1,1,1,1,1,1,1,1,1,1,1,1,1,1,1,1,1,1,1,1,1,1,1,1
OTU_5265,207,180,189,246,473,364,200,147,302,31,135,160,548,228,128,231,171,87,479,143,399,651,517,428,261,171,218,164,9,196,454,266,121,9,107,50,388,103,321,62,72,36,147,41,139,155,18,15,227,543
OTU_5266,1,1,1,1,1,1,1,1,1,1,1,1,1,1,1,1,1,1,1,1,1,1,1,1,1,1,1,1,1,1,1,1,1,1,1,1,1,1,1,1,1,1,1,1,1,1,1,1,1,1
OTU_5267,4,34,16,23,25,1,91,4,4,225,18,1,2,69,5,79,153,102,105,133,1,81,22,15,1,29,427,3,2,12,179,39,12,24,147,18,154,15,2,4,1,4,70,140,1,42,2,34,42,48
OTU_5268,1,1,1,1,1,1,1,1,1,1,1,7,1,1,1,66,1,1,1,1,1,1,1,1,1,1,1,1,1,1,1,1,1,1,13,1,1,1,1,1,1,1,1,1,5,1,1,1,1,7
OTU_5269,1,1,1,1,1,1,1,1,1,1,1,1,1,1,1,1,1,1,1,1,1,1,1,1,1,1,1,1,1,1,1,1,1,1,1,1,1,1,1,1,1,1,1,1,1,1,1,1,1,1
OTU_5270,1,1,1,1,1,1,1,1,1,1,1,1,1,1,1,1,1,1,1,1,1,1,1,1,1,1,1,1,1,1,1,1,1,1,1,1,1,1,1,1,1,1,1,1,1,1,1,1,1,1
OTU_5271,1,76,25,1,5,3,42,31,178,11,34,1,33,1,1,10,1,14,213,60,1,3,1,1,1,19,4,1,1,1,551,4,12,5,105,1,1,1,1,37,2,1,61,7,1,1,4,1,123,1
OTU_5272,1,3,1,1,55,1,1,2,200,1,1,1,1,1,1,1,37,1,5,1,1,1,1,1,1,1,1,1,1,1,1,1,2,1,1,1,34,6,1,1,1,1,1,1,1,1,1,3,30,1
OTU_5273,383,329,171,32,100,156,128,174,1,7,143,214,310,177,340,141,97,214,327,741,67,36,46,24,51,43,34,220,128,28,606,391,126,63,36,30,155,243,3,112,362,978,29,140,202,402,458,161,21,335
OTU_5274,1,1,1,1,1,1,1,1,5,1,1,1,1,1,1,1,1,1,1,1,1,100,1,1,1,1,1,1,1,1,1,1,1,1,1,1,1,1,1,1,1,1,1,1,1,11,1,1,1,1
OTU_5275,4,171,32,1,1,334,9,1,1,60,1,36,2,98,10,14,1,5,23,1,37,161,407,1,1,1,10,24,16,3,11,28,25,1,68,101,1,5,9,1,5,1,2,102,2,1,49,11,28,1
OTU_5276,1,1,1,1,1,1,1,1,1,1,1,1,1,1,1,1,1,1,1,1,1,1,1,1,1,1,1,1,1,1,1,1,1,1,1,1,1,1,1,1,1,1,1,1,1,1,1,1,1,1
OTU_5277,1,1,1,1,1,1,1,1,1,1,1,1,1,1,1,1,1,1,1,1,1,1,1,1,1,1,1,1,1,1,1,1,1,1,1,1,1,1,1,1,1,1,1,1,1,1,1,1,1,1
OTU_5278,1,1,1,1,1,77,51,1,15,1,6,2,3,21,4,8,1,2,1,1,1,1,1,28,1,43,6,60,53,144,1,29,1,1,27,1,496,201,1,22,1,1,2,1,3,4,2,118,55,1
OTU_5279,148,1,1,1,1,8,59,1,7,13,8,1,59,37,188,2,4,3,1,83,1,1,1,14,1,1,1,2,15,43,1,1,1,23,162,5,1,4,2,8,135,1,1,1,18,2,5,42,41,24
OTU_5280,181,298,40,186,123,15,477,365,50,93,59,214,311,225,74,13,216,39,156,48,59,11,113,168,278,71,46,84,17,201,17,48,136,4,21,1,19,155,56,110,59,345,108,159,30,162,167,538,16,233
OTU_5281,1,1,1,1,1,1,1,1,1,1,1,1,1,1,1,1,1,1,1,1,1,1,1,1,1,1,1,1,1,1,1,1,1,1,1,1,1,1,1,1,1,1,1,1,1,1,1,1,1,1
OTU_5282,1,1,1,1,1,1,1,1,1,1,1,1,1,1,1,1,1,1,1,1,1,1,1,1,1,1,1,1,1,1,1,1,1,1,1,1,1,1,1,1,1,1,1,1,1,1,1,1,1,1
OTU_5283,1,1,1,1,1,1,1,1,1,1,1,1,1,1,1,1,1,1,1,1,1,1,1,1,1,1,2,1,1,1,1,1,1,1,1,1,1,1,1,1,1,1,1,1,1,1,1,2,1,1
OTU_5284,1,1,1,1,1,1,1,1,1,1,1,1,1,1,1,1,1,1,1,1,1,1,1,1,1,1,1,1,1,1,1,1,1,1,1,1,1,1,1,1,1,1,1,1,1,1,1,1,1,1
OTU_5285,4,1,160,1,162,63,47,82,3,2,57,1,5,19,10,1,195,17,1,7,1,39,1,10,21,25,60,8,14,134,3,1,3,3,98,1,120,159,6,220,23,3,1,10,58,201,1,67,43,1
OTU_5286,1,1,1,1,1,1,1,1,1,1,1,1,1,1,1,1,1,1,1,1,1,1,1,1,1,1,1,1,1,1,1,1,1,1,1,1,1,1,1,1,1,1,1,1,1,1,1,1,1,1
OTU_5287,1,1,1,1,1,1,1,1,1,1,1,1,1,1,1,1,1,1,1,1,1,1,1,1,1,1,1,1,1,1,1,1,1,1,1,1,1,1,1,1,1,1,1,1,1,1,1,1,1,1
OTU_5288,1,1,1,1,1,12,1,1,1,1,1,1,1,1,1,1,1,1,1,1,1,1,19,1,1,1,1,1,1,1,1,1,1,1,1,1,1,1,1,1,1,1,1,1,1,1,1,1,1,1
OTU_5289,9,69,1,1,4,1,1,1,1,1,1,1,1,5,1,4,48,2,3,2,1,1,9,1,1,1,31,4,22,1,7,140,1,1,1,1,4,97,543,1,1,3,22,1,7,57,30,19,1,1
OTU_5290,1,1,1,1,1,1,1,1,1,1,1,1,1,1,1,1,1,1,1,1,1,1,1,1,1,1,1,1,1,1,1,1,1,1,1,1,1,1,1,1,1,1,1,1,1,1,1,1,1,1
OTU_5291,7,7,34,1,4,3,18,18,186,27,31,1,6,3,8,43,32,49,33,26,7,1,115,9,2,1,5,42,1,1,90,1,5,3,5,1,12,76,189,22,1,39,7,2,8,35,10,1,1,108
OTU_5292,1,1,1,1,1,1,1,1,1,1,1,1,1,1,1,1,1,1,1,1,1,1,1,1,1,1,1,1,1,1,1,1,1,1,1,1,1,1,1,1,1,1,1,1,1,1,1,1,1,1
OTU_5293,1,1,1,1,1,1,1,1,1,1,1,1,1,1,1,1,1,1,1,1,1,1,1,1,1,1,1,1,1,1,1,1,1,1,1,1,1,1,1,1,1,1,1,1,1,1,1,1,1,1
OTU_5294,1,1,1,1,1,1,1,1,1,1,1,1,1,1,1,1,1,1,1,1,1,1,1,1,1,1,1,1,1,1,1,1,1,1,1,1,1,1,1,1,1,1,1,1,1,1,1,1,1,1
OTU_5295,1,1,1,1,1,1,1,1,1,1,1,1,1,1,1,1,1,1,1,1,1,1,1,1,1,1,1,1,1,1,1,1,1,1,1,1,1,1,1,1,1,1,1,1,1,1,1,1,1,1
OTU_5296,1,1,11,1,1,1,77,22,1,1,1,1,1,25,1,1,1,1,1,3,1,1,1,46,11,1,10,1,12,1,58,1,3,1,2,1,1,82,14,1,22,1,1,11,1,54,5,1,1,13
OTU_5297,52,20,1,14,2,1,5,25,1,25,1,1,1,1,1,10,1,7,16,10,2,6,1,54,1,18,5,79,89,9,83,1,2,1,1,1,1,1,109,1,1,44,1,19,3,2,5,1,6,1
OTU_5298,2,1,1,1,1,1,1,3,6,1,1,1,1,1,4,1,6,10,1,1,1,1,4,1,1,1,1,1,1,1,1,1,1,1,1,2,8,20,13,1,1,1,1,1,1,62,1,1,1,1
OTU_5299,1,22,1,11,1,1,5,1,193,1,1,27,1,11,137,1,1,1,136,6,16,1,1,18,52,1,1,1,1,4,6,1,1,1,2,1,1,4,43,47,1,15,1,1,4,1,1,89,88,1
OTU_5300,1,1,1,1,1,1,1,1,2,1,4,1,1,1,1,1,1,1,1,1,1,1,1,1,1,1,4,7,1,1,1,1,2,1,2,1,1,1,1,1,4,1,1,1,1,1,1,1,25,1
OTU_5301,1,1,1,3,1,1,1,1,1,2,1,10,1,1,1,1,1,4,1,1,1,1,1,1,1,1,1,1,3,1,1,1,20,1,1,1,1,1,1,4,1,1,1,1,1,1,1,1,1,1
OTU_5302,1,1,1,1,1,1,1,1,1,1,1,1,1,1,1,1,1,1,1,1,1,1,1,1,1,1,1,1,1,1,1,1,1,1,1,1,1,1,1,1,1,1,1,1,1,1,1,1,1,1
OTU_5303,1,1,1,1,1,1,1,1,1,1,1,1,1,1,1,1,1,1,1,1,1,1,1,1,1,1,1,1,1,1,1,1,1,1,1,1,1,1,1,1,1,1,1,1,1,1,1,1,1,1
OTU_5304,1,1,1,1,1,1,1,6,1,1,1,3,29,1,1,1,1,48,1,1,2,1,2,1,8,1,1,1,1,34,2,1,1,1,1,1,1,3,1,1,1,61,1,1,1,12,90,1,1,3
OTU_5305,1,1,1,1,1,1,1,9,12,44,1,2,1,1,1,1,1,1,1,1,5,3,2,1,1,1,1,1,1,1,1,1,15,1,1,1,1,1,1,25,1,1,1,7,2,6,1,1,1,1
OTU_5306,1,1,1,2,1,1,2,1,1,1,1,1,1,1,1,1,1,1,1,40,1,17,1,1,1,1,1,1,1,1,1,1,1,1,1,1,1,1,1,1,1,1,1,1,1,1,1,1,1,1
OTU_5307,1,1,1,1,1,1,1,1,1,1,1,1,1,1,1,1,1,1,1,1,1,1,1,1,1,1,1,1,1,1,1,1,1,1,1,1,1,1,1,1,1,1,1,1,1,1,1,1,1,2
OTU_5308,1,1,1,1,1,1,1,1,2,1,1,1,1,1,1,1,1,1,1,1,1,1,1,1,4,1,1,1,1,1,3,1,1,1,1,1,1,31,5,2,1,1,1,1,1,1,1,1,25,1
OTU_5309,1,1,1,1,1,1,1,1,1,1,1,1,1,1,1,1,1,1,1,1,1,1,1,1,1,1,1,1,1,1,1,1,1,1,1,1,1,1,1,1,1,1,1,1,1,1,1,1,1,1
OTU_5310,1,1,1,1,1,1,1,1,1,1,1,2,1,1,1,1,1,1,1,1,1,1,1,1,1,1,1,1,1,1,1,1,1,1,1,1,1,1,1,1,1,1,1,1,1,1,1,1,1,1
OTU_5311,1,1,1,1,1,1,1,1,1,1,1,1,1,1,1,1,1,1,1,1,1,1,1,1,1,1,1,1,1,1,1,1,1,1,1,1,1,1,1,1,1,1,1,1,1,1,1,1,1,1
OTU_5312,1,1,1,1,1,1,1,1,1,1,1,1,1,1,1,1,1,1,1,1,1,1,1,1,1,1,1,1,1,1,1,1,1,1,1,1,14,1,1,1,1,1,1,1,1,1,1,81,1,1
OTU_5313,1,1,1,1,1,1,1,1,1,1,1,1,1,1,1,1,1,1,1,1,1,1,1,1,1,1,1,1,1,1,1,1,1,1,1,1,1,1,1,1,1,1,1,1,1,1,1,1,1,1
OTU_5314,1,4,18,8,252,1,9,4,1,23,21,9,37,7,2,112,19,9,1,1,1,18,1,2,1,17,46,1,54,3,11,2,178,31,1,3,17,2,8,1,166,1,50,7,50,20,10,1,29,1
OTU_5315,10,137,3,1,1,288,52,10,39,333,179,15,4,406,169,76,1,1,2,74,61,79,48,48,81,367,23,93,120,2,8,44,2,13,64,14,45,1,360,9,3,122,29,26,1,34,143,106,57,150
OTU_5316,3,18,1,1,1,36,38,1,1,1,1,1,1,1,1,1,368,2,1,1,1,1,1,1,1,1,1,1,1,1,3,1,1,1,1,1,1,1,11,2,1,1,1,1,1,4,17,1,1,1
OTU_5317,1,1,1,1,1,1,1,1,1,1,1,1,1,1,1,1,1,1,1,1,1,1,1,1,1,1,1,1,1,1,1,1,1,1,1,1,1,1,1,1,1,1,1,1,1,1,1,1,1,1
OTU_5318,1,5,1,1,1,1,1,1,1,1,104,1,1,1,1,1,1,1,1,1,1,1,1,1,1,1,1,1,1,1,1,13,1,1,1,1,1,1,1,1,1,1,1,1,1,1,1,10,1,1
OTU_5319,360,399,104,98,293,189,75,407,3,43,356,133,81,48,9,86,95,248,2,72,68,25,155,402,28,44,100,44,56,40,29,18,272,18,25,27,80,423,67,17,23,12,316,99,66,120,78,15,60,203
OTU_5320,1,1,1,1,1,1,1,1,1,1,1,1,1,1,1,1,1,1,1,1,1,1,1,1,1,1,1,1,1,1,1,1,1,1,1,1,1,1,1,1,1,1,1,1,1,1,1,1,1,1
OTU_5321,1,1,1,1,1,1,1,1,1,1,1,42,1,1,1,1,1,1,1,1,1,1,1,2,1,1,1,1,1,11,1,1,1,14,1,1,1,1,1,1,1,1,1,1,1,1,1,1,1,1
OTU_5322,1,1,1,1,1,1,1,1,1,1,1,1,1,1,1,1,1,1,1,1,1,1,1,1,1,1,1,1,1,1,1,1,1,1,1,1,1,1,1,1,1,1,1,1,1,1,1,1,1,1
OTU_5323,1,1,1,1,1,1,1,1,1,1,1,1,1,1,1,1,1,1,1,1,1,1,1,1,1,1,1,1,1,1,1,1,1,1,1,1,1,1,1,1,1,1,1,1,1,1,1,1,1,1
OTU_5324,1,1,1,1,1,1,1,1,1,1,1,1,1,1,1,1,1,1,1,1,1,1,1,1,1,1,1,1,1,1,1,1,1,1,1,1,1,1,1,1,1,1,1,1,1,1,1,1,1,1
OTU_5325,1,1,1,1,1,1,1,1,1,1,1,1,261,1,1,1,1,1,1,1,1,1,1,1,1,1,1,1,1,1,1,1,1,1,1,1,1,1,1,1,1,1,1,1,1,1,1,1,1,1
OTU_5326,1,1,1,1,1,1,1,1,1,1,1,1,1,1,1,1,1,1,1,1,1,1,1,1,1,1,1,1,1,1,1,1,1,1,1,1,1,1,1,1,1,1,1,1,1,1,1,1,1,1
OTU_5327,1,1,1,1,1,1,1,1,1,1,1,1,1,1,1,1,1,1,1,1,1,1,1,1,1,1,1,1,1,1,1,1,1,1,1,1,1,1,1,1,1,1,1,1,1,1,1,1,1,1
OTU_5328,1,1,1,1,1,1,1,1,1,1,1,1,1,1,1,1,1,1,1,1,1,1,1,1,1,1,1,1,1,1,1,1,1,1,1,1,1,1,1,1,1,1,1,1,1,1,1,1,1,1
OTU_5329,1,1,1,1,1,1,1,1,1,43,1,1,1,1,1,1,22,2,1,1,1,25,1,1,1,1,1,1,1,1,1,1,1,1,1,1,1,21,99,1,1,1,1,1,1,1,18,4,1,1
OTU_5330,1,1,1,1,1,1,1,1,1,1,1,1,1,1,1,1,1,1,1,1,1,1,1,1,1,1,1,1,1,1,1,1,1,1,1,1,1,1,1,1,1,1,1,1,1,1,1,1,1,1
OTU_5331,1,1,1,1,1,1,1,1,1,1,1,1,1,1,1,1,1,1,1,1,1,1,1,1,1,1,1,1,1,1,1,1,1,1,1,1,1,1,1,1,1,1,224,1,1,1,1,1,1,1
OTU_5332,1,1,1,10,1,1,1,1,2,1,1,1,1,1,1,1,1,1,1,1,1,114,2,1,1,1,1,1,1,62,26,1,1,1,1,1,1,1,1,1,1,1,1,1,1,1,1,1,1,1
OTU_5333,131,151,69,160,252,182,452,77,53,54,3,572,99,15,36,9,112,98,195,139,69,302,224,110,646,253,19,235,53,234,155,74,12,10,78,292,35,71,14,81,335,141,369,198,11,5,545,70,334,102
OTU_5334,1,1,1,1,1,1,1,1,1,1,1,1,1,1,1,1,1,1,1,1,1,1,1,1,1,1,1,1,1,1,1,1,1,1,1,1,1,1,1,1,1,1,1,1,1,1,1,1,1,1
OTU_5335,144,385,90,156,138,52,213,4,406,150,4,28,91,841,223,38,32,71,82,431,88,447,248,7,629,11,129,361,278,49,7,126,103,198,155,43,235,312,232,19,178,7,47,56,559,14,21,90,1,264
OTU_5336,12,13,2,1,5,1,1,1,78,131,8,57,71,1,1,20,47,30,1,4,33,2,11,48,4,20,110,1,45,190,1,1,1,1,1,1,6,48,1,1,1,1,1,7,42,34,2,192,9,1
OTU_5337,1,1,1,1,1,1,1,1,1,1,1,1,1,1,1,1,1,1,1,1,1,1,1,1,1,1,1,1,1,1,1,1,1,1,1,1,1,1,1,1,1,1,1,1,1,1,1,1,1,1
OTU_5338,1,1,1,1,1,1,1,1,1,1,1,1,1,1,1,18,1,1,1,8,1,2,1,1,1,1,1,1,1,1,1,1,1,1,1,1,1,1,1,1,1,1,1,1,1,4,1,1,1,1
OTU_5339,54,14,173,1,28,2,63,29,60,21,52,384,1,232,5,67,1,233,122,6,3,1,3,45,28,33,4,28,204,1,14,30,313,1,1,1,8,9,26,4,117,240,4,197,179,1,16,10,1,162
OTU_5340,1,1,1,1,1,1,1,62,1,1,1,1,1,1,1,1,1,1,1,1,1,1,1,1,1,1,1,1,1,1,1,1,1,15,1,1,1,1,1,1,1,1,1,1,1,1,1,1,1,1
OTU_5341,1,1,1,1,1,1,1,1,1,1,1,1,1,1,1,1,1,1,1,1,1,1,1,1,1,1,1,1,1,1,1,1,1,1,1,1,1,1,1,1,1,1,1,1,1,1,1,1,1,1
OTU_5342,1,1,1,1,1,1,1,1,1,1,1,1,1,1,1,1,1,1,1,1,1,1,1,1,1,1,1,1,1,1,1,1,1,1,1,1,1,1,1,1,1,1,1,1,1,1,1,1,1,1
OTU_5343,1,1,1,1,1,1,1,1,1,1,1,1,1,1,1,1,1,1,1,1,1,1,1,1,1,1,1,1,1,1,1,1,1,1,1,1,1,1,1,1,1,1,1,1,1,1,1,1,1,1
OTU_5344,1,1,1,1,1,1,1,1,1,1,1,1,1,1,1,1,1,1,1,1,1,1,1,1,1,1,1,1,1,1,1,1,1,1,1,1,1,1,1,1,1,1,1,1,1,1,1,1,1,1
OTU_5345,1,1,1,1,1,1,1,1,1,1,1,1,1,1,1,1,1,1,1,1,1,1,1,1,1,1,1,1,1,1,1,1,1,1,1,1,1,1,1,1,1,1,1,1,1,1,1,1,1,1
OTU_5346,1,1,1,1,1,1,1,1,1,1,1,1,1,34,1,1,1,1,1,1,1,1,1,1,1,1,1,1,1,1,1,1,1,1,1,1,1,1,1,1,1,1,1,1,1,1,1,1,1,1
OTU_5347,1,1,1,1,1,1,1,1,1,1,1,1,1,1,1,1,1,1,1,1,1,1,1,1,1,1,1,1,1,1,1,1,1,1,1,1,1,1,1,1,1,1,1,1,1,1,1,1,1,1
OTU_5348,1,1,1,1,1,1,1,1,1,1,1,1,1,1,1,1,1,1,1,1,1,1,1,1,1,1,1,1,1,1,1,1,1,1,1,1,1,1,1,1,1,1,1,1,1,1,1,1,1,1
OTU_5349,1,1,1,1,1,1,1,1,1,1,1,1,1,1,1,1,1,1,1,1,1,1,1,1,1,1,1,1,1,1,1,1,1,1,1,1,1,1,1,1,1,1,1,1,1,1,1,1,1,1
OTU_5350,1,1,1,1,1,1,1,1,1,1,1,1,1,1,1,1,1,1,1,1,1,1,1,1,1,1,1,1,1,1,1,1,1,1,1,1,1,1,1,1,1,1,1,1,1,1,1,1,1,1
OTU_5351,1,1,1,1,1,1,1,1,1,1,1,1,1,1,1,1,1,1,1,1,1,1,1,1,1,1,1,1,1,1,1,1,1,1,1,1,1,1,1,1,1,1,1,1,1,1,1,1,1,1
OTU_5352,1,1,1,1,1,1,1,1,1,1,1,1,1,1,1,1,1,1,1,1,1,1,1,1,1,1,1,1,1,1,1,1,1,1,1,1,1,1,1,1,1,1,1,1,1,1,1,1,1,1
OTU_5353,1,1,1,1,1,1,1,1,1,1,1,1,1,1,1,1,1,26,1,1,1,1,1,1,4,1,2,1,1,1,1,1,1,1,1,1,1,1,1,1,1,1,1,1,1,1,1,1,1,1
OTU_5354,24,192,551,95,3,97,281,106,96,177,289,28,7,54,5,265,41,80,43,115,255,52,201,19,304,123,163,254,110,236,110,3,81,56,3,35,35,417,264,256,7,279,19,259,1003,18,296,32,253,158
OTU_5355,1,1,1,1,1,1,1,1,1,1,1,1,1,1,1,1,1,1,1,1,1,1,1,1,1,1,1,1,1,1,1,1,1,1,1,1,1,1,1,1,1,1,1,1,1,1,1,1,1,1
OTU_5356,1,1,1,1,1,1,1,1,1,1,1,1,1,1,1,1,1,1,1,1,1,1,1,1,1,1,1,1,2,1,1,1,1,1,1,1,61,14,1,2,1,1,1,1,1,1,1,1,1,1
OTU_5357,222,188,815,176,485,395,46,37,137,264,403,575,314,187,125,103,139,104,65,163,1174,316,1386,248,290,373,147,188,1014,164,88,238,779,343,209,181,152,64,630,285,12,422,156,721,120,242,138,286,472,113
OTU_5358,1,1,1,1,1,1,1,1,1,1,1,1,1,1,1,1,1,1,1,1,1,1,1,1,1,1,1,1,1,1,1,1,1,1,1,1,1,1,1,1,1,1,1,1,1,1,1,1,1,1
OTU_5359,1,1,1,1,1,1,1,1,1,1,1,1,1,1,1,1,1,1,1,1,1,1,1,1,1,1,1,1,1,1,1,1,1,1,1,1,1,1,1,1,1,1,1,1,1,1,1,1,1,1
OTU_5360,1,1,1,1,1,1,1,1,1,1,1,1,1,1,1,1,1,1,1,1,1,1,1,1,1,1,1,1,1,1,1,1,1,1,1,1,1,1,1,1,1,1,1,1,1,1,1,1,1,1
OTU_5361,1,6,137,6,47,1,3,45,185,4,95,1,82,19,319,113,100,66,309,6,207,1,82,31,102,15,2,141,3,94,90,108,20,11,39,19,64,5,13,150,1,3,3,1,1,203,23,26,49,145
OTU_5362,1,1,30,1,1,1,1,1,34,1,1,1,1,1,1,1,1,1,1,7,1,1,1,24,1,1,1,1,1,1,1,1,27,1,1,1,1,1,1,1,1,1,1,1,1,1,1,1,1,1
OTU_5363,1,1,1,1,1,1,1,1,1,1,1,1,1,1,1,1,1,1,1,1,1,1,1,1,1,1,1,1,1,1,1,1,1,1,1,1,1,1,1,5,1,1,1,1,1,1,1,1,1,1
OTU_5364,1,1,1,1,1,1,1,1,1,1,1,1,1,1,1,1,1,1,1,1,1,1,1,1,1,1,1,1,1,1,1,1,1,1,1,1,1,1,1,1,1,1,1,1,1,1,1,1,1,1
OTU_5365,1,1,18,1,1,1,1,1,1,1,28,1,1,1,1,13,1,5,1,1,1,1,1,1,1,1,1,1,1,1,1,1,1,1,1,1,1,1,1,1,1,1,1,1,1,1,1,1,1,1
OTU_5366,693,897,981,676,1050,680,994,775,1781,897,395,1547,1198,745,408,943,436,1279,776,773,350,1872,179,1491,1078,1182,276,791,629,1006,1798,657,249,644,543,587,898,660,511,666,884,739,884,864,1044,677,1480,497,901,796
OTU_5367,1,1,1,1,1,1,1,1,1,1,1,1,1,1,1,1,1,1,1,1,1,1,1,1,1,1,1,1,1,1,1,1,1,1,1,1,1,1,1,1,1,1,1,1,1,1,1,1,1,1
OTU_5368,1,1,1,1,1,1,1,1,1,1,1,1,1,1,1,1,1,1,1,1,1,1,1,1,1,1,1,1,1,1,1,1,1,1,1,1,1,1,1,1,1,1,1,1,1,1,1,1,1,1
OTU_5369,1,1,1,1,1,1,1,1,1,1,1,1,1,1,1,1,1,1,1,1,1,1,1,1,1,1,1,1,1,1,1,1,1,1,1,1,1,1,1,1,1,1,1,1,1,1,1,1,1,1
OTU_5370,17,2,5,8,11,27,86,1,1,43,12,30,1,256,1,99,4,2,37,129,16,32,1,97,5,1,10,38,34,6,1,97,11,29,6,13,107,139,87,82,3,50,138,2,77,8,13,21,79,73
OTU_5371,18,35,9,97,1,92,3,151,81,52,6,15,1,163,1,83,451,58,1,722,48,1,1,66,11,2,12,202,1,12,84,15,178,78,2,3,56,185,5,330,6,1,106,141,7,245,1,31,7,22
OTU_5372,1,1,1,1,1,1,1,1,1,1,1,1,1,1,1,1,1,1,1,1,1,1,1,1,1,1,1,1,1,1,1,1,1,1,1,1,1,1,1,1,1,1,1,1,1,1,1,1,1,1
OTU_5373,1,223,53,1,1,2,1,1,8,38,1,3,2,1,2,4,48,37,78,1,61,1,13,1,101,1,1,1,1,50,93,2,2,1,1,103,26,2,4,78,6,2,3,6,4,1,1,1,2,23
OTU_5374,1,1,1,1,1,1,1,1,1,1,1,1,1,1,1,1,1,1,1,1,1,1,1,1,1,1,1,1,1,1,1,1,1,1,1,1,1,1,1,1,1,1,1,1,1,1,1,1,1,1
OTU_5375,1,1,1,1,1,1,1,1,1,1,1,1,1,1,1,1,1,1,1,1,1,1,1,1,1,1,1,1,1,1,1,1,1,1,1,1,1,1,1,1,1,1,1,1,1,1,1,1,1,1
OTU_5376,1,1,1,1,1,1,1,1,1,1,1,1,1,1,1,1,1,1,1,1,1,1,1,1,1,1,1,1,1,1,1,1,1,1,1,1,1,1,1,1,1,1,1,1,1,1,1,1,1,1
OTU_5377,180,34,4,1,80,216,90,4,106,242,70,64,107,118,20,248,70,158,8,40,1,2,2,63,32,4,112,21,545,132,4,128,57,43,93,48,53,13,9,60,71,2,11,83,36,103,127,16,118,176
OTU_5378,1,1,1,1,1,1,1,1,1,1,1,1,1,1,1,1,1,1,1,1,2,15,19,1,1,1,1,1,1,1,1,1,1,1,1,1,1,1,1,1,1,1,1,1,1,1,1,1,1,1
OTU_5379,1,1,1,1,1,1,1,1,1,1,1,1,1,1,1,1,1,1,1,1,1,1,1,1,1,1,1,1,1,1,1,1,1,1,1,1,1,1,1,1,1,1,1,1,1,1,1,1,1,1
OTU_5380,1,1,1,1,1,1,1,1,1,1,1,1,1,1,1,1,1,1,1,1,1,1,1,1,1,1,1,1,1,1,1,1,1,1,1,1,1,1,1,1,1,1,1,1,1,1,1,1,1,1
OTU_5381,1,1,1,1,1,1,1,1,1,1,1,1,1,1,1,1,1,1,1,1,1,1,1,1,1,1,1,1,1,1,1,1,1,1,1,1,1,1,1,1,1,1,1,1,1,1,1,1,1,1
OTU_5382,1,1,1,1,1,1,1,1,1,1,1,1,1,1,1,1,1,1,1,1,1,1,1,1,1,1,1,1,1,1,1,1,1,1,1,1,1,1,1,1,1,1,1,1,1,1,1,1,1,1
OTU_5383,381,11,31,122,53,50,30,76,129,28,22,27,551,227,381,167,20,87,99,93,99,13,39,45,67,7,55,467,254,165,21,147,271,4,27,94,29,12,145,30,219,52,6,102,270,183,278,129,174,30
OTU_5384,1,1,1,1,1,1,1,1,1,1,1,1,1,1,1,1,1,1,1,1,1,1,1,1,1,1,1,1,1,1,1,1,1,1,1,1,1,1,1,1,1,1,1,1,1,1,1,1,1,1
OTU_5385,442,371,284,515,304,456,119,61,685,346,537,470,382,131,33,646,147,426,476,659,476,104,307,256,134,780,960,136,685,434,255,413,333,511,37,408,365,530,370,393,505,219,160,549,468,240,260,636,192,1059
OTU_5386,1,1,1,1,1,1,1,1,1,1,1,1,1,1,1,1,1,1,1,1,1,1,1,1,1,1,1,1,1,1,1,1,1,1,1,1,1,1,1,1,1,1,1,1,1,1,1,1,1,1
OTU_5387,1,1,1,1,1,1,1,1,1,1,1,1,1,1,1,1,1,1,1,1,1,1,1,1,1,1,1,1,1,1,1,1,1,1,1,1,1,1,1,1,1,1,1,1,1,1,1,1,1,1
OTU_5388,1,1,1,1,1,1,1,1,1,1,1,1,1,1,1,1,1,1,1,1,1,1,1,1,1,1,1,1,1,1,1,1,1,1,1,1,1,1,1,1,1,1,1,1,1,1,1,1,1,1
OTU_5389,1,1,1,1,1,1,1,1,1,1,1,1,1,1,1,1,1,1,1,1,1,1,1,1,1,1,1,1,1,1,1,1,1,1,1,1,1,1,1,1,1,1,1,1,1,1,1,1,1,1
OTU_5390,292,222,524,322,1248,165,350,290,799,333,751,786,510,466,508,355,290,420,510,336,362,100,149,284,359,376,628,480,473,298,335,753,537,654,615,268,348,540,243,148,653,316,246,127,260,220,934,283,366,564
OTU_5391,1,37,1,133,1,1,1,1,1,1,17,1,6,1,8,1,1,1,40,14,1,12,1,1,1,1,1,1,1,1,13,1,1,2,2,1,1,17,1,1,1,29,1,2,1,1,1,1,1,1
OTU_5392,1,1,1,1,1,1,1,1,1,1,1,1,1,1,1,1,1,1,1,1,1,1,1,1,1,1,1,1,1,1,1,1,1,1,1,1,1,2,1,1,1,1,1,1,1,1,1,1,1,1
OTU_5393,6,2,87,5,229,36,31,1,8,26,23,1,7,110,8,22,6,1,33,170,22,29,11,1,1,15,83,2,127,3,10,26,26,41,17,128,28,1,1,170,304,4,27,600,33,75,3,61,205,18
OTU_5394,1,1,1,1,1,1,1,1,1,1,1,1,1,1,1,1,1,1,1,1,1,1,1,1,1,1,1,1,1,1,1,1,1,1,2,1,1,1,1,1,1,1,1,1,1,1,1,1,1,1
OTU_5395,9,148,1,1,71,1,1,7,1,1,1,1,1,1,31,1,2,1,17,1,117,4,1,1,1,1,1,3,1,1,1,1,1,1,19,21,1,1,2,1,1,5,1,1,1,11,1,9,1,1
OTU_5396,1,1,2,2,1,1,1,1,1,1,1,1,1,1,1,1,1,1,1,1,1,1,1,1,1,1,1,1,1,1,1,1,1,1,1,1,1,1,1,1,1,1,1,1,1,1,1,1,1,1
OTU_5397,1,1,1,1,1,1,1,1,1,1,1,1,1,1,1,1,1,1,1,1,1,1,1,1,1,1,1,1,1,1,1,1,1,1,1,1,1,1,1,1,1,1,1,1,1,1,1,1,1,1
OTU_5398,2,2,1,1,3,1,1,8,1,1,1,92,47,1,1,2,1,1,114,1,4,1,1,1,22,9,4,1,1,1,1,1,1,1,1,2,342,1,1,1,1,3,1,1,1,1,1,1,1,1
OTU_5399,1,1,1,1,1,1,1,1,1,1,1,1,1,1,1,1,1,1,1,1,1,1,1,1,1,1,1,1,1,1,1,1,1,1,1,1,1,1,1,1,1,1,1,1,1,1,1,1,1,1
OTU_5400,1,84,2,1,112,34,22,3,2,1,3,12,24,27,4,38,2,1,1,9,31,13,1,2,7,9,1,137,1,4,4,70,39,91,3,1,33,3,2,1,1,1,3,1,1,1,1,1,152,1
OTU_5401,1,1,1,1,1,1,1,1,1,1,1,1,1,1,1,1,1,1,1,1,1,1,1,1,1,1,1,1,1,1,1,1,1,1,1,1,1,1,1,1,1,1,1,1,1,1,1,1,1,1
OTU_5402,28,1,1,1,1,1,3,2,1,12,1,1,1,1,26,1,1,3,18,1,1,1,1,2,1,1,1,1,1,2,17,15,236,105,3,1,1,134,5,189,1,43,3,80,2,1,2,1,1,66
OTU_5403,99,1,194,2,6,4,654,21,42,3,57,56,150,26,10,383,8,1,1,56,42,358,15,248,98,6,1,78,1,24,49,35,8,15,24,153,23,2,7,5,7,137,2,76,60,185,14,377,1,25
OTU_5404,1,1,1,1,1,1,1,1,1,1,1,1,1,1,1,1,1,1,1,1,1,1,1,1,1,1,1,1,1,1,1,1,1,1,1,1,1,1,1,1,1,1,1,1,1,1,1,1,1,1
OTU_5405,3,1,41,8,1,16,3,1,1,82,1,1,1,1,1,1,16,25,105,1,1,3,1,1,1,13,16,1,1,1,3,2,1,1,1,1,10,5,1,1,10,1,97,1,1,1,5,1,1,1
OTU_5406,1,1,1,1,1,1,1,1,1,1,1,1,1,1,1,1,1,1,1,1,1,1,1,1,1,1,1,1,1,1,1,1,1,1,1,1,1,1,1,1,1,1,1,1,1,1,1,1,1,1
OTU_5407,1,1,1,1,1,1,1,1,1,1,1,2,1,1,1,1,1,1,1,1,1,1,1,1,1,1,1,1,1,1,1,1,1,1,1,1,1,1,1,1,1,1,1,1,1,1,1,1,1,1
OTU_5408,1,1,1,1,1,1,1,1,1,1,1,1,1,1,1,1,1,1,1,1,1,1,1,1,1,1,1,1,1,1,1,1,1,1,1,1,1,1,1,1,1,1,1,1,1,1,1,1,1,1
OTU_5409,1,1,1,1,1,1,1,1,1,1,1,1,1,1,1,1,1,1,1,1,1,1,1,1,1,1,1,1,1,1,1,1,1,1,1,1,1,1,1,1,1,1,1,1,1,1,1,1,1,1
OTU_5410,1,1,1,1,8,1,1,1,1,1,1,1,1,1,1,1,1,1,1,1,1,8,1,1,1,1,1,5,1,1,2,1,1,1,1,1,1,1,1,1,1,1,1,1,1,1,1,1,1,54
OTU_5411,1,1,1,1,1,1,1,1,1,1,1,1,1,1,1,1,1,1,1,1,1,1,1,1,1,1,1,1,1,1,1,1,1,1,1,1,1,1,1,1,1,1,1,1,1,1,1,1,1,1
OTU_5412,1,1,1,1,1,1,1,1,1,1,1,1,1,1,1,1,1,1,1,2,1,1,1,1,1,1,1,1,1,1,1,1,1,1,1,1,1,1,1,1,1,1,1,1,3,1,1,1,1,3
OTU_5413,1,1,1,1,1,1,1,1,1,1,1,1,1,1,1,1,1,1,1,1,1,1,1,1,1,1,1,1,1,1,1,1,1,1,1,1,1,1,1,1,1,1,1,1,1,1,1,1,1,1
OTU_5414,1,1,1,1,1,1,1,1,1,1,1,1,1,1,1,1,1,1,1,1,1,1,1,1,1,1,1,1,1,1,1,1,1,1,1,1,1,1,1,1,1,1,1,1,1,1,1,1,1,1
OTU_5415,1,1,1,1,1,1,1,1,1,1,1,1,1,1,1,1,1,1,1,1,1,1,1,1,1,1,1,1,1,1,1,2,1,1,1,1,1,1,1,1,1,1,1,1,1,1,1,1,1,1
OTU_5416,1,1,1,1,1,1,1,1,1,1,1,1,1,1,1,1,1,1,1,1,1,1,1,1,1,1,1,1,1,1,1,1,1,1,1,1,1,1,1,1,1,1,1,1,1,1,2,1,1,1
OTU_5417,1,1,1,1,1,1,1,1,1,1,1,1,1,1,1,1,1,1,1,1,1,1,1,1,1,1,1,1,1,1,1,1,1,1,1,1,1,1,1,1,1,1,1,1,1,1,1,1,1,1
OTU_5418,1,1,1,1,1,1,1,1,1,1,1,1,1,1,1,1,1,1,1,1,1,1,1,1,1,1,1,1,1,1,1,1,1,1,1,1,1,1,1,1,1,1,1,1,1,1,1,1,1,1
OTU_5419,3,261,109,69,47,204,8,28,30,107,288,298,18,1,30,36,87,138,21,23,251,62,4,4,14,20,267,14,6,1,39,83,72,74,159,150,1,15,4,96,24,3,5,129,61,1,36,23,219,4
OTU_5420,1,1,1,1,1,1,1,1,1,1,1,1,1,1,1,1,1,4,1,1,1,1,1,1,1,1,1,1,1,1,1,1,1,1,1,1,1,1,1,1,1,1,4,1,1,1,1,1,1,1
OTU_5421,1,1,1,1,1,1,1,1,1,1,1,1,1,1,1,1,1,1,1,1,1,1,1,1,1,1,1,1,1,1,1,1,1,1,1,1,1,1,1,1,1,1,1,1,1,1,1,1,1,1
OTU_5422,1,1,1,1,1,1,1,1,1,1,1,1,1,1,1,1,1,1,1,1,1,1,1,1,1,1,1,1,1,1,1,1,1,1,1,1,1,1,1,1,1,1,1,1,1,1,1,1,1,1
OTU_5423,1,1,1,1,1,1,1,1,1,1,1,1,1,1,1,1,1,1,1,1,1,1,1,1,1,1,1,1,1,1,1,1,1,1,1,1,1,1,1,1,1,1,1,1,1,1,1,1,1,1
OTU_5424,184,44,27,168,24,26,236,28,1,4,151,110,16,17,24,26,127,10,217,3,155,10,2,72,9,15,2,3,80,100,333,188,124,15,30,1,13,20,18,37,32,17,49,57,24,3,52,3,75,11
OTU_5425,1,1,1,1,1,1,1,1,1,1,1,1,1,1,1,1,1,1,1,1,1,1,1,1,1,1,1,1,1,1,1,1,1,1,1,1,2,1,1,1,1,1,1,1,1,1,1,1,1,1
OTU_5426,1,127,218,1,1,1,3,1,1,1,1,1,1,1,14,1,1,1,1,1,1,3,54,1,1,1,1,1,23,1,1,79,1,1,1,1,1,1,1,1,1,1,1,6,1,1,1,2,1,1
OTU_5427,1,1,1,1,1,1,1,1,15,1,1,1,1,1,1,1,1,1,1,1,1,1,1,1,1,1,1,1,1,1,1,1,1,1,1,1,1,1,1,1,1,1,1,1,1,1,1,1,1,1
OTU_5428,1,1,1,1,1,1,1,1,1,1,1,1,50,1,34,1,1,1,1,94,1,83,1,1,1,1,1,30,1,1,1,1,1,47,1,1,1,1,1,3,1,1,1,1,5,1,1,1,1,1
OTU_5429,201,258,138,169,217,164,249,2,302,274,560,230,230,44,37,87,126,651,115,220,176,256,72,143,301,398,465,136,149,593,101,112,1217,341,153,407,603,39,417,688,616,53,96,265,195,333,147,67,146,240
OTU_5430,1,1,1,1,1,1,1,1,1,1,1,1,1,1,1,1,1,1,1,1,1,1,1,1,1,1,1,1,1,1,1,1,1,1,1,1,1,1,1,1,1,1,1,1,1,1,1,1,1,1
OTU_5431,1,1,1,1,1,1,1,1,1,1,1,1,1,1,1,1,1,1,1,1,1,1,8,2,1,1,1,1,1,1,1,1,1,1,1,1,1,1,1,1,20,1,1,1,7,3,1,1,1,1
OTU_5432,1,1,1,1,1,1,1,1,1,1,1,1,1,1,1,1,1,1,1,1,1,1,1,1,1,1,1,1,1,1,1,1,1,1,1,1,1,36,1,1,1,1,1,1,1,1,1,1,1,1
OTU_5433,1,1,1,1,1,1,1,1,1,1,1,1,1,1,1,1,1,1,1,1,1,1,1,1,1,1,1,1,1,1,1,1,1,1,1,1,1,1,1,1,1,1,1,1,1,1,1,1,1,1
OTU_5434,1,16,1,1,1,1,1,1,1,1,168,4,1,1,1,1,1,1,1,1,1,1,1,1,43,1,1,2,1,1,1,1,1,1,1,1,1,1,45,1,1,63,1,1,1,1,1,1,1,1
OTU_5435,1,1,1,1,1,1,1,2,1,1,1,1,1,1,1,1,1,1,1,1,1,1,1,1,1,1,1,1,1,1,1,1,1,1,1,1,1,1,1,1,1,1,1,1,1,1,1,1,1,1
OTU_5436,1,1,1,1,1,1,1,1,1,1,1,1,1,1,1,1,1,1,1,1,1,1,1,1,1,1,1,1,1,1,1,1,1,1,1,1,1,1,1,1,1,1,1,1,1,1,1,1,1,1
OTU_5437,1,1,1,1,1,1,1,1,1,1,1,1,1,1,1,1,1,1,1,1,1,1,1,1,1,1,1,1,1,1,1,1,1,1,1,1,1,1,1,1,1,1,1,1,1,1,1,1,1,1
OTU_5438,1,2,1,1,1,1,1,2,11,1,1,1,9,1,1,10,5,1,1,1,1,33,1,1,1,1,1,23,1,3,10,1,1,14,1,1,1,1,1,1,1,1,1,1,1,1,1,1,1,1
OTU_5439,1,1,1,1,1,1,1,1,1,1,1,1,1,1,1,1,1,1,2,1,1,1,1,1,1,1,1,1,1,1,1,1,1,1,1,1,1,1,1,1,1,1,1,1,1,1,1,1,1,1
OTU_5440,1,1,1,1,1,1,1,1,1,1,1,1,1,1,1,1,1,1,1,1,1,1,1,1,1,1,1,1,1,1,1,1,1,1,1,1,1,1,1,1,1,1,1,1,1,1,1,1,1,1
OTU_5441,1,1,1,1,1,1,1,1,1,1,1,1,1,1,1,1,1,1,1,1,1,1,1,1,1,1,1,1,1,1,1,1,1,1,2,1,1,1,1,1,1,1,1,1,1,1,1,1,1,1
OTU_5442,12,1,1,1,1,1,1,1,1,1,1,1,1,1,1,1,1,1,1,1,1,1,1,1,1,1,1,1,1,1,1,1,1,1,1,1,1,1,1,1,1,1,1,1,1,1,1,1,1,1
OTU_5443,1,1,124,1,1,54,1,1,1,1,1,1,1,101,1,1,8,2,1,36,1,33,1,9,1,1,1,1,1,1,4,1,1,1,1,42,1,1,1,130,1,1,2,47,1,8,1,1,15,1
OTU_5444,1,1,1,1,1,1,1,1,1,1,1,1,1,1,1,1,1,1,1,1,1,1,1,1,1,1,1,1,1,1,1,1,1,1,1,1,1,1,1,1,1,1,1,1,1,1,1,1,1,1
OTU_5445,1,1,1,1,1,1,1,1,1,1,1,1,1,1,1,1,1,1,1,1,99,1,1,1,1,1,1,1,1,1,1,1,1,1,1,1,1,1,1,1,1,1,1,1,1,1,1,1,1,1
OTU_5446,1,1,1,1,1,1,1,1,1,1,1,1,1,1,1,1,1,1,1,1,1,1,1,1,1,1,1,1,1,1,1,1,1,1,1,1,1,1,1,1,1,1,1,1,1,1,1,1,1,1
OTU_5447,1,1,1,1,1,1,1,1,1,1,1,1,1,1,1,1,1,1,1,1,1,1,1,1,1,1,1,1,1,1,1,1,1,1,1,1,1,1,1,1,1,1,1,1,1,1,1,1,1,1
OTU_5448,1,1,1,1,1,1,1,1,1,1,1,1,1,1,1,1,1,1,1,1,1,1,1,1,1,1,1,1,1,1,1,1,1,1,1,1,1,1,1,1,1,1,1,1,1,1,1,1,1,1
OTU_5449,1,1,1,1,1,1,1,1,1,1,1,1,1,1,1,1,1,1,1,1,1,1,1,1,1,1,1,1,1,1,1,1,1,1,1,1,1,1,1,1,1,1,1,1,1,1,1,1,1,1
OTU_5450,483,715,461,137,198,80,491,60,391,553,514,1314,53,45,46,189,156,216,103,42,41,205,70,96,260,151,17,35,122,130,714,44,80,229,335,277,261,18,39,352,88,139,232,74,173,38,551,259,69,447
OTU_5451,1,1,1,1,1,1,1,1,1,1,1,1,1,1,1,1,1,1,1,1,1,1,1,1,1,1,1,1,1,1,1,1,1,1,1,1,1,1,1,1,1,1,1,1,1,1,1,1,1,1
OTU_5452,1,1,1,1,1,1,1,1,1,1,1,1,1,1,1,1,1,1,1,1,1,1,1,1,1,1,1,1,1,1,1,1,1,1,1,1,1,1,1,1,1,1,1,1,1,1,1,1,1,1
OTU_5453,1,1,1,1,1,1,1,1,1,1,1,1,1,1,1,1,1,1,1,1,1,1,1,1,1,1,1,1,1,1,1,1,1,1,1,1,1,1,1,1,1,1,1,1,1,1,1,1,1,1
OTU_5454,1,1,20,1,1,67,1,75,43,1,4,1,1,1,1,1,1,11,1,9,1,1,1,2,2,1,69,22,11,7,3,1,1,2,1,1,1,12,1,1,1,1,1,1,1,1,1,1,1,5
OTU_5455,1,1,1,1,1,1,1,1,1,1,1,1,1,1,1,1,1,1,1,1,1,1,1,1,1,1,1,1,1,1,1,1,1,1,1,2,1,1,1,1,1,1,1,1,1,1,1,1,1,1
OTU_5456,1,1,1,1,1,1,1,1,1,1,1,1,1,1,1,1,1,1,1,1,1,1,1,1,1,1,1,1,1,1,1,1,1,1,1,1,1,1,1,1,1,1,1,1,1,1,1,1,1,1
OTU_5457,1,1,1,1,1,1,1,1,1,1,1,1,1,1,1,1,1,1,1,1,1,1,1,1,1,1,1,1,1,1,1,1,1,1,1,1,1,1,1,1,1,1,1,1,1,1,1,1,1,1
OTU_5458,1,1,2,234,1,1,1,4,1,1,1,7,1,1,1,1,1,1,1,1,5,3,1,1,1,2,1,2,1,9,1,1,1,135,1,1,1,1,1,1,1,1,1,1,3,1,1,60,1,1
OTU_5459,1,1,1,1,1,1,1,1,1,1,1,1,1,1,1,1,1,1,1,1,1,1,1,1,1,1,1,1,1,1,1,1,1,1,1,1,1,1,1,1,1,1,1,1,1,1,1,1,1,1
OTU_5460,1,1,1,1,1,1,1,1,1,1,1,1,1,1,1,1,1,1,1,1,1,1,1,1,1,1,1,1,1,1,1,1,1,1,1,1,1,1,1,1,1,1,1,1,1,1,1,1,1,1
OTU_5461,1,1,1,1,1,1,1,1,1,1,1,1,1,1,1,1,1,1,1,1,1,1,1,1,1,1,1,1,1,1,1,1,1,1,1,1,1,1,1,1,1,1,1,1,1,1,1,1,1,1
OTU_5462,1,1,1,1,1,1,1,1,1,1,1,1,1,1,1,1,1,1,1,1,1,1,1,1,1,1,1,1,1,1,1,1,1,1,1,1,1,1,1,1,1,1,1,1,1,1,1,1,1,1
OTU_5463,1,1,1,1,1,1,1,1,1,1,1,1,1,1,1,1,1,1,1,1,1,1,1,1,1,1,1,1,1,1,1,1,1,1,1,1,1,1,1,1,1,1,1,1,1,1,1,1,1,1
OTU_5464,1,1,1,1,1,1,1,1,1,1,1,1,1,1,1,1,1,1,1,1,1,1,1,1,1,1,1,1,1,1,1,1,1,1,1,1,1,1,1,1,1,1,1,1,1,1,1,1,1,1
OTU_5465,34,1,1,1,1,1,1,1,1,1,1,1,1,1,1,1,1,1,1,26,1,1,1,1,1,1,1,1,1,1,1,1,1,3,2,1,1,1,1,1,1,1,1,1,2,1,1,1,1,1
OTU_5466,1,1,1,1,1,1,1,1,1,1,1,1,1,1,1,1,1,1,1,1,1,1,1,1,1,1,1,1,1,1,1,1,1,1,1,1,1,1,1,1,1,1,1,1,1,1,1,1,1,1
OTU_5467,1,1,1,1,1,1,1,1,1,1,1,1,1,1,1,1,1,1,1,1,1,1,1,1,1,1,1,1,1,1,1,1,1,1,1,1,1,1,1,1,1,1,1,1,1,1,1,1,1,1
OTU_5468,1,6,54,111,10,29,3,3,151,5,202,343,73,9,3,216,1,103,31,74,20,139,243,25,56,430,104,50,42,2,18,399,13,66,12,15,69,6,21,90,80,2,271,27,1,15,231,1,217,10
OTU_5469,1,1,1,1,1,1,1,1,1,1,1,1,1,1,1,1,1,1,1,1,1,1,1,1,1,1,1,1,1,1,1,1,1,1,1,1,1,1,1,1,1,1,1,1,1,1,1,1,1,1
OTU_5470,1,1,1,1,1,1,1,1,1,1,1,1,1,1,1,1,1,1,1,1,1,1,1,1,1,1,1,1,1,1,1,1,1,1,1,1,1,1,1,1,1,1,1,1,1,1,1,1,1,1
OTU_5471,1,1,1,1,1,1,1,1,1,1,3,17,1,1,1,1,1,1,27,1,1,1,1,2,1,1,1,1,1,1,1,6,1,1,79,1,1,1,1,1,1,1,1,1,33,1,1,1,1,1
OTU_5472,1,1,1,1,1,1,1,1,1,1,1,1,1,1,1,1,1,1,1,1,1,1,1,1,1,1,1,1,1,1,1,1,1,1,1,1,1,1,1,1,1,1,1,1,1,1,1,1,1,1
OTU_5473,1,14,28,207,11,48,25,6,3,1,49,89,2,4,33,31,40,3,26,169,34,1,2,1,1,1,1,95,158,85,2,107,1,1,89,2,14,29,1,5,89,28,1,203,28,107,2,365,1,79
OTU_5474,1,12,22,28,1,1,4,2,2,1,1,347,13,1,17,10,2,183,33,391,2,19,1,1,208,14,1,66,2,4,48,3,1,25,48,10,1,4,5,1,283,10,10,6,7,18,58,3,135,13
OTU_5475,1,1,1,1,1,1,1,1,1,1,1,1,1,1,1,1,1,1,1,1,1,1,1,1,1,1,1,1,1,1,1,1,1,1,1,1,1,1,1,1,1,1,1,1,1,1,1,1,1,1
OTU_5476,1,1,1,1,1,1,1,1,1,1,1,1,1,1,1,1,1,1,1,1,1,1,1,1,1,1,1,1,1,1,1,1,1,1,1,1,1,1,1,1,1,1,1,1,1,1,1,1,1,1
OTU_5477,1,1,181,1,1,41,1,41,20,1,6,74,4,85,1,1,34,1,3,6,42,1,4,2,1,2,30,61,85,1,1,1,2,113,2,1,125,1,180,1,5,5,1,87,72,3,1,1,1,1
OTU_5478,1,1,1,1,1,1,1,1,1,1,1,1,1,1,1,1,1,1,1,1,1,1,1,1,1,1,1,1,1,1,1,1,1,1,1,1,1,1,1,1,1,1,1,1,1,1,1,1,1,1
OTU_5479,1,1,1,1,1,1,1,1,1,1,1,1,1,1,1,1,1,3,1,1,1,1,1,1,1,1,1,1,1,1,1,1,1,1,1,1,1,1,1,1,1,1,1,1,1,1,1,1,1,1
OTU_5480,1,6,76,1,10,2,3,1,12,1,9,156,2,1,1,2,1,1,14,1,1,57,58,1,1,10,50,1,12,1,1,1,1,3,1,23,2,4,34,40,45,2,62,1,43,61,106,1,1,18
OTU_5481,1,1,1,1,1,1,1,1,1,1,1,1,1,1,1,1,1,1,1,1,1,1,1,1,1,1,1,1,1,1,1,1,1,1,1,1,1,1,1,1,1,1,1,1,1,1,1,1,1,1
OTU_5482,1,1,2,1,1,1,1,1,1,1,1,1,1,1,1,1,1,1,1,1,1,1,1,1,1,1,1,1,1,1,1,1,1,1,1,1,1,1,1,1,1,1,1,1,1,1,1,1,1,1
OTU_5483,1,1,1,1,1,184,1,1,1,145,1,25,1,1,1,1,1,1,1,1,1,1,1,1,1,1,1,1,1,1,1,23,2,1,1,1,1,1,1,50,1,3,1,1,4,1,1,1,6,125
OTU_5484,1,1,1,1,1,1,1,1,1,1,1,1,1,1,1,1,1,1,1,1,1,1,1,1,1,1,1,1,1,1,1,1,1,1,1,1,1,1,1,1,1,1,1,1,1,1,1,1,1,1
OTU_5485,1,1,1,1,1,1,1,1,1,1,1,1,1,1,1,1,1,1,1,1,1,1,1,1,1,1,1,1,1,1,1,1,1,1,1,1,1,1,1,1,1,1,1,1,1,1,1,1,1,1
OTU_5486,1,1,1,1,1,1,1,1,1,1,1,1,1,1,1,2,1,1,1,1,1,1,1,1,1,1,1,1,1,1,1,1,1,1,1,1,1,1,1,1,1,1,1,1,1,1,1,1,1,1
OTU_5487,1,1,1,1,1,1,1,1,1,1,1,1,62,1,1,1,1,1,1,1,1,1,1,1,1,1,1,1,1,1,1,1,1,1,1,1,1,1,1,1,1,1,1,1,1,1,1,1,1,1
OTU_5488,1,1,1,1,1,1,1,1,1,1,1,1,1,1,1,1,1,1,1,1,1,1,1,1,1,1,1,1,1,1,1,1,1,1,1,1,1,1,1,1,1,1,1,1,1,1,1,1,1,1
OTU_5489,1,1,1,1,1,1,1,1,1,1,1,1,1,1,1,1,1,1,1,1,1,1,1,1,1,1,1,1,1,1,1,1,1,1,1,1,1,1,1,1,1,1,1,1,1,1,1,1,1,1
OTU_5490,1,1,1,1,1,1,1,1,1,1,1,1,1,1,1,1,1,1,1,1,1,1,1,1,1,1,1,1,1,1,1,1,1,1,1,1,1,1,1,1,1,1,1,1,1,1,1,1,1,1
OTU_5491,1,1,1,1,1,1,1,1,1,1,1,1,1,1,1,1,1,1,1,1,1,1,1,1,1,1,1,1,1,1,1,1,1,1,1,1,1,1,1,1,1,1,1,1,1,1,1,1,1,1
OTU_5492,5,52,47,1,13,32,1,18,1,9,7,53,2,23,1,6,6,1,4,86,1,8,19,3,18,1,36,482,1,1,2,89,9,9,1,19,1,45,1,11,1,64,1,16,47,1,10,14,2,1
OTU_5493,1,1,1,1,1,1,1,1,1,1,1,1,1,1,1,1,1,1,1,1,1,1,1,1,1,1,1,1,1,1,1,1,1,1,1,1,1,1,1,1,1,1,1,1,1,1,1,1,1,1
OTU_5494,1,1,1,1,1,1,1,1,1,1,1,1,1,1,1,1,1,1,1,1,1,1,1,1,1,1,1,1,1,1,1,1,1,1,1,1,1,1,1,1,1,1,1,1,1,1,1,1,1,1
OTU_5495,120,1,1,2,1,1,1,1,10,2,2,1,1,1,1,1,12,1,1,1,64,27,60,1,1,1,36,1,4,2,1,10,1,4,1,15,36,1,1,1,1,1,1,234,2,1,5,1,1,1
OTU_5496,1,1,1,1,1,1,1,1,1,1,1,1,1,1,1,1,1,1,1,1,1,1,1,1,1,1,1,1,1,1,1,1,1,1,1,1,1,1,1,1,1,1,1,1,1,1,1,1,1,1
OTU_5497,1,95,1,1,1,1,1,1,1,1,1,1,1,1,1,1,1,1,1,1,5,1,1,1,1,1,1,1,1,1,1,1,1,1,75,1,1,1,1,1,1,1,1,1,3,1,1,1,1,112
OTU_5498,9,158,372,101,48,2,23,8,230,331,2,18,185,3,319,21,26,26,22,4,31,7,5,62,333,5,3,26,48,7,15,3,3,26,83,118,128,120,40,222,9,16,44,161,63,46,241,108,7,65
OTU_5499,1,41,14,144,26,28,3,205,1,12,147,9,17,180,170,7,83,13,8,44,23,44,28,4,81,2,4,11,18,13,124,1,1,26,13,17,12,337,125,289,17,5,4,3,67,17,3,3,60,124
OTU_5500,1,1,1,1,1,1,1,1,1,1,1,1,1,1,1,1,1,1,1,1,1,1,1,1,1,1,2,1,1,1,1,1,1,1,1,1,1,1,1,2,1,1,1,1,1,1,1,1,1,1
OTU_5501,1,1,1,1,1,1,1,1,1,1,1,1,1,1,1,1,1,1,1,1,1,1,1,1,1,1,1,1,1,1,1,1,1,1,1,1,1,1,1,1,1,1,1,1,1,1,160,1,1,1
OTU_5502,1,1,1,1,1,1,1,1,1,1,1,1,1,1,1,6,1,1,1,1,1,1,1,1,1,1,1,1,5,1,1,1,1,1,1,1,1,1,1,1,1,1,1,1,1,1,1,1,1,1
OTU_5503,1,1,1,1,1,1,1,1,1,1,1,1,1,1,1,1,1,1,1,1,1,1,1,1,1,1,1,1,1,1,1,1,1,1,1,1,1,1,1,1,1,1,1,1,1,1,1,1,1,1
OTU_5504,1,1,1,1,1,1,1,1,1,1,1,1,1,1,1,1,1,1,1,1,1,1,1,1,1,1,1,1,1,1,1,1,1,1,1,1,1,1,1,1,1,1,1,1,1,1,1,1,1,1
OTU_5505,1,1,1,1,1,1,1,1,2,1,1,1,47,1,1,1,1,1,1,1,1,1,1,1,1,1,1,1,1,1,1,1,1,1,1,1,1,1,1,1,1,46,1,1,1,1,5,1,1,1
OTU_5506,1,1,1,1,1,1,1,1,1,1,1,1,1,1,1,1,1,1,1,1,1,1,1,1,1,1,1,1,1,1,1,1,1,1,1,1,1,1,1,1,1,1,1,1,1,1,2,1,1,1
OTU_5507,1,1,1,1,1,1,1,1,1,1,1,1,1,1,1,1,1,1,1,1,1,1,1,1,1,1,1,1,1,1,1,1,1,1,1,1,1,1,1,1,1,1,1,1,1,1,1,1,1,1
OTU_5508,1,1,1,1,1,1,1,1,1,1,1,1,1,1,1,1,1,1,1,1,1,1,1,1,1,1,1,1,1,1,1,1,1,1,1,1,1,1,1,1,1,1,1,1,1,1,1,1,1,1
OTU_5509,1,1,1,1,1,1,1,1,1,1,1,1,1,62,1,1,1,1,1,1,1,1,1,1,1,1,1,1,1,1,1,1,1,1,1,1,107,1,1,1,1,1,1,1,1,1,1,1,1,1
OTU_5510,24,1,1,2,1,1,1,1,1,1,1,1,1,1,1,1,1,1,1,1,1,1,1,1,1,1,1,1,1,1,1,1,1,1,1,1,1,1,1,1,1,1,1,1,1,1,1,1,1,1
OTU_5511,6,2,6,1,1,1,1,91,1,1,1,1,1,3,1,1,1,1,2,11,1,1,1,1,41,1,1,1,17,1,1,1,1,117,227,1,8,1,1,1,5,136,26,1,1,21,1,63,1,1
OTU_5512,1,1,1,1,1,1,1,1,1,1,1,1,1,1,1,1,1,1,1,1,1,1,1,1,1,1,1,1,1,1,1,1,1,1,1,1,1,1,1,1,1,1,1,1,1,1,1,1,1,1
OTU_5513,1,1,1,1,1,1,1,1,1,1,1,1,1,1,1,1,1,1,1,1,1,1,1,1,1,1,1,1,1,1,1,1,1,1,1,1,1,1,1,1,1,1,1,1,1,1,1,1,1,1
OTU_5514,1,1,1,1,1,1,1,1,1,1,1,1,1,1,1,1,1,1,1,1,1,1,1,1,1,1,1,1,1,1,1,1,1,1,1,1,1,1,1,1,1,1,1,1,1,1,1,1,1,1
OTU_5515,1,1,1,1,1,1,1,1,1,1,1,1,1,1,1,1,1,1,1,1,1,1,1,1,1,1,27,1,1,1,1,1,4,1,1,1,1,1,1,1,1,1,1,1,1,1,1,1,1,1
OTU_5516,1,5,1,1,1,1,1,1,1,4,1,1,1,1,1,1,4,1,1,1,1,1,1,1,1,1,1,1,1,1,1,11,3,1,1,2,1,1,1,1,1,1,1,1,14,1,1,1,1,1
OTU_5517,1,1,1,1,1,1,1,1,1,1,1,1,1,1,1,1,1,1,1,1,1,1,1,1,1,1,1,1,1,1,1,1,1,1,1,1,1,1,1,1,1,1,1,1,1,1,1,1,1,1
OTU_5518,1,1,1,1,1,1,1,1,1,1,1,1,1,1,1,1,1,1,1,1,1,1,1,1,1,25,1,1,1,1,1,1,2,1,1,1,1,1,1,1,1,1,1,1,1,1,1,1,1,1
OTU_5519,1,1,1,1,1,1,1,1,1,1,1,1,1,1,1,1,1,95,1,1,1,1,1,1,1,1,1,1,1,1,1,1,1,1,1,1,1,1,1,1,1,1,1,1,1,1,1,1,1,1
OTU_5520,252,422,344,295,495,175,218,1236,82,175,281,584,413,251,254,443,75,514,288,733,295,951,308,232,300,360,141,106,416,187,206,196,408,151,158,124,129,136,794,480,214,379,226,392,134,787,136,210,210,703
OTU_5521,20,1,1,1,168,4,163,10,1,1,1,1,1,13,40,1,24,1,4,1,3,1,3,708,1,1,3,86,2,1,64,28,170,1,2,96,1,1,23,1,1,19,8,5,132,1,1,1,1,2
OTU_5522,3,1,1,3,3,1,12,1,16,1,49,1,10,2,1,1,64,3,1,67,24,6,68,1,21,1,1,187,1,10,1,65,1,98,1,1,2,133,5,1,1,88,160,16,2,164,15,254,55,2
OTU_5523,180,3,253,56,83,63,7,31,12,55,34,121,50,49,75,114,9,7,65,97,92,108,108,12,99,271,4,26,80,80,168,105,25,326,51,154,12,188,3,144,186,3,1,4,1,130,59,241,99,29
OTU_5524,2,1,1,1,1,1,1,1,1,1,1,4,1,1,2,1,1,1,1,1,1,1,1,1,20,2,1,11,3,1,1,40,1,1,1,1,1,1,1,1,1,1,1,1,1,2,1,1,1,1
OTU_5525,1,1,1,1,1,1,1,1,1,1,1,1,1,1,1,1,1,1,1,1,1,1,1,1,1,1,1,1,1,1,1,1,1,1,1,1,1,1,1,1,1,1,1,1,1,1,1,1,1,1
OTU_5526,1,1,2,1,1,1,1,1,1,1,2,1,1,1,1,1,9,1,73,1,1,1,60,1,1,1,1,1,1,1,1,1,1,1,1,1,1,1,1,2,1,1,1,1,1,1,11,1,1,1
OTU_5527,1,1,1,1,1,1,1,1,1,1,1,1,1,1,1,1,1,1,1,1,1,1,1,1,1,1,1,1,1,1,1,1,1,1,1,1,1,1,1,1,1,1,1,1,1,1,1,1,1,1
OTU_5528,1,1,1,1,1,1,1,1,1,1,1,1,1,1,1,1,1,1,1,1,1,1,1,1,1,2,1,1,1,1,1,1,1,1,1,1,1,1,1,1,1,1,1,1,1,1,1,1,1,1
OTU_5529,1,1,1,1,1,1,1,1,1,1,1,1,1,1,1,1,1,1,1,1,1,1,1,1,1,1,1,1,1,1,1,1,1,1,1,1,1,1,1,1,1,1,1,1,1,1,1,1,1,1
OTU_5530,1,1,1,1,1,1,1,1,1,1,1,1,1,1,1,1,1,1,1,1,1,1,1,1,1,1,1,1,1,1,1,1,1,1,1,1,1,1,1,1,1,1,1,1,1,1,1,1,1,1
OTU_5531,1,1,1,1,1,1,1,1,1,1,1,1,1,1,1,1,1,1,1,1,1,1,1,1,1,1,1,1,1,1,1,1,1,1,1,1,1,1,1,1,1,1,1,1,1,1,1,1,1,1
OTU_5532,1,1,1,1,1,1,1,1,1,1,1,1,1,1,1,1,1,1,1,1,1,1,1,1,1,1,1,1,1,1,1,1,1,1,1,1,1,1,1,1,1,1,1,1,1,1,1,1,1,1
OTU_5533,1,1,1,1,1,1,1,1,1,1,1,1,1,1,1,1,1,1,1,1,1,1,1,1,1,1,1,1,1,1,1,1,1,1,1,1,1,1,1,1,1,1,1,1,1,1,1,1,1,1
OTU_5534,9,148,19,6,1,3,7,243,1,1,3,1,27,1,5,1,3,46,75,62,31,5,4,5,34,74,2,1,873,1,1,1,1,104,50,39,50,1,5,18,69,13,6,1,20,61,3,66,10,36
OTU_5535,1,1,1,1,1,1,1,1,1,1,1,1,1,1,1,1,1,1,1,1,1,1,1,1,1,1,1,1,1,1,1,1,1,1,1,1,1,1,1,1,1,1,1,1,1,1,1,1,1,1
OTU_5536,1,1,3,31,157,1,2,1,9,2,62,9,1,4,8,1,153,4,2,30,46,3,2,1,31,41,38,17,342,1,8,5,3,19,2,1,1,137,21,149,14,11,9,1,15,3,6,1,2,16
OTU_5537,1,1,1,1,1,1,1,1,1,1,1,1,1,1,1,1,1,1,1,1,1,1,1,1,1,1,1,1,1,1,1,1,1,1,1,1,1,1,1,1,1,1,1,1,1,1,1,1,1,1
OTU_5538,1,1,1,1,1,1,1,1,1,1,1,1,1,1,1,1,1,1,1,1,1,1,1,1,1,1,1,1,1,1,1,1,1,1,1,1,1,1,1,1,1,1,1,1,1,1,1,1,1,1
OTU_5539,1,1,1,1,1,1,1,1,1,1,1,1,1,1,1,1,1,1,1,1,1,1,1,1,1,1,1,1,1,1,1,1,1,1,1,1,1,1,1,1,1,1,1,1,1,1,1,1,1,1
OTU_5540,1,1,1,1,1,1,1,1,1,1,1,1,1,1,1,1,1,1,1,1,1,1,1,1,1,1,1,1,1,1,1,1,1,1,1,1,1,1,1,1,1,1,1,1,1,1,1,1,1,1
OTU_5541,1,1,1,1,1,1,1,1,1,1,1,1,1,1,1,1,1,1,1,1,1,1,1,1,1,1,1,1,1,1,1,1,1,1,1,1,1,1,1,1,1,1,1,1,1,1,1,1,1,1
OTU_5542,1,1,1,1,1,1,1,1,1,1,1,1,1,1,1,1,1,2,1,1,1,1,1,1,1,1,1,1,1,1,1,1,1,1,1,1,1,1,1,1,1,1,1,2,1,1,1,1,1,1
OTU_5543,1,1,1,1,1,1,1,1,1,1,1,1,1,1,1,1,1,1,1,1,1,1,1,1,1,1,1,1,1,1,1,1,1,1,1,1,1,1,1,1,1,1,1,1,1,1,1,1,1,1
OTU_5544,1,1,1,1,1,1,1,1,1,1,1,1,1,1,1,1,1,1,1,1,1,1,1,1,1,1,1,1,1,1,1,1,1,1,1,1,1,1,1,1,1,1,1,1,1,1,1,1,1,1
OTU_5545,1,1,1,1,1,1,1,1,1,1,1,1,1,1,1,1,1,1,1,1,1,1,1,1,1,1,1,1,1,1,1,1,1,1,1,1,1,1,1,1,1,1,1,1,1,1,1,1,1,1
OTU_5546,1,1,1,1,1,48,1,1,1,1,1,1,1,1,1,1,1,1,1,1,1,1,1,1,1,1,1,1,1,1,1,1,1,1,1,46,1,1,1,1,1,1,1,1,1,1,1,1,1,9
OTU_5547,1,1,1,1,1,1,1,1,1,1,1,1,1,1,1,1,1,1,1,1,1,1,1,1,1,1,1,1,1,1,1,1,1,1,1,1,1,1,1,1,1,1,1,1,1,1,1,1,1,1
OTU_5548,1,1,1,1,1,1,1,1,1,1,1,1,1,1,1,1,1,1,1,1,1,1,1,1,1,1,1,1,1,1,1,1,1,1,1,1,1,1,1,1,1,1,1,1,1,1,1,1,1,1
OTU_5549,3,1,1,14,1,1,1,1,2,1,1,1,1,1,1,2,1,1,1,1,1,1,1,1,1,1,1,1,1,56,1,1,1,1,1,1,1,1,1,1,1,1,1,1,1,1,1,1,1,1
OTU_5550,1,1,1,1,1,1,1,1,1,1,1,1,1,1,1,1,1,1,1,1,1,1,1,1,1,1,1,1,1,1,1,1,1,1,1,1,1,1,1,1,1,1,1,1,1,1,1,1,1,1
OTU_5551,1,1,1,1,1,1,1,1,1,1,1,1,1,1,1,1,1,1,1,1,1,1,1,1,1,1,1,1,1,1,1,1,1,1,1,1,1,1,1,1,1,1,1,1,1,1,1,1,1,1
OTU_5552,1,1,1,1,2,1,1,1,1,1,1,1,1,1,1,1,1,1,1,1,1,1,3,1,1,1,1,1,1,1,1,1,1,1,1,1,1,1,1,1,1,1,1,1,1,1,1,1,1,1
OTU_5553,1,1,93,13,1,1,3,1,1,1,1,1,1,1,1,1,1,1,1,1,1,1,1,1,4,2,1,1,1,1,1,6,1,1,1,1,1,11,1,1,1,1,212,1,1,1,1,1,1,28
OTU_5554,1,1,1,1,1,1,1,1,1,1,1,1,1,1,1,1,1,1,1,1,1,1,1,1,1,4,1,1,1,1,1,1,3,1,1,1,1,1,1,1,1,1,1,1,1,1,1,1,1,1
OTU_5555,2,1,104,22,165,20,38,97,1,89,13,42,417,30,34,48,509,3,167,7,165,247,50,1,363,170,120,2,47,165,27,390,38,99,1,4,11,333,174,24,93,445,8,352,120,216,32,36,29,256
OTU_5556,1,2,1,1,1,1,1,1,1,1,1,1,1,1,1,1,1,1,1,1,1,1,1,1,1,1,1,1,1,1,1,1,1,16,1,1,1,1,1,1,34,1,1,1,4,1,1,1,1,1
OTU_5557,1,1,1,1,1,1,1,1,1,1,1,1,1,1,1,1,1,1,1,1,1,1,1,1,1,1,1,1,1,1,1,1,1,1,1,1,1,1,1,1,1,1,1,1,1,1,1,1,1,1
OTU_5558,1,1,1,1,1,1,1,15,1,1,1,1,1,1,1,1,1,1,1,1,1,1,1,1,1,1,1,1,1,1,1,1,1,1,1,1,1,1,1,1,1,34,136,1,2,52,1,1,1,1
OTU_5559,1,1,1,1,1,1,1,1,1,1,1,1,1,1,1,1,1,1,1,1,1,1,1,1,1,1,1,1,1,1,1,1,1,1,1,1,1,1,1,1,1,1,1,1,1,1,1,1,1,1
OTU_5560,1,1,1,1,1,1,1,1,1,1,1,1,1,1,1,1,1,1,1,1,1,1,1,1,1,1,1,1,1,1,1,1,1,1,1,1,1,1,1,1,1,1,1,1,1,1,1,1,1,1
OTU_5561,1,1,1,1,1,1,1,1,1,1,1,1,1,1,1,1,1,1,1,1,1,1,1,1,1,1,1,1,1,1,1,1,1,1,1,1,1,1,1,1,1,1,1,1,1,1,1,1,1,1
OTU_5562,27,8,1,56,1,1,2,194,1,54,10,5,48,40,62,29,8,3,37,2,3,151,1,2,307,1,1,39,2,3,7,5,18,56,2,98,1,1,1,1,2,259,1,56,1,8,5,150,1,3
OTU_5563,1,1,1,1,1,1,1,1,1,1,1,1,1,1,1,1,1,1,1,1,1,1,1,1,1,1,1,1,1,1,1,1,1,1,1,1,1,1,1,1,1,1,1,1,1,1,1,1,1,1
OTU_5564,1,1,1,1,1,1,1,1,1,1,1,1,1,1,1,1,1,1,1,1,1,1,1,1,1,1,1,1,1,1,1,1,1,1,1,1,1,1,1,1,1,1,1,1,1,1,1,1,1,1
OTU_5565,1,1,1,1,1,1,1,1,1,1,1,1,1,1,1,1,1,1,1,1,1,1,1,1,1,1,1,1,1,1,1,1,1,1,1,1,1,1,1,1,1,1,1,1,1,1,1,1,1,1
OTU_5566,12,109,12,47,116,97,49,10,21,121,4,10,264,127,33,12,3,1,3,3,32,103,203,8,197,8,21,8,78,107,199,1,148,273,3,30,144,10,15,163,112,46,1,93,16,4,86,189,86,244
OTU_5567,1,1,1,1,1,1,1,1,1,1,1,1,1,1,1,1,1,1,1,1,1,1,1,1,1,1,1,1,1,1,1,1,1,1,1,1,1,1,1,1,1,1,1,1,1,1,1,1,1,1
OTU_5568,1,1,1,1,1,1,1,1,1,2,1,1,1,1,1,1,1,1,1,45,1,1,1,1,1,1,1,1,1,1,1,1,1,1,1,16,1,1,1,1,1,1,1,1,1,1,1,1,1,1
OTU_5569,1,1,1,1,1,1,1,1,1,1,1,1,1,1,1,1,1,1,1,1,1,1,1,1,1,1,1,1,1,1,1,1,1,1,1,1,1,1,1,1,1,1,1,1,1,1,1,1,1,1
OTU_5570,1,1,1,1,1,1,1,1,1,1,1,1,1,1,1,1,1,1,1,1,1,1,1,1,1,1,1,1,1,1,1,2,1,1,1,1,1,1,1,1,1,1,2,1,1,1,1,1,1,1
OTU_5571,1,1,1,1,1,1,1,1,1,1,1,1,1,1,1,1,1,1,1,1,1,1,1,1,1,1,1,1,1,1,1,1,1,1,1,1,1,1,1,1,1,1,1,3,1,1,1,1,1,1
OTU_5572,1,1,1,1,1,1,1,1,1,1,1,1,1,1,1,1,1,1,1,1,1,1,1,1,1,1,1,1,1,1,1,1,1,1,1,1,1,1,1,1,1,1,1,1,1,1,1,1,1,1
OTU_5573,1,1,1,1,1,1,1,1,1,1,1,1,1,1,1,1,1,1,1,1,1,1,1,1,1,1,1,1,1,1,1,1,1,1,1,1,1,1,1,1,1,1,1,1,1,1,1,1,1,1
OTU_5574,1,1,1,1,1,1,1,1,1,1,1,1,1,1,1,1,1,1,1,1,1,1,1,1,1,1,1,1,1,1,1,1,1,1,1,1,1,1,1,1,1,1,1,1,1,1,1,1,1,1
OTU_5575,1,1,1,1,1,1,1,1,1,1,1,1,1,1,1,1,1,1,1,1,1,1,1,1,1,1,1,1,1,1,1,1,1,1,1,1,1,1,1,1,1,1,1,1,1,1,1,1,1,1
OTU_5576,1,1,1,1,1,1,1,1,1,1,1,1,1,1,1,1,1,1,1,1,1,1,1,1,1,1,1,1,1,1,1,1,1,1,1,1,1,1,1,1,1,1,1,1,1,1,1,1,1,1
OTU_5577,3,22,1,1,71,1,2,6,74,1,28,1,1,3,1,1,1,1,44,1,1,1,1,1,1,2,1,1,20,12,1,1,1,6,1,1,16,24,1,38,1,1,11,1,1,122,15,2,2,5
OTU_5578,1,1,1,1,1,1,1,1,1,1,1,1,1,1,1,1,1,1,2,1,1,1,1,1,1,1,1,1,1,1,1,1,1,1,1,1,1,1,1,1,1,1,1,1,1,1,1,1,1,1
OTU_5579,1,1,1,1,1,1,1,1,1,1,1,1,1,1,1,1,1,1,1,2,1,1,1,1,113,1,1,1,1,1,1,1,1,1,88,1,1,1,1,1,6,1,1,1,1,1,1,1,1,1
OTU_5580,266,73,29,99,4,37,31,101,63,8,5,373,162,496,4,87,335,192,9,54,133,112,105,356,205,362,50,6,104,93,22,97,89,27,470,580,25,2,12,216,177,416,19,31,9,41,14,42,17,230
OTU_5581,1,1,1,1,1,1,1,1,1,1,1,1,1,1,1,1,1,1,1,1,1,1,1,1,1,1,1,1,1,1,1,1,1,1,1,1,1,1,1,1,1,1,1,1,1,1,1,1,1,1
OTU_5582,341,15,44,78,3,33,29,156,184,324,88,167,410,51,22,85,124,80,37,14,7,35,268,32,95,21,507,51,65,98,205,1,73,57,2,6,16,75,8,125,26,1,20,139,1,129,4,81,52,3
OTU_5583,1,1,1,1,1,1,1,1,1,1,1,1,1,1,1,1,1,1,1,1,1,1,1,1,1,1,1,1,1,1,1,1,1,1,1,1,1,1,1,1,1,1,1,1,1,1,1,1,1,1
OTU_5584,7,1,1,409,1,1,1,1,1,1,1,1,11,1,1,1,1,2,1,1,11,1,1,1,1,1,8,20,1,1,1,1,1,2,1,1,1,1,18,81,1,1,1,25,1,1,2,1,190,1
OTU_5585,1,1,1,1,1,1,1,1,1,1,1,1,1,1,1,1,1,1,1,1,1,1,1,1,1,1,1,1,1,1,1,1,1,1,1,1,1,1,1,1,1,1,1,1,1,1,1,1,1,1
OTU_5586,1,1,1,1,1,1,1,1,1,1,1,1,1,1,1,1,1,1,1,1,1,1,1,1,1,1,1,1,1,1,1,1,1,1,1,1,1,1,1,1,1,1,1,1,1,1,1,1,1,1
OTU_5587,1,1,1,1,1,1,1,1,1,1,1,1,1,1,1,1,1,1,1,1,1,1,1,1,1,1,1,1,1,1,1,1,1,1,1,1,1,1,1,1,1,1,1,1,1,1,1,1,1,1
OTU_5588,1,64,3,60,2,2,17,20,3,1,9,98,48,2,1,1,2,1,2,3,17,5,147,1,92,1,93,66,6,1,13,1,7,3,16,55,22,21,2,1,1,229,1,31,1,44,1,2,12,1
OTU_5589,1,1,1,1,1,1,1,1,1,1,1,1,1,1,1,1,1,1,1,1,1,1,1,1,1,1,1,1,1,1,1,1,1,1,1,1,1,1,1,1,1,1,1,1,1,1,1,1,1,1
OTU_5590,1,1,1,1,1,1,1,1,1,1,1,1,1,1,1,1,1,1,1,1,1,1,1,1,1,1,1,1,1,1,1,1,1,1,1,1,1,1,1,1,1,1,1,1,1,1,1,1,1,1
OTU_5591,1,1,1,1,1,1,1,1,1,1,1,1,1,1,1,1,1,1,1,1,1,1,1,1,1,1,1,1,1,1,1,1,1,1,1,1,1,1,1,1,1,1,1,1,1,1,1,1,1,1
OTU_5592,1,1,1,1,1,1,1,1,1,1,1,1,1,1,1,1,1,1,1,1,1,1,1,1,1,1,1,1,1,1,1,1,1,1,1,1,1,1,1,1,1,1,1,1,1,1,1,1,1,1
OTU_5593,1,1,46,2,1,1,1,1,1,1,46,1,1,3,1,1,14,5,1,1,80,1,1,1,1,1,1,1,1,1,1,1,1,2,1,1,1,1,1,1,1,1,1,1,1,1,1,1,1,1
OTU_5594,1,1,1,1,1,1,1,1,1,1,1,1,1,1,1,1,1,1,1,1,1,1,1,1,1,1,1,1,1,1,1,1,1,1,1,1,1,1,1,1,1,1,1,1,1,1,1,1,1,1
OTU_5595,1,1,1,1,1,1,1,1,1,1,1,1,1,1,1,1,1,1,1,1,1,1,1,1,3,1,1,1,1,1,1,1,1,1,1,1,1,1,1,1,1,1,1,1,1,1,1,1,24,1
OTU_5596,47,1,60,282,125,164,573,9,131,16,13,3,140,19,503,75,98,11,10,3,86,23,212,1,54,105,94,43,179,64,2,116,12,105,163,4,22,51,164,41,224,10,303,93,204,89,38,22,226,2
OTU_5597,1,1,1,1,1,1,1,1,1,1,1,1,1,1,1,1,1,1,1,1,1,1,1,1,1,1,1,1,1,1,1,1,1,1,1,1,1,1,1,1,1,1,1,1,1,1,1,1,1,1
OTU_5598,1,1,1,1,1,1,1,1,1,1,1,1,1,1,1,1,1,1,1,1,1,1,1,1,1,1,1,1,1,1,1,1,1,1,1,1,1,1,1,1,1,1,1,1,1,1,1,1,1,1
OTU_5599,1,1,1,1,1,1,1,1,1,1,1,1,1,1,1,1,1,1,1,1,1,1,1,1,1,1,1,1,1,1,1,1,1,1,1,1,1,1,1,1,1,1,1,1,1,1,1,1,1,1
OTU_5600,1,1,1,1,1,1,1,1,1,1,1,1,1,1,1,1,1,1,1,1,1,1,1,1,1,1,1,1,1,1,1,1,1,1,1,1,1,1,1,1,1,1,1,1,1,1,1,1,1,1
OTU_5601,1,1,1,1,1,4,1,1,1,1,1,1,1,1,1,1,1,1,1,1,1,1,1,1,1,1,1,1,1,1,1,1,1,1,1,1,39,1,1,1,1,1,1,1,1,1,1,1,1,1
OTU_5602,70,34,4,204,1,207,1,27,17,3,4,4,50,27,5,54,38,39,2,5,6,9,4,1,2,128,1,3,1,4,4,1,9,1,20,12,6,1,2,1,36,97,1,1,41,3,23,77,1,170
OTU_5603,1,1,1,1,1,1,1,1,1,1,2,1,1,1,1,1,1,1,1,1,1,1,1,1,1,1,1,1,1,1,1,1,1,1,1,1,1,1,1,1,1,1,1,1,1,1,1,1,1,1
OTU_5604,1,1,1,1,1,1,1,1,1,1,1,1,1,1,1,1,1,1,1,1,1,1,1,1,1,1,1,1,1,1,1,1,1,1,1,1,1,1,1,1,1,1,1,1,1,1,1,1,1,1
OTU_5605,1,1,1,1,1,1,1,1,1,1,1,1,1,1,1,1,1,1,1,1,1,1,1,1,1,1,1,1,1,1,1,1,1,1,1,1,1,1,1,1,1,1,1,1,1,1,1,1,1,1
OTU_5606,1,1,1,1,1,1,1,1,1,1,1,1,1,1,1,1,1,1,1,1,1,1,1,1,1,1,1,1,1,1,1,1,1,1,1,1,1,1,1,1,1,1,1,1,1,1,1,1,1,1
OTU_5607,1,1,1,1,1,1,1,1,1,1,1,1,1,1,1,1,1,1,1,1,1,1,1,1,1,1,1,1,1,1,1,1,1,1,1,1,1,1,1,1,1,1,1,1,1,1,1,1,1,1
OTU_5608,1,1,1,1,1,1,1,1,1,1,1,1,1,1,1,1,1,1,1,1,1,1,1,1,1,1,1,1,1,1,1,1,1,1,1,1,1,1,1,1,1,1,1,1,1,1,1,1,1,1
OTU_5609,21,307,251,3,267,39,76,18,178,181,46,299,325,131,70,143,233,144,154,43,47,203,34,55,54,50,22,44,131,42,84,68,32,626,360,477,5,21,895,17,126,151,74,140,31,338,549,61,48,410
OTU_5610,64,1,1,1,18,1,68,1,1,13,37,137,1,1,20,6,1,1,1,1,1,1,26,2,1,115,1,10,22,1,1,1,123,16,1,7,1,1,3,1,1,1,1,1,1,303,33,1,2,1
OTU_5611,15,1,1,1,1,1,1,1,1,1,1,1,1,1,1,1,1,1,1,1,1,1,1,1,1,1,1,1,1,1,1,1,1,1,1,1,1,1,1,1,1,1,1,1,1,1,1,1,199,1
OTU_5612,53,1,96,1,1,1,1,1,49,1,1,32,16,1,6,19,1,1,1,36,2,2,237,18,1,7,3,519,2,1,1,1,1,1,20,3,1,1,38,6,37,1,1,1,1,1,17,1,1,34
OTU_5613,1,1,1,1,1,1,1,1,1,1,1,1,1,1,1,1,1,1,1,1,1,1,1,1,1,1,1,1,1,1,1,1,1,1,1,1,1,1,1,1,1,1,1,1,1,1,1,1,1,1
OTU_5614,1,1,1,1,1,1,1,1,1,1,1,1,1,1,1,1,1,1,1,1,1,1,1,1,1,1,1,1,1,1,1,1,1,1,1,1,1,1,1,1,1,1,1,1,1,1,1,1,1,1
OTU_5615,1,1,1,1,1,9,1,1,1,1,1,19,1,1,1,1,1,4,1,1,1,1,1,1,1,1,1,1,1,32,1,1,154,1,1,1,1,1,1,1,1,1,1,316,1,1,1,2,1,1
OTU_5616,1,1,1,1,1,1,1,1,1,1,1,1,1,1,1,1,1,1,1,1,1,1,1,1,1,1,1,1,1,1,1,1,1,1,1,1,1,1,1,1,1,1,1,1,1,1,1,1,1,1
OTU_5617,1,1,1,1,1,1,1,1,1,1,1,1,1,1,1,1,1,1,1,1,1,1,1,1,1,1,1,1,1,1,1,1,1,1,1,1,1,1,1,1,1,1,1,1,1,1,1,1,1,1
OTU_5618,1,1,1,1,1,1,1,89,1,1,1,1,2,100,1,1,1,1,1,14,1,1,1,52,2,1,1,2,1,1,186,1,1,1,1,1,1,1,1,1,1,1,1,1,1,1,1,1,1,1
OTU_5619,1,1,109,1,1,1,1,1,1,4,1,1,1,1,1,1,1,2,1,1,1,1,1,1,1,1,1,1,1,1,1,1,1,1,1,1,1,1,1,1,1,1,8,1,1,1,69,1,1,1
OTU_5620,1,1,1,3,14,1,4,1,21,1,19,80,4,1,1,6,7,1,8,2,7,6,9,7,1,2,7,30,1,1,8,110,1,1,44,42,1,1,474,1,4,203,3,132,1,9,73,56,1,2
OTU_5621,27,12,249,2,1,11,342,124,1,51,145,1,5,33,1,26,1,2,27,1,1,4,4,1,3,32,36,3,72,1,1,1,2,63,11,7,1,46,2,3,2,1,1,202,383,1,1,1,4,1
OTU_5622,1,1,1,1,1,1,1,1,1,1,1,1,1,1,1,1,1,1,1,1,1,1,1,1,1,1,1,1,1,1,1,1,1,1,1,1,1,1,1,1,1,1,1,1,1,1,1,1,1,1
OTU_5623,1,1,1,1,1,1,1,1,1,1,1,1,1,1,1,1,1,1,1,1,1,1,1,1,1,1,1,1,1,1,1,1,1,1,1,1,1,1,1,1,1,1,1,1,1,1,1,1,1,1
OTU_5624,2,1,44,1,1,14,1,2,70,21,1,1,1,2,1,11,1,2,1,2,1,1,199,4,147,1,1,1,6,15,1,1,1,1,1,1,1,2,2,1,1,1,19,1,1,7,2,1,1,1
OTU_5625,1,1,1,1,1,1,1,1,1,8,1,1,1,2,19,1,1,38,1,165,1,5,1,1,1,1,31,118,1,1,1,23,1,11,1,18,4,1,1,1,1,1,29,1,93,49,1,21,26,2
OTU_5626,62,1,54,11,238,1,113,17,29,72,192,104,313,26,1,39,52,62,2,98,1,55,40,15,35,74,5,7,3,35,56,500,198,23,241,130,85,36,533,94,59,20,108,115,83,65,21,153,40,54
OTU_5627,216,18,1,2,125,455,22,1,29,1,1,1,1,1,1,18,1,2,7,1,1,88,1,192,103,1,3,1,1,1,1,2,1,2,26,89,244,1,1,6,25,8,1,1,1,57,3,181,1,1
OTU_5628,12,272,87,24,51,1,478,2,295,3,65,1043,606,42,2,14,35,86,9,69,45,32,251,1,196,88,169,52,294,220,163,7,31,42,15,100,80,8,538,67,100,238,403,6,74,196,273,107,45,12
OTU_5629,142,1,1,1,1,1,4,1,1,1,9,1,1,1,1,1,1,1,18,1,1,31,148,15,1,1,1,1,1,1,1,1,1,62,9,1,1,3,1,1,33,11,28,1,1,1,73,1,2,1
OTU_5630,352,56,501,19,7,79,76,13,694,40,226,190,135,74,204,264,71,53,41,197,56,57,155,509,271,252,134,27,193,387,95,40,69,133,382,261,60,22,349,70,71,50,851,87,135,247,2,275,109,231
OTU_5631,1,1,1,1,1,1,1,1,1,1,1,1,1,1,1,1,1,1,1,1,1,1,1,1,1,1,1,1,1,1,1,1,1,1,1,1,1,1,1,1,1,1,1,1,1,1,1,1,1,1
OTU_5632,1,1,1,1,1,1,1,1,1,1,1,1,1,1,1,1,1,1,1,1,1,1,1,1,1,1,1,1,1,1,1,1,1,1,1,1,1,1,1,1,1,1,1,1,1,1,1,1,1,1
OTU_5633,1,1,1,1,1,1,1,1,1,1,1,1,1,1,1,1,1,1,1,1,1,1,1,1,1,1,1,1,1,1,1,1,1,1,1,1,1,1,1,1,1,1,1,1,1,1,1,1,1,1
OTU_5634,1,3,13,1,1,80,1,60,2,1,5,46,13,33,1,1,1,1,1,1,19,1,7,17,1,1,1,20,1,3,1,1,1,1,1,40,1,1,1,1,12,7,3,1,103,1,1,1,1,19
OTU_5635,1,1,1,1,1,1,1,1,1,1,1,1,1,1,1,1,1,1,1,1,1,1,1,1,1,1,1,1,1,1,1,1,1,1,1,1,1,1,1,1,1,1,1,1,1,1,1,1,1,1
OTU_5636,1,1,1,1,1,1,1,1,1,1,1,1,1,1,1,1,1,1,1,1,1,1,1,1,1,1,1,1,1,1,1,1,1,1,1,1,1,1,1,1,1,1,1,1,1,1,1,1,1,1
OTU_5637,1,1,1,1,1,1,1,1,1,1,1,1,1,1,1,1,1,1,1,1,1,1,1,1,1,1,1,1,1,1,1,1,1,1,1,1,1,1,1,1,1,1,1,1,1,1,1,1,1,1
OTU_5638,1,1,1,2,1,1,1,1,1,1,1,1,1,1,1,1,1,1,1,1,1,1,1,1,1,1,1,1,1,1,1,1,1,1,1,1,1,1,1,1,1,1,1,1,1,1,1,1,1,1
OTU_5639,22,1,304,22,307,93,35,1,4,12,83,2,4,214,33,390,1,10,37,213,2,4,15,10,17,15,159,351,7,212,1,5,15,1,266,25,12,42,10,180,1,103,51,177,63,163,4,153,65,26
OTU_5640,1,1,1,1,1,1,1,1,1,1,1,1,1,1,1,1,1,1,1,1,1,1,1,1,1,1,1,1,1,1,1,1,1,1,1,1,1,1,1,1,1,1,1,1,1,1,1,1,1,1
OTU_5641,1,1,1,1,1,1,1,1,1,1,1,1,1,1,1,1,1,1,1,1,1,1,2,1,1,1,1,1,1,1,1,1,1,1,1,1,1,1,1,1,1,1,1,1,1,1,1,1,1,1
OTU_5642,140,196,7,7,219,66,169,169,115,24,443,9,6,9,320,648,131,11,318,28,67,86,151,212,221,87,184,49,137,145,60,64,12,159,24,82,106,98,41,8,69,670,31,215,78,5,88,182,10,30
OTU_5643,1,1,1,1,1,1,1,1,1,1,1,1,1,1,1,1,1,1,1,1,1,1,1,1,1,1,1,1,1,1,1,1,1,1,1,1,1,1,1,1,1,1,1,1,1,1,1,1,1,1
OTU_5644,1,1,1,1,1,1,1,1,1,1,1,1,1,1,1,1,1,1,1,1,1,1,1,33,1,1,1,1,1,1,1,1,1,1,1,1,1,1,1,1,1,1,1,1,1,1,1,1,1,1
OTU_5645,1,3,49,80,216,8,5,21,1,5,101,2,1,4,7,57,151,192,33,1,1,122,1,872,157,1,174,117,5,49,6,5,11,2,57,2,1,11,29,4,1,1,1,35,8,14,1,63,2,22
OTU_5646,1,1,1,1,1,1,1,1,1,1,1,1,1,1,1,1,1,1,1,1,1,1,1,1,1,1,1,1,1,1,1,1,1,1,1,1,1,1,1,1,1,1,1,1,1,1,1,1,1,1
OTU_5647,1,1,1,1,1,1,1,1,1,1,1,1,1,1,1,1,1,1,1,1,1,1,1,1,1,1,1,1,1,1,1,1,1,1,1,1,1,1,1,1,1,1,1,1,1,1,1,1,1,1
OTU_5648,1,1,1,1,1,1,1,1,1,1,1,1,1,1,1,1,1,1,1,1,1,1,1,1,1,1,1,1,1,1,1,1,1,1,1,1,1,1,1,1,1,1,1,1,1,1,1,1,1,1
OTU_5649,1,1,1,1,1,1,1,1,1,1,1,1,1,1,1,1,1,1,1,1,1,1,1,1,1,1,1,1,1,1,1,1,1,1,1,1,1,1,1,1,1,1,1,1,1,1,1,1,1,1
OTU_5650,1,1,1,1,1,1,1,1,1,1,1,1,1,1,1,1,1,1,1,1,1,1,1,1,1,1,1,1,1,1,1,1,1,1,1,1,1,1,1,1,1,1,1,1,1,1,1,1,1,1
OTU_5651,1,1,1,1,1,1,1,1,1,1,1,1,1,1,1,1,1,1,1,1,1,1,1,1,1,1,1,1,1,1,1,1,1,1,1,1,1,1,1,1,1,1,1,1,1,1,1,1,1,1
OTU_5652,1,1,1,1,1,1,1,1,1,1,1,1,1,1,1,1,1,1,1,1,1,1,1,1,1,1,1,1,1,1,1,1,1,1,1,1,1,1,1,1,1,1,1,1,1,1,1,1,1,1
OTU_5653,1,1,1,1,1,1,1,1,1,1,1,1,1,1,1,1,1,1,1,1,1,1,1,1,1,1,1,1,1,1,1,1,1,1,1,1,1,1,1,1,1,1,1,1,1,1,1,1,1,1
OTU_5654,1,1,1,1,1,1,1,1,1,1,1,1,1,1,1,1,1,1,1,1,1,1,1,1,1,1,1,1,1,1,1,1,1,1,1,1,1,1,1,1,1,1,1,1,1,1,1,1,1,1
OTU_5655,1,1,1,1,1,1,1,1,1,1,1,1,1,1,1,1,1,1,1,1,1,1,1,1,1,1,1,1,1,1,1,1,1,1,1,1,1,1,1,1,1,1,1,1,1,1,6,1,1,1
OTU_5656,1,1,1,1,1,1,1,1,1,1,1,1,1,1,1,1,1,1,1,1,1,1,1,1,1,1,1,1,1,1,1,1,1,1,1,1,1,1,1,1,9,1,1,1,1,1,1,5,1,1
OTU_5657,1,1,1,1,1,1,1,1,1,1,1,1,1,1,1,1,1,1,1,1,1,1,1,1,1,1,1,1,1,1,1,1,1,1,1,1,1,1,1,1,1,1,1,1,1,1,1,1,1,1
OTU_5658,1,1,1,1,1,1,1,1,1,1,1,1,1,1,1,1,1,1,1,1,1,1,1,1,1,1,1,1,1,1,1,1,1,1,1,1,1,1,1,1,1,1,1,1,1,1,1,1,1,1
OTU_5659,1,1,1,1,1,1,1,1,1,1,1,1,1,1,1,1,1,1,1,1,1,1,1,1,1,1,1,1,1,1,1,1,1,1,1,1,1,1,1,1,1,1,1,1,1,1,1,1,1,1
OTU_5660,3,21,764,9,36,1,1,175,23,1,36,1,2,12,9,92,61,307,58,1,45,105,30,18,25,26,38,115,18,8,12,1,124,165,343,17,375,14,44,182,3,88,209,93,7,65,31,191,1,4
OTU_5661,13,11,420,330,19,45,37,136,21,193,215,37,721,29,14,28,179,115,27,69,223,25,79,70,82,33,25,27,64,89,20,232,69,166,234,3,53,115,114,190,96,34,176,42,176,198,411,94,54,130
OTU_5662,1,1,1,1,1,1,1,1,1,1,1,1,1,1,1,1,1,1,1,1,1,1,1,1,1,1,1,1,1,1,1,1,1,1,1,1,1,1,1,1,1,1,1,1,1,1,1,1,1,1
OTU_5663,5,1,4,25,1,3,7,1,15,165,1,1,12,4,36,1,4,39,1,2,1,65,15,81,242,28,44,2,1,64,9,3,104,27,4,4,14,5,1,1,31,1,24,301,1,1,1,3,10,44
OTU_5664,3,350,53,1,320,18,2,2,1,230,2,2,1,1,5,1,1,1,3,39,30,88,363,26,29,8,4,1,2,125,1,19,24,103,1,1,1,27,14,1,1,3,18,1,2,1,4,1,3,1
OTU_5665,1,1,1,1,1,1,1,1,1,1,1,1,1,1,1,1,1,1,1,1,1,1,1,1,1,1,1,1,1,1,1,1,1,1,1,1,1,1,1,1,1,1,1,1,1,1,1,1,1,1
OTU_5666,1,1,1,1,1,1,1,1,1,1,1,1,1,1,1,1,1,1,1,1,1,1,1,1,1,1,1,1,1,1,1,1,1,1,1,1,1,1,1,1,1,1,1,1,1,1,1,1,1,1
OTU_5667,1,1,1,1,1,1,1,1,1,1,1,1,1,1,1,1,1,1,1,1,1,1,1,1,1,1,1,1,1,1,1,1,1,1,1,1,1,1,1,1,1,1,1,1,1,1,1,1,1,1
OTU_5668,1,1,1,1,1,1,1,1,1,1,1,1,1,1,1,1,1,1,1,1,1,1,1,1,1,1,1,1,1,1,1,1,1,1,1,1,1,1,1,1,1,1,1,1,1,1,1,1,1,1
OTU_5669,215,148,205,21,350,117,66,187,331,6,127,11,181,52,12,36,175,8,161,126,137,18,207,222,77,197,58,100,48,57,128,414,42,22,3,189,36,96,255,363,62,21,73,208,21,125,4,15,63,6
OTU_5670,1,1,1,1,1,1,1,1,1,1,1,1,1,1,1,1,1,1,1,1,1,1,1,1,1,1,1,1,1,1,1,1,1,1,1,1,1,1,1,1,1,1,1,1,1,1,1,1,1,1
OTU_5671,1,1,1,1,1,1,1,1,1,1,1,1,1,1,1,1,1,1,1,1,1,1,1,1,1,1,1,1,1,1,1,1,1,1,1,1,1,1,1,1,1,1,1,1,1,1,1,1,1,1
OTU_5672,1,1,1,1,1,1,1,2,1,1,1,1,1,1,1,3,1,1,1,1,1,1,1,1,1,1,1,1,1,1,1,1,1,1,1,1,1,1,1,1,1,1,1,16,1,1,1,1,1,1
OTU_5673,1,1,1,1,1,1,1,1,1,1,1,1,1,1,1,1,1,1,1,1,1,1,1,1,1,1,1,1,1,1,1,1,1,1,1,1,1,1,1,1,1,1,1,1,1,1,1,1,1,1
OTU_5674,1,1,1,1,1,1,1,1,1,1,1,1,1,1,1,1,1,1,1,1,1,1,1,1,1,1,1,1,1,1,1,1,1,1,1,1,1,1,1,1,1,1,1,1,1,1,1,1,1,1
OTU_5675,1,1,1,1,1,1,1,1,1,1,1,1,1,1,1,1,1,1,1,1,1,1,1,1,1,1,1,1,1,1,1,1,1,1,1,1,1,1,1,1,1,1,1,1,1,1,1,1,1,1
OTU_5676,1,1,1,1,1,1,1,1,1,1,1,1,1,1,1,1,1,1,1,1,1,1,1,1,1,1,1,1,1,1,1,1,1,1,1,1,1,1,1,1,1,1,1,1,1,1,1,1,1,1
OTU_5677,659,13,120,498,226,69,230,240,442,531,107,403,151,291,144,341,279,540,421,638,119,478,85,502,202,167,265,81,382,367,537,72,295,104,780,353,346,1075,226,193,289,227,268,124,84,338,18,401,170,463
OTU_5678,1,1,1,1,1,1,1,1,1,1,1,1,1,1,1,2,8,1,1,1,1,1,1,1,1,1,1,1,1,1,1,1,1,1,1,1,1,1,1,1,1,1,1,1,1,1,1,1,1,1
OTU_5679,3,2,1,4,14,1,12,115,32,79,255,17,1,1,1,42,6,1,16,32,2,1,1,1,1,3,1,48,2,88,1,1,10,1,6,2,1,1,31,1,1,8,2,1,4,4,1,1,1,1
OTU_5680,1,1,1,1,1,1,1,1,1,1,1,1,1,1,1,1,1,1,1,1,1,1,1,1,1,1,1,1,1,1,1,1,1,1,1,1,1,1,1,1,1,1,1,1,1,1,1,1,1,1
OTU_5681,199,159,166,525,569,37,214,154,556,444,365,89,259,31,402,181,53,79,374,49,340,115,48,256,154,4,317,86,238,204,66,56,649,302,153,175,105,187,458,89,751,185,20,76,452,199,166,310,142,334
OTU_5682,1,1,1,1,1,1,1,1,1,1,1,1,1,1,1,1,1,1,1,1,1,1,1,1,1,1,1,1,1,1,1,1,1,1,1,1,1,1,1,1,1,1,1,1,1,1,1,1,1,1
OTU_5683,1,1,1,1,1,1,1,1,1,1,1,1,1,1,1,1,1,1,1,1,1,1,1,1,1,1,1,1,1,1,1,1,1,1,1,1,1,1,1,1,1,1,1,1,1,1,1,1,1,1
OTU_5684,1,1,1,1,1,1,1,1,1,1,1,1,1,1,1,1,1,1,1,1,1,1,1,1,1,1,1,1,1,1,1,1,1,1,1,1,1,1,1,1,1,27,1,1,1,1,1,1,1,1
OTU_5685,1,1,1,1,1,1,1,1,1,1,1,1,1,1,1,1,1,1,1,1,1,1,1,1,1,1,1,1,1,1,1,1,1,1,1,1,1,1,1,1,1,1,1,1,1,1,1,1,1,1
OTU_5686,1,1,1,1,1,1,1,1,1,1,1,1,1,1,1,1,1,1,1,1,1,1,1,1,1,1,1,1,1,1,1,1,1,1,1,1,1,1,1,1,1,1,1,1,1,1,1,1,1,1
OTU_5687,1,1,1,1,1,1,1,1,1,1,1,1,1,1,1,1,1,1,1,1,1,1,1,1,1,1,1,1,1,1,1,1,1,1,1,1,1,1,1,1,1,1,1,1,1,1,1,1,1,1
OTU_5688,1,1,1,1,1,1,1,1,1,1,1,1,1,1,1,1,1,1,1,1,1,1,1,1,1,1,1,1,1,1,1,1,1,1,1,1,1,1,1,1,1,1,1,2,1,1,1,1,1,1
OTU_5689,1,1,1,1,1,1,1,1,1,1,1,1,1,1,1,1,1,1,1,1,1,1,1,1,1,1,1,1,1,1,1,1,1,1,1,1,1,1,1,1,1,1,1,1,1,1,1,1,1,1
OTU_5690,55,1,2,2,2,80,9,181,1,52,1,16,1,23,1,5,1,338,330,27,21,114,13,1,1,10,110,1,1,2,6,32,1,1,12,1,74,25,7,88,1,73,1,1,28,7,15,2,81,6
OTU_5691,1,4,4,369,70,129,28,61,80,71,49,12,1,151,8,3,189,35,3,51,17,6,218,129,352,19,164,1,37,95,111,5,296,30,143,288,59,44,76,90,143,224,24,18,8,52,40,283,9,106
OTU_5692,1,1,1,1,1,1,1,1,1,1,1,1,1,1,1,1,1,1,1,1,1,1,1,1,1,1,1,1,1,1,1,1,1,1,1,1,1,1,1,1,1,1,1,1,1,1,1,1,1,1
OTU_5693,1,1,1,1,1,1,1,1,1,1,1,1,1,1,1,1,1,1,1,1,1,1,1,1,1,1,1,1,1,1,1,1,1,1,1,1,1,1,1,1,1,1,1,1,1,1,1,1,1,1
OTU_5694,1,1,1,1,1,1,1,1,203,1,1,1,1,1,1,1,1,1,1,1,1,1,1,1,1,1,1,1,1,1,1,1,1,1,1,1,1,1,1,1,1,1,1,1,1,1,1,1,1,1
OTU_5695,1,1,1,1,1,1,1,1,1,1,1,1,1,1,1,1,1,1,1,1,1,1,1,1,1,1,1,1,1,1,1,1,1,1,1,1,1,1,1,1,1,1,1,1,1,1,1,1,1,1
OTU_5696,1,1,1,1,1,1,1,1,1,1,1,1,1,1,1,1,1,1,1,1,1,1,1,1,1,1,1,1,1,1,1,1,1,1,1,1,1,1,1,1,1,1,1,1,1,1,1,1,1,1
OTU_5697,1,1,1,1,1,1,1,1,1,1,1,1,1,1,1,1,1,1,1,1,1,1,1,1,1,1,1,1,1,1,1,1,1,1,1,1,1,1,1,1,1,1,1,1,1,1,1,1,1,1
OTU_5698,1,1,1,1,1,1,1,1,1,1,1,1,1,1,1,1,1,1,1,1,1,1,1,1,1,1,1,1,1,1,1,1,1,1,1,1,1,1,1,1,1,1,1,1,1,1,1,1,1,1
OTU_5699,1,1,1,1,1,1,1,7,1,1,1,1,1,1,1,1,1,1,1,1,1,1,1,1,67,4,1,2,1,1,1,1,1,1,1,2,1,1,1,1,1,1,1,1,1,1,1,1,44,1
OTU_5700,1,1,1,1,1,1,1,1,1,1,1,1,1,1,1,1,1,1,1,1,1,1,1,1,1,1,1,1,1,1,1,1,1,1,1,1,1,1,1,1,1,1,1,1,1,1,1,1,1,1
OTU_5701,2,1,1,1,1,1,1,1,2,1,17,84,1,1,1,1,1,1,6,18,1,1,131,1,1,1,40,48,1,12,33,1,1,1,1,1,1,1,1,1,21,1,1,1,1,5,1,1,4,12
OTU_5702,1,1,1,1,1,1,1,1,1,1,1,1,1,1,1,1,1,1,1,1,1,1,1,1,1,1,1,1,1,1,1,1,1,1,1,1,1,1,1,1,1,1,1,1,1,1,1,1,1,1
OTU_5703,1,1,1,1,1,1,1,1,1,1,1,1,1,1,1,1,1,1,1,1,1,1,1,1,1,1,1,1,1,1,1,1,1,1,1,1,1,1,1,1,1,1,1,1,1,1,1,1,1,1
OTU_5704,1,1,1,1,1,1,1,1,1,1,1,1,1,1,1,1,1,1,1,1,1,1,1,1,1,1,1,1,1,1,1,1,1,1,1,1,1,1,1,1,1,1,1,1,1,1,1,1,1,1
OTU_5705,1,1,1,1,1,1,1,1,1,1,1,1,1,1,1,1,1,1,1,1,1,1,1,1,1,1,1,1,1,1,1,1,1,1,1,1,1,1,1,1,1,1,1,1,1,1,1,1,1,1
OTU_5706,22,156,42,3,43,5,81,6,57,3,52,30,437,205,11,74,5,109,23,446,102,22,96,13,1,225,5,161,113,52,17,113,5,278,10,929,3,398,138,308,180,78,3,1,76,53,47,55,448,53
OTU_5707,1,1,1,1,1,1,1,1,1,1,1,1,1,1,1,1,1,1,1,1,1,1,1,1,1,1,1,1,1,1,1,1,1,1,1,1,1,1,1,1,1,1,1,1,1,1,1,1,1,1
OTU_5708,90,11,247,166,215,47,26,115,76,61,26,105,8,28,38,130,664,38,33,195,19,288,70,239,557,173,238,73,92,22,38,94,76,67,105,124,113,20,478,78,171,124,548,120,46,3,209,17,32,53
OTU_5709,1,1,1,1,1,1,1,1,1,1,1,1,4,1,1,1,1,1,1,1,1,1,1,1,1,1,1,1,1,1,1,1,1,1,1,1,1,1,1,1,1,1,1,1,1,1,1,1,1,1
OTU_5710,1,1,1,1,1,1,1,1,1,1,1,1,1,1,1,1,1,1,1,1,1,1,1,1,1,1,1,1,1,1,1,1,1,1,1,1,1,1,1,1,1,1,1,1,1,1,1,1,1,1
OTU_5711,1,1,1,1,1,1,1,1,1,1,1,1,1,1,1,1,1,1,1,1,1,1,1,1,1,1,1,1,1,1,1,1,1,1,1,1,1,1,1,1,1,1,1,1,1,1,1,1,1,1
OTU_5712,212,78,4,9,2,214,5,11,84,13,189,182,173,29,313,63,68,45,54,6,44,27,100,43,32,60,27,59,83,210,6,1,16,21,9,284,52,2,25,34,69,14,325,5,15,7,58,111,14,49
OTU_5713,1,1,1,1,1,1,18,1,1,1,1,1,1,1,1,1,1,1,1,1,1,1,1,1,1,1,1,1,1,1,1,1,1,1,1,1,1,1,1,1,1,1,1,1,1,1,1,1,1,1
OTU_5714,1,1,1,1,1,1,1,1,1,1,1,1,1,1,1,1,1,1,1,1,1,1,1,1,1,1,1,1,1,1,1,1,1,1,1,1,1,1,1,1,1,1,1,1,1,1,1,1,1,1
OTU_5715,1,98,437,32,153,14,128,360,753,486,112,168,3,150,145,158,117,415,109,137,394,56,136,3,27,243,141,496,5,587,27,10,3,403,99,6,160,33,69,115,52,53,114,70,3,75,85,6,129,109
OTU_5716,1,1,1,1,1,1,1,1,1,1,1,1,1,1,1,1,1,1,1,1,1,1,1,1,1,1,1,1,1,1,1,1,1,1,1,1,1,1,1,1,1,1,1,1,1,1,1,1,1,1
OTU_5717,46,25,196,2,490,23,45,55,53,4,1,6,21,9,71,6,110,30,14,9,34,399,17,128,5,1,62,61,18,15,21,3,5,58,238,3,13,105,370,113,28,1,1,5,32,25,241,280,41,83
OTU_5718,1,1,1,1,1,1,1,1,1,1,1,1,1,1,1,1,1,1,1,1,1,1,1,1,1,1,1,1,1,1,1,1,1,1,1,1,1,1,1,1,1,1,1,1,1,1,1,1,1,1
OTU_5719,1,1,1,1,1,1,1,1,1,1,1,1,1,1,1,1,1,1,1,1,1,1,1,1,1,1,1,1,1,1,1,1,1,1,1,1,1,1,1,1,1,1,1,1,1,1,1,1,1,1
OTU_5720,2,1,1,1,2,1,1,1,1,1,1,1,1,1,1,42,1,1,1,1,1,1,1,1,1,1,1,1,1,1,6,7,1,1,41,1,159,1,1,1,1,1,1,1,1,1,1,1,2,2
OTU_5721,1,1,1,1,1,1,1,1,1,1,1,46,1,2,1,1,1,6,6,8,17,1,15,1,67,1,40,5,1,4,1,1,1,15,1,1,5,7,1,1,1,103,220,11,1,1,1,1,1,52
OTU_5722,1,1,1,1,1,1,1,1,1,1,1,1,1,1,1,1,1,1,1,1,1,1,1,1,1,1,1,1,1,1,1,1,1,1,1,1,1,1,1,1,1,1,1,1,1,1,1,1,1,1
OTU_5723,1,1,1,1,4,54,1,14,1,3,2,155,1,1,1,4,4,2,1,2,1,1,1,48,128,1,9,35,1,9,29,1,1,53,1,1,2,1,1,2,1,48,33,22,27,17,1,1,1,1
OTU_5724,1,1,1,1,1,1,33,1,1,1,1,1,1,1,1,1,3,1,1,1,1,74,1,1,6,1,1,1,1,1,1,1,1,1,1,4,1,9,1,2,1,1,1,2,1,135,188,27,1,5
OTU_5725,1,1,1,1,1,1,1,1,1,1,1,1,1,1,1,1,1,1,1,1,1,1,1,1,1,1,1,1,1,1,1,1,1,1,1,1,1,1,1,1,1,1,1,1,1,2,1,1,1,1
OTU_5726,1,1,1,1,1,1,1,1,1,1,1,1,1,1,1,1,1,1,1,1,1,1,1,1,1,1,1,1,1,1,1,1,1,1,1,1,1,1,1,1,1,1,1,1,1,1,1,1,1,1
OTU_5727,1,1,1,1,1,1,1,1,1,1,1,1,1,1,1,1,1,1,1,1,1,1,1,1,1,1,1,1,1,1,1,1,1,1,1,1,1,1,1,1,1,1,1,1,1,1,1,1,1,1
OTU_5728,1,1,1,1,1,1,1,1,1,1,1,1,1,1,1,1,1,1,1,1,1,1,1,1,1,1,1,1,1,1,1,1,1,1,1,1,1,1,1,1,1,1,1,1,1,1,1,1,1,1
OTU_5729,1,1,1,1,1,1,1,1,1,1,1,1,1,1,1,1,1,1,1,1,1,1,1,1,1,1,1,1,1,1,1,1,1,1,1,1,1,1,1,1,1,1,1,1,1,1,1,1,1,1
OTU_5730,1,1,1,1,1,1,1,1,1,1,1,1,1,1,1,1,1,1,1,1,1,1,1,16,1,1,1,1,1,1,1,1,1,1,1,1,1,1,1,2,1,1,1,1,1,1,1,65,1,1
OTU_5731,1,27,1,3,18,85,1,68,13,1,1,1,2,1,1,1,1,1,105,193,5,1,1,156,7,1,1,1,1,1,1,6,1,1,1,1,1,1,1,1,1,1,3,3,1,1,22,1,1,1
OTU_5732,1,1,1,1,1,1,1,1,1,1,1,1,1,1,1,1,1,1,1,1,1,2,1,1,1,1,1,1,1,1,1,1,1,1,1,1,1,1,1,1,1,1,1,1,1,1,1,1,1,1
OTU_5733,1,1,1,1,1,1,1,1,1,1,1,1,1,1,1,1,1,1,1,1,1,1,1,1,1,1,1,1,1,1,1,1,1,1,1,1,1,1,1,1,1,1,1,1,1,1,1,1,1,1
OTU_5734,1,1,1,1,1,1,1,1,1,1,1,1,1,1,1,1,1,1,1,1,1,1,1,1,1,1,1,1,1,1,1,1,1,1,1,1,1,1,1,1,1,1,1,1,1,1,1,1,1,1
OTU_5735,1,1,1,1,1,1,1,1,1,1,1,1,1,1,1,1,1,1,1,1,1,1,1,1,1,1,1,1,1,1,1,1,1,1,1,1,1,1,1,1,1,1,1,1,1,1,1,1,1,1
OTU_5736,1,1,1,1,1,1,1,1,1,1,1,1,1,1,1,1,1,1,1,1,1,1,1,1,1,1,1,1,1,1,1,1,1,1,1,1,1,1,1,1,1,1,1,1,1,1,1,1,1,1
OTU_5737,1,1,1,1,1,1,1,1,1,1,1,1,1,1,1,1,1,1,1,1,1,1,1,1,1,1,1,1,1,1,1,1,1,1,1,1,1,1,1,1,1,1,1,1,1,1,1,1,1,1
OTU_5738,1,1,1,1,1,1,1,1,1,1,1,1,1,1,1,1,1,1,1,1,1,1,1,1,1,1,1,1,1,1,1,1,1,1,1,1,1,1,1,1,1,1,1,1,1,1,2,1,1,1
OTU_5739,1,1,1,1,1,1,1,1,1,1,1,1,1,1,1,1,1,1,1,1,1,1,1,1,1,1,1,1,1,1,1,1,1,1,1,1,1,1,1,1,1,1,1,1,1,1,1,1,1,1
OTU_5740,2,1,41,1,1,1,1,10,1,1,16,5,1,1,1,27,51,1,1,1,1,1,1,1,1,1,1,1,22,28,1,1,1,163,1,1,1,1,1,1,1,1,1,6,1,1,38,1,3,10
OTU_5741,1,1,1,1,1,1,1,1,1,1,1,1,1,1,1,1,1,1,1,1,1,1,1,1,1,1,1,1,1,1,1,1,1,1,1,1,1,1,1,1,1,1,1,1,1,1,1,1,1,1
OTU_5742,1,1,1,1,1,1,1,1,1,1,1,1,1,1,1,1,1,1,1,1,1,1,1,1,1,1,1,1,1,1,1,1,1,1,1,1,1,1,1,1,1,1,1,1,1,1,1,1,1,1
OTU_5743,1,1,1,1,1,1,1,1,1,1,1,1,1,1,1,1,1,1,1,1,1,1,1,1,1,1,1,1,1,1,1,1,1,1,1,1,1,1,1,1,1,1,1,3,1,1,1,1,1,1
OTU_5744,1,1,1,1,1,1,1,1,1,1,1,1,1,1,1,1,1,1,1,1,1,1,1,1,1,1,1,1,1,1,1,1,1,1,1,1,1,1,1,1,1,1,1,1,1,1,1,1,1,1
OTU_5745,1,1,4,1,1,1,1,1,1,1,1,1,1,1,1,1,1,1,1,1,1,1,1,1,1,1,1,1,1,1,1,1,19,1,1,1,1,1,1,1,1,1,1,1,1,1,1,1,1,1
OTU_5746,1,1,1,1,1,1,1,1,1,1,1,1,1,1,1,1,1,1,1,1,1,1,1,1,1,1,1,1,1,1,1,1,1,1,1,1,1,1,1,1,1,1,1,1,1,1,1,1,1,1
OTU_5747,1,1,1,1,1,6,1,6,33,1,1,1,1,1,1,5,1,1,1,1,3,1,1,1,4,1,1,1,1,1,5,1,1,1,1,95,3,1,1,8,1,1,1,65,1,1,1,1,1,1
OTU_5748,217,126,1,1,7,2,1,5,40,47,1,69,41,68,27,2,92,1,14,7,14,228,20,1,12,39,80,46,35,36,1,3,16,2,15,25,47,186,4,13,27,33,88,281,58,370,74,126,3,3
OTU_5749,1,1,1,1,1,1,1,1,1,1,1,1,1,1,1,1,1,1,1,1,1,1,1,1,1,1,1,1,1,1,1,1,1,1,1,1,1,1,1,1,1,1,1,1,1,1,1,1,1,1
OTU_5750,1,1,1,1,1,1,1,1,1,1,1,1,1,1,1,1,1,1,1,1,1,1,1,1,1,1,1,1,1,1,1,1,1,1,1,1,1,1,1,1,1,1,1,1,1,1,1,1,1,1
OTU_5751,1,1,1,1,1,1,1,1,1,1,1,1,1,1,1,1,1,1,1,1,1,1,1,1,1,1,1,1,1,1,1,1,1,1,1,1,1,1,1,1,1,1,1,1,1,1,1,1,1,1
OTU_5752,1,1,1,1,1,1,1,1,1,1,1,1,1,1,1,1,1,1,1,1,1,1,1,1,1,1,1,1,1,1,1,1,1,1,1,1,1,1,1,1,1,1,1,1,1,1,1,1,1,1
OTU_5753,1,1,1,1,1,1,1,1,1,1,1,1,1,1,1,1,1,1,1,1,1,1,1,1,1,1,1,1,1,1,1,1,1,1,1,1,1,1,1,1,1,1,1,1,1,1,1,1,1,1
OTU_5754,1,1,1,1,1,1,1,1,1,1,1,1,1,1,1,1,1,1,1,1,1,1,1,1,1,1,1,1,1,1,1,1,1,1,1,1,1,1,1,1,1,1,1,1,1,1,1,1,1,1
OTU_5755,1,1,1,1,1,1,1,1,1,1,1,1,1,1,1,1,1,1,1,1,1,1,1,1,1,1,1,1,1,1,1,1,1,1,1,1,1,1,1,1,1,1,1,1,1,1,1,1,1,1
OTU_5756,1,1,1,1,1,1,1,1,1,1,1,1,1,1,1,1,1,1,1,1,1,1,1,1,1,4,1,1,1,1,1,1,1,1,1,1,1,1,1,1,1,1,1,4,1,126,1,1,1,1
OTU_5757,1,1,1,1,1,1,1,1,1,1,1,1,1,1,1,1,1,1,1,1,1,1,1,1,1,1,1,1,1,1,1,1,1,1,1,1,1,1,1,1,1,1,1,1,1,1,1,1,1,1
OTU_5758,1,1,1,1,1,1,1,1,1,1,1,1,1,1,1,1,1,1,1,1,1,1,1,1,1,1,1,1,1,1,1,1,1,1,1,1,1,1,1,1,1,2,1,1,1,1,1,1,1,1
OTU_5759,1,1,1,1,1,1,1,1,1,1,1,1,1,1,1,1,1,1,1,1,1,1,1,1,1,1,1,1,1,1,1,1,1,1,1,1,1,1,1,1,1,1,1,1,1,1,1,1,1,1
OTU_5760,1,1,1,1,1,12,1,7,1,1,1,1,1,1,1,1,1,1,1,32,1,1,14,1,1,1,1,1,1,1,1,1,1,1,7,1,1,1,1,1,1,1,1,1,1,1,1,1,1,1
OTU_5761,39,1,1,1,195,2,12,63,1,7,2,29,3,2,42,28,1,50,6,11,43,1,2,656,12,1,1,1,166,1,44,251,31,1,1,2,12,8,3,1,378,1,33,1,1,187,50,18,34,24
OTU_5762,1,1,1,1,1,1,1,1,1,1,1,1,1,1,1,1,1,1,1,1,1,1,1,1,1,1,1,1,1,1,1,1,1,1,1,1,1,1,1,1,26,86,1,1,1,1,1,1,1,1
OTU_5763,1,1,1,1,1,1,1,1,1,1,1,1,1,1,1,1,1,1,1,1,1,1,1,1,1,1,1,1,1,1,1,1,1,1,1,1,1,1,1,1,1,1,1,1,1,1,1,1,1,1
OTU_5764,1,1,1,1,1,1,1,1,1,1,1,1,1,1,1,1,1,1,1,1,1,1,1,1,1,1,1,1,1,1,1,1,1,1,1,1,1,1,1,1,1,1,1,1,1,1,1,1,1,1
OTU_5765,1,1,1,1,1,1,1,1,1,1,1,1,1,1,1,1,1,1,1,1,1,1,1,1,1,1,1,1,1,1,1,1,1,1,1,1,1,1,1,1,1,1,1,1,1,1,1,1,1,1
OTU_5766,1,1,1,1,1,1,1,1,1,1,1,1,1,1,1,1,1,1,1,1,1,1,1,1,1,1,1,1,1,1,1,1,1,1,1,1,1,1,1,1,1,1,1,1,1,1,1,1,1,1
OTU_5767,1,1,1,1,1,1,1,1,1,1,1,1,1,1,1,1,1,1,1,1,1,1,1,1,1,1,1,1,1,1,1,1,1,1,1,1,1,1,1,1,1,1,1,1,1,1,1,1,1,1
OTU_5768,1,1,1,1,1,1,1,1,1,1,1,1,1,1,1,1,1,1,1,1,1,1,1,1,1,1,1,1,1,1,1,1,1,1,1,1,1,1,1,1,1,1,1,1,1,1,1,1,1,1
OTU_5769,1,1,1,1,1,1,1,1,1,1,1,1,1,1,1,1,1,1,1,1,1,1,1,1,1,1,1,1,1,1,1,1,1,1,1,1,1,1,1,1,1,1,1,1,1,1,1,1,1,1
OTU_5770,1,1,1,1,1,1,1,1,1,1,1,1,1,1,1,1,1,1,1,1,1,1,1,1,1,1,1,1,1,1,1,1,1,1,1,1,1,1,1,1,1,1,1,1,1,1,1,1,1,1
OTU_5771,1,1,1,1,1,1,1,1,1,1,1,1,1,1,1,1,1,1,1,1,1,1,1,1,1,1,1,1,1,1,1,1,1,1,1,1,1,1,1,1,1,1,1,1,1,1,1,1,1,1
OTU_5772,1,1,1,1,1,1,1,1,1,1,1,1,1,1,1,1,1,1,1,1,1,1,1,1,1,1,1,1,1,1,1,1,1,1,1,1,1,1,1,1,1,1,1,1,1,1,1,1,1,1
OTU_5773,1,4,3,1,81,1,6,1,53,12,1,1,1,2,29,46,1,6,1,1,4,1,1,11,1,14,2,1,1,25,22,1,2,5,59,1,1,2,112,159,1,2,91,104,103,1,291,133,46,27
OTU_5774,1,1,1,1,1,1,1,1,1,1,1,1,1,1,1,1,1,1,1,1,1,1,1,1,1,1,1,1,1,1,1,1,1,1,1,1,1,1,1,1,1,1,1,1,1,1,1,1,1,1
OTU_5775,1,1,1,1,1,1,1,1,1,1,1,1,1,1,1,1,1,1,1,1,1,1,1,1,1,1,1,1,1,1,1,1,1,1,1,1,1,1,1,1,1,1,1,1,1,1,1,1,1,1
OTU_5776,1,1,1,1,1,20,1,1,1,1,1,1,1,1,1,1,1,1,1,1,1,1,1,1,1,1,1,1,1,1,1,1,1,1,1,1,1,2,1,1,1,1,1,1,1,1,1,1,1,1
OTU_5777,1,1,1,1,1,1,1,1,1,1,1,1,1,1,1,1,1,1,1,1,1,1,1,1,1,1,1,1,1,1,1,1,1,1,1,1,1,1,1,1,1,1,1,1,1,1,1,1,1,1
OTU_5778,1,1,2,1,41,1,1,1,1,1,32,1,1,1,1,1,1,1,1,1,1,1,1,1,1,2,1,1,1,1,1,1,1,1,1,1,1,17,1,3,1,80,1,1,1,1,1,1,1,2
OTU_5779,29,1,91,1,1,2,2,101,32,7,46,10,1,104,6,2,1,1,1,1,1,1,2,6,1,2,1,5,1,180,4,1,3,1,1,124,33,3,1,1,258,1,4,106,4,20,1,4,2,1
OTU_5780,1,1,1,1,1,1,1,1,1,1,1,1,1,1,1,1,6,1,1,1,1,1,1,1,1,1,10,1,1,1,1,2,1,1,1,1,1,1,1,59,1,5,1,1,1,1,1,1,1,1
OTU_5781,1,1,1,1,1,1,1,1,1,1,1,1,1,1,1,1,1,1,1,1,1,1,1,1,1,1,1,1,1,1,1,1,1,1,1,1,1,1,1,1,1,1,1,1,1,1,1,1,1,1
OTU_5782,4,2,1,1,1,1,4,1,8,1,5,1,1,25,1,27,1,16,1,1,9,1,1,1,5,1,7,1,1,1,2,1,24,1,1,15,9,1,1,1,65,1,1,1,1,1,1,25,5,1
OTU_5783,888,244,242,713,399,72,47,378,238,163,149,230,422,381,570,732,115,452,545,506,434,759,299,331,225,187,82,398,922,111,261,340,236,198,488,89,457,353,197,263,177,69,322,221,240,193,416,47,366,77
OTU_5784,1,1,1,1,1,1,1,1,1,1,1,1,1,1,1,1,1,1,1,1,1,1,1,1,1,1,1,1,1,1,1,1,1,1,1,1,1,1,1,1,1,1,1,1,1,1,1,1,1,1
OTU_5785,1,1,1,1,1,1,1,1,1,1,1,1,1,1,1,1,1,1,1,1,1,1,1,1,1,1,1,1,1,1,1,1,1,1,1,1,1,1,1,1,1,1,1,1,1,1,1,1,1,1
OTU_5786,1,1,1,1,1,1,1,1,1,1,1,1,1,1,1,1,1,1,1,1,1,1,1,1,1,1,1,1,1,1,1,1,1,1,1,1,1,1,1,1,1,1,2,1,1,1,1,1,1,1
OTU_5787,1,1,1,1,1,1,1,1,1,1,1,1,1,1,1,1,1,1,1,1,1,1,1,1,1,1,1,1,1,1,1,1,1,1,1,1,1,1,1,1,1,1,1,1,1,1,1,1,1,1
OTU_5788,69,149,49,154,170,86,413,157,17,20,8,117,86,206,61,39,40,58,175,77,118,170,140,2,119,40,114,15,304,563,173,127,163,21,294,210,207,127,292,85,29,17,147,22,7,26,141,80,23,9
OTU_5789,1,1,1,1,1,1,1,1,1,1,1,1,1,1,1,1,1,1,1,1,1,1,1,1,1,1,1,1,1,1,1,1,1,1,1,1,1,1,1,1,1,1,1,1,1,1,1,1,1,1
OTU_5790,1,1,1,1,1,1,1,1,1,1,1,1,1,2,1,1,1,1,1,1,1,1,1,1,1,75,1,1,1,1,1,1,1,1,1,1,1,1,1,1,1,1,1,1,1,1,1,1,1,1
OTU_5791,1,1,1,1,1,1,1,1,1,1,1,1,1,1,1,1,1,1,1,1,1,1,1,1,1,1,1,1,1,1,1,1,1,1,1,1,1,1,1,1,1,1,1,1,1,1,1,1,1,1
OTU_5792,1,1,1,1,1,1,1,1,1,1,1,1,1,1,1,1,1,1,1,1,1,1,1,1,1,1,1,1,1,1,1,1,1,1,1,1,1,1,1,1,1,1,1,1,1,1,1,1,1,1
OTU_5793,1,1,1,1,1,1,1,1,1,1,1,1,1,1,1,1,1,1,1,1,1,1,1,1,1,1,1,1,1,1,1,1,1,1,1,1,1,1,1,1,1,1,1,1,1,1,1,1,1,1
OTU_5794,251,87,317,294,124,165,121,44,34,19,67,82,242,11,287,154,94,375,60,6,45,186,195,73,113,107,171,181,26,409,82,310,167,146,53,2,251,33,322,164,106,8,15,81,68,654,504,68,45,102
OTU_5795,1,1,1,1,1,1,1,1,1,1,1,1,1,1,1,1,1,1,1,1,1,1,1,1,1,1,1,1,1,1,1,1,1,1,1,1,1,1,1,1,1,1,1,1,1,1,1,1,1,1
OTU_5796,1,1,1,1,1,1,1,1,1,1,1,1,1,1,1,1,1,1,1,1,1,1,1,1,1,1,1,1,1,1,1,1,1,1,1,1,1,1,1,1,1,1,1,1,1,1,1,1,1,1
OTU_5797,1,1,1,1,1,1,1,1,1,1,1,1,1,1,1,1,1,1,1,1,1,1,1,1,1,1,1,1,1,1,1,1,1,1,1,1,1,1,1,1,1,1,1,1,1,1,1,1,1,1
OTU_5798,1,1,1,1,1,1,1,1,1,1,1,1,1,1,1,1,1,1,1,1,1,1,1,1,1,1,1,1,1,1,1,1,1,1,1,1,1,1,1,1,1,1,1,1,1,1,1,1,1,1
OTU_5799,231,57,37,52,32,95,1,11,133,11,10,33,97,21,153,6,183,1,31,49,59,100,1,1,82,222,72,19,9,21,1,20,5,494,89,121,59,508,14,152,110,76,25,2,1,31,275,2,1,300
OTU_5800,1,1,1,1,1,1,1,1,1,1,1,1,1,1,1,1,1,1,1,1,1,1,1,1,1,1,1,1,1,1,1,1,1,1,1,1,1,1,1,1,1,1,1,1,1,1,1,1,1,1
OTU_5801,1,1,9,1,1,11,2,4,1,3,1,1,1,1,1,8,2,1,216,2,80,1,1,1,1,1,1,1,1,1,1,1,1,1,10,1,1,21,1,1,2,1,1,1,3,1,1,2,1,1
OTU_5802,1,1,1,1,1,1,1,1,1,1,1,1,1,1,1,1,1,1,1,1,1,1,1,1,1,1,1,1,1,1,1,1,1,1,1,1,1,1,1,1,1,1,1,1,1,1,1,1,1,1
OTU_5803,1,1,1,1,1,1,1,1,1,1,1,2,1,1,1,1,1,1,1,1,1,1,1,1,1,1,1,1,1,1,1,1,1,1,1,1,1,1,1,1,1,1,1,1,1,1,1,1,1,1
OTU_5804,1,1,1,1,1,1,1,1,1,1,1,1,1,1,1,1,1,1,1,1,1,1,1,1,1,1,1,1,1,1,1,1,1,1,1,1,1,1,1,1,1,1,1,1,1,1,1,1,1,1
OTU_5805,1,1,1,1,2,1,1,1,1,1,1,1,1,58,1,1,1,1,1,1,1,1,1,1,1,1,1,1,1,1,1,1,1,1,1,1,1,1,18,1,1,1,1,1,1,1,1,1,1,1
OTU_5806,1,1,1,1,1,1,1,1,1,1,1,1,1,1,1,1,1,1,1,1,1,1,1,1,1,1,1,1,1,1,1,1,1,1,1,1,1,1,1,1,1,1,1,1,1,1,1,1,1,1
OTU_5807,1,1,1,1,1,1,1,1,1,1,1,1,1,1,2,1,1,1,1,1,1,1,1,1,113,1,1,1,1,1,1,1,1,1,1,1,1,1,1,1,1,1,1,1,1,12,1,1,1,1
OTU_5808,1,1,1,1,1,1,1,1,1,1,1,1,1,1,1,1,1,1,1,1,1,1,1,1,1,1,1,1,1,1,1,1,1,1,1,1,1,1,1,1,1,1,1,1,1,1,1,1,1,1
OTU_5809,1,1,1,1,1,1,1,1,1,1,1,1,1,1,1,1,1,1,1,1,1,1,1,1,1,1,1,1,1,1,1,1,1,1,1,1,1,1,1,1,1,1,1,1,1,1,1,1,1,1
OTU_5810,14,16,15,337,2,94,1,167,311,266,88,1,129,23,80,23,29,12,40,117,224,4,67,3,30,2,1,39,41,17,19,6,250,1,1,16,247,12,38,8,1,1,5,6,31,1,157,91,2,1
OTU_5811,1,1,1,1,1,1,1,1,1,1,1,1,1,1,1,1,1,1,1,1,1,1,1,1,1,1,1,1,1,1,1,1,1,1,1,1,1,1,1,1,1,1,1,1,1,1,1,1,1,1
OTU_5812,1,1,1,1,1,1,1,1,1,1,1,1,1,1,1,1,1,1,1,1,1,1,1,1,1,1,1,1,1,1,1,1,1,1,1,1,1,1,1,1,1,1,1,1,1,1,1,1,1,1
OTU_5813,1,1,1,1,1,1,1,1,1,1,1,1,1,1,1,1,1,1,1,1,1,1,1,1,1,1,1,1,1,1,1,1,1,1,1,1,1,1,1,1,1,1,1,1,1,1,1,1,1,1
OTU_5814,1,1,1,1,1,1,1,1,1,1,1,1,1,1,1,1,1,1,1,1,1,1,1,1,1,1,1,1,1,1,1,1,1,1,1,1,1,1,1,1,1,1,1,1,1,1,1,1,1,1
OTU_5815,1,1,1,1,1,1,1,1,1,1,1,1,1,1,1,1,1,1,1,1,1,1,1,1,1,1,1,1,1,1,1,1,1,1,1,1,1,1,1,1,1,1,1,1,1,1,1,1,1,1
OTU_5816,1,20,1,1,1,2,9,200,30,1,1,25,1,16,9,1,146,1,4,55,88,33,1,1,1,1,1,1,1,4,1,2,2,140,87,12,112,1,1,1,1,1,6,73,1,87,75,208,17,4
OTU_5817,1,1,1,1,1,1,1,1,1,1,1,1,78,1,1,1,1,1,1,1,1,1,1,1,1,1,1,1,1,1,1,1,1,1,1,1,1,1,1,1,1,1,1,1,1,1,1,1,1,1
OTU_5818,1,1,1,1,1,1,1,1,1,1,1,1,1,1,1,1,1,1,1,1,1,1,1,1,1,1,1,1,1,1,1,1,1,1,1,1,1,1,1,1,1,1,1,1,1,1,1,1,1,1
OTU_5819,1,1,1,1,1,1,1,1,1,1,1,1,1,1,1,1,1,1,1,1,1,1,1,1,1,1,1,1,1,1,1,1,1,1,1,1,1,1,1,1,1,1,1,1,1,1,1,1,1,1
OTU_5820,1,1,1,1,1,1,1,1,1,1,1,1,1,1,1,1,1,1,1,1,1,1,1,1,1,1,1,1,1,1,1,1,1,1,1,1,1,1,1,1,1,1,1,1,1,1,1,1,1,1
OTU_5821,1,1,1,1,1,1,1,1,1,1,1,1,1,1,1,1,1,1,1,1,1,1,1,1,1,1,1,1,1,1,1,1,1,1,1,1,1,1,1,1,1,1,1,1,1,1,1,1,1,1
OTU_5822,1,1,1,1,1,1,1,2,1,1,1,1,1,1,1,1,1,8,1,1,1,2,31,1,1,35,1,1,4,1,1,1,1,1,1,8,1,81,1,1,1,1,2,1,1,1,2,1,5,1
OTU_5823,1,1,1,1,1,1,1,1,1,1,1,1,1,1,1,1,1,1,1,1,1,1,1,1,1,1,1,1,1,1,1,1,1,1,1,1,1,1,1,1,1,1,1,1,1,1,1,1,1,1
OTU_5824,8,13,56,89,82,407,62,125,212,141,92,27,15,232,2,147,107,113,63,25,77,247,182,139,51,6,2,24,11,92,19,19,18,4,14,145,43,1,27,16,34,91,3,6,100,9,1,72,87,104
OTU_5825,1,1,1,1,1,1,1,1,1,1,1,1,1,4,1,1,1,1,1,27,1,1,1,1,1,1,1,1,1,1,1,1,1,1,1,37,1,1,1,1,1,1,1,1,1,1,1,1,1,1
OTU_5826,1,1,1,1,1,1,1,31,1,1,1,1,1,1,1,1,1,1,1,1,1,1,1,1,1,1,1,1,1,1,1,1,1,1,18,1,1,1,1,1,1,1,1,1,1,1,1,1,1,1
OTU_5827,1,1,1,1,1,1,1,1,1,1,1,1,3,1,1,9,1,1,1,1,1,1,1,6,1,1,1,1,1,1,1,3,1,1,1,1,1,1,58,1,1,3,1,1,1,1,1,1,8,1
OTU_5828,1,1,1,1,1,1,1,1,1,1,1,1,1,1,1,1,1,1,1,1,1,1,1,1,1,1,1,1,1,1,1,1,1,1,1,1,1,1,1,1,1,1,1,1,1,1,1,1,1,1
OTU_5829,1,1,1,1,1,1,1,1,1,45,1,1,1,1,1,1,6,1,1,1,1,1,1,1,1,1,1,1,1,104,1,1,1,1,1,1,1,1,1,8,1,1,1,1,1,1,1,1,1,3
OTU_5830,1,1,1,1,1,6,1,6,1,1,1,1,1,1,1,1,1,1,1,1,1,1,1,1,1,1,1,1,1,1,1,1,1,1,1,1,1,1,10,1,1,1,1,1,1,1,1,1,4,1
OTU_5831,1040,406,671,484,215,279,244,421,413,455,438,291,306,271,665,604,1328,774,584,277,164,684,739,349,1010,329,604,1300,697,250,292,781,212,562,152,332,430,874,783,123,1181,362,122,356,278,215,495,801,181,331
OTU_5832,75,2,22,7,172,1,6,8,1,31,2,11,1,1,1,1,7,6,1,5,1,1,1,28,14,3,2,39,14,1,29,1,1,4,8,5,3,179,114,54,1,1,1,6,1,1,357,1,8,45
OTU_5833,1,1,6,1,1,2,8,1,1,1,1,86,1,7,1,1,1,1,1,1,4,1,4,1,1,33,1,1,1,1,1,1,1,1,1,1,1,1,1,1,1,1,6,1,1,2,4,4,1,1
OTU_5834,1,1,1,1,1,1,1,1,1,1,1,1,1,1,1,1,1,1,1,1,1,1,1,1,1,1,498,1,1,30,1,2,1,1,1,1,1,1,1,1,1,1,1,1,4,1,1,3,49,1
OTU_5835,1,1,1,1,1,1,1,1,1,1,1,1,1,1,1,1,1,1,1,1,1,1,1,1,1,1,1,1,1,1,1,1,1,1,1,1,1,1,1,1,1,1,1,1,1,1,1,1,1,1
OTU_5836,1,1,1,1,1,1,1,1,1,1,1,1,1,1,1,1,1,1,1,1,1,1,1,1,1,1,1,1,1,1,1,1,1,1,1,1,1,1,1,1,1,1,1,1,1,1,1,1,1,1
OTU_5837,1,1,1,1,1,1,1,1,1,1,1,1,1,1,1,1,1,1,1,1,1,1,1,1,1,1,1,1,1,1,1,1,1,1,1,1,1,1,1,1,1,1,1,1,1,1,1,1,1,1
OTU_5838,1,1,1,1,1,1,1,1,1,1,1,1,1,1,1,1,1,1,1,1,1,1,1,1,1,1,1,1,1,1,1,1,1,1,1,1,1,1,1,1,1,1,1,1,1,1,1,1,1,1
OTU_5839,1,1,1,1,1,1,1,1,1,1,1,1,1,1,1,1,1,1,1,1,1,1,1,1,1,1,1,1,1,1,1,1,1,1,1,1,1,1,1,1,1,1,1,1,1,1,1,1,1,1
OTU_5840,1,1,1,1,1,1,1,1,1,1,1,1,1,1,1,1,1,1,1,1,1,1,1,1,1,1,1,1,1,1,1,1,1,1,1,1,1,1,1,1,1,1,1,1,1,1,1,1,1,1
OTU_5841,1,1,79,7,332,1,1,7,90,1,4,9,42,2,134,46,50,12,2,1,166,3,53,1,11,4,4,81,1,44,199,1,50,4,2,1,1,21,1,2,44,1,27,6,119,134,3,30,87,118
OTU_5842,3,118,9,360,46,7,8,40,63,103,13,20,41,197,5,19,41,18,8,10,30,43,136,7,145,5,12,188,33,114,260,14,5,2,58,33,49,10,95,186,26,21,116,191,89,19,42,7,9,36
OTU_5843,1,1,1,1,1,1,1,1,1,1,1,1,1,1,1,1,1,1,1,1,1,1,1,1,1,1,1,1,1,1,1,1,1,1,1,1,1,1,1,1,1,1,1,1,1,1,1,1,1,1
OTU_5844,1,1,1,1,1,1,1,1,1,1,1,1,1,1,1,1,1,1,1,1,1,1,1,1,1,1,1,1,1,1,1,1,1,1,1,1,1,1,1,1,1,1,1,1,1,1,1,1,1,1
OTU_5845,1,1,1,1,1,2,1,1,1,1,1,1,1,1,1,1,1,1,1,1,1,1,1,1,1,1,1,1,1,1,1,1,1,1,1,1,1,1,1,1,1,1,1,1,1,1,1,1,1,1
OTU_5846,1,1,1,1,1,1,1,1,1,1,1,1,1,1,1,1,1,1,1,1,1,1,1,1,1,1,1,1,1,1,1,1,1,1,1,1,1,1,1,1,1,1,1,1,1,1,1,1,1,1
OTU_5847,1,1,1,1,1,1,1,1,1,1,1,1,1,1,1,1,1,1,1,1,1,1,1,1,1,1,1,2,1,1,1,1,1,1,1,1,1,1,1,1,1,1,1,1,1,1,1,1,1,1
OTU_5848,1,1,1,1,1,1,1,1,1,1,1,1,1,1,1,1,1,1,1,1,1,1,1,1,1,1,45,1,1,1,1,1,2,1,1,1,32,1,1,1,1,1,1,1,1,1,1,1,1,1
OTU_5849,1,1,1,1,1,1,1,1,1,1,1,1,1,1,1,1,1,1,1,1,1,1,1,1,1,1,1,1,1,1,1,1,1,1,1,1,1,1,1,1,1,1,1,1,1,1,1,1,1,1
OTU_5850,1,1,1,1,1,1,1,1,1,1,1,1,1,1,1,1,1,1,1,1,1,1,1,1,1,1,1,1,1,1,1,1,1,1,1,1,1,1,1,1,1,1,1,1,1,1,1,1,1,1
OTU_5851,1,1,1,1,1,1,1,1,1,1,1,1,1,1,1,1,1,1,1,1,1,1,1,1,1,1,1,1,1,1,1,1,1,1,1,1,1,1,1,1,1,1,1,1,1,1,1,1,1,1
OTU_5852,1,1,1,1,1,1,1,1,1,1,1,1,5,1,1,1,1,1,1,1,1,1,1,1,1,1,1,1,1,1,1,1,1,1,1,1,1,1,1,1,1,1,1,1,1,1,1,1,1,1
OTU_5853,1,1,1,1,1,1,1,1,1,1,1,1,1,1,1,1,1,1,1,1,1,1,1,1,1,1,1,1,1,1,1,1,1,1,1,1,1,1,1,1,1,1,1,1,1,1,1,1,1,1
OTU_5854,1,1,1,1,1,1,1,1,1,1,1,1,1,1,1,1,1,1,1,1,1,1,1,1,1,1,1,1,1,1,1,1,1,1,1,1,1,1,1,1,1,1,1,1,1,1,1,1,1,1
OTU_5855,1,1,1,1,1,1,1,1,1,1,1,1,1,1,1,1,1,1,3,1,1,1,1,1,1,1,1,1,1,1,1,1,1,1,1,1,1,1,1,1,1,1,1,1,1,1,1,1,1,1
OTU_5856,175,199,564,292,135,448,475,272,414,286,1025,100,754,396,75,201,714,165,216,568,1314,123,37,241,148,240,281,89,99,397,277,263,173,662,667,163,105,144,233,264,189,51,655,261,84,414,615,325,115,155
OTU_5857,1,1,1,1,1,1,1,1,1,1,1,1,1,1,1,1,1,1,1,1,1,1,1,1,1,1,1,1,1,1,1,1,1,1,1,1,1,1,1,1,1,1,1,1,1,1,1,1,1,1
OTU_5858,1,1,1,1,1,1,1,1,1,1,1,25,7,1,83,1,19,1,13,2,1,50,1,64,14,1,1,3,23,1,1,5,1,1,1,2,1,1,1,1,23,3,1,1,1,1,1,1,1,1
OTU_5859,9,1,60,459,10,2,1,43,4,100,36,89,64,1,61,43,2,1,5,5,25,3,20,20,2,1,169,112,85,2,53,49,22,325,6,116,49,1,1,31,175,352,6,64,2,217,1,57,1,1
OTU_5860,1,1,1,1,1,1,1,1,1,1,1,1,1,1,1,1,1,1,1,1,1,1,1,1,1,1,1,1,1,1,1,1,1,1,1,1,1,1,1,1,1,1,1,1,1,1,1,1,1,1
OTU_5861,1,1,1,1,1,1,1,1,1,1,1,1,1,1,1,1,1,1,1,1,1,1,1,1,1,1,1,1,1,1,1,1,1,1,1,1,1,1,1,1,1,1,1,1,1,1,1,1,1,1
OTU_5862,133,50,29,131,53,160,243,16,182,18,129,18,395,30,2,86,60,666,106,46,42,11,361,22,37,73,32,35,74,30,22,54,117,1,3,3,160,4,86,50,175,40,200,6,78,28,1,68,236,34
OTU_5863,1,39,1,1,1,6,1,1,1,1,57,1,1,1,1,47,1,1,1,1,1,1,5,113,1,1,1,10,1,1,1,1,1,2,8,1,1,10,1,1,1,1,1,1,6,1,1,1,2,1
OTU_5864,1,1,1,1,1,1,1,1,1,1,1,1,1,1,1,1,1,1,1,1,1,1,1,1,1,1,1,1,1,1,1,1,2,1,1,1,1,1,1,1,1,1,1,1,1,1,11,1,1,1
OTU_5865,156,91,9,206,29,39,116,15,342,89,54,163,74,69,47,58,212,2,79,64,150,103,157,152,46,81,195,60,9,155,37,128,119,5,239,136,28,5,253,269,308,88,21,43,25,135,264,33,94,41
OTU_5866,1,1,1,1,1,1,1,1,1,1,1,1,1,1,1,1,1,1,1,1,2,1,1,1,1,1,1,1,1,1,1,1,1,1,1,1,1,1,1,1,1,1,1,1,1,1,1,1,1,1
OTU_5867,73,4,1,192,31,2,4,1,2,15,16,35,66,187,100,1,293,53,1,1,200,296,23,568,176,6,69,1,80,6,68,1,33,47,69,2,27,3,16,26,30,2,1,3,11,7,82,1,2,11
OTU_5868,1,1,1,1,1,1,1,1,1,1,1,1,1,1,1,1,1,1,1,1,1,1,1,1,1,1,1,1,1,1,1,1,1,1,1,1,1,1,1,1,1,1,1,1,1,1,1,1,1,1
OTU_5869,1,1,1,1,1,1,1,1,1,1,1,1,1,1,1,1,1,1,1,1,1,1,1,1,1,1,1,1,1,1,1,1,1,1,1,1,1,1,1,1,1,1,1,1,1,1,1,1,1,1
OTU_5870,1,1,1,1,1,1,1,1,1,1,1,1,1,10,1,1,1,1,1,1,1,1,1,1,1,1,1,1,1,1,1,1,1,1,1,1,1,1,1,1,1,1,1,1,1,1,1,1,1,1
OTU_5871,1,1,1,1,1,1,1,1,1,1,1,1,1,1,1,1,1,1,1,1,1,1,1,1,1,1,1,1,1,1,1,1,1,1,1,1,1,1,1,1,1,1,1,1,1,1,1,1,1,1
OTU_5872,1,1,1,1,1,1,1,45,1,1,1,1,1,33,1,1,1,1,2,1,1,1,1,1,1,1,1,183,1,1,1,1,1,1,1,1,1,1,2,1,1,1,1,1,130,3,1,1,1,1
OTU_5873,1,1,1,1,1,1,1,1,1,1,1,1,1,1,1,1,1,1,1,1,1,1,1,1,1,1,1,1,1,1,1,1,1,1,1,1,1,1,1,1,1,1,1,1,1,1,1,1,1,1
OTU_5874,57,146,74,31,207,184,3,109,46,129,55,87,467,71,168,9,131,119,270,32,341,143,67,127,50,95,1,176,180,8,28,66,156,57,35,267,42,278,328,147,159,49,66,522,433,163,168,31,100,13
OTU_5875,1,1,1,1,1,1,1,1,18,1,1,2,1,1,1,1,1,1,1,1,1,1,1,1,1,1,1,1,1,3,1,5,1,1,1,1,1,1,1,1,1,1,1,1,1,1,1,1,1,1
OTU_5876,1,1,1,1,1,1,1,1,1,1,1,1,1,1,1,1,1,1,1,1,1,1,1,1,1,1,1,1,1,1,1,1,1,1,1,1,1,1,1,1,1,1,1,1,1,1,1,1,1,1
OTU_5877,2,56,20,3,1,1,2,1,1,1,1,5,72,1,1,1,1,1,3,1,30,76,1,22,9,5,1,8,4,1,1,6,1,1,1,1,1,1,2,1,2,1,1,1,1,1,1,1,1,1
OTU_5878,3,1,20,139,1,1,7,60,2,9,58,1,27,2,1,1,11,4,13,60,1,8,1,8,2,1,7,10,85,1,11,85,21,1,1,6,7,4,4,25,1,1,9,363,186,1,111,15,5,59
OTU_5879,104,329,168,199,89,120,84,11,49,21,44,55,388,34,1,8,18,123,194,116,95,101,215,244,165,284,107,15,193,586,15,116,63,60,87,702,103,16,87,317,326,69,140,69,273,33,55,217,39,118
OTU_5880,1,1,1,1,1,1,1,1,1,1,1,1,1,1,1,1,1,1,1,1,1,1,1,1,1,1,1,1,1,1,1,1,1,1,1,1,1,1,1,1,1,1,1,1,1,1,1,1,1,1
OTU_5881,1,1,1,1,1,1,1,1,1,1,1,1,1,1,1,1,1,1,1,1,1,1,1,1,1,1,1,1,1,1,1,1,1,1,1,1,1,1,1,1,1,1,1,1,1,1,1,1,1,1
OTU_5882,1,1,1,1,1,1,1,1,1,1,1,1,1,1,1,1,1,1,1,1,1,1,1,1,1,1,1,1,1,1,1,1,1,1,1,1,1,1,1,1,1,1,1,1,1,1,1,1,1,1
OTU_5883,1,1,8,1,2,4,245,1,1,1,1,1,1,55,1,1,1,1,1,2,1,40,11,1,1,93,1,1,1,1,1,108,48,2,1,1,25,1,1,94,7,1,6,1,1,375,2,119,1,1
OTU_5884,1,1,1,1,1,1,1,1,84,1,1,1,1,1,1,28,1,1,1,1,8,1,1,1,1,1,1,1,20,3,1,1,4,42,25,19,1,4,4,15,1,206,1,1,1,2,1,1,1,1
OTU_5885,1,1,1,1,1,1,1,9,1,1,1,15,1,1,1,1,1,1,1,1,1,1,1,1,1,1,1,1,1,1,1,1,1,1,1,1,1,1,1,1,1,1,1,1,6,4,1,1,1,1
OTU_5886,1,1,14,7,1,1,1,1,2,1,1,1,1,2,3,1,1,1,1,1,1,1,1,1,1,1,1,1,1,258,126,13,1,1,3,248,1,1,1,1,1,1,14,3,29,1,1,1,1,1
OTU_5887,1,1,1,1,1,1,1,1,1,1,1,1,1,1,1,1,1,1,1,1,1,1,1,1,1,1,1,1,1,1,1,1,1,1,1,1,1,1,1,1,1,1,1,1,1,1,1,1,1,1
OTU_5888,1,1,1,1,1,1,1,1,1,1,1,1,1,1,1,1,1,1,1,1,1,1,1,1,1,1,1,1,1,1,1,1,1,1,1,1,1,1,1,1,1,1,1,1,1,1,1,1,1,1
OTU_5889,1,1,1,1,1,1,1,1,1,1,1,1,1,1,1,1,1,1,1,1,1,1,1,1,1,1,1,1,1,1,1,1,1,1,1,1,1,1,1,1,1,1,1,1,1,1,1,1,1,1
OTU_5890,1,1,1,1,1,1,1,1,1,1,1,1,1,1,1,1,1,1,1,1,1,1,1,1,1,1,1,1,1,1,1,1,1,1,1,1,1,1,1,1,1,1,1,1,1,1,1,1,1,1
OTU_5891,1,1,1,1,1,1,1,1,1,1,1,14,2,1,1,15,1,1,1,1,1,1,1,1,1,1,1,1,1,1,1,1,1,1,1,1,1,1,6,1,1,1,1,2,1,1,58,1,33,1
OTU_5892,1,1,1,1,1,1,1,1,1,1,1,1,1,1,1,1,1,1,1,1,1,1,1,1,1,1,1,1,1,1,1,1,1,1,1,1,1,1,1,1,1,1,1,1,1,1,1,1,1,1
OTU_5893,1,2,1,1,7,5,1,1,1,1,3,1,1,1,1,80,1,1,1,1,1,1,1,1,1,1,178,1,1,1,3,32,1,1,1,1,1,1,2,1,1,1,1,1,1,1,1,1,1,1
OTU_5894,1,1,1,1,1,1,1,1,1,1,1,1,1,1,1,1,1,1,1,1,1,1,1,1,1,1,1,1,1,1,1,1,1,1,1,1,1,1,1,1,1,1,1,1,1,1,1,1,2,1
OTU_5895,1,1,1,1,1,1,1,1,1,1,1,1,1,1,1,1,1,1,1,1,1,1,1,1,1,1,1,1,1,1,1,1,1,1,1,1,1,1,1,1,1,1,1,1,1,1,1,1,1,1
OTU_5896,1,1,3,1,1,1,1,1,1,1,1,1,1,1,2,1,1,1,1,1,1,1,1,1,1,1,1,1,1,1,2,1,1,1,1,1,1,1,1,1,2,1,1,1,1,1,1,1,1,1
OTU_5897,1,1,1,1,1,1,1,1,1,1,1,1,1,1,1,1,1,1,1,1,1,1,1,1,1,1,1,1,1,1,1,1,1,1,1,1,1,1,1,1,1,1,1,1,1,1,1,1,1,1
OTU_5898,1,1,1,1,1,1,1,1,1,1,1,1,1,1,1,1,1,1,1,1,1,1,1,1,1,1,1,1,1,1,1,1,1,1,1,1,1,1,1,1,1,1,1,1,1,1,1,1,1,1
OTU_5899,1,1,1,1,1,1,1,1,1,1,1,1,1,1,1,1,1,1,1,1,1,1,1,1,1,1,1,1,1,1,1,1,1,1,1,1,1,1,1,1,1,1,1,1,1,1,1,1,1,1
OTU_5900,1,1,1,1,1,1,1,1,1,1,1,1,1,1,1,1,1,1,1,1,1,1,1,1,1,1,1,1,1,1,1,1,1,1,1,1,1,1,1,1,1,1,1,1,1,1,1,1,1,1
OTU_5901,1,1,1,1,1,1,1,1,1,1,1,1,1,1,1,1,1,1,1,1,1,1,1,1,1,1,1,1,1,1,1,1,1,1,1,1,1,1,1,1,1,1,1,1,1,1,1,1,1,1
OTU_5902,103,56,1,19,20,52,35,41,63,24,109,482,67,61,20,74,119,76,226,2,18,137,1,60,42,7,159,6,120,163,18,21,4,47,25,29,15,12,4,1,144,8,120,7,3,31,87,96,100,9
OTU_5903,1,1,1,1,1,1,1,1,1,1,1,1,1,1,1,1,1,1,1,1,1,1,1,1,1,1,1,1,1,1,1,1,1,1,1,1,1,1,1,1,1,1,1,1,1,2,1,1,1,1
OTU_5904,1,1,1,1,1,1,1,1,1,1,1,1,1,1,1,1,1,1,1,1,1,1,1,1,1,1,1,1,1,1,1,1,1,1,1,1,1,1,1,1,1,1,1,1,1,1,1,1,1,1
OTU_5905,1,1,1,1,1,1,1,1,1,1,1,1,1,1,1,1,1,1,1,1,1,1,1,1,1,1,1,1,1,1,1,1,2,1,1,1,1,1,1,1,1,1,1,1,1,1,1,1,1,1
OTU_5906,1,1,1,1,1,1,1,1,1,1,1,1,1,1,1,1,1,1,1,1,1,1,1,1,1,1,1,1,1,1,1,1,1,1,1,1,1,1,1,1,1,1,1,1,1,1,1,1,1,1
OTU_5907,1,1,1,1,1,1,1,1,1,1,1,1,1,1,1,1,1,1,1,1,1,1,1,1,1,1,1,1,1,1,1,1,1,1,1,1,1,1,1,1,1,1,1,1,1,1,1,1,1,1
OTU_5908,1,1,1,1,1,1,1,1,1,1,1,1,1,1,1,1,1,1,1,1,1,1,1,1,1,1,1,1,1,1,1,1,1,1,1,1,1,1,1,1,1,1,1,1,1,1,1,1,1,1
OTU_5909,1,20,1,1,1,1,1,1,1,1,1,1,1,2,1,1,1,12,1,1,1,1,1,1,3,1,1,1,1,1,1,1,1,50,1,1,263,1,1,1,1,1,1,8,1,69,1,12,1,1
OTU_5910,1,1,1,1,1,1,1,1,1,1,1,1,1,1,1,1,1,1,1,1,1,1,1,1,1,1,1,1,1,1,1,1,1,1,1,1,1,1,1,1,1,1,1,1,1,1,1,1,1,1
OTU_5911,1,1,1,1,1,1,1,1,1,1,1,1,1,1,1,1,1,1,1,1,1,1,1,1,1,1,1,1,1,1,1,1,1,1,1,1,1,1,1,1,1,1,1,1,1,1,1,1,1,1
OTU_5912,3,2,1,5,1,1,1,71,1,43,5,1,1,1,1,1,1,1,32,1,1,1,1,1,1,2,48,1,1,1,1,1,66,1,2,1,1,1,1,1,1,1,2,1,1,1,1,1,1,1
OTU_5913,1,1,1,1,1,1,1,1,1,1,1,1,1,1,1,1,1,1,1,1,1,1,1,1,1,1,1,1,1,1,1,1,1,1,1,1,1,1,1,1,1,1,1,1,1,1,1,1,1,1
OTU_5914,1,1,1,1,1,1,1,1,1,1,1,1,1,1,1,1,1,1,1,1,1,1,1,1,1,1,1,1,1,1,1,1,1,1,1,1,1,1,1,1,1,1,1,1,1,1,1,1,1,1
OTU_5915,225,29,23,9,20,55,69,41,110,170,144,52,2,40,38,147,25,234,242,17,19,70,10,167,29,2,6,1,111,77,328,92,83,49,49,1,64,8,108,49,2,25,117,57,134,3,1,53,111,52
OTU_5916,1,1,1,1,1,1,1,1,1,1,1,1,1,1,1,1,1,1,1,1,1,1,1,1,1,1,1,1,1,1,1,1,1,1,1,1,1,1,1,1,1,1,1,1,1,1,1,1,1,1
OTU_5917,1,1,2,1,1,1,6,1,71,1,1,291,10,1,1,1,1,1,1,3,1,1,1,1,1,1,1,48,1,7,1,3,8,27,1,29,1,1,1,157,1,4,1,22,1,1,9,1,1,1
OTU_5918,1,1,1,1,1,1,1,1,1,1,1,1,1,1,1,1,1,1,1,1,1,1,1,1,1,1,1,1,1,1,1,1,1,1,1,1,1,1,1,1,1,1,1,1,1,1,1,1,1,1
OTU_5919,1,1,1,1,1,1,1,1,1,1,1,1,1,1,1,1,1,1,1,1,1,1,1,1,1,1,1,1,1,1,1,1,1,1,1,1,1,1,1,1,1,1,1,1,1,1,1,1,1,2
OTU_5920,1,1,1,1,1,1,1,1,1,1,1,1,1,1,1,1,1,1,1,1,1,8,1,1,1,1,1,1,1,1,1,20,1,1,1,1,1,1,1,1,1,1,1,1,1,1,1,1,1,1
OTU_5921,31,316,32,74,95,141,32,51,30,143,130,161,117,2,89,28,57,42,87,106,217,3,108,22,281,2,61,245,1,144,26,11,170,42,10,179,4,10,98,411,3,30,159,425,16,152,160,14,117,30
OTU_5922,1,1,1,1,1,1,1,1,1,1,1,1,1,1,1,1,1,1,1,1,1,1,1,1,1,1,1,1,1,1,1,1,1,1,1,1,1,1,1,1,1,1,1,1,1,1,1,1,1,1
OTU_5923,1,1,1,1,1,1,1,1,1,1,1,1,1,1,1,1,1,1,1,1,1,1,1,1,1,1,1,1,1,1,1,1,1,1,1,1,1,1,1,1,1,1,1,1,1,1,1,1,1,1
OTU_5924,1,1,10,1,1,1,2,1,1,1,78,28,1,5,1,1,1,1,1,1,1,1,1,35,1,1,273,1,1,3,1,1,1,1,3,1,17,1,1,1,1,1,1,1,2,1,1,26,1,1
OTU_5925,1,1,1,1,1,1,1,1,1,1,1,1,1,1,1,1,1,1,1,1,1,1,1,1,1,1,1,1,1,1,1,1,1,1,1,1,1,1,1,1,1,1,1,1,1,1,1,1,1,1
OTU_5926,1,1,1,1,1,1,1,1,1,1,1,1,1,1,1,1,1,1,1,1,1,1,1,1,1,1,1,1,1,1,1,1,1,1,1,1,1,1,1,1,1,1,1,1,1,1,1,1,1,1
OTU_5927,1,1,1,1,1,1,1,1,1,1,1,1,1,1,1,1,1,1,1,1,1,1,1,1,1,1,1,1,1,1,1,1,1,1,1,1,1,1,1,1,1,1,1,1,1,1,1,1,1,1
OTU_5928,1,37,1,1,1,1,1,1,1,1,1,1,1,1,1,1,1,1,1,1,1,2,1,1,1,1,1,1,1,1,1,1,1,1,1,1,1,1,1,1,1,1,1,1,1,1,1,1,1,1
OTU_5929,1,1,1,1,1,1,13,1,1,1,1,1,1,1,1,1,1,1,1,1,1,1,1,1,1,1,1,1,1,1,1,1,1,1,1,1,1,1,13,1,1,1,1,1,1,1,1,1,1,1
OTU_5930,1,1,1,1,1,1,1,1,1,1,1,1,2,1,1,1,1,1,1,1,1,1,1,1,1,1,1,1,1,1,1,1,1,1,1,1,1,1,1,1,1,1,1,1,1,1,1,1,8,1
OTU_5931,1,1,1,1,1,1,1,1,1,1,1,1,1,1,1,1,1,1,1,1,1,1,1,1,1,1,1,1,1,1,1,1,1,1,1,1,1,1,1,1,1,1,1,1,1,1,1,1,1,1
OTU_5932,2,1,2,8,19,28,1,8,1,1,7,9,17,24,8,3,38,69,6,104,3,49,21,1,1,2,25,2,16,1,10,9,1,22,1,44,1,2,8,1,2,241,20,1,1,49,16,56,1,8
OTU_5933,610,231,722,353,1217,602,398,568,130,162,339,294,641,1003,936,1367,895,388,401,161,154,462,390,568,548,190,831,529,346,304,312,459,640,479,720,943,958,815,385,1026,273,693,622,425,642,353,473,103,563,695
OTU_5934,38,41,2,2,1,14,1,2,1,1,1,1,1,1,1,1,23,1,1,6,2,1,1,1,35,2,1,1,6,3,1,2,89,1,15,1,6,1,1,7,12,1,1,1,1,1,252,1,1,1
OTU_5935,1,1,1,1,1,1,1,1,1,1,1,1,1,1,1,1,1,1,1,1,1,1,1,1,1,1,1,1,1,1,1,1,1,1,1,1,1,1,1,1,1,1,1,1,1,1,1,1,1,1
OTU_5936,1,1,1,1,1,1,1,1,1,1,1,1,1,1,1,1,1,1,1,1,1,1,1,1,1,1,1,1,1,1,1,1,1,1,1,1,1,1,1,1,1,1,1,1,1,1,1,1,1,1
OTU_5937,1,1,1,1,1,1,1,1,1,1,1,1,1,1,1,1,1,1,1,1,1,1,1,1,1,1,1,1,1,1,1,1,1,1,1,1,1,1,1,1,1,1,1,1,1,1,1,1,1,1
OTU_5938,1,1,1,1,1,1,1,1,1,1,1,1,1,1,1,1,1,1,1,1,1,1,1,1,1,1,1,1,1,1,1,1,1,1,1,1,1,1,1,1,1,1,1,1,1,1,1,1,1,1
OTU_5939,1,234,46,121,25,117,1,48,125,3,18,14,20,140,3,85,84,42,174,1,56,89,15,2,1,64,178,68,193,1,1,321,1,189,26,76,76,5,156,34,48,1,29,111,28,37,50,3,16,5
OTU_5940,1,1,1,1,1,1,2,1,1,1,1,1,1,1,1,1,1,1,1,1,1,1,1,1,1,1,1,1,1,1,1,1,1,1,1,1,1,1,1,1,1,1,1,1,1,1,35,1,1,1
OTU_5941,1,1,1,1,1,1,1,1,1,1,2,1,1,1,1,1,1,1,1,1,1,1,1,1,1,1,1,1,1,1,1,1,1,1,1,1,1,1,1,1,1,1,1,1,1,1,1,1,1,1
OTU_5942,1,1,1,1,5,235,20,1,1,1,290,1,1,11,1,4,1,1,1,1,1,1,1,5,1,3,1,59,1,1,1,32,1,2,1,1,16,4,1,94,4,10,28,62,1,2,1,1,3,18
OTU_5943,1,6,1,2,1,8,29,1,1,1,1,1,1,1,1,1,1,1,1,1,1,1,8,1,1,1,1,2,1,1,15,1,1,1,2,1,1,1,14,1,1,1,1,1,60,1,1,291,1,10
OTU_5944,1,1,1,1,1,1,1,1,1,1,1,1,1,1,1,1,1,1,1,1,1,1,1,1,1,1,1,1,1,1,1,1,1,1,1,1,1,1,1,1,1,1,1,1,1,1,1,1,1,1
OTU_5945,1,1,1,1,1,1,1,1,1,1,1,1,1,1,1,1,1,1,1,1,1,1,1,1,1,1,1,1,1,1,1,1,1,1,1,1,1,1,1,1,1,1,1,1,1,1,1,1,1,1
OTU_5946,1,1,1,1,1,1,1,1,1,1,1,1,1,1,1,1,1,1,1,1,1,1,1,1,1,1,1,1,1,1,1,1,1,1,1,1,1,1,1,1,1,1,1,1,1,1,1,1,1,1
OTU_5947,1,1,1,1,1,1,1,1,1,1,1,1,1,1,1,1,1,1,1,1,1,1,1,1,1,1,1,1,1,1,1,1,1,1,1,1,1,1,1,1,1,1,1,1,1,1,1,1,1,1
OTU_5948,1,1,1,1,1,1,1,1,1,1,1,1,1,1,1,1,1,1,1,1,1,1,1,1,1,1,1,1,1,1,1,1,1,1,1,1,1,1,1,1,1,1,1,1,1,1,1,1,1,1
OTU_5949,21,53,211,246,233,106,2,300,82,62,100,73,241,583,250,280,179,45,297,72,145,109,60,427,171,65,101,49,56,758,11,129,326,190,212,70,62,1,4,103,87,127,64,7,173,23,116,57,31,155
OTU_5950,1,1,1,1,1,1,1,1,1,495,1,1,1,1,1,1,1,1,1,1,2,1,1,1,1,1,1,1,1,1,1,1,4,1,1,1,1,1,1,1,1,1,1,1,1,1,1,1,1,1
OTU_5951,1,76,1,1,5,1,1,1,1,1,19,1,1,8,1,1,1,1,1,1,1,4,1,1,1,4,1,1,1,1,1,1,1,1,1,1,21,6,1,1,1,1,2,1,1,1,1,70,1,1
OTU_5952,227,13,7,1,1,1,1,9,1,92,1,8,29,9,2,20,30,1,1,1,1,1,1,1,1,1,2,1,1,12,1,12,53,1,1,1,1,1,2,43,1,5,1,1,4,1,1,28,65,16
OTU_5953,1,1,1,1,1,1,1,1,1,1,1,1,1,1,1,1,1,1,1,1,1,1,1,1,1,1,1,1,1,1,1,1,1,1,1,1,1,1,1,1,1,1,1,1,1,1,1,1,1,1
OTU_5954,165,74,306,309,41,279,448,66,746,382,56,202,51,183,110,24,130,143,39,11,260,27,111,115,146,48,561,35,324,7,240,80,131,61,189,256,21,132,356,145,539,578,100,102,225,448,49,334,392,194
OTU_5955,1,1,1,1,1,1,1,1,1,1,1,1,1,1,1,1,1,1,1,1,1,1,1,1,1,1,1,1,1,1,1,1,1,1,1,1,1,1,1,1,1,1,1,1,1,1,1,1,1,1
OTU_5956,1,1,1,1,1,1,1,1,1,1,1,1,1,1,1,1,1,1,1,1,1,1,1,1,1,1,1,1,1,1,1,1,1,1,1,1,1,1,1,1,1,1,1,1,1,1,1,1,1,1
OTU_5957,1,1,1,1,1,1,1,1,1,1,1,1,1,1,1,1,1,1,1,1,1,1,1,1,1,1,1,1,1,1,1,1,1,1,1,1,1,1,1,1,1,1,1,1,1,1,1,1,1,1
OTU_5958,1,1,1,1,1,1,1,1,1,1,1,1,1,1,1,1,1,1,1,1,1,1,1,1,1,1,1,1,1,1,1,1,1,1,1,1,1,1,1,1,1,1,1,1,1,1,1,1,1,1
OTU_5959,1,1,1,1,1,1,1,1,1,1,1,1,1,1,1,1,1,1,1,1,1,1,1,1,1,2,1,1,1,1,1,1,2,1,1,2,1,1,1,1,1,1,1,1,1,1,1,2,1,1
OTU_5960,1,1,1,1,1,1,1,1,1,1,1,1,1,1,1,1,1,1,1,1,1,1,1,1,1,1,1,1,1,1,1,1,1,1,1,1,1,1,1,1,1,1,1,1,1,1,1,1,1,1
OTU_5961,1,1,1,1,1,1,11,2,1,1,2,1,1,46,1,1,2,1,11,1,1,1,60,22,2,12,1,2,10,1,13,1,1,1,1,1,1,389,1,9,1,1,1,1,1,25,1,1,1,1
OTU_5962,1,1,1,1,1,1,1,1,1,1,1,1,1,1,1,1,1,1,1,1,1,1,1,1,1,1,1,1,1,1,1,1,1,1,1,1,1,1,1,1,1,1,1,1,1,1,1,1,1,1
OTU_5963,1,1,1,1,1,1,1,1,1,1,1,1,1,1,1,1,1,1,1,1,1,1,1,1,1,1,1,1,1,1,1,1,1,1,1,1,1,1,1,1,1,1,1,1,1,1,1,1,1,1
OTU_5964,1,1,1,1,1,1,1,1,3,712,1,1,1,1,1,1,1,1,1,1,1,1,1,1,1,16,1,1,1,1,1,1,1,1,1,1,1,1,2,1,1,1,1,1,1,1,1,1,1,1
OTU_5965,1,1,1,1,1,1,1,1,1,1,1,1,1,1,1,1,1,1,1,1,1,2,1,1,1,1,1,1,1,1,1,1,1,1,1,1,1,1,1,1,1,1,1,1,1,1,1,1,1,1
OTU_5966,1,1,1,1,2,1,1,1,1,1,1,1,1,1,1,1,1,1,1,1,1,1,1,1,1,1,1,1,1,1,1,1,1,1,1,1,1,1,1,1,1,1,1,1,1,1,1,1,1,1
OTU_5967,1,1,1,1,1,1,1,1,1,1,1,1,1,1,1,1,1,1,1,1,1,1,1,1,1,1,1,1,1,1,1,1,1,1,1,1,1,1,1,1,1,1,1,1,1,1,1,1,1,1
OTU_5968,1,1,1,1,1,1,1,1,1,1,1,1,1,1,1,1,1,1,1,1,1,1,1,1,1,1,1,1,1,1,1,1,1,1,1,1,1,1,1,1,1,1,1,1,21,1,1,1,1,1
OTU_5969,1,1,1,1,1,1,1,1,1,1,1,1,1,1,1,1,1,1,1,1,1,1,1,1,1,1,1,1,1,1,1,1,1,1,1,1,1,1,1,1,1,1,1,1,1,1,1,1,1,1
OTU_5970,1,1,1,1,1,1,1,1,1,1,1,1,1,1,1,1,1,1,1,1,1,1,1,1,1,1,1,1,1,1,1,1,1,1,1,1,1,1,1,1,1,1,1,1,1,1,1,1,1,1
OTU_5971,1,1,1,1,1,1,1,1,1,1,1,1,1,1,1,1,1,1,1,1,1,1,1,1,1,1,1,1,1,1,1,1,1,1,1,1,1,1,1,1,1,1,1,1,1,1,1,1,1,1
OTU_5972,1,1,1,1,1,1,1,1,1,1,1,1,1,1,1,1,1,1,1,1,1,1,1,1,1,1,1,1,1,1,1,1,1,1,1,1,1,1,1,1,1,1,1,1,1,1,1,1,1,1
OTU_5973,16,1,34,18,1,1,265,1,1,84,1,81,1,1,1,1,50,3,1,1,3,10,12,2,1,97,9,1,1,1,1,2,1,1,1,16,63,20,1,1,13,1,92,20,2,1,101,15,1,1
OTU_5974,563,99,3,11,18,36,83,25,158,52,36,62,409,180,249,39,86,80,2,84,85,199,102,52,606,11,5,21,2,424,26,124,115,12,64,208,266,277,123,74,46,36,8,47,122,104,21,83,43,169
OTU_5975,1,1,1,1,1,1,1,1,1,1,1,1,1,1,1,1,1,1,1,1,1,1,1,1,1,1,1,1,1,1,1,1,1,1,1,1,1,1,1,1,1,1,1,1,1,1,1,1,1,1
OTU_5976,1,1,1,1,1,1,1,1,1,1,1,1,1,1,1,1,1,1,1,1,1,1,1,2,1,1,1,1,1,1,1,1,1,1,1,1,1,1,1,1,1,1,1,1,1,1,1,1,1,1
OTU_5977,1,1,1,1,1,1,1,1,1,1,1,1,1,1,1,1,1,1,1,1,1,1,1,1,1,1,1,1,1,1,1,1,1,1,1,1,1,1,1,1,1,1,1,1,1,1,1,1,1,1
OTU_5978,1,1,1,1,1,1,1,1,1,1,1,1,1,1,1,1,1,1,1,1,1,1,1,1,1,1,1,1,1,1,1,1,1,1,1,1,1,1,1,1,1,1,1,1,1,1,1,1,1,1
OTU_5979,1,1,1,1,1,1,1,1,1,1,1,13,1,1,1,1,1,1,1,1,1,1,1,1,1,1,1,3,1,1,1,1,1,8,1,1,1,1,1,1,1,1,1,1,1,1,1,1,40,1
OTU_5980,1,1,1,1,1,1,1,1,1,1,1,1,1,1,1,1,1,1,1,1,1,1,1,1,1,1,1,1,1,1,1,1,1,1,1,1,1,1,1,1,1,1,1,1,1,1,1,1,1,1
OTU_5981,1,1,1,1,1,1,1,1,1,1,1,1,1,1,1,1,1,1,1,1,1,1,1,1,1,1,1,1,1,1,1,1,1,1,1,1,1,1,1,1,1,1,1,1,1,1,1,1,1,1
OTU_5982,1,1,1,1,1,1,1,1,1,1,1,1,1,1,1,1,1,1,1,1,1,1,1,1,1,1,1,1,1,1,1,1,1,1,1,1,1,1,1,1,1,1,1,1,1,1,1,1,1,1
OTU_5983,37,1,1,51,9,183,5,50,88,1,195,43,54,2,376,60,125,9,15,2,5,312,1,198,199,3,10,32,11,3,12,492,1,19,87,48,4,4,176,77,230,4,1,2,1,1,1,2,161,3
OTU_5984,1,1,1,1,1,1,1,1,1,1,1,1,1,1,1,1,1,1,1,1,1,1,1,1,1,1,1,1,1,1,1,1,1,1,1,1,1,1,1,1,1,1,1,1,1,1,1,1,1,1
OTU_5985,1,1,1,1,1,1,1,1,1,1,1,1,1,1,1,1,1,1,2,1,1,1,1,1,1,1,1,1,1,1,1,1,1,1,1,1,1,1,1,1,1,8,1,1,1,1,1,1,1,1
OTU_5986,1,1,1,1,1,1,1,1,1,1,1,1,1,1,1,1,1,1,1,1,1,1,1,1,1,1,1,1,3,1,1,1,1,1,1,15,1,1,1,1,1,1,1,1,1,1,1,1,1,1
OTU_5987,1,1,1,1,1,1,1,1,1,1,1,1,1,1,1,1,1,1,1,1,1,1,1,1,1,1,1,1,1,1,1,1,1,1,1,1,1,1,1,1,1,1,1,1,1,1,1,1,1,1
OTU_5988,294,7,21,37,10,12,29,6,10,27,321,12,202,151,1,3,64,101,9,170,55,39,40,26,38,55,61,41,66,47,64,51,13,35,70,296,3,42,29,598,6,47,8,9,3,43,9,20,64,29
OTU_5989,1,1,1,1,1,1,1,1,1,1,1,1,1,1,1,1,1,1,1,1,1,1,1,1,1,1,1,1,1,1,1,1,1,1,1,1,1,1,1,1,1,1,1,1,1,1,1,1,1,1
OTU_5990,46,6,1,3,29,45,1,56,2,1,30,3,2,1,37,216,1,1,51,90,2,100,254,12,117,1,27,5,19,2,263,1,7,1,1,1,1,25,1,2,7,1,5,3,3,5,1,3,1,4
OTU_5991,1,1,13,1,1,1,1,1,1,1,1,1,1,198,1,1,1,1,6,1,1,11,1,1,1,24,1,1,1,1,8,1,12,1,1,1,1,1,30,8,2,3,1,1,1,1,1,1,1,1
OTU_5992,487,63,267,266,73,322,177,335,183,812,293,138,225,189,547,1031,316,69,235,200,112,224,22,367,201,211,57,243,136,214,387,92,416,145,750,209,209,19,713,434,188,138,422,118,54,566,339,173,93,110
OTU_5993,1,1,1,5,26,3,1,1,2,37,2,1,1,1,1,2,2,1,2,1,1,1,4,2,1,1,1,1,769,11,1,1,1,15,2,1,10,23,1,1,30,1,2,1,1,4,130,43,12,1
OTU_5994,1,1,1,1,1,1,1,1,1,1,1,1,1,1,1,1,1,1,1,1,1,1,1,1,1,1,1,1,1,1,1,1,1,1,1,1,1,1,1,1,1,1,1,1,1,1,1,1,1,1
OTU_5995,1,1,1,1,1,1,1,1,1,1,1,1,1,1,1,1,1,1,1,1,1,1,1,1,1,1,1,1,1,1,1,1,1,1,1,1,1,1,1,1,1,1,1,1,1,1,1,1,1,1
OTU_5996,2,1,1,1,1,9,3,1,1,1,1,1,1,1,1,1,1,1,1,1,1,1,25,1,1,1,3,1,1,1,1,1,1,4,1,1,1,1,1,1,1,1,1,1,1,1,1,24,1,1
OTU_5997,1,1,1,1,1,1,1,1,1,1,1,1,1,1,1,1,1,1,1,1,1,1,1,1,1,1,1,1,1,1,1,1,1,1,1,1,1,1,1,1,1,1,1,1,1,1,1,1,1,1
OTU_5998,1,1,1,1,1,1,1,1,1,1,1,1,1,1,1,1,1,1,1,1,1,1,1,1,1,1,1,1,1,1,1,1,1,1,1,1,1,1,1,1,1,1,1,1,1,1,1,1,1,1
OTU_5999,1,1,1,1,1,1,1,1,100,1,1,1,1,1,1,1,1,1,1,1,1,1,1,1,1,1,1,1,1,1,1,1,1,1,1,1,1,1,1,1,1,1,1,1,1,1,1,1,69,1
OTU_6000,1,1,1,1,1,1,1,1,1,1,1,1,1,1,1,1,1,1,1,1,1,1,1,1,1,1,1,1,1,1,1,1,1,1,1,1,1,1,1,1,1,1,1,1,1,1,1,1,1,1
OTU_6001,47,319,14,3,1,6,80,63,109,70,27,73,146,22,2,186,1,58,40,47,1,171,161,217,75,108,108,359,31,13,72,25,271,111,157,6,9,1,20,171,37,3,18,67,24,48,1,42,1,9
OTU_6002,1,1,1,1,1,1,1,1,1,1,1,1,1,1,1,1,1,1,1,1,1,1,1,1,1,1,1,1,1,1,1,1,1,1,1,1,1,1,1,1,1,1,1,1,1,1,1,1,1,1
OTU_6003,1,1,1,1,1,2,2,1,1,1,1,1,1,1,1,1,1,1,1,1,1,1,1,1,1,1,1,1,1,1,1,1,1,1,1,1,1,1,1,1,1,1,1,1,1,1,1,1,1,1
OTU_6004,1,1,1,1,1,1,1,1,1,1,1,1,1,1,1,1,1,1,1,1,1,1,1,1,1,1,1,1,1,1,1,1,1,1,1,1,1,1,1,1,1,1,1,1,1,1,1,1,1,1
OTU_6005,1,1,1,1,1,1,1,1,1,1,1,1,1,1,1,1,1,1,1,1,1,1,1,1,1,1,1,1,1,1,1,1,1,1,1,1,1,1,1,1,1,1,1,1,1,1,1,1,1,1
OTU_6006,84,1,2,1,1,1,1,1,1,1,1,1,1,1,7,18,1,1,1,1,1,1,1,1,1,1,1,1,1,1,1,51,1,1,30,1,1,1,1,1,1,57,1,1,1,1,1,1,1,1
OTU_6007,1,1,1,1,1,1,1,1,1,1,1,1,1,1,1,1,1,1,1,1,1,1,1,1,1,1,1,1,1,1,1,1,1,1,1,1,1,1,1,1,1,1,1,1,1,1,1,1,1,1
OTU_6008,9,3,42,2,7,147,11,134,10,2,22,23,352,136,59,1,2,60,286,55,26,24,1,10,2,170,31,7,111,305,8,108,1,13,73,5,90,1,103,15,2,1,149,9,35,1,7,10,4,24
OTU_6009,1,38,1,2,1,1,1,1,1,1,1,1,1,1,8,1,1,1,1,104,1,1,1,1,1,1,1,30,6,1,1,1,1,1,20,1,1,3,1,1,1,1,1,1,1,1,1,1,8,1
OTU_6010,1,1,1,1,1,1,1,1,1,1,1,1,1,1,1,1,1,1,1,1,1,1,1,1,1,1,1,1,1,1,1,1,1,1,1,1,1,1,1,1,1,1,1,1,1,1,1,1,1,1
OTU_6011,1,1,126,1,2,14,1,1,1,2,1,6,38,4,7,2,52,3,1,59,15,2,3,1,1,1,99,60,2,23,40,1,71,1,10,1,64,9,21,54,50,1,9,3,1,1,1,1,1,1
OTU_6012,1,1,47,1,1,1,1,1,1,1,1,1,1,1,1,1,1,1,120,2,1,1,1,275,1,1,1,1,1,1,1,1,1,1,1,1,1,1,1,1,1,1,1,1,1,1,1,1,10,1
OTU_6013,10,66,1,1,55,53,1,132,1,9,1,1,17,1,1,1,1,1,1,1,1,1,4,1,1,1,1,1,3,5,1,1,1,1,4,2,10,1,1,1,1,1,1,1,1,1,1,1,1,1
OTU_6014,126,1,7,113,237,7,59,8,78,55,349,147,64,91,11,235,62,60,428,207,111,224,116,162,7,11,37,490,371,4,25,1,63,24,47,208,58,37,134,8,50,93,78,27,104,12,26,320,11,1
OTU_6015,1,1,1,1,1,1,1,1,1,1,1,2,1,1,1,1,1,1,1,1,1,1,1,1,1,1,1,1,1,1,1,1,1,1,1,1,1,1,1,1,1,1,1,1,1,1,1,1,1,1
OTU_6016,1,1,1,1,2,12,1,1,2,12,69,29,1,1,1,21,30,42,1,1,1,10,8,1,1,1,1,1,1,1,1,1,1,1,5,531,1,17,1,78,4,29,389,1,1,15,12,1,136,1
OTU_6017,1,1,1,1,1,1,1,1,1,1,1,1,1,1,1,1,1,1,1,1,1,1,1,1,1,1,1,1,1,1,1,1,1,1,1,1,1,1,1,1,1,1,1,1,1,1,1,1,1,1
OTU_6018,153,17,164,642,73,171,123,342,172,182,48,283,337,112,208,242,3,39,996,56,134,305,212,47,572,194,279,49,15,152,111,349,48,243,140,338,40,365,136,754,197,77,301,196,342,160,111,6,358,62
OTU_6019,1,1,1,1,1,1,1,1,1,1,1,1,1,1,1,1,1,1,1,1,1,1,1,1,1,1,1,1,1,1,1,1,1,1,1,1,1,1,1,1,1,1,1,1,1,1,1,1,1,1
OTU_6020,1,4,1,1,1,39,1,1,1,1,1,1,1,1,1,2,1,1,1,39,1,1,1,1,1,1,1,1,1,1,1,1,1,1,1,1,2,1,1,1,1,1,1,1,1,1,1,1,1,1
OTU_6021,3,20,189,7,154,405,120,3,7,2,61,4,47,221,251,25,121,504,11,127,195,8,40,253,58,13,19,20,101,5,23,277,2,38,37,47,35,3,7,14,19,219,350,71,21,114,126,23,84,4
OTU_6022,11,24,178,2,439,25,195,73,37,53,11,310,18,24,224,1,51,35,64,2,16,541,64,330,25,50,5,23,291,137,57,1,52,6,141,9,69,4,2,357,82,4,54,22,1,30,7,1,16,4
OTU_6023,1,1,1,1,1,1,1,1,1,1,1,1,1,1,1,1,1,1,1,1,1,1,1,1,1,1,1,1,1,1,1,1,1,1,1,1,1,1,1,1,1,1,1,1,1,1,1,1,1,1
OTU_6024,1,1,1,1,1,1,1,1,1,1,1,1,1,1,1,1,1,1,1,1,1,1,1,1,1,1,1,1,1,1,1,1,1,1,1,1,1,1,1,1,1,1,1,1,1,1,1,1,1,1
OTU_6025,1,1,1,1,1,1,1,1,1,1,1,1,1,1,1,1,1,1,1,1,1,1,1,1,1,1,1,1,1,1,1,1,1,1,1,1,1,1,1,1,1,1,1,1,1,1,1,1,1,1
OTU_6026,1,1,1,1,1,1,1,1,1,1,1,1,1,1,1,1,1,1,1,1,1,1,1,1,1,1,1,1,1,1,1,1,1,1,1,1,1,1,1,1,1,1,1,1,1,1,1,1,1,1
OTU_6027,1,21,37,1,1,1,112,1,1,3,2,1,412,1,1,7,1,1,1,1,1,135,20,265,1,73,1,1,1,57,1,1,3,1,1,14,1,1,29,73,1,1,1,1,13,1,3,32,2,1
OTU_6028,1,1,1,1,1,1,1,1,1,1,1,1,1,1,1,1,1,1,1,1,1,1,1,1,1,1,1,1,1,1,1,1,1,1,1,1,1,1,1,1,1,1,1,1,1,1,1,1,1,1
OTU_6029,1,1,1,1,1,1,1,1,1,1,1,1,1,1,1,1,1,1,1,1,1,1,1,1,1,1,1,1,1,1,1,1,1,1,1,1,1,1,1,1,1,1,1,1,1,1,1,1,1,1
OTU_6030,16,18,1,132,45,11,3,1,5,21,2,2,1,1,46,24,20,1,106,20,2,35,1,4,2,9,417,9,294,131,2,1,80,1,1,5,1,29,44,1,8,3,1,77,1,77,394,1,116,2
OTU_6031,1,1,1,1,1,1,1,1,1,1,1,1,1,1,1,1,1,1,1,1,1,1,22,1,1,1,1,1,1,1,1,1,1,1,1,1,1,1,1,1,1,1,1,1,1,1,1,1,1,1
OTU_6032,1,1,1,10,12,1,1,2,1,1,1,1,1,4,1,1,1,1,85,181,3,1,3,1,122,2,1,52,152,72,1,44,1,1,72,1,1,2,43,66,15,31,3,1,1,1,1,1,1,27
OTU_6033,1,1,1,1,2,1,1,1,1,1,51,1,1,1,1,1,1,1,1,1,1,1,1,1,2,1,1,1,16,1,1,1,1,1,1,1,1,1,1,1,1,1,1,10,1,1,1,2,1,1
OTU_6034,46,14,2,169,1,40,1,47,22,6,1,1,5,22,58,1,1,1,18,34,1,405,64,1,3,7,128,2,1,9,159,289,3,10,26,88,8,6,1,1,1,35,1,12,1,183,1,1,24,94
OTU_6035,12,1,1,4,72,38,32,31,1,2,56,51,26,6,62,2,157,3,2,1,1,52,3,4,2,82,15,31,1,7,81,1,102,3,3,2,1,244,124,70,124,7,18,1,1,13,67,30,3,115
OTU_6036,1,1,1,1,1,1,1,1,1,1,1,1,1,1,1,1,1,1,1,1,1,1,1,1,1,1,1,1,1,1,1,1,1,1,1,1,1,1,1,1,1,1,1,1,1,1,1,1,1,1
OTU_6037,1,2,1,1,35,8,1,1,1,1,1,3,1,1,1,1,1,1,1,1,3,1,1,1,1,47,1,1,2,1,1,1,297,1,1,24,1,1,1,1,1,1,1,1,1,1,1,1,1,1
OTU_6038,1,1,1,1,1,1,1,1,1,1,1,1,1,1,1,1,1,1,1,1,1,1,1,1,1,1,1,1,1,1,1,1,1,1,1,1,1,1,1,1,1,1,1,1,1,1,1,1,1,1
OTU_6039,1,1,1,1,1,1,1,1,1,1,1,1,1,1,1,1,1,1,1,1,1,1,1,1,1,1,1,1,1,1,1,1,1,1,1,1,1,1,1,1,1,1,1,1,1,1,1,1,1,1
OTU_6040,430,212,300,67,215,258,416,475,194,252,536,660,263,229,244,210,584,259,284,260,237,285,208,513,190,506,280,196,230,556,140,242,404,942,592,329,109,342,384,504,399,625,469,424,150,171,196,414,508,149
OTU_6041,1,1,1,1,1,1,1,1,1,1,1,1,1,1,1,1,1,1,1,1,1,1,1,1,1,1,1,1,1,1,1,1,1,1,1,1,1,1,1,1,1,1,1,1,1,1,1,1,1,1
OTU_6042,1,1,1,1,1,1,1,1,1,1,1,1,1,1,1,1,1,1,1,1,1,1,1,1,1,1,1,1,1,1,1,1,1,1,1,1,1,1,1,1,1,1,1,1,1,1,1,1,1,1
OTU_6043,1,1,1,1,1,1,1,1,1,1,1,1,1,1,1,1,1,1,1,1,1,1,1,1,1,1,1,1,1,1,1,1,1,1,1,1,1,1,1,1,1,1,1,1,1,1,1,1,1,1
OTU_6044,1,1,1,1,3,1,1,1,1,1,1,1,1,110,1,1,1,1,1,1,1,1,1,1,1,1,1,1,1,1,1,1,1,1,1,4,1,1,1,1,1,1,1,1,1,1,1,1,1,1
OTU_6045,1,2,1,1,95,1,1,1,1,1,26,1,1,6,1,1,1,1,1,1,1,1,10,1,1,1,1,1,1,8,1,1,1,1,14,1,1,1,1,2,1,1,1,1,1,1,1,3,1,1
OTU_6046,1,1,1,1,1,1,1,1,1,1,1,1,1,1,1,55,1,1,1,1,1,1,1,1,1,1,1,1,2,1,1,2,7,1,1,1,1,1,1,1,1,1,1,1,1,1,1,1,769,1
OTU_6047,360,580,133,433,33,276,373,5,21,459,38,123,587,61,333,145,77,117,772,133,86,121,519,39,81,87,200,330,309,19,243,3,60,116,945,95,37,374,275,22,87,59,115,38,21,257,19,18,67,16
OTU_6048,20,1,315,13,2,12,1,8,1,14,48,1,1,51,3,92,196,1,260,113,1,39,79,1,1,1,24,21,3,20,2,5,8,7,1,23,136,20,81,1,35,1,1,16,22,2,1,17,1,1
OTU_6049,1,1,1,1,1,1,1,1,1,1,1,1,1,1,1,1,1,1,1,1,1,1,1,1,1,1,1,1,1,1,1,1,1,1,1,1,1,1,1,1,1,1,1,1,1,1,1,1,1,1
OTU_6050,1,1,1,1,1,1,1,1,1,1,1,1,1,1,1,1,1,1,1,1,1,1,1,1,1,1,1,1,1,1,1,1,1,1,1,1,1,1,1,1,1,1,1,1,1,1,1,1,1,1
OTU_6051,1,1,1,1,1,1,1,1,1,1,1,1,1,1,1,1,1,1,1,1,1,1,1,1,1,1,1,1,1,1,1,1,1,1,1,1,1,1,1,1,1,1,1,1,1,1,1,1,1,1
OTU_6052,1,1,1,1,1,1,1,1,1,1,1,1,1,1,1,1,1,1,1,1,1,1,1,1,1,1,1,1,1,1,1,1,1,1,1,1,1,1,1,1,1,1,1,1,1,1,1,1,1,1
OTU_6053,1,1,39,128,2,4,20,56,2,1,1,1,1,5,2,3,67,122,8,11,1,227,1,7,310,1,15,1,194,62,7,168,1,332,4,23,113,22,3,2,1,1,6,8,1,148,1,1,239,1
OTU_6054,1,1,1,1,1,1,1,1,1,1,1,1,1,1,1,1,1,1,1,1,1,1,1,1,1,1,1,1,1,1,1,1,1,1,1,1,1,1,1,1,1,1,1,1,1,1,1,1,1,1
OTU_6055,1,1,1,1,1,1,1,1,1,1,1,1,1,1,1,1,1,1,1,1,1,1,1,1,1,1,1,1,1,1,1,1,1,1,1,1,1,1,1,1,1,1,1,1,1,1,1,1,1,1
OTU_6056,1,1,1,1,1,1,1,1,1,1,1,1,1,1,2,1,1,1,1,1,1,1,1,1,1,1,1,1,1,1,1,1,1,1,1,1,1,1,1,1,1,1,1,1,1,1,1,1,1,1
OTU_6057,20,1,1,7,1,1,1,1,1,1,1,1,1,1,1,1,1,1,1,1,1,1,1,1,1,1,1,1,1,1,1,1,1,1,1,1,1,1,1,1,1,8,1,1,1,1,1,1,1,1
OTU_6058,1,1,1,1,1,1,1,1,1,1,1,1,1,1,1,1,1,1,1,1,1,1,1,1,1,1,1,1,1,1,1,1,1,1,1,1,1,1,1,1,1,1,1,1,1,1,1,1,1,1
OTU_6059,1,1,1,1,1,1,1,1,1,1,1,1,1,1,1,1,1,1,1,1,1,1,1,1,1,1,1,1,1,1,1,1,1,1,1,1,1,1,1,1,1,1,1,1,1,1,1,1,1,1
OTU_6060,107,233,141,295,374,315,118,21,34,350,218,564,340,366,39,470,132,137,206,145,733,139,168,13,201,34,192,98,511,27,136,92,86,70,110,29,235,210,153,733,280,57,223,340,549,85,117,136,81,169
OTU_6061,3,129,1,1,3,1,19,1,57,1,12,2,1,38,1,77,583,1,3,3,1,30,7,1,1,168,511,10,29,2,23,5,7,1,19,1,1,10,1,1,1,7,30,1,1,1,1,70,2,11
OTU_6062,1,1,1,1,1,1,1,1,1,1,1,1,1,1,1,1,1,1,1,1,1,1,1,1,1,1,1,1,1,1,1,1,1,1,1,1,1,1,1,1,1,1,1,1,1,1,1,1,1,1
OTU_6063,1,1,1,1,1,1,1,1,1,1,1,1,1,1,1,1,1,1,1,1,1,1,1,1,1,1,2,1,1,1,1,1,1,1,1,1,1,1,1,1,1,1,1,1,1,1,1,1,1,1
OTU_6064,1,1,1,1,1,1,1,1,1,1,1,1,1,1,1,1,1,1,1,1,1,1,1,1,1,1,1,1,1,1,1,1,1,1,1,1,1,1,1,1,1,1,1,1,1,1,1,1,1,1
OTU_6065,1,1,2,1,1,1,1,1,1,1,1,1,1,1,2,1,1,1,1,1,2,1,1,1,1,1,1,22,1,1,1,1,1,1,1,1,1,1,1,3,3,1,23,1,1,1,1,6,1,1
OTU_6066,1,1,1,1,2,1,1,1,1,1,1,1,1,1,1,1,1,1,1,1,1,1,1,1,1,1,1,1,1,1,1,1,1,1,1,1,1,1,1,1,1,1,1,1,1,1,1,1,1,1
OTU_6067,1,1,1,1,1,1,1,1,1,1,1,1,1,1,1,1,1,1,1,1,1,1,1,1,1,1,1,1,1,1,1,1,1,1,1,1,1,1,1,1,1,1,1,1,1,1,1,1,1,1
OTU_6068,1,1,1,1,1,1,1,1,1,1,1,1,1,1,1,1,1,1,1,1,1,1,1,1,1,1,1,1,1,1,1,1,1,1,1,1,1,1,1,1,1,1,1,1,1,1,1,1,1,1
OTU_6069,1,1,1,1,1,1,1,1,1,1,1,1,1,1,1,1,1,1,1,1,1,1,1,1,1,1,1,1,1,1,1,1,1,1,1,1,1,1,1,1,1,1,1,1,1,1,1,1,1,1
OTU_6070,2,1,17,65,2,6,1,1,4,20,1,1,1,1,3,1,1,1,1,1,2,1,12,1,1,3,1,1,1,1,1,1,1,1,55,1,1,12,1,1,1,1,1,1,8,6,1,1,1,1
OTU_6071,1,1,1,1,1,1,1,1,1,1,1,1,1,1,1,1,1,1,1,1,1,1,1,1,1,1,1,1,1,1,1,1,1,1,1,1,1,1,1,1,1,1,1,1,1,1,1,1,1,1
OTU_6072,1,49,48,81,5,2,40,610,351,7,17,12,395,43,124,84,3,5,2,44,17,74,19,4,353,48,3,27,1,138,99,25,68,5,1,40,1,96,4,11,2,5,6,55,8,129,1,14,1,2
OTU_6073,1,1,1,1,1,1,1,1,1,1,1,1,1,1,1,1,1,1,4,1,1,1,1,1,1,1,1,1,1,1,1,1,1,1,1,1,1,1,1,1,1,1,1,1,1,1,1,1,1,1
OTU_6074,1,1,1,1,170,1,3,1,1,33,1,1,4,43,2,1,20,1,1,3,18,1,1,1,1,1,1,1,59,1,1,1,1,2,23,1,1,1,1,1,1,1,1,1,1,1,15,1,1,1
OTU_6075,1,12,1,1,1,1,1,1,1,1,1,1,1,1,1,1,1,1,1,1,1,1,1,1,1,1,1,1,1,1,1,1,1,1,1,1,1,1,1,1,1,1,1,1,1,1,1,1,1,1
OTU_6076,1,1,5,1,1,1,1,1,1,1,1,1,11,1,21,1,1,20,10,1,1,71,1,1,1,1,1,1,1,9,1,1,1,5,1,1,1,1,1,1,1,5,1,1,1,52,1,1,1,1
OTU_6077,1,1,1,1,1,1,1,1,1,1,1,1,1,1,1,1,1,1,1,1,1,1,1,1,1,1,1,1,1,1,1,1,1,1,1,1,1,1,1,1,1,1,1,1,1,1,1,1,1,1
OTU_6078,188,1,1,1,1,1,1,1,1,1,1,1,1,2,1,1,1,1,1,1,1,1,1,1,1,1,1,1,1,204,1,1,1,1,1,1,1,1,1,4,1,1,1,1,1,1,1,1,1,1
OTU_6079,355,82,161,713,322,440,181,210,384,160,40,357,242,479,232,705,297,254,466,557,705,729,807,149,661,67,150,235,83,661,282,308,53,428,105,370,293,755,122,435,347,429,464,279,535,95,459,262,267,206
OTU_6080,1,1,1,1,1,1,1,1,1,1,1,1,1,1,1,1,1,1,1,1,1,1,1,1,1,1,1,1,1,1,1,1,1,1,1,1,1,1,1,1,1,1,1,1,1,1,1,1,1,1
OTU_6081,1,1,1,1,1,1,1,1,1,1,1,1,1,1,1,1,1,1,1,1,1,1,1,1,1,1,1,1,1,1,1,1,1,1,1,1,1,1,1,1,1,1,1,1,1,1,1,1,1,1
OTU_6082,1,1,18,2,1,1,26,1,1,40,1,24,2,26,1,4,4,1,71,1,173,370,1,92,1,1,8,4,26,4,1,4,5,17,1,79,1,6,11,4,67,89,28,1,85,2,16,8,5,202
OTU_6083,1,1,1,1,1,1,1,1,1,1,1,1,1,1,1,1,1,1,1,1,1,1,1,1,1,1,1,1,1,1,1,1,1,1,1,1,1,1,1,1,1,1,1,1,1,1,1,1,1,1
OTU_6084,1,1,1,1,1,1,1,1,1,1,1,1,1,1,1,1,1,1,1,1,1,1,1,1,1,1,1,1,1,1,1,1,1,1,1,1,1,1,1,1,1,1,1,1,1,1,1,1,1,1
OTU_6085,1,1,1,1,1,1,1,1,1,1,1,1,1,1,1,1,1,1,1,1,1,1,1,1,1,1,1,1,1,1,1,1,1,1,1,1,1,1,1,1,1,1,1,1,1,1,1,1,1,1
OTU_6086,1,1,1,1,1,1,1,1,1,1,1,1,1,1,1,1,1,1,1,1,1,1,1,1,1,1,1,1,1,1,1,1,1,1,1,1,1,1,1,1,1,1,1,1,1,1,1,1,1,1
OTU_6087,1,1,1,1,1,1,1,1,1,1,1,1,1,1,1,1,1,1,1,1,1,1,1,1,1,1,1,1,1,1,1,1,1,1,1,1,1,1,1,1,1,1,1,1,1,1,1,1,1,1
OTU_6088,1,1,1,1,1,1,1,1,1,1,1,1,1,1,1,1,1,1,1,1,1,1,1,1,1,1,1,1,1,1,1,1,1,1,1,1,1,1,1,1,1,1,1,1,1,1,1,1,1,1
OTU_6089,1,1,1,1,1,1,1,1,1,1,1,1,1,1,1,1,1,1,1,1,1,1,1,1,1,1,1,1,1,1,1,1,1,1,1,1,1,1,1,1,1,1,1,1,1,1,1,1,1,1
OTU_6090,5,2,1,99,1,1,1,1,1,1,1,1,15,1,1,54,14,1,1,1,1,8,1,1,1,2,1,10,1,1,34,1,1,3,1,13,1,176,1,3,1,1,1,1,4,1,1,1,1,1
OTU_6091,1,7,1,1,1,1,1,1,1,58,1,1,1,6,1,1,1,1,1,1,1,1,1,1,1,1,1,139,1,1,1,1,1,1,1,1,1,1,1,1,1,1,1,1,1,1,100,1,1,1
OTU_6092,1,123,1,1,1,1,1,1,3,1,1,1,1,1,1,1,1,1,1,27,1,1,1,1,1,1,1,20,1,1,1,1,2,1,1,1,1,1,16,1,1,4,1,1,13,1,1,1,1,1
OTU_6093,214,111,21,173,22,134,1,52,25,2,1,1,24,40,16,1,1,24,1,31,107,106,2,27,3,180,13,2,20,5,5,15,683,1,1,53,79,34,1,335,42,94,3,53,21,37,4,169,418,46
OTU_6094,1,1,1,1,1,1,1,1,1,1,1,1,1,1,1,1,1,1,1,1,1,1,1,1,1,1,1,1,1,1,1,1,1,1,1,1,1,1,1,1,1,1,1,1,1,1,1,1,1,1
OTU_6095,1,1,1,1,1,1,1,1,1,1,1,1,1,1,1,1,1,1,1,1,1,1,1,1,1,1,1,1,1,1,1,1,1,1,1,1,1,1,1,1,1,1,1,1,1,1,1,1,1,1
OTU_6096,1,1,1,1,1,1,1,1,1,1,1,1,1,1,1,1,1,1,1,1,1,1,1,1,1,1,1,1,1,1,1,1,1,1,1,1,1,1,1,1,1,1,1,1,1,1,1,1,1,1
OTU_6097,1,1,1,1,1,1,1,1,1,1,1,9,1,1,1,1,2,1,1,1,1,1,1,1,1,1,1,1,1,1,1,1,1,1,1,1,2,1,1,1,1,1,1,1,1,1,1,1,1,1
OTU_6098,1,1,1,1,1,1,1,1,1,1,1,1,1,1,1,1,1,1,1,1,1,1,1,1,1,1,1,1,1,1,1,1,1,1,1,1,1,1,1,1,1,1,1,1,1,1,1,1,1,1
OTU_6099,1,1,1,1,1,1,1,1,1,1,1,1,1,1,1,1,1,1,1,1,1,1,1,1,1,1,1,1,1,1,1,1,1,1,1,1,1,1,1,1,1,1,1,1,1,1,1,1,1,1
OTU_6100,1,1,1,1,1,1,1,1,1,1,1,1,1,1,1,1,1,1,1,1,1,1,1,1,1,1,1,1,1,1,1,1,1,1,1,1,1,1,1,1,1,1,1,1,1,1,1,1,2,1
OTU_6101,39,118,52,3,104,70,132,158,426,284,70,563,202,100,68,138,435,266,4,204,319,320,1041,22,287,68,140,270,78,17,235,49,343,226,106,37,255,36,91,123,123,41,87,424,22,35,36,210,446,54
OTU_6102,84,72,189,20,2,19,40,23,401,199,262,2,76,196,80,13,105,9,263,139,252,55,65,116,104,338,7,66,94,12,255,130,228,111,266,61,74,109,108,214,89,76,169,75,37,385,76,29,295,110
OTU_6103,1,1,1,1,1,1,1,1,1,1,1,1,1,1,1,1,1,1,1,1,1,1,1,1,1,1,1,1,1,1,1,1,1,1,1,1,1,1,1,1,1,1,1,1,1,1,1,1,1,1
OTU_6104,1,1,1,1,1,1,1,1,1,1,1,1,1,1,1,1,1,1,1,1,1,1,1,1,1,1,1,1,1,1,1,1,1,1,1,1,1,1,1,1,1,1,1,1,1,1,1,1,1,1
OTU_6105,1,1,1,1,1,1,1,1,1,1,1,1,1,1,1,1,1,1,1,1,1,1,1,1,1,1,1,1,1,1,1,1,1,1,1,1,1,1,1,1,1,1,1,1,1,1,1,1,1,1
OTU_6106,1,1,1,1,1,1,1,1,1,1,1,1,1,1,1,1,1,1,1,1,1,1,1,1,1,1,1,1,1,1,1,1,1,1,1,1,1,1,1,1,1,1,1,1,1,1,1,1,1,1
OTU_6107,5,29,1,349,389,1,17,4,4,359,16,1,38,201,1,12,105,2,15,12,67,58,15,3,1,1,1,65,1,12,1,4,53,200,1,1,125,1,74,313,65,65,1,1,84,1,44,5,3,6
OTU_6108,4,1,1,1,1,1,1,1,1,1,1,1,1,1,1,1,1,1,1,1,1,1,1,1,1,1,1,1,1,1,1,1,58,1,1,1,1,1,1,62,1,1,1,1,1,1,1,1,1,7
OTU_6109,2,1,6,1,1,1,1,9,1,1,2,6,11,1,1,2,69,1,4,1,84,22,1,194,1,1,7,15,15,6,120,20,118,1,1,6,177,10,5,153,4,25,1,12,68,20,9,17,1,1
OTU_6110,1,1,1,1,1,1,1,1,1,1,1,1,1,1,1,1,1,1,1,1,1,1,1,1,1,1,1,1,1,1,1,1,1,1,1,1,1,1,1,1,1,1,1,1,1,1,1,1,1,1
OTU_6111,1,1,1,1,1,1,1,1,1,1,1,1,1,1,1,1,1,1,1,1,1,1,1,1,1,1,1,1,1,1,1,1,1,1,1,1,1,1,1,1,1,1,1,1,1,1,1,1,1,1
OTU_6112,51,142,269,47,14,198,294,74,1,28,169,1,10,248,83,187,185,305,158,31,61,207,230,25,69,86,60,26,338,234,207,423,361,315,221,2,119,405,230,369,8,22,304,291,127,50,91,7,347,175
OTU_6113,1,1,1,1,1,1,1,1,1,1,1,1,1,1,1,1,1,1,1,1,1,1,1,1,1,1,1,1,1,1,1,1,1,1,1,1,1,1,1,1,1,1,1,1,1,1,1,1,1,1
OTU_6114,1,1,1,1,1,1,1,1,1,1,1,1,1,1,1,1,1,1,1,1,1,1,1,1,1,1,1,1,1,1,1,1,1,1,1,1,1,1,1,1,1,1,1,1,1,1,1,1,1,1
OTU_6115,1,1,1,1,1,1,1,1,1,1,1,1,1,1,1,1,1,1,1,1,1,1,1,1,1,1,1,1,1,1,1,1,1,1,1,1,1,1,1,1,1,1,1,1,1,1,1,1,1,1
OTU_6116,1,32,59,3,5,2,39,1,1,2,32,114,3,1,1,1,103,1,1,1,1,1,6,1,6,1,67,1,27,1,1,2,4,1,11,2,1,1,1,1,1,1,1,1,1,12,1,1,14,1
OTU_6117,74,147,1,118,3,9,1,2,1,1,111,1,1,1,22,1,22,178,6,19,1,3,39,38,2,1,10,1,1,1,1,40,3,1,2,1,1,5,84,39,155,1,1,1,1,1,1,13,5,97
OTU_6118,1,1,1,1,1,1,1,1,1,1,1,1,1,1,1,1,1,1,1,1,1,1,1,1,1,1,1,1,1,1,1,1,1,1,1,1,1,1,1,1,1,1,1,1,1,1,1,1,1,1
OTU_6119,1,1,1,1,1,1,1,1,1,1,1,1,1,1,1,1,1,1,1,1,1,1,1,1,1,1,1,1,1,1,1,1,1,1,1,1,1,1,1,1,1,1,1,1,1,1,1,1,1,1
OTU_6120,1,1,1,1,1,1,1,1,1,1,1,1,1,1,1,1,1,1,1,1,1,1,1,1,1,1,1,1,1,1,1,1,1,1,1,1,1,1,1,1,1,1,1,1,1,1,1,1,1,1
OTU_6121,1,1,1,1,1,1,1,1,1,1,1,1,1,1,1,1,1,1,1,1,1,1,1,1,1,1,1,1,1,1,1,1,1,1,1,1,1,1,1,1,1,1,1,1,1,1,1,1,1,1
OTU_6122,1,1,1,1,1,1,1,1,1,1,1,1,1,1,1,1,1,1,1,1,1,1,1,1,1,1,1,1,1,1,1,1,1,1,1,1,1,1,1,1,1,1,1,1,1,1,1,1,1,1
OTU_6123,3,66,43,25,2,10,2,23,173,5,71,48,2,169,12,242,40,1,2,1,1,4,170,14,16,96,20,2,36,2,46,24,11,6,39,15,2,209,1,20,1,1,5,3,5,6,11,350,18,29
OTU_6124,1,1,5,1,1,1,1,1,1,1,1,81,2,1,6,1,1,1,1,1,1,1,22,1,1,1,1,1,1,1,1,1,1,1,71,1,1,1,1,1,1,1,1,1,8,1,2,1,1,1
OTU_6125,1,1,1,1,1,1,1,1,1,1,1,1,1,1,1,1,1,1,1,1,1,1,1,1,1,1,1,1,1,1,1,1,1,1,1,1,1,1,1,1,1,1,1,1,1,1,1,1,1,1
OTU_6126,1,1,1,1,1,1,1,1,1,1,1,1,1,1,1,1,1,1,1,1,1,1,1,1,1,1,1,1,1,1,1,1,1,1,1,1,1,1,1,1,1,1,1,1,1,1,1,1,1,1
OTU_6127,35,1,1,21,1,18,1,1,46,10,1,1,1,25,1,79,85,12,1,9,1,1,1,60,16,7,35,148,39,1,2,15,6,59,41,155,424,1,18,17,14,6,410,1,1,5,1,47,3,1
OTU_6128,1,1,1,1,1,1,1,1,1,1,1,1,1,1,1,1,1,1,1,1,1,1,1,1,1,1,1,1,1,1,1,1,1,1,1,1,1,1,1,1,1,1,1,1,1,1,1,1,1,1
OTU_6129,1,1,1,1,1,1,1,1,1,1,1,27,1,1,1,1,1,1,1,1,1,1,261,1,1,1,1,1,1,5,1,1,1,1,1,1,1,46,1,265,1,1,1,1,1,1,1,40,3,2
OTU_6130,1923,1357,1656,1336,1091,2930,1841,1241,928,1249,1562,646,2016,1146,912,1507,707,1421,2941,1146,1013,1314,1384,809,1117,944,1377,1207,1448,961,1816,1051,1259,1164,1586,1571,618,1024,1387,851,1627,895,1299,747,1599,3143,864,1724,793,1916
OTU_6131,1,1,1,1,1,1,1,1,1,1,1,1,1,1,1,1,1,1,1,1,1,1,1,1,1,1,1,1,1,1,1,1,1,1,1,1,1,1,1,1,1,1,1,1,1,1,1,1,1,1
OTU_6132,72,140,1,1,17,21,3,3,3,1,58,1,1,1,218,1,2,63,1,1,1,1,1,78,1,10,1,10,324,2,1,8,6,1,55,36,1,16,2,1,1,4,1,31,4,1,1,1,3,1
OTU_6133,9,53,16,77,388,6,34,120,193,443,23,393,182,7,122,330,443,16,133,23,5,114,713,210,301,36,17,218,252,215,1,84,98,260,61,22,57,65,135,10,7,76,48,5,93,84,655,35,35,28
OTU_6134,51,3,179,264,141,7,224,119,1,69,44,3,29,81,47,47,93,14,10,231,123,62,56,19,126,89,29,26,294,23,34,43,104,91,10,20,37,23,83,32,534,449,29,109,416,2,25,78,9,260
OTU_6135,1,1,1,1,1,1,1,1,1,1,1,1,1,1,1,1,1,1,1,1,1,1,1,1,1,1,1,1,1,1,1,1,1,1,1,1,1,1,1,1,1,1,1,1,1,1,1,1,1,1
OTU_6136,1,1,1,1,1,1,1,1,1,1,1,1,1,1,1,1,1,1,1,1,1,1,1,1,1,1,1,1,1,1,1,1,1,1,1,1,1,1,1,1,1,1,1,1,1,1,1,1,1,1
OTU_6137,21,38,5,121,62,33,1,4,106,91,1,5,1,6,51,12,35,89,48,18,90,1,18,32,1,5,20,1,270,59,1,176,33,2,98,1,14,20,12,43,15,118,6,15,13,34,16,2,49,191
OTU_6138,21,1,12,4,3,32,2,42,7,21,9,160,1,65,135,1,1,2,105,1,1,1,29,6,85,4,1,114,63,136,1,24,4,1,1,507,1,1,44,8,4,169,1,2,377,1,31,1,23,14
OTU_6139,1,1,1,1,1,1,1,1,1,1,1,1,1,1,1,1,1,1,1,1,1,1,1,1,1,1,1,1,1,1,1,1,1,1,1,1,1,1,1,1,1,1,1,1,1,1,1,1,1,1
OTU_6140,1,1,1,1,1,1,1,1,1,1,1,1,1,1,1,1,1,1,1,1,1,1,1,1,1,1,1,1,1,1,1,1,1,1,1,1,1,1,1,1,1,1,1,1,1,1,1,1,1,1
OTU_6141,1,1,1,1,1,1,1,1,1,1,1,1,1,1,1,1,1,1,1,1,1,1,1,1,1,1,1,1,1,1,1,1,1,1,1,1,1,1,1,1,1,1,1,1,1,1,1,1,1,1
OTU_6142,1,6,7,1,1,2,1,1,1,1,5,1,1,4,1,1,1,1,158,1,2,1,1,3,5,1,44,1,1,1,1,158,1,1,1,2,1,1,1,12,1,1,193,1,1,1,1,1,1,1
OTU_6143,1,1,1,13,1,1,7,1,1,1,34,1,7,182,1,4,1,1,1,1,1,10,1,1,1,1,270,2,1,1,2,1,1,1,1,43,1,1,3,1,1,1,1,1,3,1,1,1,1,1
OTU_6144,1,2,1,1,1,1,1,1,6,1,6,1,1,10,1,6,9,1,1,1,1,39,69,1,1,1,1,52,1,1,10,1,1,1,1,84,1,4,1,1,1,5,1,1,1,1,3,3,1,1
OTU_6145,1,1,1,3,1,1,30,1,1,1,1,1,1,1,1,98,1,1,1,1,1,1,1,1,1,1,1,1,1,1,1,1,1,1,1,1,1,1,19,9,1,1,1,2,1,1,1,1,1,1
OTU_6146,1,1,1,1,1,1,1,1,1,1,1,1,1,1,1,1,1,1,1,4,1,1,1,1,1,1,1,1,1,1,1,1,1,1,1,1,1,1,1,1,1,1,1,1,1,1,94,1,1,1
OTU_6147,1,1,1,1,1,1,1,1,1,1,1,1,1,1,1,1,1,1,1,1,1,1,1,1,1,1,1,1,1,1,1,1,1,1,1,1,1,1,1,1,1,1,1,1,1,1,1,1,1,1
OTU_6148,1,1,1,7,1,1,218,1,1,1,1,1,1,1,5,1,1,1,1,3,2,1,1,13,165,1,5,1,5,1,1,13,7,2,1,1,1,5,2,1,1,1,1,1,51,1,1,1,1,1
OTU_6149,1,1,1,1,1,1,1,1,1,1,1,1,1,1,1,1,1,1,1,1,1,1,1,1,1,1,1,1,1,1,1,1,1,1,1,1,1,1,1,1,1,1,1,1,1,1,1,1,1,1
OTU_6150,1,1,1,1,1,1,1,1,1,1,1,1,1,1,1,1,1,1,1,1,1,1,1,1,1,1,1,1,1,1,1,1,1,1,1,1,1,1,1,1,1,1,1,1,1,1,1,1,1,1
OTU_6151,1,1,1,1,1,1,1,1,1,1,1,1,1,1,1,1,1,1,1,1,1,1,1,1,1,1,1,1,1,1,1,1,1,1,1,1,1,1,1,1,1,1,1,1,1,1,1,1,1,1
OTU_6152,1,1,1,1,1,1,1,1,1,1,1,1,1,1,1,1,1,1,1,1,1,1,1,1,1,1,1,1,1,1,1,1,1,1,1,1,1,1,1,1,1,1,1,1,1,1,1,1,1,1
OTU_6153,3,75,1,6,333,5,76,63,71,9,1,3,1,174,3,58,293,21,73,13,1,377,1,63,147,1,32,214,1,18,50,61,1,98,41,25,11,16,10,14,1,1,1,54,1,31,1,2,72,509
OTU_6154,62,127,42,386,12,129,195,112,21,24,76,37,365,54,12,612,50,323,82,6,105,235,153,91,145,279,42,33,144,374,41,29,90,60,189,11,72,508,49,15,37,76,9,417,166,5,37,355,103,55
OTU_6155,1,1,1,1,1,1,1,1,1,1,1,1,1,1,1,1,1,1,1,1,1,1,1,1,1,1,1,1,1,1,1,1,1,1,1,1,1,1,1,1,1,1,1,1,1,1,1,1,1,1
OTU_6156,1,1,1,1,19,151,1,1,1,1,2,3,1,1,1,1,1,1,1,17,1,1,1,1,1,1,1,1,1,1,25,1,33,1,1,1,1,2,1,1,13,9,340,1,11,66,1,1,1,6
OTU_6157,1,1,1,1,1,1,1,1,1,1,1,1,1,1,1,1,1,1,1,1,1,1,1,1,1,1,1,1,1,1,1,1,1,1,1,1,1,1,1,1,1,1,1,1,1,1,1,1,1,1
OTU_6158,1,1,1,1,1,1,1,1,1,1,1,1,1,1,1,1,1,1,1,1,1,1,1,1,1,1,1,1,1,1,1,1,1,1,1,1,1,1,1,1,1,1,1,1,1,1,1,1,1,1
OTU_6159,1,1,1,1,1,1,1,1,1,1,1,1,1,1,1,1,1,1,1,1,1,1,1,1,1,1,1,1,1,1,1,1,1,1,1,1,1,1,1,1,1,1,1,1,1,1,1,1,1,1
OTU_6160,1,1,1,1,1,1,1,1,1,1,1,1,1,1,1,1,1,1,1,1,1,1,1,1,1,1,1,1,1,1,1,1,1,1,1,1,1,1,1,1,1,1,1,1,1,1,1,1,1,1
OTU_6161,184,238,51,60,107,115,81,225,294,8,21,26,13,71,51,121,159,46,371,198,95,22,71,131,65,831,276,216,87,72,65,69,22,127,12,75,452,125,214,292,74,20,191,485,92,144,302,28,86,152
OTU_6162,1,1,1,1,1,1,1,1,1,1,1,1,1,1,1,1,1,1,1,1,1,1,1,45,1,1,1,1,1,1,1,1,1,1,1,1,1,1,1,1,1,1,1,1,1,1,1,1,1,1
OTU_6163,1,1,1,1,1,1,1,1,1,1,1,1,1,1,1,1,1,1,1,1,1,1,1,1,1,1,1,1,1,1,1,1,1,1,1,1,1,1,1,1,1,1,1,1,1,1,1,1,1,1
OTU_6164,1,1,1,1,1,1,1,1,1,1,1,1,1,1,1,1,1,1,1,1,1,1,1,1,1,1,1,1,1,1,1,1,1,1,1,1,1,1,1,1,1,1,1,1,1,1,1,1,1,1
OTU_6165,1,1,1,1,1,1,1,1,1,1,1,1,1,1,1,1,1,1,1,1,1,1,1,1,1,1,1,1,1,1,1,1,1,1,1,1,1,1,1,1,1,1,1,1,1,1,1,1,1,1
OTU_6166,1,1,1,1,1,1,1,1,15,1,1,7,1,1,1,1,1,1,1,3,1,1,1,7,1,1,1,1,17,9,1,1,13,2,1,123,16,566,1,3,1,1,166,1,7,1,1,1,1,1
OTU_6167,1,1,1,1,1,1,1,1,1,1,1,1,1,1,1,1,1,1,1,1,1,1,1,1,1,1,1,1,1,1,1,1,1,1,1,1,1,1,1,1,1,1,1,1,1,1,1,1,1,1
OTU_6168,1,1,1,1,1,1,1,1,1,1,1,1,1,1,1,1,1,1,1,1,1,1,1,1,1,1,1,1,19,1,1,1,1,1,1,1,1,1,1,1,1,1,1,1,1,1,1,1,1,1
OTU_6169,1,1,1,1,1,1,1,1,1,1,1,1,1,1,1,1,1,1,1,1,1,1,1,1,1,1,1,1,1,1,1,1,1,1,1,1,1,1,1,1,1,1,1,1,1,1,1,1,1,1
OTU_6170,1,1,58,1,1,1,1,1,1,1,1,1,1,1,1,1,1,1,1,1,27,1,1,1,310,1,1,1,1,1,1,1,1,1,1,1,1,1,7,1,1,1,1,1,1,1,1,1,1,1
OTU_6171,1,1,1,1,1,1,1,1,1,1,1,1,1,1,1,1,1,1,1,1,1,1,1,1,1,1,1,1,1,1,1,1,1,1,1,1,1,1,1,1,1,1,1,1,1,1,1,1,1,1
OTU_6172,2,267,1,52,6,1,17,1,37,1,1,1,1,1,2,1,1,5,3,1,1,2,1,1,1,37,1,1,1,1,1,2,1,1,1,1,1,1,1,1,47,1,1,21,1,23,1,1,1,1
OTU_6173,1,1,1,1,1,1,1,1,1,2,1,1,1,1,1,1,1,1,1,1,1,1,1,1,1,1,1,1,1,1,1,1,1,1,1,1,2,1,1,1,1,1,1,1,1,1,1,1,1,1
OTU_6174,1,1,1,1,1,1,1,1,1,1,1,1,1,1,1,1,1,1,1,1,1,1,1,1,1,1,1,1,1,1,1,1,1,1,1,1,1,1,1,1,1,1,1,1,1,1,1,1,1,1
OTU_6175,1,1,1,1,1,1,1,1,1,1,1,1,1,1,1,1,1,1,1,1,1,1,1,1,1,1,1,1,1,1,1,1,1,1,1,1,1,1,1,1,1,1,1,1,1,1,1,1,1,1
OTU_6176,1,1,1,1,1,1,1,1,1,1,1,1,1,1,1,1,1,1,1,1,1,1,1,1,1,1,1,1,1,1,1,1,1,1,1,1,1,1,1,1,1,1,1,1,1,1,1,1,1,1
OTU_6177,1,1,1,1,1,1,1,1,1,1,1,1,1,1,1,1,1,1,1,1,1,1,1,1,1,1,1,1,1,1,1,1,1,1,1,1,1,1,1,1,1,1,1,1,1,1,1,1,1,1
OTU_6178,758,440,532,774,660,652,821,83,1570,272,1070,379,533,927,970,614,510,460,210,686,539,897,633,523,794,706,1584,862,300,528,411,987,1032,549,733,654,788,460,568,474,1098,632,782,752,1003,340,301,504,784,412
OTU_6179,1,1,1,1,1,1,1,1,1,1,1,1,1,1,1,1,1,1,1,1,1,1,1,1,1,1,1,1,1,1,1,1,1,1,1,1,1,1,1,1,1,1,1,1,1,1,1,1,1,1
OTU_6180,1,1,1,1,1,1,1,1,1,1,1,1,1,1,1,1,1,1,1,1,1,1,1,1,1,1,1,1,1,1,1,1,1,1,1,1,1,1,1,1,1,1,1,1,1,1,1,1,1,1
OTU_6181,1,1,1,1,1,1,1,1,1,1,1,1,1,1,1,1,1,1,1,1,1,1,1,1,1,1,1,1,1,1,1,1,1,1,1,1,1,1,1,4,1,1,1,1,1,1,1,1,1,1
OTU_6182,17,344,1,9,2,388,66,40,1,12,7,137,7,55,28,36,200,7,4,179,97,1,36,1,28,55,4,7,240,5,123,134,204,185,1,10,278,1,2,1,9,6,47,374,7,41,4,2,37,56
OTU_6183,1,1,1,1,1,1,1,1,1,1,1,1,1,1,1,1,1,1,1,1,1,1,1,1,1,1,1,1,1,1,1,1,1,1,1,1,1,1,1,1,1,1,1,1,1,1,1,1,1,1
OTU_6184,1,1,1,1,1,1,1,1,1,1,1,1,1,1,1,1,1,1,1,1,1,1,1,1,1,1,1,1,1,1,1,1,1,1,1,1,1,1,1,1,1,1,1,1,1,1,1,1,1,1
OTU_6185,1,1,1,1,1,1,1,1,1,1,1,1,1,1,1,1,1,1,1,1,1,1,1,1,1,1,1,1,1,1,1,1,1,1,1,1,1,1,1,1,1,1,1,1,1,1,1,1,1,1
OTU_6186,1,1,1,1,1,1,1,1,1,1,1,1,1,1,1,1,6,1,1,1,1,1,1,1,1,1,1,1,1,1,1,1,1,1,1,1,1,1,1,1,1,1,1,1,1,1,1,1,1,1
OTU_6187,1,1,1,1,1,1,1,1,1,1,1,1,1,1,1,1,25,1,1,1,1,1,1,1,1,61,1,11,28,1,1,1,1,1,1,1,1,2,1,1,1,1,1,1,1,1,1,1,1,1
OTU_6188,1,1,1,1,1,1,1,1,1,1,1,1,1,1,1,1,1,1,1,1,1,1,1,1,1,1,1,1,1,1,1,1,1,1,1,1,1,1,1,1,1,1,1,1,1,1,1,1,1,1
OTU_6189,1,6,1,1,1,1,1,1,1,1,86,1,1,2,1,1,1,2,1,30,1,1,1,1,1,1,1,1,1,1,1,1,1,1,1,1,1,6,1,1,1,1,1,1,1,1,1,1,1,1
OTU_6190,1,1,1,1,1,1,1,1,1,1,1,1,1,1,1,1,1,1,1,1,1,1,1,1,1,1,1,1,1,1,1,1,1,1,1,1,1,1,1,139,1,1,1,1,1,1,1,1,1,1
OTU_6191,1,1,1,1,1,1,1,1,1,1,1,1,1,1,1,1,1,1,1,1,1,1,1,1,1,1,1,1,1,1,1,1,1,1,1,1,1,1,1,1,1,1,1,1,1,1,1,1,1,1
OTU_6192,1,1,1,1,1,1,1,1,1,1,1,1,1,1,1,1,1,1,1,1,1,1,1,1,1,1,1,1,1,1,1,1,1,1,1,1,1,1,1,1,1,1,1,1,1,1,1,1,1,1
OTU_6193,1,1,1,1,1,1,1,1,1,1,1,1,1,1,1,1,1,1,1,1,1,1,1,1,1,1,1,1,1,1,1,1,1,1,1,1,1,1,1,1,1,1,1,1,1,1,1,1,1,1
OTU_6194,1,1,1,1,1,1,1,1,1,1,1,1,1,1,1,1,1,1,1,1,1,1,1,1,1,1,1,1,1,1,1,1,1,1,1,1,1,1,1,1,1,1,1,1,1,1,1,1,1,1
OTU_6195,1,1,1,1,1,1,1,1,1,1,1,1,1,1,1,1,1,1,1,1,1,1,1,1,1,1,2,1,1,1,1,1,1,1,1,1,1,1,1,1,1,1,1,1,1,1,1,1,1,1
OTU_6196,1,1,1,1,1,1,1,1,1,1,1,1,1,1,1,1,1,1,1,1,1,1,1,1,1,1,1,1,1,1,1,1,1,1,1,1,1,1,1,1,1,1,1,1,1,1,1,1,1,1
OTU_6197,1,1,1,1,1,1,1,1,1,1,1,1,1,1,1,1,1,1,1,1,1,1,1,1,1,1,1,1,1,1,1,1,1,1,1,1,1,1,1,1,1,1,1,1,1,1,1,1,1,1
OTU_6198,1,1,1,1,1,1,1,1,1,1,1,1,1,1,1,1,1,1,1,1,1,1,1,1,1,1,1,1,1,1,1,1,1,1,1,1,1,1,1,1,1,1,1,1,1,1,1,1,1,1
OTU_6199,1,1,1,1,1,1,1,1,1,1,1,1,1,1,1,1,1,1,1,1,1,1,1,1,1,1,1,1,1,1,1,1,1,1,1,1,1,1,1,1,1,1,1,1,1,1,1,1,1,1
OTU_6200,1,1,1,1,1,1,1,1,1,1,1,1,1,1,1,1,1,1,1,1,1,1,1,1,1,1,1,1,1,1,1,1,1,1,1,1,1,1,1,1,1,1,1,1,1,1,1,1,1,1
OTU_6201,1,1,1,1,1,1,1,1,1,1,1,1,1,1,1,1,1,1,1,1,1,1,1,1,1,1,1,1,1,1,1,1,1,1,1,1,1,1,1,1,1,1,1,1,1,1,1,1,1,1
OTU_6202,1,1,1,1,1,1,1,1,1,1,1,1,1,1,1,1,1,1,1,1,1,1,1,1,1,1,1,1,1,1,1,1,1,1,1,1,1,1,1,1,1,1,1,1,1,1,1,1,1,1
OTU_6203,6,1,1,4,1,3,11,1,8,2,1,16,2,22,8,1,1,1,70,1,1,1,2,1,31,1,1,1,1,10,3,1,1,1,1,1,1,137,1,1,1,10,1,22,1,1,1,2,1,10
OTU_6204,1,1,1,1,1,1,8,1,1,1,1,1,1,1,1,1,1,32,1,1,1,1,1,1,1,59,1,1,1,1,1,1,1,1,1,1,1,1,1,1,1,1,1,1,1,1,1,1,1,1
OTU_6205,1,1,1,1,1,1,1,1,1,1,1,1,1,1,1,1,1,1,1,1,1,1,1,1,1,1,1,1,1,1,1,1,1,1,1,1,1,1,1,1,1,1,1,1,1,1,1,1,1,1
OTU_6206,1,1,1,1,1,1,1,1,1,1,1,1,1,1,1,1,1,1,1,1,1,1,1,1,1,1,1,1,1,1,1,1,1,1,1,1,2,1,1,1,1,1,1,1,1,1,1,1,1,1
OTU_6207,1,1,1,1,1,1,1,1,1,1,1,1,1,1,1,1,1,1,1,1,1,1,1,1,1,1,1,1,1,1,1,1,1,1,1,1,1,1,1,1,1,1,1,1,1,1,1,1,1,1
OTU_6208,1,1,1,1,1,1,1,1,1,1,1,1,1,1,1,1,1,1,1,1,1,1,1,1,1,1,1,1,1,1,1,1,1,1,1,1,1,1,1,1,1,1,1,1,1,2,1,1,1,1
OTU_6209,1,1,1,1,1,1,1,1,1,1,1,1,1,1,1,1,1,1,1,1,1,1,1,1,1,1,1,1,1,1,1,1,1,1,1,1,1,1,1,1,1,1,1,1,1,1,1,1,1,1
OTU_6210,1,1,1,1,1,1,1,1,1,1,1,1,1,1,1,1,1,1,1,1,1,1,1,1,1,1,1,1,1,1,1,122,1,1,1,1,1,1,1,1,1,1,1,1,1,1,1,1,1,1
OTU_6211,1,1,1,1,1,1,1,1,1,1,1,1,1,1,1,1,1,1,1,1,1,1,1,1,1,1,1,1,1,1,1,1,1,1,1,1,1,1,1,1,1,1,1,1,1,1,1,1,1,1
OTU_6212,1,1,1,1,1,1,1,1,1,1,1,1,1,1,1,1,1,1,1,1,2,1,1,1,1,1,1,1,1,1,1,1,1,1,1,1,1,1,1,1,1,1,1,1,1,1,1,1,1,1
OTU_6213,1,1,1,1,1,1,1,1,1,1,1,1,1,1,1,1,1,1,1,1,1,1,1,1,1,1,1,1,1,1,1,1,1,1,1,1,1,1,1,1,1,1,1,1,1,1,1,1,1,1
OTU_6214,1,1,1,1,1,1,1,1,1,1,1,1,1,1,1,1,1,1,1,1,1,1,1,1,1,1,1,1,1,1,1,1,1,1,1,1,1,1,1,1,1,1,1,1,1,1,1,1,1,1
OTU_6215,1,1,1,1,1,1,1,1,1,1,1,1,1,1,1,1,1,1,1,1,1,1,1,1,1,1,1,1,1,1,1,1,1,1,1,1,1,1,1,1,1,1,1,1,1,1,1,1,1,1
OTU_6216,1,1,1,1,1,1,1,1,1,1,1,1,1,1,1,1,1,1,1,1,1,1,1,1,1,1,1,1,1,1,1,1,1,1,1,1,1,1,1,1,1,1,1,1,1,1,1,1,1,1
OTU_6217,1,1,1,1,1,1,1,1,1,1,1,1,1,1,1,1,1,1,1,1,1,1,1,1,1,1,1,1,1,1,1,1,1,1,1,1,1,1,1,1,1,1,1,1,1,1,1,1,1,1
OTU_6218,1,1,1,1,1,1,1,1,1,1,1,1,1,1,1,1,1,1,1,1,1,1,1,1,1,1,1,1,1,1,1,1,1,1,1,1,1,1,1,1,1,1,1,1,1,1,1,1,1,1
OTU_6219,1,69,165,1,2,4,1,18,3,23,27,1,5,19,4,1,1,41,31,41,1,1,82,75,1,6,63,1,1,1,1,1,33,23,3,94,1,1,2,24,1,1,1,1,33,1,1,13,67,29
OTU_6220,1,1,1,1,1,1,1,1,1,1,1,1,1,1,1,1,1,1,1,1,1,1,1,1,1,1,1,1,1,1,1,1,1,1,1,1,1,1,1,1,1,1,1,1,1,1,1,1,1,1
OTU_6221,1,79,11,84,1,18,1,3,1,5,44,11,1,3,185,1,1,3,5,1,1,1,1,12,49,3,6,66,196,1,3,1,1,13,1,1,1,172,35,43,1,1,6,9,1,1,2,279,1,29
OTU_6222,1,1,1,1,1,1,1,1,1,1,1,1,1,1,1,1,1,1,1,1,1,1,1,1,1,1,1,1,1,1,1,1,1,1,1,1,1,1,1,1,1,1,1,1,1,1,1,1,1,1
OTU_6223,1,1,1,1,1,1,1,1,1,1,1,1,1,1,1,1,1,1,1,1,1,1,1,1,1,1,1,1,1,1,1,1,1,1,1,1,1,1,1,1,1,1,1,1,1,1,1,1,1,1
OTU_6224,1,79,27,15,90,1,3,3,1,180,28,1,88,3,71,21,2,115,66,3,1,1,32,1,15,8,3,1,8,3,1,40,27,19,44,156,3,102,1,1,265,1,215,1,61,1,9,19,449,98
OTU_6225,1,1,1,1,1,1,1,1,1,1,1,1,1,1,1,1,1,1,1,1,1,1,1,1,1,1,1,1,1,1,1,1,1,1,1,1,1,1,1,1,1,1,1,1,1,1,1,1,1,1
OTU_6226,1,1,1,1,1,1,1,1,37,1,30,7,1,4,1,33,1,1,1,1,1,11,1,1,1,1,1,1,3,1,48,5,59,7,42,1,1,1,228,7,1,1,1,1,1,1,1,10,1,1
OTU_6227,9,7,1,49,310,4,16,16,16,120,1,31,6,90,6,16,146,15,8,4,22,29,68,27,1,167,7,254,409,8,26,7,7,365,9,28,21,26,1,34,211,37,65,1,98,1,64,10,38,37
OTU_6228,1,3,1,2,1,1,18,58,1,1,1,1,1,134,79,1,1,1,8,1,1,51,1,148,1,8,120,69,74,1,1,1,90,50,178,1,1,1,25,1,6,2,1,1,1,47,1,2,219,1
OTU_6229,1,1,1,1,1,1,1,1,1,1,1,1,1,1,1,1,1,1,1,1,1,2,1,1,1,1,1,1,1,1,1,1,1,1,1,1,1,1,1,1,1,1,1,1,1,1,1,1,1,1
OTU_6230,106,258,219,78,2,203,184,32,183,65,5,1,24,75,54,106,3,8,59,225,29,7,6,1,9,18,47,33,41,92,161,343,191,12,86,529,93,682,3,91,89,12,2,460,16,54,8,289,57,48
OTU_6231,1,1,1,1,1,1,1,1,1,1,1,1,1,1,1,1,1,1,1,1,1,1,1,1,1,1,1,1,1,1,1,1,1,1,1,1,1,1,1,1,1,1,1,1,1,1,1,1,1,1
OTU_6232,1,1,1,1,1,2,1,1,1,1,1,1,1,1,1,1,1,1,1,1,1,1,1,1,1,1,1,1,1,1,1,1,1,1,1,1,1,1,1,1,1,1,1,1,1,1,1,1,1,1
OTU_6233,205,12,1,1,1,1,110,4,1,2,1,1,46,207,7,2,66,6,15,8,3,3,87,1,75,1,3,19,11,78,2,4,25,1,1,1,395,8,1,1,80,1,1,1,177,1,1,52,15,3
OTU_6234,1,1,1,1,54,1,1,1,1,1,1,9,1,1,1,1,45,1,1,1,1,1,1,1,1,1,1,1,1,1,1,1,1,1,1,1,1,1,1,1,1,1,1,1,1,1,1,1,1,1
OTU_6235,1,1,1,1,1,1,1,1,1,1,1,1,1,1,1,1,1,1,1,1,1,1,1,1,1,1,1,1,1,1,1,1,1,1,1,1,1,1,1,1,1,1,1,1,1,1,1,1,1,1
OTU_6236,1,1,1,1,1,1,1,1,1,1,1,1,1,1,1,1,1,1,1,1,1,1,1,1,1,1,1,1,1,1,1,1,1,27,1,1,1,1,1,1,1,1,1,1,1,1,1,1,1,1
OTU_6237,1,1,1,1,1,1,1,1,1,1,1,1,1,1,1,1,1,1,1,1,1,1,1,1,1,1,1,1,1,1,1,1,1,1,1,1,1,1,1,1,1,1,1,1,1,1,1,1,1,1
OTU_6238,1,1,1,1,1,1,1,1,1,1,1,1,1,1,1,1,1,1,1,1,1,1,1,1,1,1,1,1,1,1,1,1,1,1,1,1,1,1,1,1,1,1,1,1,1,1,1,1,1,1
OTU_6239,1,1,1,1,1,1,1,1,1,1,1,1,1,1,1,1,1,1,1,1,1,1,1,1,1,1,1,1,1,1,1,1,1,1,1,1,1,1,1,1,1,1,1,1,1,1,1,1,1,1
OTU_6240,1,1,1,1,1,1,1,1,1,1,1,1,1,1,1,1,1,1,1,1,1,1,1,1,1,1,1,1,1,1,1,1,1,1,1,1,1,1,1,1,1,1,1,1,1,1,1,1,1,1
OTU_6241,1,1,1,1,1,1,1,1,1,1,1,1,1,1,1,1,1,1,1,1,1,1,1,1,1,1,1,1,1,1,1,1,1,1,1,1,1,1,1,1,1,1,1,1,1,1,1,1,1,1
OTU_6242,1,1,1,1,1,1,1,1,1,1,1,1,1,1,1,1,1,1,1,1,1,1,1,1,1,1,1,1,1,1,1,1,1,1,1,1,1,1,1,1,1,1,1,1,1,1,1,1,1,1
OTU_6243,1,1,1,1,1,1,1,1,1,1,1,1,1,1,1,1,1,1,1,1,1,1,1,1,1,1,1,1,1,1,1,1,1,1,1,1,1,1,1,1,1,1,1,1,1,1,1,1,1,1
OTU_6244,1,1,1,1,1,1,1,1,1,1,1,1,1,1,1,1,1,1,1,1,1,1,1,1,1,1,1,1,1,1,1,1,1,1,1,1,1,1,1,1,1,1,1,1,1,1,1,1,1,1
OTU_6245,1,1,1,1,1,1,1,25,1,1,1,1,1,1,1,4,1,1,1,1,26,1,1,3,1,1,1,1,1,1,1,1,1,1,1,1,14,3,1,1,4,1,1,1,1,1,1,1,1,1
OTU_6246,1,1,1,1,1,1,1,1,1,1,1,1,1,1,1,1,1,1,1,1,1,1,1,1,1,1,1,1,29,1,1,1,1,1,1,1,1,1,1,1,1,1,1,1,1,1,1,1,1,1
OTU_6247,1,1,1,1,1,1,1,1,1,1,1,1,1,1,1,1,1,1,1,1,1,1,1,1,1,1,1,1,1,1,1,1,1,1,1,1,1,1,1,1,1,1,1,1,1,1,1,1,1,1
OTU_6248,1,1,1,1,1,1,1,1,1,1,1,1,1,1,1,1,1,1,1,1,1,1,1,1,1,1,1,1,1,1,1,1,1,1,1,1,1,1,1,1,1,1,1,1,1,1,1,1,1,1
OTU_6249,1,1,1,1,1,1,1,1,1,1,1,46,1,1,1,1,1,1,23,1,1,1,1,1,1,4,3,1,1,1,1,1,1,1,1,1,1,1,1,1,1,1,1,1,1,1,1,1,1,1
OTU_6250,1,1,1,1,1,1,1,1,1,1,1,1,1,1,1,1,1,1,1,1,1,1,1,1,1,1,1,1,1,1,1,1,1,1,1,1,1,1,1,1,1,1,1,1,1,1,1,1,1,1
OTU_6251,1,1,1,1,1,1,1,1,1,1,1,1,1,1,1,1,1,1,1,1,1,1,1,1,1,1,1,1,1,1,1,1,1,1,1,1,1,1,1,1,1,1,1,1,1,1,1,1,1,1
OTU_6252,1,1,1,1,1,1,1,1,1,1,1,1,1,1,1,1,1,1,1,1,1,1,1,1,1,1,1,1,1,1,1,1,1,1,1,1,1,1,1,1,1,1,1,1,1,1,1,1,1,1
OTU_6253,5,55,43,357,397,275,10,163,3,124,346,177,48,37,14,204,285,7,84,5,198,59,49,12,24,11,8,273,200,73,1,13,68,88,61,4,2,68,12,40,238,92,23,41,192,9,119,3,62,90
OTU_6254,1,1,1,1,1,1,1,1,1,1,1,1,1,1,1,1,1,1,1,1,1,1,1,1,1,1,1,1,1,1,1,1,1,1,1,1,1,1,1,1,1,1,1,1,1,1,1,1,1,1
OTU_6255,1,1,1,1,1,1,1,1,1,1,1,1,1,1,1,1,1,1,1,1,1,1,1,1,1,1,1,1,1,1,1,1,1,1,1,1,1,1,1,1,1,1,1,1,1,1,1,1,1,1
OTU_6256,158,300,406,992,349,783,415,604,176,1292,398,546,652,251,795,192,718,374,365,1304,394,339,757,190,281,734,601,151,754,290,482,754,381,1096,206,594,366,158,362,338,490,472,1499,352,561,409,1246,824,487,1234
OTU_6257,1,1,1,3,25,6,1,1,2,5,2,5,1,1,1,1,2,1,1,2,1,1,1,1,1,13,16,133,1,1,1,19,1,1,1,1,1,2,227,104,8,1,15,1,344,130,1,1,133,1
OTU_6258,1,1,1,1,1,1,1,1,1,1,1,1,1,1,1,1,1,1,1,1,1,1,1,1,1,1,1,1,1,1,1,1,1,1,1,1,1,1,1,1,1,1,1,1,1,1,1,1,1,1
OTU_6259,1,1,1,1,1,1,1,1,1,1,1,1,1,1,1,1,1,1,1,1,1,1,1,1,1,1,1,1,1,1,1,1,1,1,1,1,1,1,1,1,1,1,1,1,1,1,1,1,1,1
OTU_6260,1,1,1,1,1,1,1,3,1,1,1,1,1,45,1,1,1,9,1,1,1,1,1,1,1,1,1,1,1,1,1,1,1,1,1,1,1,1,3,1,1,1,2,1,1,1,1,1,1,1
OTU_6261,1,1,1,1,1,1,1,1,1,1,1,1,1,1,1,1,1,1,1,1,1,1,1,1,1,1,1,1,1,1,1,1,1,1,1,1,1,1,1,1,1,1,1,1,1,1,1,1,1,1
OTU_6262,1,1,1,1,1,1,1,1,1,1,1,1,1,1,1,1,1,1,1,1,1,1,1,1,1,1,1,1,1,1,1,1,1,1,1,1,1,1,1,1,1,1,1,1,1,1,1,1,1,1
OTU_6263,1,1,1,1,1,1,1,1,1,1,1,1,1,1,1,1,1,1,1,1,1,1,1,1,1,1,1,1,1,1,1,1,1,1,1,1,1,1,1,1,1,1,1,1,1,1,1,1,1,1
OTU_6264,1,1,1,1,1,1,1,1,1,1,1,1,1,1,1,1,1,1,1,1,1,1,1,1,1,1,1,1,1,1,1,1,1,1,1,1,1,1,1,1,1,1,1,1,1,1,1,1,1,1
OTU_6265,1,1,1,1,1,1,1,1,1,1,1,1,1,1,1,1,1,1,1,1,1,1,1,1,1,1,1,1,1,1,1,1,1,1,1,1,1,1,1,1,1,1,1,1,1,1,1,1,1,1
OTU_6266,1,15,1,1,1,1,168,1,1,1,1,1,3,1,1,1,1,1,55,1,26,1,1,1,1,79,1,1,1,1,45,1,1,116,1,1,1,1,1,1,1,19,4,1,1,1,1,27,1,1
OTU_6267,1,106,1,1,5,1,24,54,1,1,1,1,183,1,1,56,1,32,15,1,58,2,1,25,203,137,5,1,11,1,69,1,20,39,10,1,1,6,36,7,31,1,62,62,103,1,1,2,1,1
OTU_6268,2,6,1,3,105,1,23,1,42,1,1,3,1,32,1,134,1,177,1,24,1,34,69,6,5,1,1,3,32,41,26,68,27,1,1,7,1,1,1,495,1,212,1,30,3,1,3,1,4,8
OTU_6269,1,1,1,1,1,1,1,1,1,1,1,1,1,1,1,1,1,1,1,1,1,1,1,1,1,1,1,1,1,1,1,1,1,1,1,1,1,1,1,1,1,1,1,1,1,1,1,1,1,1
OTU_6270,1,1,1,1,1,1,1,1,1,1,1,1,1,1,1,1,1,1,1,1,1,1,6,1,1,1,1,1,1,1,1,1,1,1,2,1,1,1,1,1,1,1,1,1,1,1,1,1,1,1
OTU_6271,1,1,1,1,1,1,1,1,1,1,1,1,1,1,1,1,1,1,1,1,1,1,1,1,1,1,1,1,1,1,1,1,1,1,1,1,1,1,1,1,1,1,1,1,1,1,1,1,1,1
OTU_6272,1,1,1,1,1,1,1,1,1,1,1,1,1,1,1,1,1,1,1,1,1,1,1,1,1,1,1,1,1,1,1,1,1,1,1,1,1,1,1,1,1,1,1,1,1,1,1,1,1,1
OTU_6273,1,1,1,1,1,1,1,1,1,1,1,1,1,1,1,1,1,1,1,1,1,1,1,1,1,1,1,1,1,1,1,1,1,1,1,1,1,1,1,1,1,1,1,1,1,1,1,1,1,1
OTU_6274,1,1,1,1,1,1,1,1,1,1,1,1,1,1,1,1,1,1,1,1,1,1,1,1,1,1,1,1,1,1,1,1,1,1,1,1,1,1,1,1,1,1,1,1,1,1,1,1,1,1
OTU_6275,1,1,1,1,1,1,1,1,1,1,1,1,1,1,1,1,1,1,1,1,1,1,1,1,1,1,1,1,1,1,1,1,1,1,1,1,1,2,1,1,1,1,1,1,1,1,1,1,1,1
OTU_6276,25,190,140,47,102,462,53,357,36,394,410,69,75,179,129,714,128,269,56,108,34,338,148,464,201,182,295,7,54,83,79,106,180,118,51,83,389,412,309,11,262,11,271,42,30,52,14,113,135,49
OTU_6277,1,1,1,1,1,1,1,1,1,1,1,1,1,1,1,1,1,1,1,1,1,1,1,1,1,1,1,1,1,1,1,1,1,1,1,1,1,1,1,1,1,1,1,1,1,1,1,1,1,1
OTU_6278,1,1,1,1,1,1,1,7,1,1,2,32,1,1,42,1,1,1,1,1,1,2,181,1,1,1,30,2,2,1,1,1,1,1,1,1,1,2,1,1,1,1,70,2,13,1,1,1,1,1
OTU_6279,1,1,1,1,1,1,1,1,1,1,1,1,1,1,1,1,1,1,1,1,1,1,1,1,1,1,1,1,1,1,1,1,1,1,1,1,1,1,1,1,1,1,1,1,1,1,1,1,1,1
OTU_6280,1,1,1,1,1,1,1,1,1,1,1,1,1,1,1,1,1,1,1,1,1,1,1,1,1,1,1,1,1,1,1,1,1,1,1,1,1,1,1,1,1,1,1,1,1,1,1,1,1,1
OTU_6281,1,1,1,1,1,1,1,1,1,1,1,1,1,1,1,1,1,1,1,1,1,1,1,1,1,1,1,1,1,1,1,1,1,1,1,1,1,1,1,1,1,1,1,1,1,1,1,1,1,1
OTU_6282,3,1,1,1,1,1,1,1,1,1,1,1,1,1,1,1,24,1,1,1,1,14,1,1,2,1,1,36,1,9,1,1,1,1,1,1,1,1,1,1,11,1,1,1,1,4,48,1,1,1
OTU_6283,1,1,1,1,1,1,1,1,1,1,1,1,1,1,1,1,1,1,1,1,1,1,1,1,1,1,1,1,1,1,1,1,1,1,1,1,1,1,1,1,1,1,1,1,1,1,1,1,1,1
OTU_6284,1,1,1,1,1,1,1,1,1,1,1,1,1,1,1,1,1,1,1,1,1,1,1,1,1,1,1,1,1,1,1,1,1,1,1,1,1,1,1,1,1,1,1,1,1,1,1,1,1,1
OTU_6285,80,17,51,23,210,2,1,259,89,204,1,1,4,34,1,11,69,2,9,259,169,8,1,11,26,112,72,54,30,167,3,13,39,20,17,125,14,125,26,180,31,106,6,47,12,97,5,9,277,586
OTU_6286,1,1,1,1,1,1,1,1,1,1,1,1,1,1,1,1,1,1,1,1,1,1,1,1,1,1,1,1,1,1,1,1,1,1,1,1,1,1,1,1,1,1,1,1,1,1,1,1,1,1
OTU_6287,1,1,1,1,1,1,1,1,1,1,1,1,1,1,1,1,1,1,1,1,1,1,1,1,1,1,1,1,1,1,1,1,1,1,1,1,1,1,1,1,1,1,1,1,1,1,1,1,1,1
OTU_6288,1,1,1,1,1,1,1,1,1,1,1,1,1,1,1,1,1,1,1,1,1,1,1,1,1,1,1,1,1,1,1,1,1,1,1,1,1,1,1,1,1,1,1,1,1,1,1,1,1,1
OTU_6289,1,1,1,1,1,1,1,13,1,2,36,1,1,31,1,8,1,1,1,1,1,1,1,1,1,1,1,1,1,1,1,1,1,1,1,1,1,1,1,1,1,1,16,1,1,1,1,1,1,1
OTU_6290,1,1,1,1,1,1,1,1,1,1,1,1,1,1,1,1,1,1,1,1,1,1,1,1,1,1,1,1,1,1,1,1,1,1,1,1,1,1,1,1,1,1,1,1,1,1,1,1,1,1
OTU_6291,1,1,63,1,1,5,2,1,5,23,9,1,1,4,1,11,1,51,1,1,111,9,1,1,1,18,1,1,1,1,1,11,6,1,1,1,12,2,1,1,7,1,1,1,1,13,1,307,1,1
OTU_6292,1,1,1,1,1,1,1,1,1,1,1,1,1,1,1,1,1,1,1,1,1,1,1,1,1,1,1,1,1,1,1,1,1,1,1,1,1,1,1,1,1,1,1,1,1,1,1,1,1,1
OTU_6293,1,1,1,1,1,1,1,1,1,1,1,1,1,1,1,1,1,1,1,1,1,1,1,1,1,1,1,1,1,1,1,1,1,1,1,1,1,1,1,1,1,1,1,1,1,1,1,1,1,1
OTU_6294,1,1,1,1,1,1,1,1,1,1,1,1,1,1,1,1,1,1,1,1,1,1,1,1,1,1,1,1,1,1,1,1,1,1,1,1,1,1,1,1,1,1,1,1,1,1,1,1,1,1
OTU_6295,1,1,1,1,1,1,1,1,1,1,1,1,1,1,1,1,1,1,1,1,1,1,1,1,1,1,1,1,1,1,1,1,1,1,1,1,1,1,1,1,1,1,1,1,1,1,1,1,1,1
OTU_6296,1,1,1,1,1,2,1,2,7,1,1,1,1,106,1,89,1,5,1,1,1,29,1,1,1,1,1,1,2,1,1,1,1,21,1,2,1,2,2,1,149,1,1,1,1,1,1,1,1,7
OTU_6297,1,1,1,1,1,1,1,1,1,1,1,1,1,1,1,1,1,1,1,1,1,1,1,1,1,1,1,1,1,1,2,1,1,1,1,1,1,1,1,1,1,1,1,1,1,1,1,1,1,1
OTU_6298,1,1,1,1,1,1,1,1,1,1,1,1,1,1,1,1,1,1,1,1,1,1,1,1,1,1,1,1,1,1,1,1,1,1,1,1,1,1,1,1,1,1,1,1,1,1,1,1,1,1
OTU_6299,1,1,59,1,1,12,1,15,7,9,32,20,1,1,1,1,147,1,31,1,22,40,409,3,30,221,4,1,7,44,258,1,1,1,13,1,1,1,18,10,67,1,165,209,18,1,1,1,1,1
OTU_6300,1,1,1,1,1,1,1,1,1,1,1,1,1,1,1,1,1,1,1,1,1,1,1,1,1,1,1,1,1,1,1,1,1,1,1,1,1,1,1,1,1,1,1,1,1,1,1,1,1,1
OTU_6301,1,1,1,1,1,1,1,1,1,1,1,1,1,1,1,1,1,1,1,1,1,1,1,1,1,1,1,1,1,1,1,1,1,1,1,1,1,1,1,1,1,1,1,1,1,1,1,1,1,1
OTU_6302,1,1,1,1,1,1,1,1,1,1,1,1,1,1,1,1,1,1,1,1,1,1,1,1,1,1,1,1,1,1,1,1,1,1,1,1,1,1,1,1,1,1,1,1,1,1,1,1,1,1
OTU_6303,1,1,1,1,1,1,1,1,1,1,1,1,1,1,1,1,1,1,1,1,1,1,1,1,1,1,1,1,1,1,1,1,1,1,1,1,1,1,1,1,1,1,1,1,1,1,1,1,1,1
OTU_6304,49,1,244,1,12,34,361,43,41,465,1,6,1,25,235,1,41,1,1,1,1,24,1,22,1,6,1,218,51,1,4,83,1,1,1,4,1,1,121,9,50,1,16,7,4,1,1,73,1,21
OTU_6305,1,1,1,1,1,1,1,1,1,1,1,1,1,1,1,1,1,1,1,1,1,1,1,1,1,1,1,1,1,1,1,1,1,1,1,1,1,1,1,1,1,1,1,1,1,1,1,1,1,1
OTU_6306,1,1,1,1,1,1,1,1,1,1,1,1,1,1,1,1,1,1,1,1,1,1,1,1,1,1,1,1,1,1,1,1,1,1,1,1,1,1,1,1,1,1,1,1,1,1,1,1,1,1
OTU_6307,1,1,1,1,1,1,1,1,1,1,1,1,1,1,1,1,1,1,1,1,1,1,1,1,1,1,1,1,1,1,1,1,1,1,1,1,1,1,1,1,1,1,1,1,1,1,1,1,1,1
OTU_6308,1,1,1,1,1,1,1,1,1,1,1,1,1,1,1,1,1,1,1,1,1,1,1,1,1,1,1,1,1,1,1,1,1,1,1,1,1,1,1,1,1,1,1,1,1,1,1,1,1,1
OTU_6309,1,1,1,1,1,1,1,1,1,1,1,1,1,1,1,1,1,1,1,1,1,1,1,1,1,1,1,1,1,1,1,1,1,1,1,1,1,1,1,1,1,1,1,1,1,1,1,1,1,1
OTU_6310,1,1,1,1,1,1,1,1,1,1,1,1,1,1,1,1,1,1,1,1,1,1,1,1,1,1,1,1,1,1,1,1,1,1,1,1,1,1,1,1,1,1,1,1,1,1,1,1,1,1
OTU_6311,1,1,1,1,1,1,1,1,1,1,1,1,1,1,1,1,1,1,1,1,1,1,1,1,1,1,1,1,1,1,1,1,1,1,1,1,1,1,1,1,1,1,1,1,1,1,1,1,1,1
OTU_6312,1,2,1,1,1,6,1,1,1,1,1,1,1,3,56,1,1,1,20,1,1,1,1,21,1,1,1,1,1,90,1,1,1,1,1,1,1,1,28,1,1,1,1,1,1,2,8,1,1,2
OTU_6313,1,1,1,1,1,1,1,1,1,1,1,1,1,1,1,1,1,1,1,1,1,1,1,1,1,1,1,1,1,1,1,2,1,1,1,1,1,1,1,1,1,1,1,1,1,1,234,1,1,1
OTU_6314,1,1,1,1,1,1,1,1,1,1,1,1,1,1,1,1,1,1,1,1,1,1,1,1,1,1,1,1,1,1,1,1,1,1,1,1,1,1,1,1,1,1,1,1,1,1,1,1,1,1
OTU_6315,1,1,1,1,1,1,1,1,1,1,1,1,1,1,1,1,1,1,1,1,1,1,1,1,1,1,1,1,1,1,1,1,1,1,1,1,1,1,1,1,1,1,1,1,1,1,1,1,1,1
OTU_6316,1,1,1,1,1,1,1,1,1,1,1,1,1,1,1,1,1,1,1,1,1,1,1,1,1,1,1,1,1,1,1,1,1,1,1,1,1,1,1,1,1,1,1,1,1,1,1,1,1,1
OTU_6317,1,1,1,1,1,1,1,1,1,1,1,1,1,1,1,1,1,1,1,8,1,36,1,1,1,1,1,1,1,1,1,1,1,1,1,1,1,1,1,1,1,1,1,1,1,1,1,1,78,1
OTU_6318,1,2,1,1,1,77,1,3,1,4,91,41,20,85,1,449,1,2,1,93,4,1,1,3,1,10,46,1,6,1,99,37,74,4,36,18,4,7,1,2,1,1,9,1,3,1,1,5,184,1
OTU_6319,32,1,1,1,1,1,1,1,1,1,1,3,1,1,1,1,4,1,1,1,1,1,1,1,1,1,1,1,1,1,1,1,1,1,1,5,1,1,1,1,1,1,1,1,1,1,1,1,1,1
OTU_6320,1,7,1,1,27,1,1,1,3,1,1,1,1,26,1,1,1,1,1,1,1,1,5,1,1,1,1,1,1,1,1,1,1,1,1,1,1,1,1,1,1,1,1,12,1,1,1,1,1,1
OTU_6321,319,373,109,125,272,158,425,157,94,240,124,108,235,4,731,292,381,124,95,26,56,509,356,278,175,213,98,54,140,166,185,115,30,163,86,289,412,107,147,110,402,334,479,139,224,412,126,134,17,357
OTU_6322,1,1,1,1,1,1,1,1,1,1,1,1,1,1,1,1,1,1,1,1,1,1,1,1,1,1,1,1,1,1,1,1,1,1,1,1,1,1,1,1,1,1,1,1,1,1,1,1,1,1
OTU_6323,1,1,1,1,1,1,1,1,1,1,1,1,1,1,1,1,1,1,1,1,1,1,1,1,1,1,1,1,1,1,1,1,1,1,1,1,1,1,1,1,1,1,1,1,1,1,1,1,1,1
OTU_6324,1,1,1,1,1,1,1,1,1,1,1,1,1,1,1,1,1,1,1,1,1,1,1,1,1,1,1,1,1,1,1,1,1,1,1,1,1,1,1,1,1,1,1,1,1,1,1,1,1,1
OTU_6325,1,1,1,1,1,1,1,1,1,1,1,1,1,1,1,1,1,1,1,1,1,1,1,1,1,1,1,1,1,1,1,1,1,1,1,1,1,1,1,1,1,1,1,1,1,1,1,1,1,1
OTU_6326,5,2,3,19,1,5,9,8,1,1,1,1,1,62,4,159,1,115,1,2,5,8,368,71,41,23,3,104,9,1,170,9,112,1,60,10,1,88,1,3,8,44,1,1,3,2,1,9,47,2
OTU_6327,1,1,1,1,1,1,1,1,1,1,1,1,1,1,1,1,1,1,1,1,1,1,1,1,1,1,1,1,1,1,1,1,1,1,1,1,1,1,1,1,1,1,1,1,1,1,1,1,1,1
OTU_6328,37,24,4,151,1,15,34,5,1,1,3,45,1,50,1,57,25,6,91,1,127,37,1,85,69,11,2,1,1,10,3,1,36,1,14,1,26,4,2,3,4,2,1,3,18,17,30,10,54,395
OTU_6329,1,1,1,1,1,1,1,1,1,1,1,1,1,1,1,1,2,1,3,1,1,1,1,1,1,1,1,1,1,1,1,1,1,1,1,1,88,1,1,1,1,1,1,1,1,1,1,1,1,1
OTU_6330,1,1,1,1,1,1,1,1,1,1,1,1,1,1,1,1,1,1,1,1,1,1,1,1,1,1,1,1,1,1,1,1,1,1,1,1,1,1,1,1,1,1,1,1,1,1,1,1,1,1
OTU_6331,1,1,1,1,1,1,1,1,1,1,1,1,1,1,1,1,1,1,1,1,1,1,1,1,1,1,1,1,1,1,1,1,1,1,1,1,1,1,1,1,1,1,1,1,1,1,1,1,1,1
OTU_6332,308,122,103,830,1034,815,530,808,194,908,551,264,307,337,660,317,1283,35,892,375,411,377,392,358,458,632,387,483,769,814,330,354,314,115,221,154,420,517,256,337,343,736,312,542,316,736,200,289,214,178
OTU_6333,1,1,150,1,1,1,19,2,1,5,1,1,1,2,1,1,1,1,3,1,1,1,1,2,1,1,1,1,1,1,1,1,1,1,1,1,1,1,1,1,1,1,1,1,1,1,1,1,2,1
OTU_6334,1,1,1,1,1,1,1,1,1,1,1,1,1,1,1,1,1,1,1,1,1,1,1,1,1,1,1,1,1,1,1,1,1,1,1,1,1,1,1,1,1,1,1,1,1,1,1,1,1,1
OTU_6335,1,1,1,1,1,1,1,1,6,22,1,1,1,14,12,4,1,2,2,7,1,10,77,3,1,1,1,2,1,1,1,2,1,57,1,2,1,1,1,250,1,3,2,5,7,3,3,1,1,1
OTU_6336,1,1,1,1,1,1,1,1,1,1,1,1,1,2,1,1,1,1,1,1,1,1,1,1,1,1,1,1,1,1,1,1,1,1,1,1,1,1,1,1,1,1,1,1,1,1,1,1,1,1
OTU_6337,1,1,1,1,1,1,1,1,1,1,1,1,1,1,1,1,1,1,1,1,1,1,1,1,1,1,1,1,1,1,1,1,1,1,1,1,1,1,1,1,1,1,1,1,1,1,1,1,1,1
OTU_6338,1,1,1,1,1,1,1,1,1,1,1,1,1,14,1,1,1,1,7,1,1,1,1,1,1,1,1,1,1,1,1,1,1,2,1,1,1,1,1,1,1,1,1,3,257,1,1,1,1,1
OTU_6339,1,1,1,1,1,1,2,4,1,5,1,1,1,1,1,24,1,1,1,1,1,5,1,1,1,1,1,1,1,1,8,1,1,1,1,1,1,1,1,2,1,1,77,3,1,1,1,1,12,1
OTU_6340,1,1,1,1,1,1,1,1,1,1,1,1,1,1,1,1,1,1,1,1,1,1,1,1,1,1,1,1,1,1,1,1,1,1,1,1,1,1,1,1,1,1,1,1,1,1,1,1,1,1
OTU_6341,1,1,1,1,1,1,1,1,1,1,1,1,1,1,1,1,1,1,1,1,1,1,1,1,1,1,1,1,1,1,1,1,1,1,1,1,1,1,1,1,1,1,1,4,1,1,1,1,1,1
OTU_6342,1,1,1,1,1,1,1,1,1,1,1,1,1,1,1,1,1,1,1,1,1,1,1,1,1,1,1,1,1,1,1,1,1,1,1,1,1,1,1,1,1,1,1,1,1,1,1,1,1,1
OTU_6343,35,22,1,1,6,14,1,6,10,8,22,1,2,1,1,1,9,3,73,66,2,181,1,2,16,23,1,1,1,159,44,1,22,45,1,1,20,12,1,55,1,1,1,1,6,1,40,4,1,72
OTU_6344,1,1,1,1,1,1,1,1,1,1,1,1,1,1,1,1,1,1,1,1,1,1,1,1,1,1,1,1,1,1,1,1,1,1,1,1,1,1,1,1,1,1,1,1,1,1,1,1,1,1
OTU_6345,42,1,1,246,3,20,2,63,5,55,1,121,79,309,37,8,77,2,77,1,74,56,1,3,7,1,477,129,75,75,1,7,6,1,54,1,1,19,5,7,1,1,10,17,2,28,79,339,13,1
OTU_6346,3,354,6,1,2,184,301,168,213,18,94,15,6,92,33,178,3,14,7,108,184,5,33,2,226,31,23,145,32,135,153,35,108,436,58,19,70,49,267,20,80,1,227,61,28,82,33,3,55,119
OTU_6347,1,1,1,1,1,1,1,1,1,1,1,1,1,1,1,1,1,1,1,1,1,1,1,1,1,1,1,1,1,1,1,1,1,1,1,1,1,1,1,1,1,1,1,1,1,1,1,1,1,1
OTU_6348,1,1,1,1,1,1,1,1,1,1,1,1,1,1,1,1,1,1,1,1,1,1,1,1,1,1,1,1,1,1,1,1,1,1,1,1,1,1,1,1,1,1,1,1,1,1,1,1,1,1
OTU_6349,2,1,5,1,1,1,1,11,8,15,73,126,1,2,1,1,34,1,1,4,1,1,2,1,1,1,1,3,3,1,9,10,1,2,1,2,1,72,2,1,3,366,11,1,5,2,332,1,37,3
OTU_6350,75,4,165,20,77,5,82,4,50,27,7,3,300,2,4,44,58,10,84,95,1,18,55,10,142,32,4,192,4,109,200,352,30,98,8,84,6,134,11,220,43,9,60,115,60,84,62,252,49,446
OTU_6351,9,1,1,3,1,1,1,1,1,1,1,1,1,1,1,1,1,1,1,1,1,1,1,1,1,1,1,1,1,1,1,1,1,1,1,1,1,1,1,1,1,1,1,1,1,1,1,1,1,1
OTU_6352,1,5,7,1,31,1,1,15,1,1,1,82,259,1,55,1,1,1,1,17,1,1,72,1,48,1,1,8,1,1,1,7,1,2,1,1,1,1,1,11,20,195,1,1,14,1,1,1,1,1
OTU_6353,1,1,21,7,35,10,1,526,1,4,48,1,4,9,21,171,90,20,26,39,9,3,91,70,6,5,54,3,5,84,5,161,1,6,3,45,2,3,17,2,18,4,1,2,5,12,283,27,122,6
OTU_6354,1,1,1,1,1,1,1,1,1,1,1,1,1,1,1,1,1,1,1,1,1,1,1,1,1,1,1,1,1,1,1,1,1,1,1,1,1,1,1,1,1,1,1,1,1,1,1,1,1,1
OTU_6355,4,3,1,1,1,1,1,1,24,12,2,15,8,1,1,4,1,1,1,16,1,1,1,125,1,43,1,1,20,1,36,1,1,1,1,1,1,17,1,1,1,5,1,1,1,1,1,1,1,1
OTU_6356,1,1,1,7,1,1,1,92,1,1,1,1,1,1,1,1,1,27,1,4,1,1,1,1,1,1,1,1,10,1,1,1,1,1,1,1,1,1,1,1,1,17,1,1,1,1,2,1,1,10
OTU_6357,4,1,29,42,12,1,46,1,69,2,2,8,5,202,5,101,7,1,41,105,43,3,136,21,30,5,9,18,2,1,17,24,23,184,13,3,85,34,3,1,93,86,1,26,24,1,12,110,1,3
OTU_6358,1,3,1,18,1,1,1,1,1,1,5,1,1,1,1,1,1,1,1,1,1,1,1,8,2,1,1,1,1,1,1,1,1,1,1,1,1,1,1,1,1,2,1,2,26,1,623,26,1,12
OTU_6359,1,1,1,1,1,1,1,1,1,1,1,1,1,1,1,1,1,1,1,1,1,1,1,1,1,1,1,1,1,1,1,1,1,1,1,1,1,1,1,1,1,1,1,1,1,1,1,1,1,1
OTU_6360,1,1,1,1,1,1,1,1,1,1,1,1,1,1,1,1,1,1,1,1,1,1,1,1,1,1,1,1,1,1,1,1,1,1,1,1,1,1,1,1,1,1,1,1,1,1,1,1,1,1
OTU_6361,1,1,9,1,1,1,1,1,1,1,1,1,1,1,1,1,1,1,1,1,1,2,1,1,1,1,1,1,1,1,1,1,1,1,1,1,1,1,1,1,2,1,1,1,1,1,1,1,1,1
OTU_6362,1,1,1,1,1,1,1,1,1,1,1,1,1,1,1,1,1,1,1,1,1,1,1,1,1,1,1,1,1,1,1,1,1,1,1,1,1,1,1,1,1,1,1,1,1,1,1,1,1,1
OTU_6363,1,1,1,1,1,1,1,1,1,1,1,1,1,1,1,1,1,1,1,1,1,1,1,1,1,1,1,1,1,1,1,1,1,1,1,1,1,1,1,1,1,1,1,1,1,1,1,1,1,1
OTU_6364,1,1,1,1,1,1,1,1,1,1,1,1,1,1,1,1,1,1,1,1,1,1,1,1,1,1,1,1,1,1,1,1,1,1,1,1,1,1,1,1,1,1,1,1,1,1,1,1,1,1
OTU_6365,1,1,1,1,1,1,1,1,1,1,1,1,1,1,1,1,1,1,1,1,1,1,1,1,1,1,1,1,1,1,1,1,1,1,1,1,1,1,1,1,1,1,1,1,1,1,1,1,1,1
OTU_6366,1,3,1,1,1,1,1,2,1,1,1,1,1,1,1,1,1,1,1,1,2,1,1,4,5,1,3,1,1,5,2,1,1,1,1,1,1,46,1,1,1,1,1,1,1,1,1,1,5,1
OTU_6367,1,1,1,1,1,1,1,1,1,1,1,1,1,1,1,1,1,1,1,1,1,1,1,1,1,1,1,1,1,1,1,1,1,1,1,1,1,1,1,1,1,1,1,1,1,1,1,1,1,1
OTU_6368,1,1,1,1,1,1,1,1,1,1,1,1,1,1,1,1,1,49,1,1,1,1,1,1,1,1,1,1,1,1,1,1,1,1,1,1,6,1,1,1,1,1,1,1,1,1,1,1,1,1
OTU_6369,1,1,1,1,1,1,1,1,1,1,1,1,1,1,1,1,1,1,1,1,1,1,1,1,1,1,1,1,1,1,1,1,1,1,1,1,1,1,1,1,1,1,1,1,1,1,1,1,1,1
OTU_6370,1,1,1,1,1,1,1,1,1,1,1,1,1,1,1,1,1,1,1,1,1,1,1,1,1,1,1,1,1,1,1,1,1,1,1,1,1,1,1,1,1,1,1,1,1,1,1,1,1,1
OTU_6371,1,1,1,1,1,1,1,1,1,1,1,1,1,1,1,1,1,1,1,1,1,1,1,1,1,1,1,1,1,1,1,1,1,1,1,1,1,1,1,1,1,1,1,1,1,1,1,1,1,1
OTU_6372,1,1,1,1,1,1,1,1,1,1,1,1,1,1,1,1,1,1,1,1,1,1,1,1,1,1,1,1,1,1,1,1,1,1,1,1,1,1,1,1,1,1,1,1,1,1,1,1,1,1
OTU_6373,26,1,59,20,26,4,2,167,25,1,1,19,1,62,15,1,21,1,4,1,1,212,23,1,8,3,103,17,2,3,42,71,5,2,179,1,41,190,1,3,44,52,4,38,4,16,1,65,46,1
OTU_6374,1,1,1,1,1,1,1,1,1,1,1,1,1,1,1,1,1,1,1,1,1,1,1,1,1,1,1,1,1,1,1,1,1,1,1,1,1,1,1,1,1,1,1,1,1,1,1,1,1,1
OTU_6375,1,1,1,1,1,1,1,1,1,1,1,1,1,1,1,1,1,1,1,1,1,1,1,1,1,1,1,1,1,1,1,1,1,1,1,1,1,1,1,1,1,1,1,1,1,1,1,1,1,1
OTU_6376,1,1,1,1,1,1,1,1,1,1,1,1,1,1,1,1,1,1,1,1,1,1,1,1,1,1,1,1,1,1,1,1,1,1,1,1,1,1,1,1,1,1,1,1,12,1,1,1,1,1
OTU_6377,1,1,1,1,1,1,1,1,1,1,1,1,1,1,1,1,1,1,1,1,1,1,1,1,1,1,1,1,1,1,1,1,1,1,1,1,1,1,1,1,1,1,1,1,1,1,1,1,1,1
OTU_6378,1,1,1,1,1,1,1,1,1,1,1,1,1,1,1,1,1,1,1,1,1,1,1,1,1,1,1,1,1,1,1,1,1,1,1,1,1,1,1,1,1,1,1,1,1,1,1,1,1,1
OTU_6379,1,1,1,2,1,1,1,1,1,1,1,1,1,1,1,1,1,1,1,1,1,32,1,3,1,1,1,1,1,1,1,1,1,1,1,1,1,1,1,1,1,1,1,1,1,1,2,1,1,1
OTU_6380,1,1,1,1,1,1,1,1,1,1,1,1,1,1,1,1,1,1,1,1,1,1,1,1,1,1,1,1,1,1,1,1,1,1,1,1,1,1,1,1,1,1,1,1,1,1,1,1,1,1
OTU_6381,1,1,1,1,1,1,1,1,1,1,1,1,1,1,1,1,1,1,1,1,1,1,1,1,1,1,1,1,1,1,1,1,1,1,1,1,1,1,1,1,1,1,1,1,1,1,1,1,1,1
OTU_6382,1,1,1,1,1,1,1,1,1,1,1,1,1,1,1,1,1,1,1,1,1,1,1,1,1,1,1,1,1,1,1,1,1,1,1,1,1,1,1,1,1,1,1,1,1,1,1,1,1,1
OTU_6383,346,3,3,39,253,141,182,1,19,10,122,321,50,18,193,7,6,74,3,1,12,11,50,726,60,44,6,11,30,186,279,1,45,4,251,39,46,200,28,14,84,300,1,315,8,42,19,160,9,6
OTU_6384,1,1,1,1,1,1,1,1,1,1,1,1,1,1,1,1,1,1,1,1,1,1,1,1,1,1,1,1,1,1,1,1,1,1,1,1,1,1,1,1,1,1,1,1,1,1,1,1,1,1
OTU_6385,1,1,1,1,1,1,1,1,1,1,1,1,1,1,1,1,1,1,1,1,1,1,1,1,1,1,1,1,1,1,1,1,1,1,1,1,1,1,1,1,1,1,1,1,1,1,1,1,1,1
OTU_6386,1,1,1,1,1,1,1,1,1,1,1,1,1,1,1,1,1,1,1,1,1,1,1,1,1,1,1,1,1,1,1,1,1,1,1,1,1,1,1,1,1,1,1,1,1,1,1,1,1,1
OTU_6387,1,1,1,1,1,1,1,1,1,1,1,1,1,1,1,1,1,1,1,1,1,1,1,1,1,1,1,1,1,1,1,1,1,1,1,1,1,1,1,1,1,1,1,1,1,1,1,1,1,1
OTU_6388,38,1,1,1,1,1,1,1,1,1,1,43,5,1,1,1,3,1,1,1,1,1,1,1,1,3,1,2,1,1,76,1,1,1,1,1,100,1,1,75,1,1,1,1,1,1,1,1,1,1
OTU_6389,1,5,1,1,1,1,1,1,1,1,1,2,1,24,1,1,1,1,1,1,1,1,1,1,1,1,1,1,15,1,1,1,1,1,1,1,1,1,1,1,1,1,1,1,1,1,1,1,1,1
OTU_6390,1,1,12,109,1,3,3,1,29,1,1,47,1,1,1,1,5,1,1,1,1,1,1,1,2,1,6,1,1,1,1,1,1,5,1,25,1,1,1,1,1,1,2,1,1,1,69,1,1,1
OTU_6391,1,1,1,1,1,1,1,1,1,1,1,1,1,1,1,1,1,1,1,1,1,1,1,1,1,1,1,1,1,1,1,1,1,1,1,1,1,1,1,1,1,1,1,1,1,1,1,1,1,1
OTU_6392,1,1,1,1,1,1,1,1,64,1,1,1,1,1,1,1,1,1,1,1,1,1,1,1,1,1,1,1,1,1,7,1,1,1,1,1,1,1,1,1,1,1,1,1,1,1,1,1,1,89
OTU_6393,1,1,1,1,1,1,1,1,1,1,1,1,1,1,1,1,1,1,1,1,1,1,1,1,1,1,1,1,1,1,1,1,1,1,1,1,1,1,1,1,1,1,1,1,1,1,1,1,1,1
OTU_6394,1,1,1,1,1,1,1,1,1,1,1,1,1,1,1,1,1,1,1,1,1,1,1,1,1,1,1,1,1,1,1,1,1,1,1,1,1,1,1,1,1,1,1,1,1,1,1,1,1,1
OTU_6395,226,203,472,236,294,102,263,130,443,76,797,404,404,42,80,95,361,440,225,461,135,377,109,335,591,357,54,426,81,595,346,120,325,398,438,542,239,177,279,263,86,408,129,313,349,177,74,284,165,546
OTU_6396,1,23,1,1,2,1,1,21,2,1,39,1,1,1,1,1,1,1,1,1,1,1,1,1,1,1,1,6,1,1,1,1,1,2,1,1,1,1,1,1,1,1,1,1,1,1,1,1,1,1
OTU_6397,1,1,2,1,1,1,1,3,1,29,16,2,1,1,1,1,1,1,1,1,93,1,9,1,5,1,1,1,1,1,1,1,15,1,2,1,33,1,44,1,1,1,9,1,1,1,1,1,1,1
OTU_6398,1,1,1,1,1,1,1,1,1,1,1,1,1,1,1,1,1,1,264,1,1,1,1,1,1,1,1,1,1,1,1,1,11,1,1,1,1,1,1,1,13,1,1,1,1,1,1,2,1,2
OTU_6399,1,1,77,1,126,2,1,5,29,1,1,1,308,1,17,1,1,1,1,1,5,1,8,1,1,1,1,1,2,1,1,27,73,1,1,42,1,1,50,1,31,1,3,7,3,55,2,1,1,23
OTU_6400,1,1,1,1,1,1,1,1,1,1,1,1,1,1,1,1,1,1,1,1,1,1,1,1,1,1,1,1,1,1,1,1,1,1,1,1,1,1,1,1,1,1,1,1,1,1,1,1,1,1
OTU_6401,43,64,239,87,17,1,139,33,29,49,66,5,165,4,68,17,1,20,539,26,80,204,6,300,9,3,117,46,1,17,347,566,22,15,8,120,238,4,230,1,210,6,168,214,447,35,2,102,72,310
OTU_6402,68,18,1,1,16,22,8,11,1,55,177,1,1,8,269,1,76,1,3,2,1,17,2,33,1,1,1,106,1,2,144,7,1,80,4,98,1,153,43,9,2,56,76,1,10,594,2,49,1,31
OTU_6403,1,19,1,1,1,1,1,1,1,1,1,1,1,1,1,1,1,1,1,1,1,1,1,1,1,1,1,1,1,1,1,1,1,1,1,1,1,1,1,1,1,1,1,1,1,1,1,1,1,1
OTU_6404,1,1,1,1,1,1,1,1,1,1,1,1,1,1,1,1,1,1,1,1,1,1,1,1,1,1,1,1,1,1,1,1,1,1,1,1,1,1,1,1,1,1,1,1,1,1,1,1,1,1
OTU_6405,1,1,1,1,1,1,1,1,1,1,1,1,1,1,1,1,1,1,1,1,1,1,1,1,1,1,1,1,1,1,1,1,1,1,1,1,1,1,1,1,1,1,1,1,1,1,1,1,1,1
OTU_6406,1,1,1,1,1,1,1,1,1,1,1,1,1,1,1,1,1,1,1,1,1,1,1,1,1,1,1,1,1,18,1,1,1,1,1,1,1,1,1,1,1,1,1,1,1,1,1,1,1,2
OTU_6407,1,1,1,1,1,1,1,1,1,1,1,1,1,1,1,1,1,1,1,1,1,1,1,1,1,1,1,1,1,1,1,1,1,1,1,1,1,1,1,1,1,1,1,1,1,1,1,1,1,1
OTU_6408,1,1,1,1,1,1,1,1,1,1,1,1,1,1,52,1,1,1,1,1,1,1,1,1,1,1,1,1,1,1,1,1,1,1,1,1,1,1,1,1,1,1,1,1,1,1,1,1,1,1
OTU_6409,1,1,1,1,1,1,1,1,1,1,1,1,1,1,1,1,1,1,1,1,1,1,1,1,1,1,1,1,1,1,1,1,1,1,1,1,1,1,1,1,1,1,1,1,1,1,1,1,1,1
OTU_6410,1,1,1,1,1,1,1,1,1,1,1,1,1,1,1,1,1,1,1,1,1,1,1,1,1,1,1,1,1,1,1,1,1,1,1,1,1,1,1,1,1,1,1,1,1,1,1,1,1,1
OTU_6411,1,1,1,1,1,1,1,1,1,1,1,1,1,1,1,1,1,1,2,1,1,1,1,1,1,1,1,1,1,1,1,1,1,1,1,1,1,1,1,1,1,1,1,1,1,1,1,1,1,1
OTU_6412,1,1,1,1,1,1,1,1,1,1,1,1,1,1,1,1,1,1,1,1,1,1,1,1,1,1,1,1,1,1,1,1,1,1,1,1,1,1,1,1,1,1,1,1,1,1,1,1,1,1
OTU_6413,1,1,1,1,1,1,1,1,1,1,1,1,1,1,1,1,1,1,1,1,1,1,1,1,1,1,1,1,1,1,1,1,1,1,1,1,1,1,1,1,1,1,1,1,1,1,1,1,1,1
OTU_6414,1,1,1,1,1,1,1,1,1,1,1,1,1,5,1,1,1,1,1,1,1,1,1,1,1,1,1,1,1,1,1,1,1,1,1,1,1,1,1,1,1,1,1,1,1,1,1,1,1,1
OTU_6415,1,1,1,1,1,1,1,1,1,1,1,1,1,1,1,1,1,1,1,1,1,1,1,1,1,1,1,1,1,1,1,1,1,1,1,1,1,1,1,1,1,1,1,1,1,1,1,1,1,1
OTU_6416,1,1,1,1,1,1,1,1,1,1,1,1,1,1,1,1,1,1,1,1,1,1,1,1,1,1,1,1,1,1,1,1,1,1,1,1,1,1,1,1,1,1,1,1,1,1,1,1,1,1
OTU_6417,1,1,1,1,1,1,1,1,1,1,1,1,1,1,1,1,1,1,1,1,1,1,1,1,1,1,1,1,1,1,1,1,1,1,1,1,1,1,1,1,1,1,1,1,1,1,1,1,1,1
OTU_6418,1,1,1,1,1,1,1,1,1,1,1,1,1,1,1,1,1,1,1,1,1,1,1,1,1,1,1,1,1,1,1,1,1,1,1,1,1,1,1,1,1,1,1,1,1,1,1,1,1,1
OTU_6419,1,1,1,1,1,1,1,1,1,1,1,1,1,1,1,1,1,1,1,1,1,1,1,1,1,1,1,1,1,1,1,1,1,1,1,1,1,1,1,1,1,1,1,1,1,1,1,1,1,1
OTU_6420,86,105,93,20,132,212,863,118,30,176,98,27,127,148,12,151,54,447,47,218,10,81,515,278,806,572,42,8,138,184,235,100,230,395,183,173,156,289,93,52,97,12,46,34,179,350,210,43,357,200
OTU_6421,51,1,1,2,1,1,1,5,1,5,1,1,1,1,1,1,1,1,1,2,1,10,4,1,1,1,2,34,1,1,1,24,44,1,80,133,1,53,258,1,2,1,1,1,3,1,1,1,1,1
OTU_6422,1,1,1,1,1,1,1,1,1,1,1,1,1,1,1,1,1,1,1,1,1,1,1,1,1,1,1,1,1,1,1,1,1,1,1,1,1,1,1,1,1,1,1,1,1,1,1,1,1,1
OTU_6423,1,1,1,1,1,1,1,1,1,1,1,1,1,1,1,1,1,1,1,1,1,1,1,1,1,1,1,1,1,1,1,1,1,1,1,1,1,1,1,1,1,1,1,1,1,64,1,1,1,1
OTU_6424,1,1,1,1,1,1,1,1,1,1,1,1,1,1,1,1,1,1,1,1,1,1,1,1,1,1,1,1,1,1,1,1,1,1,1,1,1,1,1,1,1,1,1,1,1,1,1,1,1,1
OTU_6425,1,1,1,1,1,1,1,1,1,1,1,1,1,1,1,1,1,1,1,1,1,1,1,1,1,1,1,1,1,1,1,1,1,1,1,1,1,1,1,1,1,1,1,1,1,1,1,1,1,1
OTU_6426,1,1,1,1,1,1,1,1,1,1,1,1,1,1,1,1,1,1,1,1,1,1,1,1,1,1,1,1,1,1,1,1,1,1,1,1,1,1,1,1,1,1,1,1,1,1,1,1,1,1
OTU_6427,1,1,1,1,1,1,1,1,1,1,1,1,1,1,1,1,1,1,1,1,1,1,1,1,1,1,1,1,1,1,1,1,1,1,1,1,1,1,1,1,1,1,1,1,1,1,1,1,1,1
OTU_6428,1,1,1,1,1,1,1,1,1,1,1,1,1,1,1,1,1,1,1,1,1,1,1,1,1,1,1,1,1,1,1,1,1,1,1,1,1,1,1,1,1,1,1,1,1,1,1,1,1,1
OTU_6429,1,124,1,1,1,1,1,1,5,1,1,1,1,1,1,1,1,4,1,1,1,1,1,48,1,1,1,50,1,1,1,3,1,1,1,1,1,1,2,1,1,1,3,46,1,1,1,4,1,1
OTU_6430,1,1,1,1,1,1,1,1,1,1,1,1,1,1,1,1,1,1,1,1,1,1,1,1,1,1,1,1,1,1,1,1,1,1,1,1,1,1,1,1,1,1,1,1,1,1,1,1,1,1
OTU_6431,1,1,1,1,1,1,1,1,1,1,1,1,1,1,1,1,1,1,1,1,1,1,1,1,1,1,1,1,1,1,1,1,1,1,1,1,1,1,1,1,1,1,1,1,1,1,1,1,1,1
OTU_6432,484,328,62,492,98,712,271,167,381,286,148,18,36,342,1076,163,174,318,129,90,216,19,208,185,158,484,98,1424,284,366,74,165,233,65,377,312,267,256,152,140,125,208,364,215,40,193,163,171,872,130
OTU_6433,1,1,1,1,1,1,1,1,1,1,1,1,1,1,1,1,1,1,1,1,1,1,1,1,1,1,1,1,1,1,1,1,1,1,1,1,1,1,1,1,1,1,1,1,1,1,1,1,1,1
OTU_6434,1,1,1,1,1,1,1,1,1,76,1,1,1,1,1,1,1,1,1,1,1,1,1,1,1,1,72,1,1,1,1,1,1,1,1,1,1,1,1,21,1,1,1,1,1,1,1,1,1,1
OTU_6435,1,1,1,1,1,1,1,1,1,1,1,1,1,1,1,1,1,1,1,1,1,1,1,1,1,1,1,1,1,1,1,1,2,1,1,1,1,1,1,1,1,1,1,1,1,1,1,1,1,1
OTU_6436,1,1,1,1,1,1,1,1,1,1,1,1,1,1,1,1,1,1,1,1,1,24,1,1,1,1,1,1,1,1,1,1,1,1,1,1,1,1,1,1,1,1,1,1,1,1,1,1,1,1
OTU_6437,1,1,1,24,1,10,1,34,1,1,8,1,1,1,1,1,1,1,1,1,1,1,1,1,1,4,1,1,1,1,1,1,1,1,1,1,1,1,1,1,1,1,1,15,1,1,3,1,1,1
OTU_6438,1,1,1,1,1,1,1,1,1,1,1,1,1,1,1,1,1,1,1,1,1,1,1,1,1,1,1,1,1,1,1,1,1,1,1,1,1,1,1,1,1,1,1,1,1,1,1,1,1,1
OTU_6439,1,1,1,1,1,1,1,1,1,1,1,1,1,1,1,1,1,1,1,1,1,1,1,1,1,1,1,1,1,1,1,1,1,1,1,1,1,1,1,1,1,1,1,1,1,1,1,1,1,1
OTU_6440,1,1,1,1,1,1,1,1,1,1,1,1,1,1,1,1,1,1,1,1,1,1,1,1,1,1,1,1,1,1,1,1,1,1,1,1,1,1,1,1,1,1,1,1,1,1,1,1,1,1
OTU_6441,1,1,1,1,1,1,1,1,1,1,1,1,1,1,1,1,1,1,1,1,1,1,1,1,1,1,1,1,1,1,1,1,1,1,1,1,1,1,1,1,1,1,1,1,1,1,1,1,1,1
OTU_6442,1,1,1,1,1,1,1,1,1,1,1,1,1,1,1,1,1,1,1,1,1,1,1,1,1,71,1,1,1,1,1,1,1,1,4,1,1,1,1,1,1,1,1,1,1,1,1,1,1,1
OTU_6443,130,1,1,1,1,1,1,2,1,1,156,1,15,1,1,1,10,1,1,1,1,82,1,1,1,1,1,1,1,1,1,1,1,24,1,60,1,1,1,9,1,1,1,4,1,1,2,70,6,1
OTU_6444,1,1,1,1,1,1,1,45,2,1,1,1,1,1,1,1,1,1,1,1,1,1,1,1,1,1,1,1,1,1,1,1,1,1,1,1,1,1,1,1,1,1,1,1,1,1,1,1,1,1
OTU_6445,2,1,1,1,4,1,1,1,1,1,124,1,1,1,37,1,34,172,1,1,65,1,53,1,2,114,1,46,158,1,1,1,1,17,1,1,74,74,1,1,1,13,12,10,1,28,7,9,1,1
OTU_6446,1,1,1,1,1,1,1,1,1,1,1,1,1,1,1,1,1,1,1,1,1,1,1,1,1,1,1,1,1,1,1,1,1,1,1,1,1,1,1,1,1,1,1,1,1,1,1,1,1,1
OTU_6447,1,1,1,1,1,1,1,1,1,1,1,1,1,1,1,1,1,1,1,1,1,1,1,1,1,1,1,1,1,1,1,1,1,1,1,1,1,1,1,1,1,1,1,1,1,1,1,1,1,1
OTU_6448,1,1,1,1,1,1,1,1,1,1,1,1,1,1,1,1,1,1,1,1,1,1,1,1,1,1,1,1,1,1,1,1,1,1,1,1,1,1,1,1,1,1,1,1,1,1,1,1,1,1
OTU_6449,1,1,1,1,1,1,1,1,1,1,1,1,1,1,1,1,1,1,1,1,1,1,1,1,1,1,1,1,12,1,1,1,1,1,1,1,1,1,1,1,1,1,1,1,1,1,1,1,1,1
OTU_6450,1,1,1,1,1,1,1,1,1,1,1,1,1,1,1,1,1,1,1,1,1,1,1,1,1,1,1,1,1,1,1,1,1,1,1,1,1,1,1,1,1,1,1,1,1,1,1,1,1,1
OTU_6451,1,1,1,1,1,1,1,1,1,1,1,1,1,1,1,1,1,1,1,1,1,1,1,1,1,1,1,1,1,1,1,1,1,1,1,1,1,1,1,1,1,1,1,1,1,1,1,1,1,1
OTU_6452,1,1,1,1,1,1,1,1,1,1,1,1,1,1,1,1,1,1,1,1,1,1,1,1,1,1,1,1,1,1,1,1,1,1,1,1,1,1,1,1,1,1,1,1,1,1,1,1,1,1
OTU_6453,1,1,1,1,1,1,1,1,1,1,1,1,1,1,1,1,1,1,1,1,1,1,1,1,1,1,1,1,1,1,1,1,1,1,1,1,1,1,1,1,1,1,1,1,1,1,1,1,1,1
OTU_6454,1,1,1,1,1,1,1,1,1,1,1,1,1,1,1,1,1,1,1,1,1,1,1,1,1,1,1,1,1,1,1,1,1,1,1,1,1,1,1,1,1,1,1,1,1,1,1,1,1,1
OTU_6455,1,125,9,68,133,168,13,60,353,2,1,2,84,54,6,5,20,1,33,87,47,1,5,40,8,299,43,6,64,398,7,346,278,10,1,1,13,5,28,9,22,52,1,1,86,126,281,383,301,92
OTU_6456,1,1,2,7,1,71,1,4,3,1,1,1,17,1,22,1,10,1,1,1,1,1,1,10,35,1,1,1,1,8,1,1,29,52,1,1,1,2,6,2,1,1,2,1,1,1,1,1,1,37
OTU_6457,1,1,1,1,1,1,1,1,1,1,1,1,1,1,1,1,1,1,1,1,1,1,1,1,1,1,1,1,1,14,1,1,1,1,1,1,1,1,1,1,1,1,1,1,1,1,1,1,1,1
OTU_6458,1,1,1,1,1,1,1,1,1,1,1,1,1,1,1,1,1,1,1,1,1,1,1,1,1,1,1,1,1,1,1,1,1,1,1,1,1,1,1,1,1,1,1,1,1,1,1,1,1,1
OTU_6459,1,1,1,1,1,1,1,1,1,1,1,1,1,1,1,1,1,1,1,1,1,1,1,1,1,1,1,1,1,1,1,1,1,1,1,1,1,1,1,1,1,1,1,1,1,1,1,1,1,1
OTU_6460,408,55,1,2,1,16,5,1,7,6,108,1,3,14,5,1,51,35,51,1,4,58,4,20,1,198,50,1,47,5,2,99,2,17,54,2,8,8,4,38,3,2,1,16,1,27,6,11,1,2
OTU_6461,1,4,10,1,1,1,13,110,1,67,1,1,1,1,1,1,2,62,1,58,252,1,9,1,1,21,1,42,13,1,1,125,1,1,1,19,1,1,1,1,1,1,1,1,3,92,1,27,6,303
OTU_6462,1,1,1,1,1,1,3,1,1,1,1,9,1,1,1,1,1,153,1,1,1,1,3,1,1,1,1,1,1,1,1,1,1,1,1,1,1,1,1,1,1,1,1,1,1,1,5,1,1,1
OTU_6463,1,1,1,1,1,1,1,1,1,1,1,1,1,1,1,1,1,1,1,1,1,1,1,1,1,1,1,1,1,1,1,1,1,1,1,1,1,1,1,1,1,1,1,1,1,1,1,1,1,1
OTU_6464,1,1,1,1,1,1,1,1,1,1,1,1,1,1,1,1,1,1,1,1,1,1,1,1,1,1,1,1,1,1,1,1,1,1,1,1,1,1,1,1,1,1,1,1,1,1,1,1,1,1
OTU_6465,1,1,1,1,1,1,1,1,1,1,1,1,1,1,1,1,1,1,1,1,1,1,1,1,1,1,1,1,1,1,1,1,1,1,1,1,1,1,1,1,1,1,1,1,1,1,1,1,1,1
OTU_6466,1,1,1,1,1,1,1,1,1,1,1,1,1,1,1,1,1,1,1,1,1,1,1,1,1,1,1,1,1,1,1,1,1,1,1,1,1,1,1,1,1,1,1,1,1,1,1,1,1,1
OTU_6467,1,1,1,2,1,1,7,3,1,1,28,3,1,4,10,1,1,1,1,1,1,1,1,140,1,1,1,5,1,1,1,1,6,1,2,13,1,20,1,107,2,1,1,1,1,1,1,21,12,1
OTU_6468,1,1,1,1,1,1,1,1,1,1,1,1,1,1,1,1,1,1,1,1,1,1,1,1,1,1,1,1,1,1,1,1,1,1,1,1,1,1,1,1,1,1,1,1,1,1,1,1,1,1
OTU_6469,1,1,1,1,1,1,1,1,1,1,1,1,1,1,1,1,1,1,1,1,1,1,1,1,1,1,1,1,1,1,1,1,1,1,1,1,1,1,1,1,1,1,1,1,1,1,1,1,1,1
OTU_6470,1,1,1,1,1,1,1,1,1,1,1,1,1,1,1,1,1,1,1,1,1,1,1,1,1,1,1,1,1,2,1,1,1,1,1,1,1,1,1,1,1,1,1,1,1,1,1,1,1,1
OTU_6471,1,1,1,1,1,1,1,1,1,1,1,1,1,1,1,1,1,1,1,1,1,1,1,1,1,1,1,1,1,1,1,1,1,1,1,1,1,1,1,1,1,1,1,1,1,1,1,1,1,1
OTU_6472,1,36,1,7,1,2,141,77,27,1,1,9,1,29,8,33,3,19,1,21,2,23,1,1,5,90,1,1,105,1,1,7,1,7,1,110,2,4,295,76,2,190,167,1,4,1,1,1,55,12
OTU_6473,1,1,1,1,1,1,1,1,1,1,1,1,1,1,1,1,1,1,1,1,1,1,1,1,1,1,1,1,1,1,1,1,1,1,1,1,1,1,1,1,1,1,1,1,1,1,1,1,1,1
OTU_6474,1,1,1,1,1,1,1,1,1,1,1,1,1,1,1,1,1,1,1,1,1,1,1,1,1,1,1,1,1,1,1,1,1,1,1,1,1,1,1,1,1,1,1,1,1,1,1,1,1,1
OTU_6475,1,1,1,1,1,1,1,1,1,1,1,1,1,1,1,1,1,1,1,1,1,1,1,1,1,1,1,1,1,1,1,1,1,1,1,1,1,1,1,1,1,1,1,1,1,1,1,1,1,1
OTU_6476,1,1,1,1,1,1,1,1,1,1,1,1,1,1,1,1,1,1,1,1,1,1,1,1,1,1,1,1,1,1,1,1,1,1,1,1,1,1,1,1,1,1,1,1,1,1,1,1,1,1
OTU_6477,1,1,1,1,1,1,1,1,1,1,1,1,1,1,1,1,1,1,1,1,1,1,1,1,1,1,1,1,1,1,1,1,1,1,1,1,1,1,1,1,1,1,1,1,1,1,1,1,1,1
OTU_6478,1,1,1,1,1,1,1,1,1,1,1,1,1,1,1,1,1,1,1,1,1,1,1,1,1,1,1,1,1,1,1,1,1,1,1,1,1,1,1,1,1,1,1,1,1,1,1,1,1,1
OTU_6479,1,1,1,1,1,1,1,1,1,1,1,1,1,1,1,1,1,1,1,1,1,1,1,1,1,1,1,1,1,1,1,1,1,1,1,1,1,1,1,1,1,1,1,1,1,1,1,1,1,1
OTU_6480,1,1,1,1,1,1,1,1,1,1,1,3,1,1,1,2,26,1,1,1,1,1,1,1,1,1,1,1,1,4,1,1,1,1,1,1,1,30,1,1,1,1,1,3,1,1,1,1,1,1
OTU_6481,1,1,1,1,1,1,1,1,1,1,1,1,1,1,1,1,1,1,1,1,1,1,1,1,1,1,1,1,1,1,1,1,1,1,1,1,1,1,1,1,1,1,1,1,1,1,1,1,1,1
OTU_6482,1,1,1,1,1,1,1,1,1,1,1,1,1,1,1,1,1,1,1,1,1,1,1,1,1,1,1,1,1,1,1,1,1,1,1,1,1,1,1,1,1,1,1,1,1,1,1,1,1,1
OTU_6483,1,1,1,1,1,1,1,1,1,1,1,1,1,1,1,1,1,1,1,1,1,1,1,1,1,1,1,1,1,1,1,1,1,1,1,1,1,1,1,1,1,1,1,1,1,1,1,2,1,1
OTU_6484,1,1,1,1,1,1,1,1,1,1,1,1,1,1,1,1,1,1,1,1,1,1,1,1,1,1,1,1,1,1,1,1,1,1,1,1,1,1,1,1,1,1,1,1,1,4,1,1,1,1
OTU_6485,1,1,1,1,1,1,1,1,1,1,1,1,1,1,1,1,1,1,2,1,1,1,1,1,1,1,1,1,1,1,1,1,1,1,2,1,1,1,1,1,1,1,1,1,1,1,1,1,1,1
OTU_6486,1,1,1,1,1,1,1,1,1,1,1,1,1,1,1,1,1,1,1,1,1,1,1,1,1,1,1,1,1,1,1,1,1,1,1,1,1,1,1,1,1,1,1,1,1,1,1,1,1,1
OTU_6487,1,1,1,1,1,1,1,1,1,1,1,1,1,1,1,1,1,1,1,1,1,1,1,1,1,1,1,1,1,1,1,1,1,1,1,1,1,1,1,1,1,1,1,1,1,1,1,1,1,1
OTU_6488,1,1,1,1,1,1,1,1,1,1,1,1,1,1,1,1,1,1,1,1,1,1,1,1,1,1,1,1,1,1,1,1,1,1,1,1,1,1,1,1,1,1,1,1,1,1,1,1,1,1
OTU_6489,1,1,1,1,1,1,1,1,1,1,1,1,1,1,1,1,1,1,1,1,1,1,1,1,1,1,1,1,1,1,1,1,1,1,1,1,1,1,1,1,1,1,1,1,1,1,1,1,1,1
OTU_6490,258,831,253,416,288,180,66,84,79,132,56,10,324,264,85,537,122,145,81,251,502,212,65,68,59,344,558,579,657,123,57,91,377,11,164,277,176,246,207,151,35,144,96,118,639,132,129,120,525,178
OTU_6491,1,1,1,1,1,1,65,1,1,61,1,9,1,1,6,1,1,1,1,3,1,1,1,1,1,1,9,1,16,1,1,1,1,1,59,89,1,1,325,32,1,1,1,2,51,3,11,1,1,1
OTU_6492,1,1,1,1,1,1,1,1,1,1,1,1,1,1,1,1,1,1,1,1,1,1,1,1,1,1,1,1,1,1,1,1,1,1,1,1,1,1,1,1,1,1,1,1,1,1,1,1,1,1
OTU_6493,90,131,198,385,33,3,10,122,98,292,55,299,161,6,324,61,45,513,101,42,320,36,271,63,67,154,27,24,10,386,4,137,77,146,14,55,503,155,21,13,5,250,19,490,40,164,4,51,142,34
OTU_6494,1,273,4,13,1,1,3,158,75,1,29,1,1,1,60,1,84,35,1,2,5,2,17,1,1,3,19,4,39,3,8,1,1,6,1,35,19,1,47,1,13,1,1,1,2,1,1,17,1,1
OTU_6495,1,1,1,1,1,1,1,1,1,1,1,1,1,1,1,1,1,1,1,1,1,1,1,1,1,1,1,1,1,1,1,1,1,1,1,1,1,1,1,1,1,1,1,1,1,1,1,1,16,1
OTU_6496,1,1,1,1,1,1,1,1,1,1,1,1,1,1,1,1,1,1,1,1,1,1,1,1,1,1,1,1,1,1,1,1,1,1,1,1,1,1,1,1,1,1,1,1,1,1,1,1,1,1
OTU_6497,21,1,210,6,1,22,3,20,23,1,2,1,2,1,1,147,2,50,1,78,2,1,6,2,1,1,1,149,17,55,1,121,49,2,1,1,4,3,1,37,1,1,1,1,62,125,1,172,71,22
OTU_6498,1,1,1,1,1,1,1,1,1,1,1,1,1,1,1,1,1,1,1,1,1,1,1,1,1,1,1,1,1,1,1,1,1,1,1,1,1,1,1,1,1,1,1,1,1,1,1,1,1,1
OTU_6499,64,6,1,2,11,12,2,414,1,1,22,11,9,92,1,22,4,94,17,218,32,1,6,4,1,22,129,18,24,1,1,1,1,47,134,1,3,18,21,59,1,8,31,1,95,33,80,1,6,75
OTU_6500,1,1,1,1,1,1,1,1,1,1,1,1,1,1,1,1,1,1,1,1,1,1,1,1,1,1,1,1,1,1,1,1,1,1,1,1,1,1,1,1,1,1,1,1,1,1,1,1,1,1
OTU_6501,1,1,1,1,1,1,1,1,1,1,1,1,1,1,1,1,1,1,1,1,1,1,1,1,1,1,1,1,1,1,1,1,1,1,1,1,1,1,1,1,1,1,1,1,1,1,1,1,1,1
OTU_6502,1,1,1,1,1,1,1,1,1,1,1,1,1,1,1,1,1,1,1,1,1,1,1,1,1,1,1,1,1,1,1,1,1,1,1,1,1,1,1,1,1,1,1,1,1,1,1,1,1,1
OTU_6503,1,1,1,1,1,1,1,1,1,1,1,1,1,1,1,1,1,1,1,1,1,1,1,1,1,1,1,1,1,1,1,1,1,1,1,1,1,1,1,1,1,1,1,1,1,1,1,1,1,1
OTU_6504,1,8,1,2,17,1,2,2,1,1,23,1,1,12,1,1,1,2,1,50,1,4,1,2,1,1,1,1,1,26,19,1,1,27,9,154,1,58,1,1,12,3,1,3,125,1,2,3,22,1
OTU_6505,45,296,99,8,17,73,6,136,15,363,16,199,84,131,30,87,26,2,2,219,160,73,76,85,69,138,99,359,35,113,436,32,16,456,1,15,41,70,53,81,112,208,28,44,8,124,37,9,172,219
OTU_6506,1,1,1,1,1,1,1,1,1,1,1,1,1,1,1,1,1,1,1,1,1,1,1,1,1,1,1,1,1,1,1,1,1,1,1,1,1,1,1,1,1,1,1,1,1,1,1,1,1,1
OTU_6507,1,1,1,1,1,1,1,1,1,1,1,1,1,1,1,1,1,1,1,1,1,1,1,1,1,1,1,1,1,1,1,1,1,1,1,1,1,1,1,1,1,1,1,1,1,1,1,1,1,1
OTU_6508,1,1,1,1,1,1,1,1,1,1,1,1,1,1,1,1,1,1,1,1,1,1,1,1,1,1,1,1,1,1,1,1,1,1,1,1,1,1,1,1,1,1,1,1,1,1,1,1,1,1
OTU_6509,1,1,1,1,1,1,1,1,1,1,1,1,1,1,1,1,1,1,1,1,1,1,1,1,1,1,1,1,1,1,1,1,1,1,1,1,1,1,1,1,1,1,1,1,1,1,1,1,1,1
OTU_6510,1,1,1,1,1,1,1,1,1,1,1,1,1,1,1,1,1,1,1,1,1,1,1,1,1,1,1,1,1,1,1,1,1,1,1,1,1,1,1,1,1,1,1,1,1,1,1,1,1,1
OTU_6511,1,1,1,1,1,1,1,1,1,1,1,1,1,1,1,1,1,1,1,1,1,1,1,1,1,1,1,1,1,1,1,1,1,1,1,1,1,1,1,1,1,1,1,1,1,1,1,1,1,1
OTU_6512,1,1,1,1,1,1,1,1,1,1,1,1,1,1,1,1,1,1,1,1,1,1,1,1,1,1,1,1,1,1,1,1,1,1,1,1,1,1,1,1,1,1,1,1,1,1,1,1,1,1
OTU_6513,1,1,2,1,17,1,9,1,1,1,1,1,1,1,24,1,1,5,1,1,1,1,1,1,26,1,103,1,1,1,1,1,1,1,1,5,1,1,1,1,1,1,1,1,1,1,1,1,1,1
OTU_6514,1,1,1,1,1,1,1,1,1,1,1,1,1,1,1,1,1,1,1,1,1,1,1,1,1,1,1,1,1,1,1,1,1,1,1,1,1,1,1,1,1,1,1,1,1,1,1,1,1,1
OTU_6515,1,1,1,1,1,1,1,1,1,1,1,1,1,1,1,1,1,1,1,1,1,1,1,1,1,1,1,1,1,1,1,1,1,1,1,1,1,1,1,1,1,1,1,1,1,1,1,1,1,1
OTU_6516,34,25,37,2,4,1,20,1,5,8,1,106,102,1,83,1,1,5,9,51,29,49,6,485,1,1,1,2,21,47,103,37,233,7,54,235,1,1,111,11,30,8,1,54,17,207,86,10,1,27
OTU_6517,813,33,48,300,10,69,6,472,301,135,162,7,120,108,442,221,166,22,278,379,272,463,137,131,154,48,156,846,25,22,151,134,26,86,188,369,57,173,297,187,199,106,12,140,190,500,334,330,346,28
OTU_6518,1,1,1,1,1,1,1,1,1,1,1,1,1,1,1,1,1,1,1,1,1,1,1,1,1,1,1,1,1,1,1,1,1,1,1,1,1,1,1,1,1,1,1,1,1,1,1,1,1,1
OTU_6519,1,1,1,1,1,1,1,1,1,1,1,1,1,1,1,1,1,1,1,1,1,1,1,1,1,1,1,1,1,1,1,1,1,1,1,1,1,1,1,1,1,1,1,1,1,1,1,1,1,1
OTU_6520,1,1,1,1,1,1,1,1,1,1,1,1,1,1,1,1,1,1,1,1,1,1,1,1,1,1,1,1,1,1,1,1,1,1,1,1,1,1,1,1,1,1,1,1,1,1,1,1,1,1
OTU_6521,3,4,26,23,1,212,1,13,1,44,1,1,2,1,1,1,1,1,71,240,10,1,1,1,10,23,9,1,1,1,1,1,1,1,1,1,1,1,1,1,1,2,2,2,96,39,2,1,1,1
OTU_6522,1,1,1,1,1,1,1,1,1,1,1,1,1,1,1,1,1,1,1,1,1,1,1,1,1,1,1,1,1,1,1,1,1,1,1,1,1,1,1,1,1,1,1,1,1,1,1,1,1,1
OTU_6523,51,9,12,180,94,49,84,10,5,10,137,84,7,13,6,2,98,26,17,36,50,7,8,108,3,56,137,4,43,2,15,130,4,215,6,20,1,1,39,2,100,1,37,11,117,455,31,78,3,85
OTU_6524,1,1,1,1,1,1,1,1,1,1,1,1,1,1,1,1,1,1,1,1,1,1,1,1,1,1,1,1,1,1,1,1,1,1,1,1,1,1,1,1,1,1,1,1,1,1,1,1,1,1
OTU_6525,1,1,1,1,1,1,1,1,1,1,1,1,1,1,1,1,1,1,1,1,1,1,1,1,1,1,1,1,1,1,1,1,1,1,1,1,1,1,1,1,1,1,1,1,1,1,1,1,1,1
OTU_6526,1,1,1,1,1,1,1,1,1,1,1,1,1,1,1,1,1,1,1,1,1,1,1,1,1,1,1,1,1,1,1,1,1,1,1,1,1,1,1,1,1,1,1,1,1,1,1,1,1,1
OTU_6527,1,1,1,1,1,1,1,1,1,5,1,8,1,1,1,1,1,1,1,1,1,1,77,66,1,1,1,1,1,190,1,1,1,1,1,1,60,1,1,1,1,1,1,1,1,1,1,1,1,1
OTU_6528,1,1,1,1,1,1,1,1,1,1,1,1,1,1,1,1,1,1,1,1,1,1,1,1,1,1,1,1,1,1,1,1,1,1,1,1,1,1,1,1,1,1,1,1,1,1,1,1,1,1
OTU_6529,2,15,283,1,234,41,1,167,61,9,25,1,123,18,1,4,3,137,325,49,39,1,1,6,36,13,4,8,20,13,33,4,8,52,19,1,11,12,6,1,1,52,93,5,1,19,102,19,2,1
OTU_6530,1,1,1,2,1,1,1,1,1,1,1,1,1,1,1,1,1,38,1,2,3,3,1,1,45,49,1,1,67,1,1,11,1,1,1,1,1,1,1,1,1,1,253,1,1,1,1,1,1,1
OTU_6531,1,1,1,1,1,1,1,1,1,1,1,1,1,1,1,1,1,1,1,1,1,1,1,1,1,1,1,1,1,1,1,1,1,1,1,1,1,1,1,1,1,1,1,1,1,1,1,1,1,1
OTU_6532,1,1,1,1,1,1,1,1,1,1,1,1,1,1,1,1,1,1,1,1,1,1,1,1,1,1,1,1,1,1,1,1,1,1,1,1,1,1,1,1,1,1,1,1,1,1,1,1,1,1
OTU_6533,1,2,1,1,1,1,1,1,1,1,1,1,1,1,1,1,1,1,1,1,1,1,1,1,1,1,1,1,1,1,1,1,1,1,1,1,1,1,1,1,1,1,1,1,1,1,1,1,1,1
OTU_6534,1,1,1,1,1,1,1,1,1,1,1,1,1,1,1,1,1,1,1,1,1,1,1,1,1,1,1,1,1,1,1,1,1,1,1,1,1,1,1,1,1,1,1,1,1,1,1,1,1,1
OTU_6535,1,1,1,1,1,1,1,1,1,1,1,1,1,1,1,1,1,1,1,1,1,1,1,1,1,1,1,1,1,1,1,1,17,1,1,1,1,1,1,1,1,1,1,1,1,1,1,1,1,1
OTU_6536,1,1,1,1,1,1,1,1,1,1,1,1,1,1,1,1,1,1,1,1,1,1,1,1,1,1,1,1,1,1,1,1,1,1,1,1,1,1,1,1,1,1,1,1,1,1,1,1,1,1
OTU_6537,1,1,1,1,1,1,1,1,1,1,1,1,1,1,1,1,1,1,1,1,1,1,1,1,1,1,1,1,1,1,1,1,1,1,1,1,1,1,1,1,1,1,1,1,1,1,1,1,1,1
OTU_6538,1,1,1,1,1,1,1,1,1,1,1,1,1,1,1,1,1,1,1,1,1,1,1,1,1,1,1,1,1,1,1,1,1,1,1,1,1,1,1,1,1,1,1,1,1,1,1,1,1,1
OTU_6539,1,1,1,1,1,1,1,1,1,1,1,1,1,1,1,1,1,1,1,1,1,1,1,1,1,1,1,1,1,1,1,1,1,1,1,1,1,1,1,1,1,1,1,1,1,1,1,1,1,1
OTU_6540,2,81,307,15,46,71,2,13,20,1,325,224,372,29,10,56,1,47,30,3,67,44,154,38,246,88,60,12,1,18,42,71,1,1,540,38,21,2,2,1,67,83,2,98,1,2,1,39,5,2
OTU_6541,1,1,1,1,1,1,1,1,1,1,1,1,1,1,1,1,1,1,1,1,1,1,1,1,1,1,1,1,1,1,1,1,1,1,1,1,1,1,1,1,1,1,1,1,1,1,1,1,1,1
OTU_6542,1,21,1,1,1,1,1,32,1,6,114,1,400,27,1,1,16,47,1,4,3,7,1,1,1,1,1,2,9,1,3,1,1,5,186,1,1,1,1,1,1,12,1,3,26,6,1,12,1,36
OTU_6543,11,48,55,1,101,14,71,2,21,108,22,87,1,25,9,1,14,12,37,7,38,25,308,84,412,239,40,23,260,40,19,2,12,36,65,54,11,63,492,128,43,176,86,7,1,159,5,5,142,263
OTU_6544,1,1,1,1,1,1,1,1,1,1,1,1,1,1,1,1,1,1,1,1,1,1,1,1,1,1,1,1,1,1,1,1,1,1,1,1,1,1,1,1,1,1,1,1,1,1,1,1,1,1
OTU_6545,1,1,1,1,1,1,1,1,1,1,1,1,1,1,1,1,1,1,1,1,1,1,1,1,1,1,1,1,1,1,1,1,1,1,1,1,1,1,1,1,1,1,1,1,1,1,1,1,1,1
OTU_6546,1,1,1,1,1,1,10,1,1,1,1,1,1,1,1,1,1,1,1,1,1,1,1,2,1,1,1,1,1,1,1,1,1,1,1,2,1,1,1,2,1,1,33,1,1,1,310,1,1,1
OTU_6547,1,1,1,1,1,1,1,1,1,1,1,1,1,1,1,1,1,1,1,1,1,1,1,1,1,1,1,1,1,1,2,1,1,1,1,1,1,1,1,1,1,1,1,1,1,1,1,1,1,1
OTU_6548,26,1,11,102,1,1,1,5,115,5,239,1,1,1,11,68,1,2,71,2,2,1,1,108,12,293,167,53,202,13,18,1,40,1,2,1,4,16,2,171,7,1,6,2,28,7,8,5,9,9
OTU_6549,58,115,18,1,1,51,17,2,2,1,1,1,1,10,29,1,18,1,1,1,15,8,9,3,1,17,2,2,2,133,7,1,2,1,29,1,93,1,21,2,1,9,91,198,31,19,4,62,1,196
OTU_6550,1,1,1,1,1,1,1,1,1,1,1,1,1,1,1,1,1,1,1,1,1,1,1,1,1,1,1,1,1,1,12,1,1,1,1,1,1,1,1,1,1,1,1,1,1,1,1,1,1,1
OTU_6551,1,1,1,1,2,1,1,1,1,1,90,1,1,15,1,1,1,13,40,1,31,1,1,1,1,2,1,141,2,1,2,3,1,1,1,567,8,1,1,1,1,2,1,14,1,1,3,7,1,1
OTU_6552,1,1,1,1,1,1,1,1,1,1,1,1,1,1,1,1,1,1,1,1,1,1,1,1,1,1,1,1,1,1,1,1,1,1,1,1,1,1,1,1,1,1,1,1,1,1,1,1,1,1
OTU_6553,1,1,1,1,1,1,1,1,1,1,1,1,1,1,1,1,1,1,1,1,1,1,1,1,1,1,1,1,1,1,1,1,1,1,1,1,1,1,1,1,1,1,1,1,1,1,1,1,1,1
OTU_6554,6,1,1,1,1,1,1,1,1,1,1,1,1,1,1,1,1,1,1,1,1,1,1,1,1,1,1,1,1,1,1,1,1,1,1,1,1,1,1,1,1,1,1,1,1,1,1,1,1,1
OTU_6555,1,1,1,1,1,1,1,1,1,1,1,1,1,1,1,1,1,1,1,1,1,1,1,1,1,1,1,1,1,1,1,1,1,1,1,1,1,1,1,1,1,1,1,1,1,1,1,1,1,1
OTU_6556,1,1,1,1,1,1,1,1,1,1,7,1,1,2,2,1,1,1,1,1,1,1,1,1,1,1,1,1,1,1,1,1,1,1,25,1,9,1,5,1,1,1,5,1,3,1,1,1,1,1
OTU_6557,1,1,1,1,1,1,1,1,1,1,1,1,1,1,1,1,1,1,1,1,1,1,1,1,1,1,1,1,1,1,1,1,1,1,1,1,1,1,1,1,1,1,1,1,1,1,1,1,1,1
OTU_6558,1,1,1,1,1,1,1,1,1,1,1,1,1,1,1,1,1,1,1,1,1,1,1,1,1,1,1,1,1,1,1,1,1,1,1,1,1,1,1,1,1,1,1,1,1,1,1,1,1,1
OTU_6559,1,1,1,1,1,1,1,1,1,1,1,1,1,1,1,1,1,1,1,1,1,1,1,1,1,2,1,1,1,1,1,1,1,1,1,1,1,1,1,1,1,1,1,1,1,1,1,1,1,1
OTU_6560,1,1,1,1,1,1,1,1,1,1,1,1,1,1,1,1,1,1,1,1,1,1,1,1,1,1,1,1,1,1,1,1,1,1,1,1,1,1,1,1,1,1,1,1,1,1,1,1,1,1
OTU_6561,17,1,1,88,1,1,1,1,2,6,12,1,1,1,1,1,242,1,62,1,1,1,1,1,1,1,1,1,1,1,31,16,41,1,2,6,1,5,18,1,9,1,1,1,1,466,1,3,1,1
OTU_6562,1,1,1,1,1,1,1,1,1,1,1,1,1,1,1,1,1,1,1,1,1,1,1,1,1,1,1,1,1,1,1,1,1,1,1,1,1,1,1,1,1,1,1,1,1,1,1,1,1,1
OTU_6563,1,1,1,1,1,1,1,1,1,1,1,1,1,1,1,1,1,1,1,1,1,1,1,1,1,1,1,1,1,1,1,1,1,1,1,1,1,1,1,1,1,1,1,1,1,1,1,1,1,1
OTU_6564,1,8,733,6,34,263,33,26,51,20,135,287,41,382,41,81,289,65,4,421,15,378,24,16,270,52,215,5,19,26,3,1,22,17,26,32,760,4,53,53,344,188,292,194,387,138,248,33,91,363
OTU_6565,93,11,80,32,13,30,164,248,1064,351,29,16,180,558,195,77,190,18,52,20,80,420,13,118,12,166,4,175,110,23,7,133,459,2,32,98,47,193,19,149,206,91,35,2,345,39,263,75,20,2
OTU_6566,1,1,1,1,1,1,1,1,1,1,1,1,1,1,1,1,1,1,1,1,1,1,1,1,1,1,1,1,1,1,1,1,1,1,1,1,1,1,1,1,1,1,1,1,1,1,1,1,1,1
OTU_6567,1,1,1,1,1,1,1,1,1,1,46,1,1,1,1,1,1,1,1,1,1,1,6,3,1,1,127,1,2,1,1,1,1,1,1,1,1,1,1,1,1,1,1,1,40,1,1,1,1,1
OTU_6568,1,1,1,1,1,1,1,1,1,1,171,1,1,1,3,1,1,1,4,1,1,1,1,1,1,1,1,1,1,26,1,1,2,1,1,1,1,1,1,1,1,1,1,1,1,1,1,1,1,1
OTU_6569,1,1,1,1,1,1,1,1,1,1,1,1,1,1,1,1,1,1,1,1,1,1,1,1,1,1,1,1,1,1,1,1,1,1,1,1,1,1,1,1,1,1,1,1,1,1,1,1,1,1
OTU_6570,1,1,1,1,1,1,1,1,1,1,1,1,1,1,1,1,1,1,1,1,1,1,1,1,1,1,1,1,1,1,1,1,1,1,1,1,1,1,1,1,1,1,1,1,1,1,1,1,1,1
OTU_6571,7,1,1,1,1,1,1,1,1,1,1,49,1,1,1,1,1,1,1,1,1,1,1,1,1,1,1,2,1,1,1,1,1,1,34,1,1,1,1,1,1,1,1,1,1,1,1,1,1,1
OTU_6572,1,1,1,1,1,1,1,1,1,1,1,1,1,1,1,1,1,1,1,1,1,1,1,1,1,1,1,1,1,1,1,1,1,1,1,1,1,1,1,1,1,1,1,1,1,1,1,1,1,1
OTU_6573,83,71,52,5,43,179,83,256,24,49,21,20,73,211,103,90,185,78,30,6,18,75,36,79,22,100,11,1,315,75,324,162,490,239,367,101,79,18,93,234,406,101,10,56,213,111,190,8,19,9
OTU_6574,1,1,1,1,1,1,1,1,1,1,1,1,1,1,1,1,1,1,1,1,1,1,1,1,1,1,1,1,1,1,170,1,1,1,1,1,1,1,1,1,1,1,1,1,1,1,1,1,1,1
OTU_6575,2,1,1,1,3,1,1,1,1,1,3,1,15,79,330,26,1,1,1,9,6,1,1,2,1,56,1,1,1,1,1,1,2,1,1,1,6,1,15,1,7,1,1,17,1,1,1,1,27,10
OTU_6576,1,1,12,67,1,17,8,1,1,1,2,1,1,1,1,1,1,1,1,1,1,1,1,1,2,1,1,1,1,1,1,10,1,1,2,1,1,1,1,12,1,72,4,68,1,1,1,1,1,1
OTU_6577,106,31,126,311,18,2,13,33,2,9,53,123,5,295,82,11,12,2,16,92,82,67,15,918,25,1,91,52,46,2,290,8,47,22,179,125,37,153,8,11,1,32,1,139,107,40,20,96,103,141
OTU_6578,1,1,1,1,1,1,1,1,1,1,1,1,1,1,1,1,1,1,1,1,1,1,1,1,1,1,1,1,1,1,1,1,1,1,1,1,1,1,1,1,1,1,1,1,1,1,1,1,1,1
OTU_6579,1,14,464,451,36,374,39,114,107,5,43,104,209,23,21,286,172,566,1,1,9,5,26,1,63,140,54,189,116,90,28,169,145,21,1,23,45,36,81,204,53,30,88,4,38,10,19,4,16,10
OTU_6580,1,1,1,1,1,1,1,1,1,1,1,1,1,1,1,1,1,1,1,1,1,1,1,1,1,1,1,1,1,1,1,1,1,1,1,1,1,1,1,1,1,1,1,1,1,1,1,1,1,1
OTU_6581,25,107,70,1,3,1,23,2,1,2,123,89,30,62,7,56,113,3,1,1,442,3,4,115,160,12,6,1,1,58,6,37,14,6,149,128,5,77,234,12,4,63,56,4,59,38,15,19,2,281
OTU_6582,1,1,1,1,1,1,1,1,1,1,1,1,1,1,1,1,1,1,1,1,1,1,1,1,1,1,1,1,1,1,1,1,1,1,1,1,1,1,1,1,1,1,1,1,1,1,1,1,1,1
OTU_6583,1,1,1,1,1,1,1,1,1,1,1,1,1,1,1,1,1,1,1,1,1,1,1,1,1,1,1,1,1,1,1,1,1,1,1,1,1,1,1,1,1,1,1,1,1,1,1,1,1,1
OTU_6584,4,1,1,1,1,1,1,1,9,1,1,1,1,1,1,1,1,1,1,1,1,1,1,1,50,1,1,1,1,1,1,1,37,1,1,1,1,2,1,1,1,3,1,39,1,1,1,1,2,1
OTU_6585,1,202,10,1,5,1,203,2,1,29,1,8,1,1,5,1,1,121,12,1,2,1,1,1,1,1,1,46,1,1,4,1,1,2,10,1,1,1,1,1,1,1,14,1,28,1,1,1,2,1
OTU_6586,10,1,3,16,291,3,25,1,13,16,1,6,3,1,1,36,11,5,188,1,3,28,1,140,3,21,1,86,25,27,2,137,67,13,74,235,103,311,1,53,96,25,33,3,13,1,1,7,9,12
OTU_6587,1,1,1,1,1,1,1,1,1,1,1,1,1,1,1,1,1,1,1,1,1,1,1,1,1,1,1,1,1,1,1,1,1,1,1,1,1,1,1,1,1,1,1,1,1,1,1,1,1,1
OTU_6588,1,1,1,1,1,1,1,1,1,1,1,1,1,1,1,1,1,1,1,1,1,1,1,1,1,1,1,1,1,1,1,1,1,1,1,1,1,1,1,1,1,1,1,1,1,1,1,1,1,1
OTU_6589,1,1,1,1,1,1,1,1,1,1,1,1,1,1,1,1,1,1,1,1,1,1,1,1,1,10,1,1,1,1,1,1,1,1,1,1,1,1,1,1,1,1,1,1,1,1,1,1,1,1
OTU_6590,1,1,1,1,1,1,1,1,1,1,1,1,1,1,1,1,1,2,1,1,1,1,1,1,1,1,1,1,1,1,1,1,1,1,1,1,1,1,1,1,1,1,1,1,1,1,1,1,1,1
OTU_6591,1,1,44,2,7,1,81,104,2,1,20,6,1,1,1,4,1,1,1,1,1,79,1,1,3,2,2,8,60,1,25,31,13,9,1,24,1,1,81,1,21,38,31,1,3,235,1,4,353,1
OTU_6592,1,1,1,1,1,1,1,1,1,1,1,14,1,1,1,1,1,1,1,1,1,1,1,1,1,1,3,1,1,1,1,1,1,1,1,1,1,1,111,1,1,1,1,156,1,1,1,1,1,1
OTU_6593,1,1,1,40,1,1,1,1,1,26,1,1,1,2,1,1,1,1,1,1,1,1,1,6,1,1,6,3,1,1,1,1,1,1,1,1,19,1,1,1,200,1,1,1,1,1,1,1,1,1
OTU_6594,1,1,1,1,1,1,1,1,1,1,1,1,1,1,1,1,1,1,1,1,1,1,1,1,1,1,1,1,1,1,1,1,1,1,1,1,1,1,1,1,1,1,1,1,1,1,1,1,1,1
OTU_6595,1,1,1,1,1,1,1,1,1,1,1,1,1,1,1,1,1,1,1,1,1,1,1,1,1,1,1,1,1,1,1,1,1,1,1,1,1,1,1,1,1,1,1,1,1,1,1,1,1,1
OTU_6596,1,1,1,1,1,1,1,1,1,1,1,1,1,1,11,1,1,1,1,1,1,1,1,5,1,1,1,1,1,1,1,1,1,1,1,29,1,1,1,1,1,1,1,1,1,1,1,1,1,1
OTU_6597,1,1,1,1,1,1,1,1,1,1,1,1,3,2,1,1,1,1,1,1,1,3,102,1,1,1,13,1,1,6,1,1,1,2,1,1,1,1,1,1,18,1,1,1,1,1,1,1,2,1
OTU_6598,1,1,1,1,1,1,1,1,1,1,1,1,1,1,1,1,1,1,1,1,1,1,1,1,1,1,1,1,1,1,1,1,1,1,1,1,1,1,1,1,1,1,1,1,1,1,1,1,1,1
OTU_6599,1,1,1,1,1,1,1,1,1,1,1,1,1,1,1,1,1,1,1,1,1,1,1,1,1,1,1,1,1,1,1,1,1,1,1,1,1,1,1,1,1,1,1,1,1,1,1,1,1,1
OTU_6600,1,1,1,1,1,1,1,1,1,1,1,1,1,1,1,1,1,1,1,1,1,1,1,1,1,1,1,1,1,1,1,1,1,1,1,1,1,1,1,1,1,1,1,1,1,1,1,1,1,1
OTU_6601,1,1,1,1,1,1,1,1,1,1,1,1,1,1,1,1,1,1,1,1,1,1,1,1,1,1,1,1,1,1,1,1,1,1,1,1,1,1,1,1,1,1,1,1,1,1,1,1,1,1
OTU_6602,1,1,1,1,1,2,1,1,1,1,1,1,174,1,1,1,1,1,1,1,1,1,1,1,1,1,1,1,1,1,1,1,1,1,1,1,1,1,1,53,1,1,1,1,1,1,1,1,1,1
OTU_6603,1,1,1,1,1,1,1,1,1,1,1,1,1,1,1,1,1,1,1,1,1,1,1,1,1,1,1,1,1,1,1,1,1,1,1,1,1,1,1,1,1,1,1,1,1,1,1,1,1,1
OTU_6604,1,1,1,1,1,1,1,1,1,1,1,1,1,1,1,1,1,1,1,1,1,1,1,1,1,1,1,1,1,1,1,1,1,1,1,1,1,1,1,1,1,1,1,1,1,1,1,1,1,1
OTU_6605,1,1,1,3,5,1,1,1,1,71,1,1,1,1,56,158,1,26,139,1,117,2,1,1,1,1,2,1,4,2,89,2,1,118,167,1,25,41,1,1,64,1,1,1,1,40,1,1,1,1
OTU_6606,1,1,1,1,1,1,1,1,1,1,1,1,1,1,1,1,1,1,1,1,1,1,1,1,1,1,1,1,1,1,1,1,1,1,1,1,1,1,1,1,1,1,1,1,1,1,1,1,1,1
OTU_6607,1,1,1,1,1,1,1,1,1,1,1,1,1,1,1,1,1,1,1,1,1,1,1,1,1,1,1,1,1,1,1,1,1,1,1,1,1,1,1,1,1,1,1,1,1,1,1,1,1,1
OTU_6608,798,710,247,595,1341,401,899,446,898,185,592,1244,697,222,340,710,523,387,534,917,793,502,720,675,308,1621,1171,590,620,1208,1205,285,416,967,723,844,266,357,496,693,290,731,1693,58,408,742,539,862,472,634
OTU_6609,1,1,1,1,1,1,1,1,1,1,1,1,1,1,1,1,1,1,1,1,1,1,1,1,1,1,1,1,1,1,1,1,1,1,1,1,1,1,1,1,1,1,1,1,1,1,1,1,1,1
OTU_6610,1,1,1,1,1,1,1,1,1,1,1,1,1,1,1,1,1,1,10,1,1,1,1,1,1,1,1,1,1,1,1,1,1,1,1,1,1,1,1,1,1,1,1,1,1,1,1,1,1,1
OTU_6611,1,1,1,1,1,1,1,1,1,1,1,1,1,1,1,1,1,1,1,1,1,1,1,1,1,1,1,1,1,1,1,1,1,1,1,1,1,1,1,1,1,1,1,1,1,1,1,1,1,1
OTU_6612,1,1,1,1,1,1,1,1,1,1,1,1,1,1,1,1,1,1,1,1,1,1,1,1,1,1,1,1,1,1,1,1,1,1,1,1,1,1,1,1,1,1,1,1,1,1,1,1,1,1
OTU_6613,1,1,1,1,1,1,1,54,1,1,14,73,1,1,1,1,1,2,1,1,1,135,2,1,38,7,1,1,2,1,1,1,1,1,1,291,1,1,1,1,1,1,1,1,2,1,12,1,1,2
OTU_6614,1,1,1,1,1,1,1,1,1,1,1,1,1,1,1,1,1,1,1,1,1,1,1,1,1,1,1,1,1,1,1,1,1,1,1,1,1,1,1,1,1,1,1,1,1,1,1,1,1,1
OTU_6615,1,1,1,1,1,1,1,1,1,1,1,1,1,1,1,1,1,1,1,1,1,1,1,1,1,1,1,1,1,1,1,1,1,1,1,1,1,1,1,1,1,1,1,1,1,1,1,1,1,1
OTU_6616,1,1,1,1,1,1,1,1,1,1,1,1,1,1,1,1,1,1,1,1,1,1,1,1,1,1,1,1,1,1,1,1,1,1,1,1,1,1,1,1,1,1,1,1,1,1,1,1,1,1
OTU_6617,1,1,1,1,1,1,1,1,1,1,1,1,1,1,1,1,1,1,1,1,1,1,1,1,1,1,1,1,1,1,1,1,1,1,1,1,1,1,1,1,1,1,1,1,1,1,1,1,1,1
OTU_6618,1,1,1,1,1,1,1,1,1,1,1,1,1,1,1,1,1,1,1,1,1,1,1,1,1,1,1,1,1,1,1,1,1,1,1,1,1,1,1,1,1,1,1,1,1,1,1,1,1,1
OTU_6619,1,1,1,1,1,1,1,1,1,1,1,1,1,1,1,1,1,1,1,1,1,1,1,1,1,1,1,1,1,1,1,1,1,1,1,1,1,1,1,1,1,1,1,1,1,1,1,1,1,1
OTU_6620,19,65,137,55,10,84,2,10,238,17,25,42,64,207,110,9,411,53,755,300,2,23,123,407,35,78,103,3,30,315,37,175,422,66,215,349,135,136,1,439,109,126,217,75,106,17,24,28,109,296
OTU_6621,1,1,1,1,1,1,1,1,1,1,1,1,1,1,1,1,1,1,1,1,1,1,1,1,1,1,1,1,1,1,1,1,1,1,1,1,1,1,1,1,1,1,1,1,1,1,1,1,1,1
OTU_6622,2,1,1,1,1,1,1,1,1,1,1,1,1,1,1,1,1,1,1,1,1,1,1,1,1,1,1,1,1,1,1,1,1,1,1,1,1,1,1,1,1,1,1,1,1,1,1,1,1,1
OTU_6623,1,1,1,1,1,1,1,1,1,1,1,1,1,1,1,1,1,1,1,1,1,1,1,1,1,1,1,1,1,1,1,1,1,1,1,1,1,1,1,1,1,1,1,1,1,1,1,1,1,1
OTU_6624,1,1,1,1,1,1,1,1,1,1,1,1,1,1,1,1,1,1,1,1,1,1,1,1,1,1,1,1,1,1,1,1,1,1,1,1,1,1,1,1,1,2,1,13,1,1,1,1,1,1
OTU_6625,1,1,1,1,1,1,1,1,1,1,1,1,1,1,1,1,1,1,1,1,1,1,1,1,1,1,1,1,1,1,1,1,1,1,1,1,1,1,1,1,1,1,1,1,1,1,1,1,1,1
OTU_6626,1,1,1,1,1,1,1,1,1,1,1,1,1,1,1,1,1,1,1,1,1,1,1,1,1,1,1,1,1,1,1,1,1,1,1,1,1,1,1,1,1,1,1,1,1,1,1,1,1,1
OTU_6627,1,1,1,1,1,1,1,1,1,1,1,1,1,1,1,1,1,1,1,1,1,1,1,1,1,1,1,1,1,1,1,1,1,1,1,1,1,1,1,1,1,1,1,1,1,1,1,1,1,1
OTU_6628,1,1,1,1,1,1,1,1,1,1,1,1,1,1,1,1,1,1,1,1,1,1,1,1,1,6,1,1,1,1,1,1,1,1,1,1,1,1,1,1,1,1,1,1,1,1,1,1,1,1
OTU_6629,1,1,1,1,1,1,1,1,1,1,1,1,1,1,1,1,1,1,1,1,1,1,1,1,1,1,53,1,2,1,1,1,1,1,1,1,1,1,1,1,32,1,1,1,1,1,64,1,1,1
OTU_6630,1,1,1,1,1,1,1,1,1,1,1,1,1,1,1,1,1,1,1,1,1,1,1,1,1,1,1,1,1,1,1,1,1,1,1,1,1,1,1,1,1,1,1,1,1,1,1,1,1,1
OTU_6631,1,1,1,1,1,1,1,1,1,1,1,1,1,1,1,1,1,1,1,1,1,1,1,1,1,1,1,1,1,1,1,1,1,1,1,1,1,1,1,1,1,1,1,1,1,1,1,1,1,1
OTU_6632,1,1,1,1,1,1,1,1,1,1,1,1,1,1,1,1,1,1,1,1,1,1,1,1,1,1,1,1,1,1,1,1,1,1,1,1,1,1,1,1,1,1,1,1,1,1,1,1,1,1
OTU_6633,1,1,1,1,1,1,1,1,1,1,1,1,1,1,1,1,1,1,1,1,1,1,1,1,1,1,1,1,1,1,1,1,1,1,1,1,1,1,1,1,1,1,1,1,1,1,1,1,1,1
OTU_6634,1,1,8,1,1,35,1,1,6,13,1,97,1,129,1,1,37,2,21,5,83,1,65,1,2,59,2,1,91,1,1,6,1,1,3,1,1,3,1,21,1,36,1,32,1,1,1,67,1,23
OTU_6635,1,1,1,1,1,1,1,1,1,1,1,1,1,1,1,1,1,1,1,1,1,1,1,1,1,1,1,1,1,1,1,1,1,1,1,1,1,1,1,1,1,1,1,1,1,1,1,1,1,1
OTU_6636,1,1,1,1,1,1,1,1,1,1,1,1,1,1,1,1,1,1,1,1,1,1,1,1,1,1,1,1,1,1,1,1,1,4,1,1,1,1,1,52,1,1,1,1,1,1,1,1,1,1
OTU_6637,1,1,1,1,1,1,1,1,1,1,1,1,1,1,1,1,1,1,1,1,1,1,1,1,1,1,1,1,1,1,1,1,1,1,1,1,1,1,1,1,1,1,1,1,1,1,1,1,1,1
OTU_6638,1,1,1,1,1,1,1,1,1,1,1,1,1,1,1,1,1,1,1,1,1,1,1,1,1,1,1,1,1,1,1,1,1,1,2,1,1,1,1,1,1,1,1,1,1,1,1,1,1,1
OTU_6639,1,1,28,1,1,1,1,1,74,97,1,1,1,1,1,1,1,1,1,27,1,1,1,1,1,1,1,1,1,1,1,1,1,1,1,1,1,1,1,1,1,1,1,1,1,1,1,1,17,8
OTU_6640,804,517,207,249,323,437,40,1051,142,51,541,215,752,939,55,148,448,322,529,543,357,350,322,377,335,78,275,49,262,451,100,338,45,53,322,21,7,313,80,422,100,175,74,75,184,419,282,476,133,369
OTU_6641,1,1,1,1,1,1,1,1,1,1,1,1,1,1,1,1,1,1,1,1,1,1,1,1,1,1,1,1,24,1,1,1,1,1,1,1,1,1,1,1,1,1,1,1,1,1,1,1,1,1
OTU_6642,1,1,1,1,1,24,1,1,1,1,6,53,1,1,1,1,1,1,1,1,1,1,1,1,1,45,1,1,2,1,1,1,1,1,1,1,1,1,1,5,1,1,1,47,1,1,1,20,1,1
OTU_6643,1,1,1,1,1,1,1,1,1,1,1,1,1,1,1,1,1,1,1,1,1,1,1,1,1,1,1,1,1,1,1,1,1,1,1,1,1,1,1,1,1,1,1,1,1,1,1,1,1,1
OTU_6644,1,1,1,1,1,1,1,1,1,1,1,1,1,1,1,1,1,1,1,1,1,1,1,1,1,1,1,1,1,1,1,1,1,1,1,1,1,1,1,1,1,1,1,1,1,1,1,1,1,1
OTU_6645,1,1,1,1,1,1,1,4,1,1,1,1,1,1,1,1,1,1,1,1,1,1,1,1,1,1,1,1,1,1,1,1,1,1,1,1,1,1,1,1,1,3,1,1,1,1,1,1,1,1
OTU_6646,25,27,131,171,78,202,48,2,55,5,1,26,58,23,6,69,400,276,152,153,226,12,106,17,762,54,310,42,117,31,12,513,2,25,135,114,137,6,326,63,39,86,36,30,38,269,12,110,247,29
OTU_6647,1,1,1,1,1,1,1,1,1,1,1,1,1,1,1,1,1,1,1,1,1,1,1,1,1,1,1,1,1,1,1,1,1,1,1,1,1,1,1,1,1,1,1,1,1,1,1,1,1,1
OTU_6648,1,15,1,40,70,4,99,251,166,70,48,43,63,8,109,11,29,38,5,1,29,103,131,13,400,132,3,1,10,1,1,69,1,147,18,1,43,79,90,14,171,202,184,17,270,56,156,41,1,8
OTU_6649,23,340,53,337,133,312,537,977,342,156,655,240,563,763,432,900,556,516,240,246,207,189,653,277,324,413,413,697,103,359,288,217,293,448,255,451,140,258,71,356,637,482,525,221,207,141,636,815,138,392
OTU_6650,1,1,1,1,1,1,1,1,1,1,1,1,1,1,1,1,1,1,1,1,1,1,1,1,1,1,1,1,1,1,1,1,1,1,1,1,1,1,1,1,1,1,1,1,1,1,1,1,1,1
OTU_6651,503,1,27,21,30,30,60,386,17,12,2,199,139,5,85,4,26,206,4,166,10,8,157,1,8,1,222,31,5,24,2,3,2,39,38,120,1,30,1,98,17,1,5,15,46,537,25,53,29,90
OTU_6652,1,1,2,74,1,1,1,6,1,2,1,1,1,1,1,1,1,6,1,1,1,1,2,1,1,1,3,1,1,1,1,1,71,1,1,139,15,1,1,1,1,1,1,1,1,1,1,1,1,26
OTU_6653,1,1,1,1,1,1,1,1,1,1,1,1,1,1,1,1,1,1,1,1,1,1,1,1,1,1,1,1,1,1,1,1,1,1,1,1,1,1,1,1,1,1,1,1,1,1,1,1,1,1
OTU_6654,1,1,1,1,1,1,1,1,1,1,1,1,1,1,1,1,1,1,1,1,1,1,1,1,1,1,1,1,1,1,1,1,1,1,1,1,1,1,1,1,1,1,1,1,1,1,1,1,1,1
OTU_6655,1,1,1,1,1,15,1,1,1,1,1,1,1,1,1,1,2,1,1,1,1,1,1,1,1,1,1,1,1,1,1,1,1,1,1,1,1,1,1,1,1,1,1,1,1,1,1,1,1,1
OTU_6656,1,1,1,1,1,1,1,1,1,1,1,1,1,1,1,1,2,1,1,1,1,1,1,1,1,1,1,1,1,1,1,1,1,1,1,1,1,1,1,1,1,1,1,1,1,1,1,1,1,1
OTU_6657,1,1,1,1,1,1,1,1,1,1,1,1,1,1,1,1,1,1,1,1,1,1,1,1,1,1,1,1,1,1,1,1,1,1,1,1,1,1,1,1,1,1,1,1,1,1,1,1,1,1
OTU_6658,1,1,1,1,1,1,1,1,1,1,1,1,1,1,1,1,1,1,1,1,1,1,1,1,1,1,1,1,1,1,1,1,1,1,1,1,1,1,1,1,1,1,1,1,1,1,1,1,1,1
OTU_6659,1,1,1,1,1,1,1,1,1,1,1,1,1,1,1,1,1,1,44,1,1,1,1,1,1,1,1,1,1,1,1,1,1,1,1,1,1,1,1,1,1,1,1,1,1,1,1,1,1,1
OTU_6660,1,1,1,1,1,1,1,1,1,1,1,1,1,1,1,1,1,1,1,1,1,1,1,1,1,1,1,1,1,1,1,1,1,1,1,1,1,1,1,1,1,1,1,1,1,1,1,1,1,1
OTU_6661,1,109,1,1,2,1,2,1,1,16,20,71,1,1,1,1,1,1,1,1,29,1,1,1,6,1,1,6,2,5,1,1,182,4,5,1,47,46,1,11,1,32,1,2,2,1,1,1,1,27
OTU_6662,143,177,14,104,59,87,26,96,86,34,247,87,276,50,14,55,72,61,175,223,458,21,65,228,55,114,769,191,296,29,259,31,49,288,81,71,75,162,83,84,166,2,477,108,698,94,235,42,149,95
OTU_6663,1,1,1,1,1,1,1,1,1,1,1,1,1,1,1,1,1,1,1,1,1,1,1,1,1,1,1,1,1,1,1,1,1,1,1,1,1,1,1,1,1,1,1,1,1,1,1,1,1,1
OTU_6664,1,1,1,1,1,1,1,1,1,1,1,1,1,1,1,1,1,1,1,1,1,1,1,1,1,1,1,1,1,1,1,1,1,1,1,1,1,1,1,1,1,1,1,1,1,1,1,1,1,1
OTU_6665,1,1,1,1,1,1,1,1,1,1,1,1,1,1,1,1,1,1,1,1,1,1,1,1,1,1,1,1,1,1,1,1,1,1,1,1,1,1,1,1,1,1,1,1,1,1,1,1,1,1
OTU_6666,1,1,1,1,1,1,1,1,1,1,1,1,1,1,1,1,1,1,1,1,1,1,1,1,1,1,1,1,1,1,1,1,1,1,1,1,1,1,1,1,1,1,1,1,1,1,1,1,1,1
OTU_6667,1,1,1,1,1,1,1,1,1,1,1,1,1,1,1,1,1,1,1,1,1,1,1,1,1,1,1,1,1,1,1,1,1,1,1,1,1,1,1,1,1,1,1,1,1,2,1,1,1,1
OTU_6668,57,81,129,88,15,126,251,43,131,321,90,183,53,23,103,108,470,180,118,937,976,30,263,56,427,482,216,208,130,103,109,182,256,129,54,94,73,317,129,169,252,421,183,139,76,20,141,183,152,60
OTU_6669,1,1,1,1,1,1,1,1,12,1,1,1,1,1,1,1,1,1,44,1,1,1,1,1,1,1,1,1,1,1,1,1,1,1,1,2,1,1,1,1,1,1,1,1,1,1,1,1,26,1
OTU_6670,1,2,1,1,1,1,1,1,1,1,1,1,1,1,1,1,1,1,1,1,1,1,1,1,1,1,1,1,1,1,1,1,1,1,1,1,1,1,1,1,1,1,1,1,1,1,1,1,1,1
OTU_6671,1,1,131,108,1,1,1,1,2,10,5,1,11,12,1,1,43,1,1,16,1,1,1,1,1,17,1,18,1,31,1,81,4,203,1,2,1,50,607,25,1,17,2,1,1,4,25,84,1,35
OTU_6672,56,1,1,9,20,1,1,14,45,1,1,1,1,11,1,1,8,4,25,1,1,1,1,1,79,1,1,6,1,2,5,122,36,1,15,1,1,6,1,1,1,1,2,1,1,1,1,1,1,1
OTU_6673,1,1,1,1,1,1,1,1,1,1,1,1,1,1,1,1,1,1,1,1,1,1,1,1,1,1,1,2,1,1,1,1,1,1,1,1,1,1,1,1,1,1,1,1,1,1,1,1,1,1
OTU_6674,1,1,1,1,1,1,1,1,1,1,1,1,1,1,1,1,1,1,1,1,1,1,1,1,1,1,1,1,1,1,1,1,1,1,1,1,1,1,1,1,1,1,1,1,1,1,1,1,1,1
OTU_6675,1,1,1,1,1,1,1,1,1,1,1,1,1,1,1,1,1,1,1,1,1,1,1,1,1,1,1,1,1,1,1,1,1,1,1,1,1,1,1,1,1,1,1,1,1,1,1,1,1,1
OTU_6676,14,219,293,14,322,211,109,115,103,28,52,112,162,12,95,130,18,23,367,107,77,38,296,25,61,1,6,95,64,66,113,147,25,31,573,18,16,11,102,33,14,151,48,8,2,215,41,44,36,102
OTU_6677,1,17,365,2,2,1,1,12,3,37,7,6,122,1,21,96,140,6,12,118,1,4,2,7,134,1,1,60,2,66,1,2,1,19,19,38,7,15,1,62,2,1,176,7,1,1,10,21,32,42
OTU_6678,1,1,1,1,1,1,1,1,1,1,1,1,1,1,1,1,1,1,1,1,1,1,1,1,1,1,1,1,1,1,1,1,1,1,1,1,1,1,1,1,1,1,1,1,1,1,1,1,1,1
OTU_6679,1,4,21,16,3,1,1,1,1,1,1,4,1,3,162,1,39,14,21,4,2,1,157,1,1,13,2,212,91,43,1,1,1,5,13,1,1,2,6,1,1,1,1,1,2,1,2,1,1,1
OTU_6680,1,1,1,1,1,1,1,1,1,1,1,1,1,1,1,1,1,1,1,1,1,1,1,1,1,1,1,1,1,1,1,1,1,1,1,1,1,1,1,1,1,1,1,1,1,1,1,1,1,1
OTU_6681,1,1,1,1,1,1,1,1,1,1,1,1,1,1,1,1,1,1,1,1,1,1,1,1,1,1,1,1,1,1,1,1,1,1,1,1,1,1,1,1,1,1,1,1,1,1,1,1,1,1
OTU_6682,1,1,1,1,1,1,1,1,1,1,1,1,1,1,1,1,1,1,1,1,1,1,1,1,1,1,1,1,1,1,1,1,1,1,1,1,1,1,1,1,1,1,1,1,1,1,1,1,1,1
OTU_6683,1,1,1,1,1,1,1,1,1,1,1,1,1,1,1,1,1,1,1,1,1,1,1,1,1,1,1,1,1,1,1,1,1,1,1,1,1,1,1,1,1,1,1,1,1,1,1,1,1,1
OTU_6684,9,222,1,49,188,46,49,447,47,15,106,11,5,34,143,97,1,45,15,113,6,1,42,19,1,41,2,59,644,141,112,25,109,28,12,29,119,42,69,34,18,14,45,4,49,260,59,22,5,57
OTU_6685,1,1,1,1,1,1,1,1,1,1,1,1,1,1,1,1,1,1,1,1,1,1,1,1,1,1,1,1,1,1,1,1,1,1,1,1,1,1,1,1,1,1,1,1,1,1,1,1,1,1
OTU_6686,1,1,1,1,1,1,1,1,1,1,1,1,1,1,1,1,1,1,1,1,1,1,1,1,1,1,1,1,1,1,1,1,1,1,1,1,1,1,1,1,1,1,1,1,1,1,1,1,1,1
OTU_6687,1,1,1,1,1,1,1,1,1,1,1,1,1,1,1,1,1,1,1,1,1,1,1,1,1,1,1,1,1,1,1,1,1,1,1,1,1,1,1,1,1,1,1,1,1,1,1,1,1,1
OTU_6688,1,1,1,1,1,1,1,1,1,1,1,1,1,1,1,1,1,1,1,1,1,1,1,1,1,1,1,1,1,1,1,1,1,1,1,1,1,1,1,1,1,1,1,1,1,1,1,1,1,1
OTU_6689,1,1,1,1,1,1,1,1,1,1,1,1,1,1,1,1,1,1,1,1,1,1,1,1,1,3,1,1,1,1,1,1,1,1,1,1,1,1,1,1,1,1,1,1,1,1,1,1,1,1
OTU_6690,1,1,1,1,1,1,1,1,1,1,1,1,1,1,1,1,1,1,1,1,1,1,1,1,1,1,1,1,1,1,1,1,1,1,1,1,1,1,1,1,1,1,1,1,1,1,1,1,1,1
OTU_6691,1,1,1,1,1,1,1,1,1,1,1,1,1,1,1,1,1,1,1,1,1,1,1,1,1,1,1,1,1,1,1,1,1,1,1,1,1,1,1,1,1,1,1,1,1,1,1,1,1,1
OTU_6692,1,1,1,1,1,1,1,1,1,1,1,1,1,1,1,1,1,1,1,1,1,1,1,1,1,1,1,1,1,1,1,1,1,1,1,1,1,1,1,1,1,1,1,1,1,1,1,1,1,1
OTU_6693,1,1,1,1,1,1,1,1,1,1,1,1,1,1,1,1,1,1,1,1,1,1,1,1,1,1,1,1,1,1,1,1,1,1,1,1,1,1,1,1,1,1,1,1,1,1,1,1,1,1
OTU_6694,62,603,1361,95,247,387,245,350,33,551,109,152,115,26,38,161,142,166,142,394,614,131,108,340,630,132,249,336,195,62,68,84,158,182,140,181,235,465,40,413,110,229,683,218,294,599,62,11,575,357
OTU_6695,1,1,1,1,1,1,1,1,1,1,1,1,1,1,1,1,1,1,1,1,1,1,1,1,1,1,1,1,1,1,1,1,1,1,1,1,1,1,1,1,1,1,1,1,1,1,1,1,1,1
OTU_6696,1,1,1,1,1,1,1,1,1,1,1,1,1,1,1,1,1,1,1,1,1,2,1,1,1,1,1,1,1,1,1,1,1,1,1,1,1,1,1,1,1,1,1,1,1,1,1,1,1,1
OTU_6697,1,1,1,1,1,1,1,1,1,1,1,1,1,1,1,1,1,1,1,1,1,1,1,1,1,1,1,1,1,1,1,1,1,1,1,1,1,1,1,1,1,1,1,1,1,1,1,1,1,1
OTU_6698,1,1,1,1,1,1,1,1,1,1,1,1,1,1,1,1,1,1,1,1,1,1,1,1,1,1,1,1,1,1,1,1,1,1,1,1,1,1,1,1,1,1,1,1,1,1,1,1,1,1
OTU_6699,1,1,1,1,1,1,1,1,1,1,1,1,1,24,1,1,1,1,1,1,1,1,1,1,1,1,9,1,3,1,1,1,1,1,1,1,1,1,1,1,1,1,1,1,1,1,30,1,1,1
OTU_6700,1,1,1,1,1,1,1,1,1,1,1,1,1,1,1,1,1,1,1,1,1,1,1,1,1,1,1,1,1,1,1,1,1,1,1,1,1,1,1,1,1,1,1,1,1,1,1,1,1,1
OTU_6701,64,1,3,2,13,54,154,52,54,65,1,60,39,8,22,17,57,185,133,37,12,148,6,15,7,18,1,7,74,6,21,184,14,1,56,205,3,1,103,16,7,36,36,119,9,105,20,48,112,12
OTU_6702,4,71,1,41,1,353,28,3,7,1,5,1,22,1,11,1,3,10,1,40,1,36,1,2,2,1,1,18,16,1,8,25,1,1,10,8,36,35,16,1,10,109,15,50,4,1,13,1,53,2
OTU_6703,1,1,1,1,1,1,1,1,1,1,1,1,1,1,1,1,1,1,1,1,1,1,1,1,1,1,1,1,1,1,1,1,1,1,1,1,1,1,1,1,1,1,1,1,1,1,1,1,1,1
OTU_6704,1,1,1,1,1,1,1,1,1,1,1,1,1,1,1,1,1,1,1,1,1,1,1,1,1,1,1,1,1,1,1,1,1,1,1,1,1,1,1,1,1,1,1,1,1,1,1,1,1,1
OTU_6705,2,98,74,10,115,25,89,11,58,18,417,141,13,91,117,148,35,336,23,180,127,215,232,189,43,47,138,1,66,206,228,258,102,285,388,122,493,1,6,24,107,29,97,20,100,28,298,203,2,1
OTU_6706,1,1,1,1,1,1,1,1,1,1,1,1,1,1,1,1,1,1,1,1,1,1,1,1,1,1,1,1,1,1,1,1,1,1,1,1,1,1,1,1,1,1,1,1,1,1,1,1,1,1
OTU_6707,16,115,6,4,34,94,12,62,130,80,7,5,248,193,69,159,78,42,158,78,387,15,65,68,64,4,145,4,70,2,1,48,14,146,61,57,14,12,30,63,35,40,160,124,167,6,87,65,337,24
OTU_6708,6,562,33,27,137,3,27,8,108,247,8,1,1,21,48,2,113,86,1,32,1,74,156,38,33,35,8,83,25,11,1,263,109,1,9,31,222,57,1,20,87,7,38,4,17,41,47,10,32,209
OTU_6709,1,1,1,1,1,1,1,1,1,1,1,1,1,1,1,1,1,1,1,1,1,1,1,1,1,1,1,1,1,1,1,1,1,1,1,1,1,1,1,1,1,1,1,1,1,1,1,1,1,1
OTU_6710,1,1,1,1,1,1,1,1,1,1,1,1,1,1,1,1,1,1,1,1,1,1,1,1,1,1,1,1,1,1,1,1,1,1,1,1,1,1,1,1,1,1,1,1,1,1,1,1,1,1
OTU_6711,1,1,1,1,1,1,1,1,1,1,1,1,1,1,1,1,1,1,1,1,1,1,1,1,1,1,1,1,1,1,1,1,1,1,1,1,1,1,1,1,1,1,1,1,1,1,1,1,1,1
OTU_6712,1,1,1,1,1,1,1,1,1,1,1,1,1,1,1,1,1,1,1,1,1,1,1,1,1,1,1,1,1,1,1,1,1,1,1,1,1,1,1,1,1,1,1,1,1,1,1,1,1,1
OTU_6713,1,1,1,1,1,1,1,1,1,1,1,1,1,1,1,1,1,1,1,1,1,1,1,1,1,1,1,1,1,1,1,1,2,1,1,1,1,1,1,1,1,1,1,1,1,1,1,1,1,1
OTU_6714,15,1,1,1,1,1,1,1,1,1,1,1,1,1,1,1,1,23,1,1,1,1,1,1,1,1,1,1,1,1,1,1,1,1,1,1,1,1,1,1,1,1,1,1,1,1,23,1,1,1
OTU_6715,1,1,1,1,17,1,1,1,1,1,1,1,1,1,1,1,6,1,1,1,1,1,1,2,1,1,1,1,1,1,170,1,14,2,1,1,1,1,1,1,1,11,1,1,1,1,1,9,2,1
OTU_6716,1,1,1,1,1,1,1,1,1,1,1,1,1,1,1,1,1,1,1,1,1,1,1,1,1,1,1,1,1,1,1,1,1,1,1,1,1,1,1,1,1,1,1,1,1,1,1,1,1,1
OTU_6717,1,1,1,1,1,1,1,1,1,1,1,1,1,1,1,1,1,1,1,1,1,1,1,1,1,1,1,1,1,1,1,1,1,1,1,1,1,1,1,1,1,1,1,1,1,1,1,1,1,1
OTU_6718,1,1,1,1,1,1,1,1,1,1,1,1,1,1,1,1,1,1,1,1,1,1,1,1,1,1,1,1,1,1,1,1,1,1,1,1,1,1,1,1,1,1,1,1,1,1,1,1,1,1
OTU_6719,2,1,1,3,1,47,1,8,51,2,1,16,1,91,3,3,1,103,58,11,3,1,13,3,1,2,4,34,1,8,104,1,1,1,1,41,111,30,114,3,16,15,1,6,1,1,1,2,1,20
OTU_6720,1,153,27,6,543,63,1,113,4,10,9,4,171,101,1,11,9,97,2,1,1,213,77,181,194,15,100,2,1,2,3,60,65,64,1,48,2,2,63,5,130,13,152,2,1,1,60,10,209,1
OTU_6721,1,1,1,1,1,1,1,1,1,1,1,1,1,1,1,1,1,1,1,1,1,1,1,1,1,1,1,1,1,1,1,1,1,1,1,1,1,1,1,1,1,1,1,1,1,1,1,1,1,1
OTU_6722,1,1,1,1,1,1,1,1,1,1,1,1,1,1,1,1,1,1,1,1,2,1,1,1,1,1,1,1,1,1,1,1,1,1,1,1,1,1,1,1,1,1,1,1,1,1,1,1,1,1
OTU_6723,1,1,1,1,1,1,1,1,1,1,1,1,1,1,1,1,1,1,1,1,1,1,1,1,1,1,1,1,1,1,1,1,1,1,1,1,1,1,1,1,1,1,1,1,1,1,1,1,1,1
OTU_6724,1,1,1,1,1,1,1,1,1,1,1,1,1,1,1,1,1,1,1,1,1,1,1,1,1,1,1,1,1,1,1,1,1,1,1,1,1,1,1,1,1,1,1,1,1,1,1,1,1,1
OTU_6725,1,1,1,1,1,1,1,1,1,1,1,1,1,1,1,1,1,1,1,1,1,1,1,1,1,1,1,1,1,1,1,1,1,1,1,1,1,1,1,1,1,1,1,1,1,1,1,1,1,1
OTU_6726,1,1,1,1,1,1,1,1,1,1,1,1,1,1,1,1,1,1,1,1,1,1,1,1,1,1,1,1,1,1,1,1,1,1,1,1,1,1,1,1,1,1,1,1,1,1,1,1,1,1
OTU_6727,38,146,192,109,517,335,416,639,666,439,100,309,487,408,470,276,347,649,130,246,389,197,309,99,498,256,425,250,83,272,329,247,243,182,596,378,455,804,374,147,359,671,215,447,146,146,154,513,712,85
OTU_6728,1,1,1,1,1,1,1,1,1,1,1,1,1,1,1,1,1,1,1,1,1,1,1,1,1,1,1,1,1,1,1,1,1,1,1,1,1,1,1,1,1,1,1,1,1,1,1,1,1,1
OTU_6729,1,1,1,1,1,1,1,1,1,1,1,1,1,1,1,1,1,1,1,1,1,1,1,1,1,1,1,1,1,1,1,1,1,1,1,1,1,1,1,1,1,1,1,1,1,1,1,1,1,1
OTU_6730,1,1,1,1,1,1,26,1,1,1,1,1,1,1,1,1,1,2,3,1,1,1,1,1,1,1,1,1,1,1,1,1,1,1,1,1,1,1,1,1,1,1,1,1,1,1,4,1,1,1
OTU_6731,1,1,1,1,1,4,1,1,1,1,1,1,1,1,5,1,1,1,1,1,3,1,1,1,1,1,1,1,1,1,1,1,1,1,1,6,1,1,1,1,1,1,1,1,1,1,1,1,1,1
OTU_6732,1,1,1,1,1,1,1,1,1,1,1,1,1,1,1,1,1,1,1,1,1,1,1,1,1,1,1,1,1,1,1,1,1,1,1,1,1,1,1,1,1,1,1,1,1,1,1,1,1,1
OTU_6733,1,1,1,1,1,1,1,1,1,1,1,1,1,1,1,1,1,1,1,1,1,1,1,1,1,1,1,1,1,1,1,1,1,1,1,1,1,1,1,1,1,1,1,1,1,1,1,1,1,1
OTU_6734,1,1,1,1,1,1,1,1,1,1,1,1,1,1,1,1,1,1,1,1,1,1,1,1,1,1,1,1,1,1,1,1,1,1,1,1,1,1,1,1,1,1,1,1,1,1,1,1,1,1
OTU_6735,1,1,1,1,1,1,1,1,1,1,1,1,1,1,1,1,1,1,1,1,1,1,1,1,1,1,1,1,1,1,1,1,1,1,1,1,1,1,1,1,1,1,1,1,1,1,1,1,1,1
OTU_6736,1,1,1,1,1,1,1,1,1,1,1,1,1,1,1,165,1,1,1,1,1,3,1,1,1,1,1,1,1,1,68,1,1,1,1,1,1,1,1,1,1,1,1,1,1,1,1,1,1,1
OTU_6737,1,1,1,1,1,1,1,1,1,1,1,1,1,1,1,1,1,1,1,1,1,1,1,1,1,1,1,1,1,1,1,1,1,1,1,1,1,1,1,1,1,1,1,1,1,1,1,1,1,1
OTU_6738,1,1,1,1,1,1,1,1,1,1,1,1,1,1,1,1,1,1,1,1,1,1,1,1,1,1,2,1,1,1,1,1,1,1,1,1,1,1,1,1,1,1,1,1,1,1,1,1,1,1
OTU_6739,2,67,32,4,190,3,96,16,4,1,137,23,62,26,139,90,179,2,126,4,1,1,136,5,18,44,15,9,28,56,139,8,12,340,78,13,18,3,12,33,33,312,4,106,1,56,8,8,78,9
OTU_6740,14,1,1,11,1,1,1,1,1,1,1,1,34,122,1,1,1,1,1,1,4,1,3,1,1,7,8,1,3,4,1,1,1,28,1,4,7,1,1,5,43,1,1,1,1,148,1,3,1,1
OTU_6741,1,1,1,1,1,1,1,1,1,1,1,1,1,1,1,1,1,1,1,1,1,1,1,1,1,1,1,1,1,1,1,1,1,1,1,1,1,1,1,1,1,1,1,1,1,1,1,1,1,1
OTU_6742,28,1,1,1,1,1,1,1,1,1,1,1,1,1,1,1,1,1,20,1,1,1,1,1,1,2,1,1,8,1,1,1,1,1,1,1,1,1,13,1,1,22,1,1,1,1,1,1,1,12
OTU_6743,6,1,1,1,119,1,1,1,1,1,1,1,25,1,1,1,1,1,1,1,1,22,1,1,2,1,28,1,1,1,1,11,1,1,1,44,1,1,1,3,1,3,1,1,1,1,1,1,1,1
OTU_6744,1,1,1,1,1,1,1,1,1,1,1,1,1,1,1,1,1,1,1,1,1,1,1,1,1,1,1,1,1,1,1,1,1,1,1,1,1,1,1,1,1,1,1,1,1,1,1,1,1,1
OTU_6745,1,1,1,1,1,1,1,1,1,1,1,1,1,1,1,1,1,1,1,1,1,1,1,1,1,1,1,1,1,1,1,1,1,1,1,1,1,1,1,1,1,1,1,1,1,1,1,1,1,1
OTU_6746,1,1,1,1,1,1,1,1,1,1,1,1,1,1,1,1,1,1,1,1,1,1,1,1,1,1,1,1,1,1,1,6,1,1,1,1,1,1,1,1,4,1,1,1,1,1,1,1,1,1
OTU_6747,242,5,33,183,5,2,19,34,69,2,12,1,1,112,10,170,2,203,59,104,29,179,28,110,118,201,64,26,67,6,1,93,52,60,10,32,44,1,85,5,1,2,104,121,168,235,2,26,24,180
OTU_6748,1,1,1,1,1,1,1,1,1,1,1,1,1,1,1,1,1,1,1,1,1,1,1,1,1,1,1,1,1,1,1,1,1,1,1,1,1,1,1,1,1,1,1,1,1,1,1,1,1,1
OTU_6749,1,1,1,1,1,1,1,1,1,1,1,1,1,1,1,1,1,1,1,1,1,1,1,1,1,1,1,1,1,1,1,1,1,1,1,1,1,1,1,1,1,1,1,1,1,1,1,1,1,1
OTU_6750,1,1,1,1,1,1,1,1,1,1,1,1,1,1,1,1,1,1,1,1,1,1,1,1,1,1,1,1,1,1,1,1,1,1,1,1,1,1,1,1,1,1,1,1,1,1,1,1,1,1
OTU_6751,1,1,1,1,1,1,1,1,1,1,1,1,1,1,1,1,1,1,1,1,1,1,1,1,1,1,1,1,1,1,1,1,1,1,1,1,1,1,1,1,1,1,1,1,1,1,1,1,1,1
OTU_6752,31,49,24,53,1,95,34,122,311,32,22,152,1,26,16,83,56,81,82,98,236,88,16,55,122,172,27,4,153,96,8,1,90,41,195,99,120,233,40,9,11,1,20,12,68,9,13,69,1,7
OTU_6753,1,1,1,1,1,1,1,1,1,1,1,1,1,1,1,1,1,1,1,1,1,1,1,1,1,1,1,1,1,1,1,1,1,1,1,1,1,1,1,1,1,1,1,1,1,1,1,1,1,1
OTU_6754,1,1,3,8,133,18,1,3,34,52,120,136,41,1,11,8,2,12,3,1,58,3,12,23,1,6,1,9,20,1,12,128,33,1,11,1,1,1,1,1,12,99,263,1,1,191,1,13,11,21
OTU_6755,1,1,3,1,1,1,1,1,1,1,1,1,1,1,1,1,1,1,1,1,1,1,1,1,1,1,1,1,1,1,1,1,1,1,1,1,1,1,1,1,1,1,1,1,1,1,1,1,1,1
OTU_6756,152,506,149,185,14,30,67,168,43,3,5,73,26,162,186,9,90,224,139,1,104,18,214,26,34,25,65,205,279,7,511,117,226,95,152,98,414,49,195,248,74,193,108,121,206,64,76,86,54,210
OTU_6757,348,81,671,124,123,109,81,238,80,125,174,289,259,223,10,115,48,101,370,24,4,40,18,45,30,162,217,65,37,514,88,65,429,53,381,38,101,229,111,137,157,115,200,6,379,51,47,58,45,42
OTU_6758,1,1,1,1,1,1,1,1,1,1,1,1,1,1,1,1,1,1,1,1,1,1,1,1,1,1,1,1,1,1,1,1,1,1,1,1,1,1,1,1,1,1,1,1,1,1,1,1,1,1
OTU_6759,1,1,1,1,1,7,1,1,1,1,1,1,1,1,1,1,1,1,1,1,1,1,1,1,1,1,1,1,1,1,1,1,1,1,1,1,1,1,1,1,1,1,1,1,1,1,1,1,1,1
OTU_6760,2,28,133,70,29,71,43,92,80,11,82,5,5,27,1,14,23,1,41,17,101,8,2,8,37,2,145,7,1,370,48,89,78,11,1,23,15,4,5,42,30,1,3,261,1,1,40,246,38,34
OTU_6761,1,1,1,1,1,1,1,1,1,1,1,1,1,1,1,1,1,1,1,1,1,1,1,1,1,1,1,1,1,1,1,1,1,1,1,1,1,1,1,1,1,1,1,1,1,1,1,1,1,1
OTU_6762,1,1,1,1,1,1,1,1,1,1,1,1,1,1,1,1,1,1,1,1,1,1,1,1,1,1,1,1,1,1,1,1,1,1,1,1,1,1,1,1,1,1,1,1,1,1,1,1,1,1
OTU_6763,1,1,1,1,1,1,1,1,1,1,1,1,1,1,1,1,1,1,1,1,1,1,1,1,1,1,1,1,1,1,1,1,1,1,1,1,1,1,1,1,1,1,1,1,1,1,1,1,1,1
OTU_6764,37,1,1,11,1,10,3,1,1,2,1,1,1,1,36,6,1,1,2,1,1,12,9,1,17,1,1,1,6,1,1,3,3,8,1,78,77,1,2,34,1,147,5,1,43,1,67,1,1,112
OTU_6765,1,1,1,1,1,1,1,1,1,1,1,1,11,1,15,1,1,1,1,1,1,1,1,1,2,1,1,1,1,1,1,1,13,1,1,1,1,1,1,11,1,1,1,1,1,1,1,1,1,1
OTU_6766,2,36,34,9,10,98,88,97,19,78,65,1,17,174,27,167,99,113,154,74,1,53,255,4,6,1,40,3,136,38,1,2,14,43,387,339,29,152,28,48,5,190,5,3,84,1,9,32,3,33
OTU_6767,1,1,1,1,1,1,1,1,1,1,1,1,1,1,1,1,1,1,1,1,1,1,1,1,1,1,1,1,1,1,1,1,1,1,1,1,1,1,1,1,1,1,1,1,1,1,1,1,1,1
OTU_6768,25,295,108,438,349,160,31,26,220,43,63,34,56,108,45,10,14,69,112,64,50,3,1,38,53,41,52,132,220,3,5,77,262,55,406,368,171,23,323,700,91,505,15,31,59,2,159,174,6,122
OTU_6769,1,1,1,1,1,1,1,1,1,1,1,1,1,1,1,1,1,1,1,1,1,1,1,1,1,1,1,1,1,1,1,1,1,1,1,1,1,1,1,1,1,1,1,1,1,1,1,1,1,1
OTU_6770,1,1,1,1,1,1,1,1,1,1,1,1,1,1,1,1,1,1,1,1,1,1,1,1,1,1,1,1,1,1,1,1,1,1,1,1,1,1,1,1,1,1,1,1,1,1,1,1,1,1
OTU_6771,1,1,1,1,1,1,1,1,1,1,1,1,1,1,1,1,1,1,1,1,1,1,1,1,1,1,1,1,1,1,1,1,1,1,1,1,1,1,1,1,1,1,1,1,1,1,1,1,1,1
OTU_6772,1,1,1,1,1,1,1,1,1,1,1,1,1,1,1,1,1,1,1,1,1,1,1,1,1,1,1,1,1,1,1,1,1,1,1,1,1,1,1,1,1,1,1,1,1,1,1,1,1,1
OTU_6773,1,1,1,1,1,1,1,1,1,1,1,1,1,1,1,1,1,1,1,1,1,1,1,1,1,1,1,1,1,1,1,1,1,1,1,1,1,1,1,1,1,1,1,1,1,1,1,1,1,1
OTU_6774,1,1,1,1,1,1,1,1,1,1,1,1,1,1,1,1,1,1,1,1,1,1,1,1,1,1,1,1,1,1,1,1,1,1,1,1,1,1,1,1,1,1,1,1,1,1,1,1,1,1
OTU_6775,22,18,342,740,355,15,101,164,11,22,48,245,223,97,111,184,45,110,199,593,30,121,92,27,88,35,66,15,349,219,54,22,105,49,171,78,31,220,34,38,82,364,163,8,71,159,37,288,317,159
OTU_6776,1,1,1,1,1,1,1,1,1,1,1,1,1,1,1,1,1,1,1,1,1,1,1,1,1,1,1,1,1,1,1,1,1,1,1,1,1,1,1,1,1,1,1,1,1,1,1,1,1,1
OTU_6777,1,1,1,1,1,1,1,1,119,1,1,1,1,1,1,4,1,1,1,1,1,24,1,1,1,1,1,1,1,1,1,1,1,1,1,1,1,1,1,1,1,1,1,1,1,1,1,1,1,1
OTU_6778,161,196,357,33,163,410,253,557,407,229,667,774,390,246,137,373,248,323,145,271,903,378,209,212,250,260,110,809,209,411,201,338,803,136,395,144,564,170,1062,192,349,307,112,829,689,167,61,478,286,274
OTU_6779,1,1,1,1,1,1,1,1,1,1,1,1,1,1,1,1,1,1,1,1,1,1,1,1,1,1,1,1,1,1,1,1,1,1,1,1,1,1,1,1,1,1,1,1,1,1,1,1,1,1
OTU_6780,1,1,1,1,1,1,1,1,1,1,1,1,1,1,1,1,1,1,8,1,1,1,1,1,4,1,1,1,1,1,1,1,1,1,1,1,1,1,1,1,1,1,1,1,1,1,1,1,1,1
OTU_6781,1,1,1,1,1,1,1,1,1,1,1,1,1,1,1,1,1,1,1,1,97,2,1,1,1,1,1,1,1,1,1,1,1,1,1,1,1,1,1,1,1,1,1,1,1,1,1,1,13,1
OTU_6782,1,1,1,1,1,1,1,1,1,1,1,1,1,1,1,1,1,1,1,1,1,1,1,1,1,1,1,1,1,1,1,1,1,1,1,1,1,1,1,1,1,1,1,1,1,1,1,1,1,1
OTU_6783,1,1,1,1,1,1,1,1,1,1,1,1,1,1,1,1,1,1,1,1,1,1,1,1,1,1,1,1,1,1,1,1,1,1,1,1,1,1,1,1,1,1,1,1,1,1,1,1,1,1
OTU_6784,1,1,1,1,1,1,1,1,1,1,1,1,1,1,1,1,1,1,1,1,1,1,1,1,1,1,1,1,1,1,1,1,1,1,1,1,1,1,1,1,1,1,1,1,1,1,1,1,1,1
OTU_6785,1,1,1,1,1,1,1,1,1,1,1,1,1,1,1,1,1,1,1,1,1,1,1,1,1,1,1,1,1,1,1,1,1,1,1,1,1,1,1,1,1,1,1,1,1,1,1,1,1,1
OTU_6786,20,70,180,123,199,100,46,264,217,190,422,103,65,3,382,81,115,71,245,30,9,264,218,266,2,64,114,276,83,83,121,224,173,49,302,221,159,140,271,49,554,54,115,69,20,65,4,467,69,401
OTU_6787,83,8,45,1,264,2,67,8,20,102,21,7,66,41,251,220,21,1,39,34,11,31,51,20,55,36,8,59,2,35,50,6,84,23,1,435,1,31,323,8,4,1,12,139,8,1,85,74,12,1
OTU_6788,1,1,1,1,1,1,1,1,1,1,1,1,350,1,1,1,1,1,1,1,1,1,1,1,1,1,1,1,1,1,2,1,1,1,1,1,4,1,1,1,1,1,1,1,1,1,1,1,1,1
OTU_6789,1,1,1,1,1,1,1,1,1,1,1,1,1,1,1,1,1,1,1,1,1,1,1,1,1,1,1,1,1,1,1,1,1,1,1,1,1,1,1,1,1,1,1,1,1,1,1,1,1,1
OTU_6790,1,1,1,1,1,1,1,1,1,1,1,1,1,1,1,1,1,1,1,1,1,1,1,1,1,1,1,1,1,1,1,1,1,1,1,1,1,1,1,1,1,1,1,1,1,1,1,1,1,1
OTU_6791,275,87,5,302,70,284,24,156,162,189,43,11,93,195,27,751,66,197,132,90,40,22,1,719,367,28,23,130,193,158,64,181,18,256,123,107,361,30,39,221,117,372,142,134,198,41,111,10,49,285
OTU_6792,1,1,1,1,1,1,1,1,1,1,1,1,1,1,1,1,1,1,1,1,1,1,1,1,1,1,1,1,1,1,1,1,1,1,1,1,1,1,1,1,1,1,1,1,1,1,1,1,1,1
OTU_6793,1,1,1,1,1,1,1,1,1,1,1,1,1,1,1,1,1,1,1,1,1,1,1,1,1,1,1,1,1,1,1,1,1,1,1,1,1,1,1,1,1,1,1,1,1,1,1,1,1,1
OTU_6794,1,1,1,1,1,1,1,1,1,1,1,1,1,1,1,1,1,1,1,1,1,1,1,1,1,1,1,1,1,1,1,1,1,1,1,1,1,1,1,1,1,1,1,1,1,1,1,1,1,1
OTU_6795,1455,1,30,27,147,19,89,254,6,74,172,133,6,71,18,92,179,81,15,14,1,68,21,14,395,61,99,18,113,11,29,4,5,23,29,35,68,53,10,1,1,91,52,7,96,4,39,64,197,1
OTU_6796,1,1,1,1,1,1,1,1,1,1,1,1,1,1,1,1,1,1,1,1,1,1,1,1,1,1,1,1,1,1,1,1,1,1,1,1,1,1,1,1,1,1,1,1,1,1,1,1,1,1
OTU_6797,1,1,1,1,1,1,1,1,1,1,1,1,1,1,1,1,1,1,1,1,1,1,1,1,1,1,1,1,1,1,1,1,1,1,1,1,1,1,1,1,1,1,1,1,1,1,1,1,1,1
OTU_6798,5,171,90,253,201,54,43,228,9,62,43,306,736,3,139,56,245,12,200,18,64,105,122,93,179,15,257,131,148,347,10,1,224,106,231,64,12,5,167,424,100,1,29,290,91,51,57,150,4,32
OTU_6799,1,1,1,1,1,1,1,1,1,1,1,1,1,1,1,1,1,1,1,1,1,1,1,1,1,1,1,1,1,1,1,1,1,1,1,1,1,1,1,1,1,1,1,1,1,1,1,1,1,2
OTU_6800,1,1,1,1,1,1,1,1,1,1,1,1,1,1,1,1,1,1,1,1,1,1,1,1,1,1,1,1,1,1,1,1,1,1,1,1,1,1,1,1,1,1,1,1,1,1,1,1,1,1
OTU_6801,1,1,1,1,1,1,1,1,1,1,1,1,1,1,1,1,1,1,1,1,1,1,1,1,1,1,1,1,1,1,1,1,1,1,1,1,1,1,1,1,1,1,1,1,1,1,1,1,1,1
OTU_6802,1,1,1,1,1,1,1,1,1,1,1,1,1,1,1,1,1,1,1,1,1,1,1,1,1,1,1,1,1,1,1,1,1,1,1,1,1,1,1,1,1,1,1,1,1,1,1,1,1,1
OTU_6803,1,1,1,1,1,1,1,1,1,1,1,1,1,1,1,1,1,1,1,1,1,1,1,1,1,1,1,1,1,1,1,1,1,1,1,1,1,1,1,1,1,1,1,1,1,1,1,1,1,1
OTU_6804,1,1,1,1,1,1,1,1,1,1,1,1,1,1,1,1,1,1,1,1,1,1,1,1,1,1,1,1,1,1,1,1,1,1,1,1,1,1,1,1,1,1,1,1,1,1,1,1,1,1
OTU_6805,1,1,1,1,1,1,2,1,1,1,1,1,1,1,1,1,1,1,1,1,1,1,1,1,1,1,1,1,1,1,1,1,1,1,1,1,1,1,1,1,1,1,1,1,1,1,1,1,1,1
OTU_6806,1,1,1,1,1,1,1,1,1,1,1,1,1,1,1,1,1,1,1,1,1,1,1,1,1,1,1,1,2,1,1,1,1,1,1,1,1,1,1,1,1,1,1,1,1,1,1,1,1,1
OTU_6807,1,1,1,1,1,1,1,1,1,1,1,1,1,1,1,1,1,1,1,1,1,1,1,1,1,1,1,1,1,1,1,1,1,1,1,1,1,1,1,1,1,1,1,1,1,1,1,1,1,1
OTU_6808,1,1,1,1,1,1,1,1,1,1,1,1,1,1,1,1,1,1,1,1,1,1,1,1,1,1,1,1,1,1,1,1,1,1,1,1,1,1,2,1,1,1,1,1,1,1,1,1,1,1
OTU_6809,241,9,29,338,18,334,36,38,16,38,65,10,76,12,108,26,414,49,58,64,1,90,4,52,11,113,248,59,2,70,342,110,112,2,139,150,8,63,10,120,78,92,80,85,105,17,81,353,103,783
OTU_6810,50,106,116,1,15,8,45,59,57,1,9,132,1,3,30,22,93,1,1,42,237,17,1,1,140,166,31,41,3,19,157,193,7,63,124,1,37,1,14,2,8,8,66,16,2,56,311,3,5,1
OTU_6811,1,1,1,1,1,1,1,1,1,1,1,1,1,1,1,1,1,1,1,1,1,1,1,1,1,1,1,1,1,1,1,1,1,1,1,1,1,1,1,1,1,1,1,1,1,1,1,1,1,1
OTU_6812,1,4,3,1,2,1,332,2,29,3,1,407,23,14,6,246,38,29,173,9,33,2,5,1,50,7,8,267,10,1,1,1,13,1,4,275,1,29,1,30,5,13,71,28,25,239,12,2,35,2
OTU_6813,1,1,1,1,1,1,1,1,1,1,1,1,1,1,1,1,1,1,1,1,1,1,1,1,1,1,1,1,1,1,1,1,1,1,1,1,1,1,1,1,1,1,1,1,1,1,1,1,1,1
OTU_6814,13,1,1,1,39,1,1,6,102,20,13,19,238,3,11,278,17,291,27,14,39,1,41,9,91,122,1,28,50,8,33,96,20,48,55,41,65,2,1,76,2,308,63,4,91,1,76,1,23,40
OTU_6815,23,2,12,1,4,46,21,60,2,1,134,126,50,96,14,3,1,1,12,199,1,2,8,13,6,1,1,36,1,146,1,19,12,3,9,51,76,53,5,27,105,1,2,244,2,57,3,23,2,16
OTU_6816,1,1,1,1,1,1,1,1,1,1,1,1,1,1,1,1,1,1,1,1,1,1,1,1,1,1,1,1,1,1,1,1,1,1,1,1,1,1,1,1,1,1,1,1,1,1,1,1,1,1
OTU_6817,1,1,1,1,1,1,1,1,1,1,1,1,1,1,1,1,1,1,1,1,1,1,1,1,1,1,1,1,1,1,1,1,1,1,1,1,1,1,1,1,1,1,1,1,1,1,1,1,1,1
OTU_6818,1,1,1,1,1,1,1,1,1,1,1,1,1,1,1,1,1,1,1,4,1,1,1,1,1,1,1,1,1,1,1,1,1,1,1,1,1,1,1,1,1,1,1,1,1,1,1,1,1,1
OTU_6819,1,1,1,1,1,1,1,1,1,1,1,1,3,1,1,1,1,1,1,1,10,1,2,1,1,1,1,1,1,77,1,1,1,1,1,1,1,1,109,1,1,101,1,1,1,1,1,1,1,1
OTU_6820,7,61,2,2,5,1,1,1,231,128,1,40,1,1,30,2,1,1,2,1,1,1,1,1,1,1,1,1,1,1,12,5,1,1,1,17,1,102,1,1,1,2,1,1,1,3,21,1,19,8
OTU_6821,1,1,1,1,1,1,1,1,1,1,1,1,1,1,1,1,1,1,1,1,1,1,1,1,2,1,1,1,1,1,1,1,1,1,1,1,1,1,1,1,1,1,1,1,1,1,1,1,1,1
OTU_6822,1,1,1,1,1,1,1,1,1,1,1,1,1,1,1,1,1,1,1,1,1,1,1,1,1,1,1,1,1,1,1,1,1,1,1,1,1,1,1,1,1,1,1,1,1,1,1,1,1,1
OTU_6823,1,1,1,1,1,1,1,1,1,1,1,1,1,1,1,1,1,1,1,1,1,1,1,1,1,1,1,1,1,1,1,1,1,1,1,1,1,1,1,1,1,1,1,1,1,1,1,1,1,1
OTU_6824,1,1,1,1,1,1,1,1,1,1,1,1,1,1,1,1,1,1,1,1,1,1,1,1,1,1,1,1,1,1,1,1,1,1,1,1,1,1,1,1,1,1,1,1,1,1,1,1,1,1
OTU_6825,1,1,1,1,1,1,1,1,1,1,1,1,1,1,1,1,1,1,1,1,1,1,1,1,1,1,1,1,1,1,1,1,1,1,1,1,1,1,1,1,1,1,1,1,1,1,1,1,1,1
OTU_6826,2,71,107,127,26,12,66,7,2,7,10,14,50,18,51,34,91,191,51,1,54,1,66,1,149,16,2,6,15,17,34,3,147,34,5,6,2,43,1,24,42,575,30,194,75,1,189,1,75,5
OTU_6827,1,1,1,1,1,1,1,1,1,1,1,1,1,1,1,1,1,1,1,1,1,1,1,1,1,1,1,1,1,1,1,1,1,1,1,1,1,1,1,1,1,1,1,1,1,1,1,1,1,1
OTU_6828,1,1,1,1,1,1,1,1,1,1,1,1,1,1,1,1,1,1,1,1,1,1,1,1,1,1,1,1,1,1,1,1,1,1,1,1,1,1,1,1,1,1,1,1,1,1,1,1,1,1
OTU_6829,1,1,1,1,1,1,1,1,2,1,1,1,1,1,1,1,1,1,1,1,1,1,1,1,1,1,1,1,1,1,1,1,1,1,1,1,1,1,1,1,1,1,1,1,1,1,1,1,1,1
OTU_6830,1,1,1,1,1,1,1,1,1,1,1,1,1,1,1,1,1,1,1,1,1,1,1,1,1,1,1,1,1,1,1,1,1,1,1,1,1,1,1,1,1,1,1,1,1,1,1,1,1,1
OTU_6831,26,38,2,2,44,33,1,15,1,1,1,1,1,3,1,380,217,1,1,5,214,1,18,6,1,7,10,3,1,1,13,3,409,451,1,11,52,118,1,43,9,219,17,8,2,1,6,171,61,92
OTU_6832,1,1,1,1,1,1,1,1,1,1,1,1,1,1,1,1,1,1,1,1,1,1,1,1,1,1,1,1,1,1,1,1,1,1,1,1,1,1,1,1,1,1,1,1,1,1,1,1,1,1
OTU_6833,1,1,1,1,1,1,1,1,1,1,1,1,1,1,1,1,1,1,1,1,1,1,1,1,1,1,1,1,1,1,1,1,1,1,1,1,1,1,1,1,1,1,1,1,1,1,1,1,1,1
OTU_6834,1,1,1,1,1,1,1,1,1,1,1,1,1,1,1,1,1,1,1,1,1,1,1,1,1,1,1,1,2,1,1,1,18,1,5,1,7,1,1,1,1,1,1,1,1,1,1,1,1,2
OTU_6835,1,1,1,1,1,1,1,1,1,1,1,1,1,1,1,1,1,1,1,1,1,1,1,1,1,1,1,1,1,1,1,1,1,1,1,1,1,1,1,1,1,1,1,1,1,1,1,1,1,1
OTU_6836,74,78,3,1,37,1,1,5,1,1,17,97,5,1,4,1,165,143,3,1,1,199,1,1,1,80,101,5,34,67,1,1,1,2,31,4,1,2,1,1,1,1,13,1,20,2,12,2,1,1
OTU_6837,1,1,1,1,1,1,1,1,1,1,2,1,1,1,1,1,1,1,1,1,1,1,1,1,1,1,1,1,1,1,1,1,1,1,1,1,1,1,1,1,1,1,1,1,1,1,1,1,1,1
OTU_6838,1,1,1,1,1,1,1,1,1,1,1,1,1,1,1,1,1,1,1,1,1,1,1,1,1,1,1,1,1,1,1,1,1,1,1,1,1,2,1,1,1,1,1,1,1,1,1,1,1,1
OTU_6839,1,1,1,1,1,1,1,1,1,1,1,1,1,1,1,1,1,1,1,1,1,1,1,1,1,1,1,1,1,1,1,1,1,1,1,1,1,1,1,1,1,1,1,1,1,1,1,1,1,1
OTU_6840,1,1,1,1,1,1,1,1,1,1,1,1,1,1,1,1,1,1,1,1,1,1,1,1,1,1,1,1,1,1,1,1,1,1,1,1,1,1,1,1,1,1,1,1,1,1,1,1,1,1
OTU_6841,1,1,1,1,1,1,1,1,1,1,1,1,1,1,1,1,1,1,1,1,1,1,1,1,1,1,1,1,1,1,1,1,1,1,1,1,1,1,1,1,1,1,1,1,1,2,1,1,1,1
OTU_6842,1,1,1,1,1,1,1,1,1,1,1,1,1,1,1,1,1,1,1,1,1,1,1,1,1,1,1,1,77,1,1,1,1,1,1,1,1,1,1,1,1,1,1,1,1,1,1,1,1,1
OTU_6843,1,1,1,1,1,1,1,1,13,26,1,1,1,1,4,1,1,1,1,1,1,1,1,1,1,1,1,4,1,1,1,59,1,1,1,1,1,1,1,1,1,1,1,1,1,1,1,1,1,1
OTU_6844,1,1,1,1,1,1,1,1,1,1,1,1,1,1,1,1,1,1,1,1,1,1,1,1,1,1,1,1,1,1,1,1,1,1,1,1,1,1,1,1,1,1,1,1,1,1,1,1,1,1
OTU_6845,1,1,1,1,1,1,1,1,1,1,1,1,1,1,1,1,1,1,1,1,1,1,1,1,1,1,1,1,1,1,1,1,1,1,1,1,1,1,1,1,1,1,1,1,1,1,1,1,1,1
OTU_6846,1,1,1,1,1,1,1,1,1,1,1,1,1,1,1,1,1,1,1,88,1,1,1,23,106,1,1,1,12,1,1,9,1,2,1,1,1,6,1,1,1,1,1,1,2,1,7,1,1,1
OTU_6847,40,1,105,1,1,3,14,10,1,1,1,1,69,1,1,1,1,7,1,1,2,1,19,20,1,46,40,23,3,2,77,1,1,24,7,1,61,72,7,1,1,65,3,1,37,1,9,1,17,25
OTU_6848,1,1,1,1,1,1,1,1,1,1,2,1,1,1,1,1,1,1,1,1,1,1,1,1,1,1,1,1,1,1,1,1,1,1,1,1,1,1,1,1,1,1,1,1,1,1,1,1,1,1
OTU_6849,1,1,1,1,1,1,1,1,1,1,1,1,1,1,1,1,1,1,1,1,1,1,1,1,1,1,1,1,1,1,1,1,1,1,1,1,1,1,1,1,1,1,1,1,1,1,1,1,1,1
OTU_6850,1,1,1,1,1,1,1,1,1,1,1,1,1,1,1,1,1,1,1,1,1,1,1,1,1,1,1,1,1,1,1,1,1,1,1,1,1,1,1,1,1,1,1,1,1,1,1,1,1,1
OTU_6851,1,1,1,1,1,1,1,1,1,1,1,1,1,1,1,2,1,1,1,1,1,1,1,1,1,1,1,1,1,1,1,1,1,1,1,1,1,1,1,1,1,1,1,1,1,1,1,1,1,1
OTU_6852,1,22,25,1,1,1,3,1,3,1,1,1,1,2,1,1,1,1,1,1,1,1,1,1,1,1,1,1,2,96,1,1,1,161,1,1,1,147,1,1,1,1,1,1,1,1,1,1,1,1
OTU_6853,1,1,20,1,1,1,1,1,1,1,1,1,1,1,1,54,1,1,1,9,1,1,2,1,1,1,1,6,1,1,1,1,1,1,2,1,1,6,1,1,15,1,1,6,20,1,1,1,1,1
OTU_6854,1,1,1,1,1,1,1,1,1,1,1,1,1,1,1,1,1,1,1,1,1,1,1,1,1,1,1,1,1,1,1,1,1,1,1,1,1,1,1,1,1,1,1,1,1,1,1,1,1,1
OTU_6855,1,1,1,1,1,1,1,1,1,1,1,1,1,1,1,1,1,1,1,1,1,1,1,1,1,1,1,1,1,1,1,1,1,1,1,1,1,1,1,1,1,1,1,1,1,1,1,1,1,1
OTU_6856,1,1,1,1,1,1,1,1,1,1,1,1,1,1,1,1,1,1,1,1,1,1,1,1,1,1,1,1,1,1,1,1,1,1,1,1,1,1,1,1,1,1,1,1,1,1,1,1,1,1
OTU_6857,1,1,1,1,1,1,1,1,1,1,1,1,1,1,1,1,1,1,1,1,1,1,1,1,1,1,1,1,1,1,1,1,1,1,1,1,1,1,1,1,1,1,1,1,1,1,1,1,1,1
OTU_6858,1,1,1,1,1,1,1,1,1,1,1,1,1,1,1,1,1,1,1,1,1,1,1,1,1,1,1,1,1,1,1,1,1,1,1,1,1,1,1,1,1,1,1,1,1,1,1,1,1,1
OTU_6859,1,2,208,193,93,2,8,57,25,127,186,2,114,41,170,8,28,70,352,58,152,15,20,11,151,36,55,27,20,118,59,238,17,102,2,3,123,29,15,9,2,52,75,18,38,31,129,3,1,109
OTU_6860,1,1,1,1,1,1,1,1,1,1,1,1,1,1,1,1,1,1,1,1,1,1,1,1,1,1,1,1,1,1,1,1,1,1,1,1,1,1,1,1,1,1,1,1,1,1,1,1,1,1
OTU_6861,1,1,1,1,1,1,1,1,1,2,1,1,1,1,1,1,1,1,1,1,1,1,1,1,1,1,1,1,1,1,1,1,1,1,1,1,1,1,1,1,1,1,1,1,1,1,1,1,1,1
OTU_6862,4,59,1,1,1,1,1,1,1,1,1,1,1,1,1,1,1,1,1,1,1,1,3,1,1,1,1,1,1,1,1,1,1,1,1,1,1,1,1,1,1,1,1,1,1,1,1,1,1,1
OTU_6863,1,1,1,1,1,1,1,1,1,1,1,1,1,1,1,1,1,1,1,1,1,1,1,1,1,1,1,1,1,1,1,1,1,1,1,1,1,1,1,1,1,1,1,1,1,1,1,1,1,1
OTU_6864,1,1,1,1,1,1,1,1,1,1,1,1,1,1,1,1,1,1,1,1,1,1,1,1,1,1,1,1,1,1,1,1,1,1,1,1,1,1,1,1,1,1,1,1,1,1,1,1,1,1
OTU_6865,1,1,1,1,1,1,1,1,1,1,1,1,1,1,1,1,1,1,1,1,1,1,1,1,1,1,1,1,1,1,1,1,1,1,1,1,1,1,1,1,1,1,1,1,1,1,1,1,1,1
OTU_6866,1,1,1,1,1,1,1,1,1,100,1,1,2,1,1,1,1,1,1,1,1,1,1,1,1,1,1,1,1,1,1,1,1,1,1,1,1,1,1,1,1,1,1,1,1,1,1,1,1,1
OTU_6867,1,102,1,91,1,2,1,1,1,7,2,185,4,242,1,1,2,1,1,5,1,303,151,1,3,1,8,1,1,2,40,124,1,1,1,15,1,1,1,2,1,1,1,1,1,1,157,1,18,18
OTU_6868,1,178,6,84,1,1,8,30,195,18,1,2,1,1,1,123,1,1,1,28,1,9,1,1,1,4,5,30,390,67,1,1,1,8,1,1,1,3,7,1,3,1,257,5,3,1,8,4,1,1
OTU_6869,1,1,1,1,1,1,1,1,1,1,1,1,1,1,1,1,1,1,1,1,1,1,1,1,1,1,1,1,1,1,1,1,1,1,1,1,1,1,1,1,1,1,1,1,1,1,1,1,1,1
OTU_6870,1,1,1,1,1,1,1,1,1,1,1,1,1,1,1,1,1,1,1,1,1,1,1,1,1,1,1,1,1,1,1,1,1,1,1,1,1,1,1,1,1,1,1,1,1,1,1,1,1,1
OTU_6871,1,1,1,58,1,7,8,6,1,1,1,1,1,73,1,1,1,1,1,1,1,1,7,1,2,1,237,1,1,1,1,1,1,2,1,71,1,1,16,1,1,4,1,1,1,1,1,1,1,1
OTU_6872,1,1,1,1,1,1,1,1,3,5,1,1,1,1,1,1,1,3,1,42,1,1,1,1,1,8,1,9,1,11,1,1,1,1,2,2,1,43,1,1,1,4,1,13,13,1,1,1,1,1
OTU_6873,67,129,63,5,2,47,1,70,24,32,9,169,144,140,79,123,33,29,12,73,43,2,94,56,1,5,119,2,8,1,14,9,53,60,81,2,7,41,56,39,1,26,8,8,121,55,40,25,127,98
OTU_6874,1,1,1,1,1,1,1,1,1,1,1,1,1,1,1,1,1,1,1,1,1,1,1,1,1,1,1,1,1,1,1,1,1,1,1,1,1,1,1,1,1,1,1,1,1,1,1,1,1,1
OTU_6875,1,1,1,1,1,1,1,1,1,1,1,1,1,1,1,1,1,1,1,1,1,1,1,1,1,1,1,1,1,1,1,1,1,1,1,1,1,1,1,1,1,1,1,1,1,1,1,1,1,1
OTU_6876,8,1,1,1,1,1,1,1,1,1,3,1,11,1,1,1,1,1,1,1,1,1,1,1,1,1,1,1,1,1,1,4,1,1,1,1,1,1,1,1,1,1,1,1,1,1,1,1,1,164
OTU_6877,1,1,1,1,1,1,1,1,1,1,1,1,1,1,1,1,1,1,1,1,1,1,1,1,1,1,1,1,1,1,1,1,1,1,1,1,1,1,1,1,1,1,1,56,1,1,1,17,1,1
OTU_6878,1,1,1,1,1,1,1,1,1,1,1,1,1,1,1,1,1,1,1,1,1,1,1,1,1,1,1,1,1,1,1,1,1,1,1,1,1,1,1,1,1,1,1,1,1,1,1,1,1,1
OTU_6879,1,1,1,1,1,1,1,1,1,1,1,1,1,1,1,1,1,1,1,1,2,1,1,1,1,1,1,1,1,1,1,1,1,1,1,1,1,1,1,1,1,1,1,1,1,1,1,1,1,1
OTU_6880,1,1,1,1,1,1,2,1,5,1,1,1,16,1,1,1,1,1,1,147,1,1,11,1,1,1,1,54,1,1,45,1,1,1,16,1,5,1,1,66,1,1,1,1,2,1,1,2,2,1
OTU_6881,1,1,1,1,1,1,1,1,1,1,1,1,1,1,1,1,1,1,1,1,1,1,1,1,1,1,1,1,1,1,1,1,1,1,1,1,1,1,1,1,1,1,1,1,1,1,1,1,1,1
OTU_6882,1,1,1,1,1,1,1,1,1,1,1,1,1,1,1,1,1,1,1,1,1,1,1,1,1,1,1,1,1,1,1,1,1,1,1,1,1,1,1,1,1,1,1,1,1,1,1,1,1,1
OTU_6883,1,1,1,1,1,1,1,1,1,1,1,1,1,1,1,1,1,1,1,1,1,1,1,1,1,1,1,1,1,1,1,1,1,1,1,1,1,1,1,1,1,1,1,1,1,1,1,1,1,1
OTU_6884,1,1,1,1,1,1,1,1,1,1,1,1,1,1,1,1,1,1,1,1,1,1,1,1,1,1,1,1,1,1,1,1,1,1,1,1,1,1,1,1,1,1,1,1,1,1,1,1,1,1
OTU_6885,31,368,107,26,314,348,244,100,108,338,160,38,117,33,141,27,236,28,418,175,411,354,42,23,107,119,18,286,53,9,322,48,2,318,114,108,51,146,282,41,25,32,102,501,100,146,406,31,204,26
OTU_6886,1,1,1,1,1,1,1,1,1,1,1,1,1,1,1,1,1,1,1,1,1,1,1,1,1,1,1,1,1,1,1,1,1,1,1,1,1,1,1,1,1,1,1,1,1,1,1,1,1,1
OTU_6887,1,1,1,1,1,1,1,1,1,1,1,1,1,1,1,1,1,1,1,1,1,1,1,1,1,1,1,1,1,1,1,1,1,1,1,1,1,1,1,1,1,1,1,1,1,1,1,1,1,1
OTU_6888,1,1,1,1,1,1,1,1,1,1,1,1,1,1,1,1,1,1,1,1,1,1,1,1,1,1,1,1,1,1,1,1,1,1,1,1,1,1,1,1,1,1,1,1,1,1,1,1,1,1
OTU_6889,1,1,1,1,1,1,1,1,1,1,1,1,1,1,1,1,1,1,1,1,1,1,1,1,1,1,1,1,1,1,1,1,1,1,1,1,1,1,1,1,1,1,1,1,1,1,1,1,1,1
OTU_6890,1,1,1,1,1,1,1,1,1,1,1,1,1,1,1,1,1,1,1,1,1,1,1,1,1,1,1,1,1,1,1,1,1,1,1,1,1,1,1,1,1,1,1,1,1,1,1,1,1,1
OTU_6891,1,1,1,1,1,1,1,1,1,1,1,1,1,1,1,1,1,1,1,1,1,1,1,1,1,1,1,1,1,1,1,1,1,1,1,1,1,1,1,1,1,1,1,1,1,1,1,1,1,1
OTU_6892,1,1,1,1,1,1,1,1,1,1,1,1,1,1,1,1,1,1,1,1,1,1,1,1,1,1,1,1,1,1,1,1,1,1,1,1,1,1,1,1,1,1,1,1,1,1,1,1,1,1
OTU_6893,714,907,154,386,133,400,166,304,530,173,173,328,39,525,371,1080,279,95,535,84,729,289,176,163,280,73,494,857,371,545,541,44,386,285,813,243,341,689,582,60,188,748,538,211,191,600,481,111,308,293
OTU_6894,3,1,1,8,2,33,12,1,1,2,347,1,5,33,1,1,1,1,37,24,30,1,1,6,1,1,10,3,1,1,1,2,3,1,1,2,1,1,2,2,80,9,1,1,1,1,1,45,1,1
OTU_6895,1,1,1,1,1,1,1,1,1,1,1,1,1,1,1,2,1,1,1,1,1,1,1,1,1,1,1,1,1,63,1,1,1,1,1,1,1,1,1,1,1,1,1,1,1,1,1,1,1,1
OTU_6896,1,1,1,1,1,1,1,1,1,1,3,1,1,1,1,1,1,1,1,1,1,1,1,1,1,1,45,1,1,1,1,26,1,1,1,1,1,1,1,1,1,1,1,1,1,1,1,1,1,1
OTU_6897,1,1,1,1,1,1,1,1,1,1,1,1,1,1,1,1,1,1,1,1,1,1,1,1,1,1,1,1,1,1,1,1,1,1,2,1,1,1,1,1,1,1,1,1,1,33,1,1,1,1
OTU_6898,1,1,1,1,1,1,1,1,1,1,1,1,1,1,1,1,1,1,1,1,1,1,1,1,1,1,1,1,1,1,1,1,1,1,1,1,1,1,1,1,1,1,1,1,1,1,1,1,1,1
OTU_6899,1,1,1,1,1,1,1,1,1,1,1,1,1,1,1,1,1,1,1,1,1,1,1,1,1,1,1,1,1,1,1,1,1,1,1,1,1,1,1,1,1,1,1,1,1,1,1,1,1,1
OTU_6900,1,1,1,1,1,1,1,1,1,1,1,1,1,1,1,1,1,1,1,1,1,1,1,1,1,1,1,1,1,1,1,1,1,1,1,1,1,1,1,1,1,1,1,1,1,1,1,1,1,1
OTU_6901,1,1,1,1,1,1,1,1,1,1,1,1,1,1,1,1,1,1,1,1,1,1,1,1,1,1,1,1,1,1,1,1,1,1,1,1,1,1,1,1,1,1,1,1,1,1,1,1,1,1
OTU_6902,1,1,1,1,1,1,1,1,1,1,1,1,270,1,1,1,1,2,1,1,1,1,1,1,1,1,1,1,1,1,1,1,1,1,1,1,1,1,1,1,13,1,1,1,1,1,1,1,1,1
OTU_6903,1,1,1,1,1,1,1,1,1,1,1,1,1,1,1,1,1,1,1,1,1,1,1,1,1,1,1,1,1,1,1,1,1,1,1,1,1,1,2,1,1,1,1,1,1,1,1,1,1,1
OTU_6904,1,1,1,1,1,1,1,1,1,1,1,1,1,1,1,1,1,1,1,1,1,1,1,1,1,1,1,1,1,1,1,1,1,1,1,1,1,1,1,1,1,1,1,1,1,1,1,1,1,1
OTU_6905,189,3,117,1,6,1,56,7,2,135,103,2,79,20,22,174,1,59,61,135,185,5,37,3,21,1,115,50,42,9,9,19,7,1,50,15,80,3,2,6,10,18,1,26,1,383,1,12,5,86
OTU_6906,1,1,1,1,1,1,1,1,1,1,1,1,1,1,1,1,1,1,1,1,1,1,1,1,1,1,1,1,1,1,1,1,1,1,1,1,1,1,1,1,1,1,1,1,1,1,1,1,1,1
OTU_6907,1,1,1,1,1,1,1,1,1,1,1,1,1,1,1,1,1,1,1,1,1,1,1,1,1,1,1,1,1,1,1,1,1,1,1,1,1,1,1,1,1,1,1,1,1,1,1,1,1,1
OTU_6908,1,1,1,1,1,1,1,1,1,1,1,1,1,1,1,1,1,1,1,1,1,1,1,1,1,1,1,1,1,1,1,1,1,1,1,1,1,1,1,1,1,1,1,1,1,1,1,1,1,1
OTU_6909,1,1,5,1,1,1,1,1,1,1,1,1,1,1,60,1,1,1,1,1,1,1,1,1,1,1,1,1,1,1,1,1,1,1,1,1,1,1,1,1,12,1,1,1,1,1,1,1,1,1
OTU_6910,1,1,1,1,1,1,1,1,1,1,1,1,1,1,1,1,1,1,1,1,1,1,1,1,1,1,1,1,1,1,1,1,1,1,1,1,1,1,1,1,1,1,1,1,1,1,1,1,1,1
OTU_6911,1,1,1,1,1,1,1,1,1,1,1,1,1,1,1,1,1,1,1,1,1,1,2,1,1,1,1,1,1,1,1,1,1,1,1,1,1,1,1,1,1,1,1,1,1,1,1,1,1,1
OTU_6912,1,1,1,1,1,1,1,1,1,1,1,1,1,1,1,1,1,1,1,1,1,1,1,1,1,1,1,1,1,1,1,1,1,1,1,1,1,1,1,1,1,1,1,1,1,1,1,1,1,1
OTU_6913,1,1,1,1,1,1,1,1,2,1,1,1,1,1,1,1,1,1,1,1,1,1,1,1,1,1,1,1,1,1,1,1,1,1,1,1,1,1,1,1,1,1,1,1,1,1,1,1,1,1
OTU_6914,1,1,1,1,1,1,1,1,1,1,1,1,1,1,1,1,1,1,1,1,1,1,1,1,1,1,1,1,1,1,1,1,1,1,1,1,1,1,1,1,1,1,1,1,1,1,1,1,2,1
OTU_6915,1,1,1,1,1,1,1,1,1,1,1,1,1,1,1,1,1,1,1,1,1,1,1,1,1,1,1,1,1,1,1,1,1,1,1,1,1,1,1,1,1,1,1,1,1,1,1,1,1,1
OTU_6916,1,1,1,1,1,1,1,1,1,1,1,1,1,1,1,1,1,1,1,1,1,1,1,1,1,1,1,1,1,1,1,1,1,1,1,1,1,1,1,1,1,1,1,1,1,1,1,1,1,1
OTU_6917,8,10,1,5,1,1,1,3,1,111,129,1,1,1,1,1,1,1,6,1,8,18,1,1,63,2,46,74,1,1,1,1,1,13,1,1,1,1,1,3,8,1,3,6,1,16,1,16,1,1
OTU_6918,1,1,16,1,1,8,1,1,1,1,1,1,1,1,1,1,1,1,1,1,1,1,1,1,1,1,1,1,1,1,1,1,1,1,1,1,1,1,1,1,1,1,1,1,1,1,1,1,1,1
OTU_6919,2,1,8,332,166,3,76,26,1,121,1,1,123,1,1,1,18,22,3,38,1,3,1,420,1,11,2,1,37,3,616,1,1,10,1,1,1,1,2,1,1,14,77,37,1,1,5,1,49,10
OTU_6920,41,3,122,113,29,112,10,99,29,92,46,142,34,11,16,1,21,7,256,114,79,145,218,110,184,50,34,25,29,158,5,232,50,48,124,22,91,21,1,29,21,74,159,90,9,297,17,96,93,6
OTU_6921,1,1,1,1,1,1,1,1,1,1,1,1,1,1,1,1,1,1,1,1,1,1,1,1,1,1,1,1,1,1,1,1,1,1,1,1,1,1,1,1,1,1,1,1,1,1,1,1,1,1
OTU_6922,1,1,1,1,1,1,1,1,39,1,1,31,2,1,1,1,1,1,1,32,1,1,1,1,1,1,1,1,1,1,1,1,1,1,1,1,1,1,1,1,1,1,2,1,1,1,1,1,1,1
OTU_6923,17,78,22,1,169,1,1,5,4,2,2,41,5,3,256,1,267,2,1,2,1,14,4,1,7,4,15,32,1,82,265,1,93,1,3,1,1,8,152,16,2,57,131,233,33,1,1,177,1,17
OTU_6924,1,1,1,1,1,1,1,1,1,1,1,1,1,1,1,1,1,1,1,1,1,1,1,1,1,1,1,1,1,1,1,1,1,1,1,1,1,1,1,1,1,1,1,1,1,1,1,1,1,1
OTU_6925,1,1,1,1,1,1,1,1,1,1,1,1,1,1,1,1,1,2,1,1,1,1,1,1,1,1,1,1,1,1,1,1,1,1,1,1,1,1,1,1,1,1,1,1,1,1,1,1,1,1
OTU_6926,14,1,1,1,1,1,1,1,1,1,1,1,2,1,4,1,1,1,1,1,1,1,1,1,1,1,1,1,1,1,1,1,1,1,1,1,1,1,1,1,1,1,1,1,1,1,1,1,1,1
OTU_6927,1,1,1,1,1,1,1,1,61,1,1,1,1,4,1,1,1,1,1,1,1,1,1,1,1,1,1,1,21,1,1,1,1,2,1,1,1,1,1,1,108,1,1,1,1,1,1,1,1,1
OTU_6928,1,1,1,1,1,1,1,1,1,1,1,1,1,1,1,1,1,1,1,1,1,1,1,39,1,1,1,1,1,1,1,1,1,1,1,1,1,1,1,1,1,1,1,1,1,1,1,8,1,1
OTU_6929,1,1,1,1,1,1,1,1,1,1,1,2,1,1,1,1,1,1,1,1,1,1,1,1,1,1,1,1,1,1,1,1,1,1,1,1,1,1,1,1,1,1,1,1,1,1,1,1,1,1
OTU_6930,44,24,85,3,2,2,204,41,1,2,1,3,1,15,7,3,7,1,4,1,1,26,1,3,11,1,347,1,1,7,18,28,1,1,1,12,5,53,504,7,1,2,1,502,54,2,1,4,82,1
OTU_6931,1,1,1,1,1,1,1,1,1,1,1,1,1,1,1,1,1,1,1,1,1,1,1,1,1,1,1,1,1,1,1,1,1,1,1,1,1,1,1,1,1,1,1,1,1,1,1,1,1,1
OTU_6932,1,1,1,1,1,1,1,1,1,1,1,1,1,1,1,1,1,1,1,1,1,1,1,1,1,1,1,1,1,1,1,1,1,1,1,1,1,1,1,1,1,1,1,1,1,1,1,1,1,1
OTU_6933,1,1,1,1,1,1,1,1,1,1,1,1,1,1,1,1,1,1,1,1,1,1,1,1,1,1,1,1,1,1,1,1,1,1,13,1,1,1,1,1,1,1,1,1,1,1,1,1,1,1
OTU_6934,1,1,1,1,1,1,1,1,1,1,1,1,1,1,1,1,1,1,1,1,1,1,1,1,1,1,1,1,1,1,1,1,1,1,1,1,1,1,1,1,1,1,1,1,1,1,1,1,1,1
OTU_6935,1,1,1,1,1,1,1,1,1,1,1,1,1,1,1,1,1,1,1,1,1,1,1,1,1,1,1,1,1,102,1,1,1,1,1,1,1,1,1,1,1,1,1,1,1,1,1,1,1,1
OTU_6936,1,67,1,184,7,14,1,151,1,1,1,24,1,8,6,2,47,1,7,28,1,1,2,17,1,17,2,41,13,1,21,1,1,1,1,1,13,8,4,1,6,25,143,33,1,4,1,1,17,1
OTU_6937,1,1,1,1,1,1,1,1,1,1,1,1,1,1,1,1,1,1,1,1,1,1,1,1,1,1,1,1,1,1,1,1,1,1,1,1,1,1,1,1,1,1,1,1,1,1,1,1,1,1
OTU_6938,82,56,7,43,133,38,237,1,12,257,1,1,3,17,50,468,15,258,10,8,31,1,34,140,1,14,210,129,104,41,6,44,10,12,8,138,10,2,1,2,92,410,41,5,7,1,36,1,1,63
OTU_6939,1,1,1,1,1,1,1,1,1,1,1,1,1,1,1,1,1,1,1,1,1,67,1,1,1,1,1,1,1,1,1,1,1,1,1,1,1,1,28,1,1,1,1,1,1,1,1,1,1,2
OTU_6940,1,1,1,1,1,1,1,1,1,1,1,1,1,1,1,1,1,1,1,1,1,1,1,1,1,1,1,1,1,1,1,1,1,1,1,1,1,1,1,1,1,1,1,1,1,1,1,1,1,1
OTU_6941,1,1,1,1,1,1,1,1,1,1,1,1,1,1,1,1,1,1,1,1,1,1,1,1,1,1,1,1,1,1,1,1,1,1,1,1,1,1,1,1,1,1,1,1,1,1,1,1,1,1
OTU_6942,1,1,1,1,1,1,1,1,1,1,1,1,1,1,1,1,1,1,1,1,1,1,1,1,1,1,1,1,1,1,1,2,1,1,1,1,1,1,1,1,1,1,1,1,1,1,1,1,1,1
OTU_6943,4,9,5,36,93,40,5,36,15,274,23,237,216,3,4,13,7,124,51,3,184,5,182,102,185,9,1,400,1,176,3,7,310,35,41,29,145,77,180,6,6,25,3,225,51,105,1,4,62,39
OTU_6944,246,206,37,412,232,572,226,292,166,236,60,64,341,217,31,44,373,257,152,357,39,349,61,61,74,608,66,194,231,670,362,120,118,23,94,405,328,71,106,84,355,51,563,87,61,91,94,118,163,317
OTU_6945,1,1,1,1,1,1,1,1,1,1,1,1,1,1,1,1,1,1,1,1,1,1,1,1,1,1,1,1,1,1,1,1,1,1,1,1,1,1,1,1,1,1,1,1,1,1,1,1,1,1
OTU_6946,1,1,1,1,1,1,1,1,1,1,1,1,1,1,1,1,1,1,1,1,1,1,1,1,1,1,1,1,1,1,1,1,1,1,1,1,1,1,1,1,1,1,1,1,1,1,1,1,1,1
OTU_6947,1,1,1,1,1,1,1,1,1,1,1,1,1,1,1,1,1,1,1,1,1,1,1,1,1,1,1,1,1,1,1,1,1,1,1,1,1,1,1,1,1,1,1,1,1,1,1,1,1,1
OTU_6948,1,1,1,1,1,1,1,1,1,1,1,1,1,1,1,1,1,1,1,1,1,1,1,1,1,1,1,1,1,1,1,1,1,1,1,1,1,1,1,1,1,1,1,1,1,1,1,1,1,1
OTU_6949,97,86,59,3,4,18,2,20,1,1,3,7,76,1,91,1,32,67,1,124,1,34,1,179,43,21,35,94,1,1,9,7,1,1,65,28,5,1,7,1,12,92,4,1,18,5,30,15,103,1
OTU_6950,308,89,37,134,216,123,57,59,72,190,224,80,407,177,778,131,264,104,121,75,108,116,42,17,58,148,529,12,313,125,15,236,64,278,12,241,64,324,742,62,167,273,163,117,23,269,63,45,167,291
OTU_6951,1,1,1,1,1,1,1,1,1,1,1,1,1,1,1,1,1,1,1,1,1,1,1,1,1,1,1,1,1,1,1,1,1,1,1,1,1,1,1,1,1,1,1,1,1,1,1,1,1,1
OTU_6952,1,1,1,1,1,1,1,1,1,1,1,1,1,1,1,1,1,1,1,1,1,1,1,1,1,1,1,1,1,1,1,1,1,1,1,1,1,1,1,1,1,1,1,1,1,1,1,1,1,1
OTU_6953,239,1,1,1,1,1,1,1,1,1,1,1,1,1,1,112,1,1,61,1,1,1,1,1,1,1,1,1,1,1,1,1,1,1,1,1,1,1,1,1,1,1,1,1,1,1,1,1,1,1
OTU_6954,1,1,1,1,1,1,1,1,1,1,1,1,1,1,1,1,1,1,1,1,1,1,1,1,1,1,1,1,1,1,1,1,1,1,1,1,1,1,1,1,1,1,1,1,1,1,1,1,1,1
OTU_6955,1,1,1,1,1,1,1,1,1,1,1,1,1,1,1,1,1,1,1,1,1,1,1,1,1,1,1,1,1,1,1,1,1,1,1,1,1,1,1,1,1,1,1,1,1,1,1,1,1,1
OTU_6956,1,1,1,1,1,1,1,1,1,1,1,1,1,1,1,1,1,1,1,1,1,1,1,1,1,1,1,1,1,1,1,1,1,1,1,1,1,1,1,1,1,1,1,1,1,1,1,1,1,1
OTU_6957,1,1,1,1,1,1,1,1,1,1,1,1,1,1,1,1,1,1,1,1,1,1,1,1,1,1,1,1,1,1,1,1,1,1,1,1,1,1,1,1,1,1,1,1,1,1,1,1,1,1
OTU_6958,73,332,83,144,290,316,359,238,337,132,205,66,214,126,140,88,337,73,603,338,250,305,525,51,203,100,654,271,119,278,488,369,175,530,299,358,265,301,421,599,816,369,183,204,703,200,360,615,242,117
OTU_6959,1,1,1,1,1,1,1,1,1,1,1,1,1,1,1,1,1,1,1,1,1,1,1,1,1,1,1,1,1,1,1,1,1,1,1,1,1,1,1,1,1,1,1,1,1,1,1,1,1,1
OTU_6960,1,7,1,13,1,1,1,1,1,1,1,1,1,2,1,2,1,1,1,1,1,1,1,1,1,1,1,1,1,1,28,1,1,1,1,1,1,1,1,1,1,1,1,1,1,1,1,1,1,1
OTU_6961,117,224,59,134,35,157,526,364,167,116,1289,66,150,145,114,18,144,213,104,79,197,128,477,99,162,216,373,152,142,387,86,161,134,444,105,237,242,102,110,184,52,722,291,290,128,139,255,380,111,455
OTU_6962,1,1,1,1,1,1,1,1,1,1,1,1,1,1,1,1,1,1,1,1,1,1,1,1,1,1,1,1,1,1,1,1,1,1,1,1,1,1,1,1,1,1,1,1,1,1,1,1,1,1
OTU_6963,1,1,1,1,1,1,1,1,1,1,1,1,1,1,1,1,1,1,1,1,1,1,1,1,1,1,1,1,1,1,1,1,1,1,1,1,1,1,1,1,1,1,1,1,1,1,1,1,1,1
OTU_6964,1,1,1,1,1,1,1,1,1,1,1,1,1,1,1,1,1,1,1,1,1,1,1,1,1,1,1,1,1,1,1,1,1,1,1,1,1,1,1,1,1,1,1,1,1,1,1,1,1,1
OTU_6965,1,1,1,1,1,1,1,1,1,1,1,1,1,1,1,1,1,1,1,1,1,1,1,1,1,1,1,1,1,1,1,1,1,1,1,1,1,1,1,1,1,1,1,1,1,1,1,1,1,1
OTU_6966,1,1,1,1,1,1,1,1,1,1,1,1,1,1,1,1,1,1,1,1,1,1,1,1,1,1,1,1,1,1,1,1,1,1,1,1,1,1,1,1,1,1,1,1,1,1,1,1,1,1
OTU_6967,1,1,1,1,1,1,1,1,1,1,1,1,1,1,1,1,1,1,1,1,1,1,1,1,1,1,1,1,1,1,1,1,1,1,1,1,1,1,1,1,1,1,1,1,1,1,1,1,1,1
OTU_6968,1,1,1,1,1,1,1,1,1,1,1,1,1,1,1,1,1,1,1,1,1,1,1,1,1,1,1,1,1,1,1,1,1,1,1,1,1,1,1,1,1,1,1,1,1,1,1,1,1,1
OTU_6969,1,1,1,1,1,1,1,1,1,1,4,1,1,1,1,1,1,1,1,1,1,1,1,1,1,1,1,1,1,1,1,1,1,1,1,1,1,1,1,1,1,1,1,1,1,1,1,1,1,1
OTU_6970,1,110,133,30,1,12,1,1,1,1,7,3,165,1,26,1,56,1,205,1,1,30,3,1,1,1,4,1,1,1,2,1,26,43,19,1,42,11,1,318,26,11,1,3,1,2,40,144,8,1
OTU_6971,1,1,1,1,1,1,1,1,1,1,1,1,1,1,1,1,1,1,1,2,1,1,1,1,1,1,1,1,1,1,1,1,1,1,1,1,1,1,1,1,1,1,1,1,1,1,1,1,1,1
OTU_6972,1,1,1,1,1,1,1,1,1,1,1,1,1,39,1,1,1,1,1,1,1,1,1,1,1,1,1,1,1,1,1,12,1,1,2,1,26,1,1,1,20,1,1,1,1,1,1,1,1,1
OTU_6973,187,1,4,1,1,1,1,1,1,69,1,85,1,1,1,9,10,1,1,1,1,1,1,1,1,1,10,1,1,30,1,1,40,1,1,2,1,1,1,1,1,1,2,5,1,1,1,99,1,1
OTU_6974,1,1,1,1,1,1,1,1,1,1,1,1,1,1,1,1,1,1,1,1,1,1,1,1,1,1,1,1,1,1,1,1,1,1,1,1,1,1,1,1,1,1,1,1,1,1,1,1,1,1
OTU_6975,1,1,1,1,1,1,1,1,1,1,1,1,1,1,1,1,1,1,1,1,1,1,1,1,1,1,1,1,1,1,1,1,1,1,1,1,1,1,1,1,1,1,1,1,1,1,1,1,1,1
OTU_6976,1,1,1,1,1,1,1,1,1,1,1,1,1,1,1,1,1,1,1,1,1,1,1,1,1,1,1,1,1,1,1,1,1,1,1,1,1,1,1,1,1,1,1,1,1,1,1,1,1,1
OTU_6977,1,1,1,1,1,1,1,1,1,1,1,1,1,1,1,1,1,1,1,1,1,1,1,1,1,1,1,1,1,1,1,1,1,1,1,1,1,1,1,1,1,1,1,1,1,1,1,1,1,1
OTU_6978,1,1,1,1,1,1,1,1,1,1,1,1,1,1,1,6,1,1,1,1,1,1,1,1,1,1,1,1,1,1,1,1,1,1,7,1,1,1,1,1,1,1,1,1,1,1,1,1,1,1
OTU_6979,1,1,1,1,1,1,1,1,1,1,9,1,1,1,1,1,1,1,1,59,1,1,1,1,1,1,1,1,1,1,2,1,1,1,1,1,1,1,1,1,1,1,1,1,1,1,1,1,1,1
OTU_6980,1,1,1,1,1,1,1,1,1,1,1,1,1,1,1,1,1,1,1,1,1,1,1,1,1,1,1,1,1,1,1,1,1,1,1,1,1,1,1,1,1,1,1,1,1,1,1,1,1,1
OTU_6981,1,1,1,1,1,1,1,6,1,1,1,1,1,1,1,1,1,1,1,1,1,1,1,1,2,1,1,1,1,1,1,22,1,2,1,1,1,1,1,1,1,1,1,1,1,2,1,19,1,1
OTU_6982,198,99,148,11,188,61,40,228,72,107,28,2,37,150,12,607,61,230,406,152,288,27,48,18,121,69,9,102,127,164,749,481,107,8,206,18,23,15,255,222,56,40,43,128,65,240,247,3,236,67
OTU_6983,1,2,1,21,1,1,1,1,1,1,1,1,1,1,1,84,1,1,1,1,1,1,1,1,1,1,1,1,8,1,1,1,32,1,1,1,1,1,1,1,1,1,1,1,1,1,1,1,1,1
OTU_6984,1,1,1,1,1,1,1,1,1,1,1,1,1,1,1,1,1,1,1,1,1,1,1,1,1,1,1,1,168,1,1,1,1,1,1,1,1,1,1,1,1,1,1,1,1,1,1,1,1,1
OTU_6985,1,1,1,1,1,1,1,1,1,1,1,1,1,1,1,1,1,1,1,1,1,1,1,1,1,1,1,1,1,1,1,1,1,1,1,1,1,1,1,1,1,1,1,1,1,1,1,1,1,1
OTU_6986,1,1,1,1,1,1,1,1,1,1,1,1,1,1,1,1,1,1,1,1,1,1,1,1,1,1,1,1,1,1,1,1,1,1,1,1,1,1,1,1,1,1,1,1,1,1,1,1,1,1
OTU_6987,1,1,1,1,1,1,1,1,1,1,1,1,1,1,1,1,1,1,1,1,1,1,1,1,1,1,1,1,1,1,1,1,1,1,1,1,1,1,1,1,1,1,1,1,1,1,2,1,1,1
OTU_6988,1,1,1,1,1,1,1,1,1,1,1,1,1,1,1,1,1,1,1,1,1,1,1,1,1,1,1,1,1,1,1,1,1,1,1,1,1,1,1,1,1,1,1,1,1,1,1,1,1,1
OTU_6989,1,1,1,1,1,1,1,1,1,1,1,1,1,1,1,1,1,1,1,1,1,1,1,1,1,1,1,1,1,1,1,1,1,1,1,1,1,1,1,1,1,1,1,1,1,1,1,1,1,1
OTU_6990,1,1,1,1,1,1,1,1,1,1,1,1,1,1,1,1,1,1,1,1,1,1,1,1,1,1,1,1,1,1,1,1,1,1,1,1,1,1,1,1,1,1,1,1,1,1,1,1,1,1
OTU_6991,1,1,1,1,1,1,1,1,1,1,1,1,1,1,1,1,1,1,1,1,1,1,1,1,1,1,1,1,1,1,1,1,1,1,1,1,1,1,1,1,1,1,1,1,1,1,1,1,1,1
OTU_6992,1,1,1,1,1,1,1,1,1,1,1,1,1,1,1,1,1,1,1,1,1,1,1,1,1,1,1,1,1,1,1,1,1,1,1,1,1,1,1,1,1,1,1,1,1,1,1,1,1,1
OTU_6993,1,1,1,1,1,1,1,1,1,1,1,1,1,1,1,2,1,1,1,1,3,1,1,1,1,1,1,1,1,6,1,1,1,1,1,1,192,2,1,1,1,1,1,1,1,1,1,1,1,1
OTU_6994,14,1,1,4,1,1,1,1,1,1,1,2,1,2,1,14,1,1,1,1,1,3,63,1,1,1,1,1,62,1,1,1,1,1,1,1,1,4,1,1,5,2,1,1,1,1,1,2,305,1
OTU_6995,1,1,1,1,1,1,1,1,1,1,1,1,1,1,1,1,1,1,1,1,1,1,1,1,1,1,1,1,1,1,1,1,1,1,1,1,1,1,1,1,1,1,1,1,1,1,1,1,1,1
OTU_6996,1,1,1,1,1,1,1,1,1,1,1,1,1,1,1,1,1,1,1,1,1,1,1,1,1,1,1,1,1,1,1,1,1,1,1,1,1,1,1,1,1,1,1,1,1,1,1,1,1,1
OTU_6997,1,1,1,1,1,1,1,1,1,1,1,1,1,1,1,1,1,1,1,1,1,1,1,1,1,1,1,1,1,1,1,1,1,1,1,1,1,1,1,1,1,1,1,1,1,1,1,1,1,1
OTU_6998,4,1,2,1,1,6,2,2,2,1,1,1,4,1,1,1,1,1,1,4,1,1,1,1,1,1,1,1,9,3,1,1,1,1,96,124,5,1,1,1,44,1,1,1,1,5,1,1,1,1
OTU_6999,114,248,13,84,94,34,27,31,25,272,251,38,3,126,41,61,50,19,56,139,20,8,3,1,49,6,11,185,95,46,7,141,21,21,27,50,37,368,96,211,28,63,34,4,48,3,10,80,4,114
OTU_7000,1,1,1,1,1,1,1,1,1,1,1,1,1,1,1,1,1,1,1,1,1,1,1,1,1,1,1,1,1,1,1,1,1,1,1,1,1,1,1,1,1,1,1,1,1,1,1,1,1,1
OTU_7001,2,511,13,72,19,5,3,88,1,136,419,38,322,2,21,46,11,46,60,190,9,4,19,297,460,28,4,4,11,17,3,176,49,38,11,42,195,38,201,41,97,129,194,25,249,40,196,73,15,165
OTU_7002,2,1,74,28,8,188,22,74,357,45,36,22,1,132,39,27,13,136,1,90,1,85,46,214,21,106,63,1,1,1,15,72,7,88,30,67,4,1,9,47,25,14,24,233,56,4,210,6,1,103
OTU_7003,1,1,1,1,1,1,1,1,1,1,1,1,1,1,1,1,1,1,1,1,1,1,1,1,1,1,1,1,1,1,1,1,1,1,1,1,1,1,1,1,1,1,1,1,1,1,1,1,1,1
OTU_7004,18,1,1,37,1,1,1,31,1,1,14,7,1,1,92,1,1,1,2,1,1,1,1,1,3,1,3,1,1,1,1,1,1,1,1,1,6,6,2,1,4,1,1,1,1,51,1,1,9,1
OTU_7005,1,1,1,1,4,1,1,31,2,1,1,1,1,1,1,1,1,2,2,18,2,1,1,27,157,1,182,2,1,4,1,12,2,1,1,1,1,17,1,1,3,1,1,1,3,1,1,186,1,1
OTU_7006,1,1,1,1,1,1,1,1,1,1,1,1,1,1,1,1,1,1,1,1,1,1,1,1,1,1,1,1,1,1,1,2,1,1,5,1,39,1,1,1,1,1,1,1,1,1,1,1,1,1
OTU_7007,1,1,1,1,1,1,3,60,1,1,16,1,495,1,1,1,1,1,1,1,3,1,1,1,2,1,1,1,1,1,1,1,1,1,1,1,1,1,1,1,1,1,1,1,3,1,1,1,1,1
OTU_7008,1,1,1,1,1,1,1,1,1,1,1,1,1,1,1,1,1,1,1,1,1,1,1,1,1,1,1,1,1,1,1,1,1,1,1,1,1,1,1,1,1,1,1,1,1,1,1,1,1,1
OTU_7009,1,1,1,1,1,1,1,1,1,1,1,1,1,1,1,1,1,1,1,1,1,1,1,1,1,1,1,1,1,1,1,1,1,1,1,1,1,1,1,1,1,1,1,1,1,1,1,1,1,1
OTU_7010,1,1,1,1,1,1,1,1,1,1,1,1,1,1,1,1,1,1,1,1,1,1,1,1,1,1,1,1,1,1,1,1,1,1,1,1,1,1,1,1,1,1,1,1,1,1,1,1,1,1
OTU_7011,14,8,16,372,63,54,324,121,75,2,73,290,78,77,17,20,42,8,96,199,340,319,103,93,27,1,109,467,95,109,319,32,141,25,402,353,53,85,34,267,170,39,268,110,58,91,34,3,73,10
OTU_7012,1,1,1,1,1,1,1,1,1,1,1,1,1,1,1,1,1,1,1,1,1,1,1,1,1,1,1,1,1,1,1,1,1,1,1,1,1,1,1,1,1,1,1,1,1,1,1,1,1,1
OTU_7013,4,2,106,3,4,26,3,61,38,35,41,36,106,1,55,4,85,93,92,192,21,102,1,321,6,156,36,1,1,2,25,113,3,58,48,12,434,11,26,37,312,132,3,31,3,7,60,62,2,22
OTU_7014,1,1,99,1,9,2,7,1,14,1,50,4,60,28,2,1,3,43,1,1,1,1,1,61,120,11,15,1,1,15,1,1,1,1,319,1,4,18,1,1,3,1,1,173,6,10,1,1,1,7
OTU_7015,1,289,9,6,3,130,164,36,2,128,55,32,2,4,1,320,57,1,5,47,1,216,87,113,64,131,1,3,171,261,6,30,95,4,32,20,8,2,3,246,74,2,31,94,6,19,4,42,53,2
OTU_7016,77,7,213,118,287,253,62,193,186,62,860,3,177,102,139,42,53,134,96,80,864,40,160,221,78,200,481,130,112,42,74,120,124,894,325,172,67,303,78,319,379,336,107,121,59,41,202,259,73,105
OTU_7017,73,1,15,7,325,5,1,1,19,11,1,4,102,4,6,2,47,15,33,76,1,1,6,1,7,1,16,7,1,3,1,1,1,7,1,1,1,51,2,5,1,41,4,4,1,131,98,8,47,1
OTU_7018,1,1,1,1,1,1,1,1,1,1,1,1,1,1,1,1,1,1,1,1,1,1,1,1,1,1,1,1,1,1,1,1,1,1,1,1,1,1,1,1,1,1,1,1,1,1,1,1,1,1
OTU_7019,1,1,1,1,1,1,1,1,1,1,1,1,1,1,1,1,1,1,1,1,1,1,1,1,1,1,1,1,1,1,1,1,1,1,1,1,1,1,1,1,1,1,1,1,1,1,1,1,1,1
OTU_7020,1,1,1,1,1,1,1,1,1,1,1,1,1,1,1,1,1,1,1,1,1,1,1,1,1,1,1,1,1,1,1,1,1,1,1,1,1,1,1,1,1,1,1,1,1,1,1,1,1,1
OTU_7021,1,1,1,1,2,1,1,1,1,1,1,1,1,1,2,1,1,1,1,1,1,1,1,6,1,1,1,1,1,1,1,1,1,1,1,1,1,1,1,1,1,1,1,1,1,1,1,1,1,1
OTU_7022,1,1,1,1,1,1,1,1,1,1,1,1,1,1,1,1,1,1,1,1,1,1,1,1,1,1,1,1,1,1,1,1,1,1,1,1,1,1,1,1,1,1,1,1,1,1,1,1,1,1
OTU_7023,1,1,1,1,1,1,1,1,1,1,1,1,1,1,1,1,1,1,1,1,1,1,1,1,1,1,1,1,1,1,1,1,1,1,1,1,1,1,1,1,1,1,1,1,1,1,1,1,1,1
OTU_7024,1,1,1,1,1,1,1,1,1,39,1,1,1,1,1,1,1,1,1,1,1,1,1,1,1,1,1,1,1,1,1,1,1,1,1,1,1,1,1,1,1,1,1,1,1,1,1,1,29,1
OTU_7025,1,1,1,1,57,1,1,1,1,1,1,1,1,1,1,1,1,1,1,48,7,9,1,1,1,1,1,1,3,41,1,1,1,1,5,1,1,1,1,1,174,1,1,1,1,1,1,1,1,20
OTU_7026,1,1,1,1,1,1,1,1,1,1,1,1,1,1,1,1,1,1,1,1,1,1,1,1,1,1,1,1,1,1,1,1,1,1,1,1,1,1,1,1,1,1,1,1,1,1,1,1,1,1
OTU_7027,1,1,1,1,1,1,1,1,1,1,1,1,1,1,1,1,1,1,1,1,1,1,1,1,1,1,1,1,1,1,1,1,1,1,1,1,1,1,1,1,2,1,1,1,1,1,1,1,1,1
OTU_7028,1,1,1,1,2,1,1,1,1,1,1,1,1,1,1,1,1,1,1,1,1,1,1,1,1,1,1,1,1,1,1,1,1,1,1,1,1,1,1,1,1,1,1,1,1,1,1,1,1,1
OTU_7029,1,1,1,1,1,1,1,1,1,1,1,1,1,1,1,1,1,1,1,1,1,1,1,1,1,1,1,1,1,1,1,1,1,1,1,1,1,1,1,1,1,1,1,1,1,1,1,1,1,1
OTU_7030,1,1,1,1,1,1,1,1,1,1,1,1,1,1,1,1,1,1,1,1,1,1,1,1,1,1,1,1,1,1,1,1,1,1,1,1,1,1,1,1,1,1,1,1,1,1,1,1,1,1
OTU_7031,1,1,1,1,1,1,1,1,1,1,1,1,1,1,1,1,1,1,1,1,1,1,1,1,1,1,1,1,1,1,1,1,1,1,1,1,1,1,1,1,1,1,1,1,1,1,1,1,1,1
OTU_7032,1,1,1,1,1,1,1,1,1,1,1,1,1,1,1,1,1,1,1,1,1,1,1,1,1,1,1,1,1,1,1,1,1,1,1,1,1,1,1,1,1,1,1,1,1,1,1,1,1,1
OTU_7033,1,1,1,1,3,1,1,5,1,2,40,1,1,1,1,1,1,1,1,1,1,1,1,1,1,1,1,1,2,1,261,1,1,1,1,1,1,1,1,180,2,1,1,1,1,1,1,1,1,1
OTU_7034,1,1,1,1,1,1,1,1,1,1,1,10,1,1,1,1,1,1,1,1,1,1,1,1,1,1,1,1,1,1,1,1,1,1,1,1,1,1,1,14,1,1,51,1,1,6,1,8,1,1
OTU_7035,1,1,1,1,1,1,1,1,1,1,1,1,1,1,1,1,1,1,1,1,1,1,1,1,1,1,1,1,1,1,1,1,1,1,1,1,1,1,1,1,1,1,1,1,1,1,1,1,1,1
OTU_7036,1,1,1,1,1,1,1,1,1,1,1,1,1,1,1,1,1,1,1,1,1,1,1,1,1,1,1,1,1,1,1,1,1,1,1,1,1,1,1,1,1,1,1,1,1,1,1,1,1,1
OTU_7037,1,1,1,1,1,1,1,1,1,1,1,1,1,1,70,1,1,1,1,1,1,1,1,1,1,1,1,1,1,1,1,1,1,1,1,1,1,1,1,1,1,1,1,1,1,1,1,1,1,1
OTU_7038,92,134,10,5,70,79,88,16,3,28,47,56,418,1,985,17,1,32,3,83,21,2,19,7,2,76,1,1,128,19,11,8,189,127,84,313,7,5,433,188,56,1,153,88,727,16,60,3,408,538
OTU_7039,86,99,27,75,2,1,71,14,20,5,4,32,28,43,51,1,142,1,51,1,1,108,8,26,59,8,77,223,3,6,191,47,51,181,1,14,2,126,2,21,30,1,3,7,13,70,14,94,6,3
OTU_7040,1,1,1,1,1,1,1,1,1,1,1,1,1,1,1,1,1,1,1,1,1,1,1,1,1,1,1,1,1,1,1,1,1,1,1,1,1,1,1,1,1,1,1,1,1,1,1,1,1,1
OTU_7041,140,153,22,179,113,81,91,2,163,109,129,191,19,42,112,71,52,132,90,10,19,23,53,31,1,112,95,45,147,88,31,43,155,171,83,5,225,18,78,96,1,1,150,196,28,386,106,2,117,79
OTU_7042,1,1,1,1,1,1,1,1,1,1,1,1,1,1,1,1,1,1,1,1,1,1,1,1,1,1,1,1,1,1,1,1,1,1,1,1,1,1,1,1,1,1,1,1,1,1,1,1,1,1
OTU_7043,1,1,1,1,1,1,1,1,1,1,1,1,1,1,1,1,1,1,1,1,1,1,1,1,1,1,1,1,1,1,1,1,1,1,1,1,1,1,1,1,1,1,1,1,1,1,1,1,1,1
OTU_7044,1,1,1,1,1,1,1,1,1,1,1,1,1,1,1,1,1,1,1,1,1,1,1,1,1,1,1,1,1,1,1,1,1,1,1,1,1,1,1,1,1,1,1,1,1,1,1,1,1,1
OTU_7045,1,1,1,1,1,1,1,1,1,1,1,1,1,1,1,1,1,1,1,1,1,1,1,1,1,1,1,1,1,1,1,1,1,1,1,1,1,1,1,1,1,1,1,1,1,1,1,1,1,1
OTU_7046,1,1,1,2,12,1,1,1,1,1,1,175,11,1,1,1,1,1,2,1,1,171,1,1,1,1,1,1,1,1,6,1,33,1,1,2,1,1,9,1,1,1,1,2,385,20,1,17,1,1
OTU_7047,1,15,1,1,1,9,1,2,1,177,37,6,9,34,8,82,29,33,128,1,1,244,1,3,1,1,1,128,16,1,63,1,30,61,1,1,1,3,20,268,1,65,1,1,1,8,1,214,3,2
OTU_7048,90,41,8,174,1,4,7,142,50,8,9,47,26,147,550,49,125,294,157,49,48,35,96,133,44,3,30,12,7,4,2,1,9,64,298,4,7,18,121,25,7,61,5,168,79,158,6,52,101,3
OTU_7049,1,1,1,1,1,1,1,1,1,1,1,1,1,1,1,1,1,1,1,1,1,1,1,1,1,1,1,1,1,1,1,1,1,1,1,1,1,1,1,1,1,1,1,1,1,1,1,1,1,1
OTU_7050,1,1,1,1,1,1,1,1,1,1,1,1,1,1,1,1,1,1,1,1,1,1,1,1,7,1,1,1,1,1,1,1,1,1,1,1,1,1,1,1,1,1,1,1,1,1,1,1,1,1
OTU_7051,1,1,1,1,1,1,1,1,1,1,1,1,1,1,1,1,1,1,1,1,1,1,1,1,1,1,1,1,1,1,1,1,1,1,1,1,1,1,1,1,1,1,1,1,1,1,1,1,1,1
OTU_7052,1,1,1,1,1,1,1,1,1,1,1,1,1,1,1,1,1,1,1,1,1,1,1,1,1,1,1,1,1,1,1,1,1,1,1,1,1,1,1,1,1,1,1,1,1,1,1,1,1,1
OTU_7053,1,1,1,1,1,1,1,1,1,1,1,1,1,1,1,1,1,1,1,1,1,1,1,1,1,1,1,1,1,1,1,1,1,1,1,1,1,1,1,1,1,1,1,1,1,1,1,1,1,1
OTU_7054,1,1,1,1,1,1,1,1,1,1,1,1,1,1,1,1,1,1,1,1,1,1,1,1,1,1,1,1,1,1,1,1,1,1,1,1,1,1,1,1,1,1,1,1,1,1,1,1,1,1
OTU_7055,540,1,1,3,19,9,2,16,9,1,1,5,21,12,4,33,34,6,212,16,44,1,13,4,2,49,7,1,10,8,51,26,6,133,167,1,20,2,25,1,6,13,5,13,8,26,1,21,1,3
OTU_7056,1,1,1,1,1,1,1,1,1,1,1,1,1,1,1,1,1,1,1,1,1,1,1,1,1,1,1,1,1,1,1,1,1,1,1,1,1,1,1,1,1,1,1,1,1,1,1,1,1,1
OTU_7057,1,1,1,1,1,1,1,1,1,1,1,1,1,1,1,1,1,1,1,1,1,1,1,1,1,1,1,1,1,1,1,1,1,1,1,1,1,1,1,1,1,1,1,1,1,1,1,1,1,1
OTU_7058,1,1,1,1,1,1,1,1,1,1,1,1,1,1,1,1,1,1,1,1,1,1,1,1,1,1,1,1,1,1,1,1,1,1,1,1,1,1,1,1,1,1,1,1,1,1,1,1,1,1
OTU_7059,1,1,1,1,1,1,1,1,1,1,1,1,1,1,1,1,1,1,1,1,1,1,1,1,1,1,1,1,1,1,1,1,1,1,1,1,1,1,1,1,1,1,1,1,1,1,1,1,1,1
OTU_7060,47,176,105,129,16,25,33,16,140,72,69,170,2,45,37,1,2,7,51,41,197,23,161,10,5,35,186,257,162,44,481,16,39,419,9,61,105,182,35,10,178,49,79,53,46,16,93,143,109,5
OTU_7061,1,1,1,1,1,1,1,5,17,1,1,1,1,1,1,1,1,1,7,1,1,1,1,1,1,1,1,1,1,1,1,1,4,1,1,1,5,22,1,8,1,1,1,1,1,1,2,16,1,1
OTU_7062,1,1,1,1,1,1,1,2,1,1,1,1,1,1,1,1,1,1,1,1,1,1,1,1,1,1,1,1,1,1,1,1,1,1,1,1,1,1,1,1,1,1,1,1,1,1,1,1,1,1
OTU_7063,1,1,1,1,1,1,1,1,1,1,1,1,1,1,1,1,1,1,1,1,1,1,1,1,1,1,1,1,1,1,1,1,1,1,1,1,1,1,1,1,1,1,1,1,1,1,1,1,1,1
OTU_7064,1,1,1,1,1,1,1,1,1,1,1,1,1,1,1,1,1,1,1,1,1,1,1,1,1,1,1,1,1,1,1,1,1,1,1,1,1,1,1,1,1,1,1,1,1,1,1,1,1,1
OTU_7065,1,1,1,1,1,1,1,1,1,1,1,1,1,1,1,1,1,1,1,1,1,1,1,1,1,1,1,1,1,1,1,1,1,1,1,1,1,1,1,1,1,1,1,1,1,1,1,1,1,1
OTU_7066,1,1,1,1,1,1,1,1,1,1,1,1,1,1,1,1,1,1,1,1,1,1,1,1,1,1,1,1,1,1,1,1,1,1,1,1,1,1,1,1,1,1,1,1,1,1,1,1,1,1
OTU_7067,101,75,70,15,222,73,209,546,18,35,23,115,25,44,57,1,21,32,86,11,129,10,534,21,302,172,89,105,27,106,171,122,48,6,163,11,297,131,26,451,8,135,23,3,1,295,2,17,388,654
OTU_7068,21,467,147,32,131,37,36,107,105,393,879,31,22,99,292,52,130,313,85,58,321,90,63,142,11,597,226,70,256,93,506,198,371,395,226,34,48,260,13,162,153,215,63,114,323,149,117,32,30,318
OTU_7069,1,133,22,1,2,128,1,31,5,2,28,21,1,253,1,1,76,1,111,13,66,38,67,15,1,2,279,8,2,59,36,6,31,1,62,32,1,1,3,85,2,18,4,17,24,1,80,1,62,26
OTU_7070,1,1,1,1,1,1,1,1,1,1,1,1,1,1,1,1,1,1,1,1,1,1,1,1,1,1,1,1,1,1,1,1,1,1,1,1,1,1,1,1,1,1,1,1,1,1,1,1,1,1
OTU_7071,1,1,1,1,1,1,1,1,1,1,1,1,1,1,1,1,1,1,1,1,1,1,1,1,1,1,1,1,1,1,1,1,1,1,1,1,1,1,1,1,1,1,1,1,1,1,1,1,1,1
OTU_7072,80,1,1,1,1,1,1,1,1,1,16,1,1,1,1,1,1,1,1,1,1,1,1,1,1,1,1,1,1,1,1,1,1,2,1,1,1,1,11,1,1,1,1,1,1,1,1,1,1,1
OTU_7073,1,1,1,1,1,1,1,1,1,1,1,1,1,1,1,1,1,1,1,1,1,1,1,1,1,1,1,1,1,1,1,1,1,1,1,1,1,1,1,1,1,1,1,1,1,1,1,1,1,1
OTU_7074,1,1,1,1,1,1,1,1,1,1,1,1,1,1,1,1,1,1,1,1,1,1,1,1,1,1,1,1,1,1,1,1,1,1,1,1,1,1,1,1,1,1,1,1,1,1,1,1,1,1
OTU_7075,1,1,1,1,1,1,1,1,1,1,1,1,1,1,1,1,1,1,1,1,1,1,1,1,1,1,1,1,1,1,1,1,1,1,1,1,1,1,1,1,1,1,1,1,1,1,1,1,1,1
OTU_7076,1,1,1,1,1,1,1,1,1,1,1,1,1,1,1,1,1,1,1,1,1,1,1,1,1,1,1,1,1,1,1,1,1,1,1,1,1,1,1,1,1,1,1,1,1,1,1,1,1,1
OTU_7077,1,1,1,1,1,1,1,1,1,1,1,1,1,1,1,1,1,1,1,1,1,1,1,1,1,1,1,1,1,1,1,1,1,1,1,1,1,1,1,1,1,1,1,1,1,1,1,1,1,1
OTU_7078,1,1,1,1,1,1,1,1,1,1,1,1,1,1,1,1,1,1,1,1,1,1,1,1,1,1,1,1,1,1,1,1,1,1,1,1,1,1,1,1,1,1,1,1,1,1,1,1,1,1
OTU_7079,1,1,1,1,1,1,1,1,1,1,1,1,1,1,1,1,1,1,1,1,1,1,1,1,1,1,1,1,1,1,4,1,1,1,1,1,1,1,1,1,1,1,1,1,1,1,1,1,1,1
OTU_7080,13,1,35,49,9,1,1,1,28,5,2,1,1,1,1,337,7,1,1,34,4,2,1,1,2,226,34,1,1,79,1,295,102,1,2,1,1,18,131,1,1,28,1,1,1,9,1,42,1,3
OTU_7081,8,1,26,1,1,167,1,1,286,1,1,1,1,2,1,33,167,369,1,118,1,6,50,1,1,15,33,1,4,1,5,1,6,12,1,1,1,73,5,192,2,1,23,450,1,1,1,1,9,2
OTU_7082,1,1,1,1,1,1,1,1,1,1,1,1,1,1,1,1,1,1,1,1,1,1,1,1,1,1,1,1,1,1,1,2,1,1,1,1,1,1,1,1,1,1,1,1,1,1,1,1,1,1
OTU_7083,1,12,1,1,1,1,1,1,1,1,1,1,1,1,1,1,1,1,1,1,1,1,1,1,1,1,1,1,1,1,1,1,1,1,1,1,1,1,1,1,1,1,1,1,1,1,1,1,1,1
OTU_7084,1,1,1,1,1,1,1,1,1,1,1,1,1,1,1,1,1,1,1,1,1,1,1,1,1,1,1,1,1,1,1,1,1,1,1,1,1,1,1,1,1,1,1,1,1,1,1,1,1,1
OTU_7085,1,1,1,1,1,1,1,1,1,1,1,1,1,1,1,1,1,1,1,1,1,1,1,1,1,1,1,1,1,1,1,1,1,1,1,1,1,1,1,1,1,1,1,1,1,1,1,1,1,1
OTU_7086,34,74,217,304,233,771,176,360,333,209,83,408,277,274,187,136,258,163,264,185,194,82,430,152,104,232,32,187,150,173,122,55,175,123,215,409,111,11,485,245,796,284,177,77,62,448,354,53,605,257
OTU_7087,8,7,53,14,7,2,155,5,23,1,1,1,1,4,4,1,4,1,38,15,47,1,2,170,2,13,1,22,15,127,68,78,2,1,26,17,152,3,1,100,88,6,69,108,11,7,2,1,1,2
OTU_7088,1,1,1,1,1,1,1,1,1,1,1,1,109,1,1,1,43,1,1,1,1,1,1,1,1,1,1,1,1,1,1,1,1,1,1,1,1,1,1,1,1,1,1,1,1,1,111,1,1,1
OTU_7089,264,1,44,13,89,22,39,18,63,24,93,162,189,163,6,131,89,88,23,68,10,231,15,7,83,62,70,68,199,50,21,29,57,110,39,619,267,74,1,81,95,191,22,175,199,18,11,71,61,138
OTU_7090,218,379,64,31,123,676,286,79,47,281,26,57,16,126,8,22,321,138,10,5,3,15,136,4,33,20,68,283,443,194,28,7,90,45,113,27,275,31,1,22,36,72,27,85,228,1,5,8,216,53
OTU_7091,1,1,1,1,1,1,1,1,1,1,1,1,1,1,1,1,1,1,1,1,1,1,1,1,1,1,1,1,1,1,1,1,1,1,1,1,1,1,1,1,1,1,1,1,1,1,1,1,1,1
OTU_7092,1,147,57,79,100,4,238,49,25,77,35,37,63,20,2,16,3,122,282,3,22,52,34,37,45,1,19,1,46,682,52,16,213,29,206,34,2,7,210,52,3,52,34,1,12,17,67,216,428,9
OTU_7093,33,1,1,1,1,1,1,1,1,2,2,1,1,1,1,1,1,1,1,1,1,1,1,1,1,1,1,1,358,1,1,1,1,2,1,1,1,38,1,1,1,1,1,1,1,1,1,1,1,1
OTU_7094,1,1,1,1,1,1,1,1,1,1,1,1,1,1,1,1,1,1,1,1,1,78,1,1,1,3,1,1,1,1,1,1,1,1,1,1,1,1,1,1,1,1,1,1,1,1,6,1,1,1
OTU_7095,1,1,1,1,1,1,1,1,1,1,1,1,1,1,1,1,1,1,1,1,1,1,1,1,1,1,1,1,1,1,1,1,1,1,1,1,1,1,1,1,1,1,1,1,1,1,1,1,1,1
OTU_7096,5,33,59,52,6,310,218,1,6,3,4,1,11,216,24,43,50,84,6,1,60,42,1,276,1,4,218,2,47,18,11,44,4,44,1,6,10,6,106,16,48,73,3,22,35,162,15,2,12,9
OTU_7097,1,8,1,1,1,1,1,1,12,1,1,1,1,1,1,45,1,1,1,1,1,1,1,1,1,1,1,1,1,1,1,1,23,1,1,1,1,1,1,1,1,1,1,1,1,1,1,1,1,1
OTU_7098,1,1,1,1,1,1,1,1,1,1,1,1,1,1,1,1,1,1,1,1,1,1,1,1,1,1,1,1,1,1,1,1,1,1,1,1,1,1,1,1,1,1,1,1,1,1,1,1,1,1
OTU_7099,1,1,1,1,1,1,1,1,1,1,1,1,1,1,1,1,1,1,1,1,1,1,1,1,1,1,1,1,1,1,1,1,1,1,1,1,1,1,1,1,1,1,1,1,1,1,1,1,1,1
OTU_7100,1,1,1,1,1,1,1,1,1,1,1,1,1,1,1,1,1,1,1,1,1,1,1,1,1,1,1,1,1,1,1,1,1,1,1,1,1,1,1,1,1,1,1,1,1,1,1,1,1,1
OTU_7101,12,6,22,19,1,1,40,3,1,1,1,1,1,4,48,1,1,22,3,1,8,1,1,24,1,1,1,1,1,1,9,5,1,45,1,1,15,2,1,1,48,1,1,1,5,1,8,1,19,2
OTU_7102,1,1,1,1,1,1,1,1,1,1,1,1,1,1,1,1,1,1,1,1,1,1,1,1,1,1,1,1,1,1,1,1,1,1,1,1,1,1,1,1,1,1,1,1,1,1,1,1,1,1
OTU_7103,1,1,1,1,1,1,1,1,1,1,1,1,1,1,1,1,1,1,1,1,1,1,1,1,1,1,1,1,1,1,1,1,1,1,1,1,1,1,1,1,1,1,1,1,1,1,1,1,1,1
OTU_7104,1,1,1,1,1,1,1,1,1,1,1,1,1,1,1,1,1,1,1,1,1,1,1,1,1,1,1,1,1,1,1,1,1,1,1,1,1,1,1,1,1,1,1,1,1,1,1,1,1,1
OTU_7105,1,1,1,1,1,1,1,2,1,1,5,1,1,3,1,1,1,1,1,1,1,1,1,1,1,1,1,1,1,1,1,1,1,1,1,1,1,1,1,1,1,1,1,1,1,1,1,1,1,12
OTU_7106,1,1,1,1,1,1,1,1,1,1,1,1,1,1,1,1,1,1,1,1,1,1,1,1,1,1,1,1,1,1,1,1,1,1,1,1,1,1,1,1,1,1,1,1,1,1,1,1,1,1
OTU_7107,1,1,1,1,1,1,1,1,1,1,1,1,1,1,1,1,1,1,1,1,1,1,1,1,1,1,1,1,1,1,1,1,1,1,1,1,1,1,1,1,1,1,1,1,1,1,1,1,1,1
OTU_7108,1,1,1,1,1,1,1,1,1,1,1,1,1,1,1,1,1,1,1,1,1,1,1,1,1,1,1,1,1,1,1,1,1,1,1,1,1,1,1,1,1,1,1,1,1,1,1,1,1,1
OTU_7109,1,1,1,1,1,1,1,1,1,1,1,1,1,1,1,1,1,1,1,1,1,1,1,1,1,1,1,1,1,1,1,1,1,1,1,1,1,1,1,1,1,1,1,1,1,1,1,1,1,1
OTU_7110,1,1,1,1,1,1,1,1,1,1,1,1,1,1,1,1,1,1,1,1,1,1,1,1,1,1,1,1,1,1,1,1,1,1,1,1,1,1,1,1,1,1,1,1,1,1,1,1,1,1
OTU_7111,1,1,1,2,1,1,1,1,1,1,1,1,1,1,2,1,5,1,1,1,1,1,1,1,1,1,1,1,1,1,2,1,1,1,1,1,1,1,1,1,1,1,1,1,1,1,1,1,1,1
OTU_7112,1,1,1,1,1,1,1,1,1,1,1,1,1,1,1,1,1,1,1,1,1,1,1,1,1,1,1,1,1,1,1,1,1,1,1,1,1,1,1,1,1,1,1,1,1,1,1,1,1,1
OTU_7113,1,1,1,1,1,1,1,1,1,1,1,1,1,1,1,1,1,1,1,1,1,1,1,1,1,1,1,1,1,1,1,1,1,1,1,1,1,1,1,1,1,1,1,1,1,1,1,1,1,1
OTU_7114,50,1,1,98,115,20,1,31,11,1,2,2,1,2,1,8,2,1,107,1,1,1,14,2,49,3,2,3,6,1,9,21,92,17,1,16,230,2,12,33,1,352,21,12,10,69,13,3,267,5
OTU_7115,1,1,1,1,1,1,1,1,1,1,1,1,1,1,1,1,1,1,1,1,1,1,1,1,1,1,1,1,1,1,1,1,1,1,1,1,1,1,1,1,1,1,1,1,1,1,1,1,1,1
OTU_7116,1,1,1,1,1,1,1,1,1,1,1,1,1,1,1,1,1,1,1,1,1,1,1,1,1,1,1,1,1,1,1,1,1,2,1,1,1,1,1,1,1,1,1,1,1,1,1,1,1,1
OTU_7117,1,1,1,1,1,1,1,1,1,1,1,1,1,1,1,1,1,1,1,1,1,1,1,1,1,1,1,1,1,1,1,1,1,1,1,1,1,1,1,1,1,1,1,1,1,1,1,1,1,1
OTU_7118,1,1,1,1,1,1,1,1,1,1,1,1,1,1,1,1,1,1,1,1,1,1,1,1,1,1,1,1,1,1,1,1,1,1,1,1,1,1,1,1,1,1,1,1,1,1,1,1,1,1
OTU_7119,5,9,9,48,85,220,1,299,1,14,14,3,24,480,4,1,1,403,286,1,50,2,1,1,77,143,7,25,3,2,8,2,92,7,30,1,1,1,10,1,4,96,3,3,1,18,41,4,26,2
OTU_7120,1,1,1,1,1,1,1,1,1,1,1,1,1,1,1,1,1,1,1,1,1,1,1,1,1,1,1,1,1,1,1,1,1,1,1,1,1,1,1,1,1,1,1,1,1,1,1,1,1,1
OTU_7121,1,1,1,1,1,1,1,1,1,1,1,1,1,1,1,1,1,1,1,1,1,1,1,1,1,1,1,1,1,1,1,1,1,1,1,1,1,1,1,1,1,1,1,1,1,1,1,1,1,1
OTU_7122,1,1,1,1,1,124,3,5,2,1,7,1,1,3,4,1,83,12,1,2,1,1,41,42,19,1,1,21,2,1,1,1,2,1,2,1,5,80,16,1,5,1,3,94,1,30,1,27,22,20
OTU_7123,1,1,2,1,1,1,1,1,1,1,1,1,1,1,1,1,1,1,1,1,1,1,1,1,1,1,1,1,1,1,1,1,1,1,1,1,1,1,1,1,1,1,1,1,1,1,1,1,1,1
OTU_7124,1,1,1,1,1,1,1,1,1,1,1,1,1,1,1,1,1,1,1,1,1,1,1,1,1,4,1,1,1,1,1,1,1,1,1,1,1,1,1,12,1,1,1,1,1,1,1,1,1,1
OTU_7125,1,1,1,1,1,1,1,1,1,1,1,1,1,1,1,1,1,1,1,1,1,1,1,1,1,1,1,1,1,1,1,1,1,1,1,1,1,1,1,1,1,1,1,1,1,1,1,1,1,1
OTU_7126,1,1,1,1,2,1,1,1,1,1,1,1,1,1,1,1,1,35,1,1,1,1,1,1,1,1,1,1,1,1,1,1,1,1,1,1,1,1,1,1,1,1,1,1,1,1,1,1,1,1
OTU_7127,1,1,1,1,11,1,1,1,1,6,1,1,1,1,1,1,1,1,1,1,1,1,2,1,1,13,1,1,5,1,67,113,16,1,5,1,10,2,5,193,5,1,1,179,1,99,1,1,1,2
OTU_7128,1,1,1,1,1,1,1,1,1,1,1,1,1,1,1,1,1,1,1,1,1,1,1,1,1,1,1,1,1,1,1,1,1,1,1,1,1,1,1,1,1,1,1,1,1,1,1,1,1,1
OTU_7129,1,1,1,1,1,1,1,1,1,1,1,1,1,1,1,1,1,1,1,1,1,1,1,1,1,1,1,1,1,1,1,1,1,1,1,1,1,1,1,1,1,1,1,1,1,1,1,1,1,1
OTU_7130,1,1,1,1,1,1,1,1,1,1,1,1,1,1,1,1,1,1,1,1,1,1,1,1,1,1,1,1,1,1,1,1,1,1,1,1,1,1,1,1,1,1,1,1,1,1,1,1,1,1
OTU_7131,1,1,1,1,1,1,1,1,1,1,1,1,1,1,1,1,1,1,1,1,1,1,1,100,1,1,16,1,1,1,1,44,1,1,1,1,1,1,1,1,1,1,1,1,1,2,1,3,1,1
OTU_7132,1,1,1,1,1,1,1,1,1,1,1,1,1,1,1,1,1,1,1,1,1,1,1,1,1,1,1,1,1,1,1,1,1,1,1,1,1,1,1,1,1,1,1,1,1,1,1,1,1,1
OTU_7133,1,1,1,1,1,1,1,1,1,1,1,1,1,1,1,1,1,1,1,1,1,1,1,1,1,1,1,1,1,1,1,1,1,1,1,1,1,1,1,1,1,1,1,1,1,1,1,1,1,1
OTU_7134,77,148,6,184,8,182,1,17,1,25,4,39,1,1,1,10,220,34,3,1,12,182,34,1,19,54,23,7,43,2,26,35,1,58,31,33,8,1,1,14,1,1,141,2,145,1,1,1,138,1
OTU_7135,590,551,754,856,365,475,872,381,1224,899,984,519,387,918,793,414,1053,1004,1090,1142,738,535,1049,844,837,652,699,550,334,455,623,829,778,701,781,725,626,509,370,1099,735,854,554,634,297,601,183,204,540,973
OTU_7136,1,1,1,1,1,1,1,1,1,1,1,1,1,1,1,1,1,1,1,1,1,1,1,1,1,1,1,1,1,1,1,1,1,1,1,1,1,1,1,1,1,1,1,1,1,1,1,1,1,1
OTU_7137,1,46,1,16,23,1,4,31,1,1,1,1,1,17,59,46,33,10,20,256,5,32,2,3,308,1,202,13,1,17,2,27,32,82,86,5,47,14,1,1,20,93,7,1,53,15,1,24,52,25
OTU_7138,1,1,1,1,1,1,1,1,1,1,1,1,1,1,1,1,1,1,1,1,1,1,1,1,1,1,1,1,1,1,1,1,1,1,1,1,1,1,1,1,1,1,1,1,1,1,1,1,1,1
OTU_7139,1,1,1,1,1,1,1,1,1,1,1,1,1,1,1,1,1,1,1,1,1,1,1,1,1,1,1,1,1,1,1,1,1,1,1,1,1,1,1,1,1,1,1,1,1,1,1,1,1,1
OTU_7140,1,1,1,1,1,1,1,1,1,1,1,1,1,1,1,1,1,1,1,1,1,1,1,1,1,1,1,1,1,1,1,1,1,1,1,1,1,1,1,1,1,1,1,1,1,1,1,1,1,1
OTU_7141,1,1,1,1,1,1,1,1,1,1,1,1,1,1,1,1,1,1,1,1,1,1,1,1,1,1,1,1,1,1,1,1,1,1,1,1,1,1,1,1,1,1,1,1,1,1,1,1,1,1
OTU_7142,1,1,1,1,1,1,1,1,1,1,1,1,1,1,1,1,1,1,1,1,1,1,1,1,1,1,1,1,1,1,1,1,1,1,1,1,1,1,1,1,1,1,1,1,1,1,1,1,1,1
OTU_7143,1,1,1,1,1,1,1,1,1,1,23,1,2,1,1,1,1,6,1,1,1,1,21,1,1,1,1,1,1,1,1,553,1,1,1,1,1,3,1,1,1,1,1,1,1,166,1,1,1,5
OTU_7144,1,1,1,1,1,1,1,1,1,1,1,1,1,1,1,1,1,1,1,1,1,1,1,1,1,1,1,1,1,1,1,1,1,1,1,1,1,1,1,1,1,1,1,1,1,1,1,1,1,1
OTU_7145,1,1,1,1,1,1,1,1,1,1,1,1,1,1,1,1,1,1,1,1,1,1,1,1,1,1,1,1,1,1,1,1,1,1,1,1,1,1,1,1,1,1,1,1,1,1,1,1,1,1
OTU_7146,1,1,1,1,1,1,1,1,1,1,1,1,1,1,1,1,1,1,1,1,1,1,1,1,1,1,1,1,1,1,1,1,1,1,1,2,1,1,1,1,1,1,1,1,1,1,1,1,1,1
OTU_7147,1,1,1,1,1,1,1,1,1,1,1,1,1,1,1,1,1,1,1,1,1,1,1,1,1,1,1,1,1,1,1,1,1,1,1,1,1,1,1,1,1,1,1,1,1,1,1,1,1,2
OTU_7148,32,244,246,21,152,129,37,49,358,16,38,96,45,7,17,485,12,43,188,7,150,95,52,76,62,104,82,205,446,56,323,1,172,162,172,8,47,71,28,37,54,152,50,114,297,32,24,84,213,230
OTU_7149,64,288,121,229,105,49,222,891,56,29,12,126,167,78,189,321,121,238,114,3,185,58,7,22,131,330,16,48,2,13,284,84,56,178,333,65,14,131,217,440,18,1,52,54,60,328,281,146,149,137
OTU_7150,1,1,1,1,1,1,1,1,1,1,1,1,1,1,1,1,1,1,1,1,1,1,1,1,1,1,1,1,1,1,1,1,1,1,1,1,1,1,1,1,1,1,1,1,1,1,1,1,1,1
OTU_7151,1,1,1,1,1,1,1,1,1,1,1,1,1,1,1,1,1,1,1,1,1,1,1,1,1,1,1,1,1,1,1,1,1,1,1,1,1,1,1,1,1,1,1,1,1,1,1,1,1,1
OTU_7152,1,1,1,1,1,1,1,1,1,1,1,1,1,1,1,1,1,1,1,1,1,1,1,1,1,1,1,1,1,1,1,1,1,1,1,1,1,1,1,1,1,1,1,1,1,1,1,1,1,1
OTU_7153,1,1,1,1,1,1,1,1,1,1,1,1,1,1,1,1,1,1,1,1,1,1,1,1,1,1,1,1,1,1,1,1,1,1,1,1,1,1,1,1,1,1,1,1,1,1,1,1,1,1
OTU_7154,1,1,1,1,1,1,1,1,1,1,1,1,1,1,1,1,1,1,1,1,1,1,1,1,1,1,1,1,1,1,1,1,1,1,1,1,1,72,1,1,1,1,1,13,1,1,1,1,1,1
OTU_7155,1,1,2,1,1,1,1,1,1,1,1,1,1,1,1,1,1,1,1,1,1,1,1,1,1,1,1,1,1,1,1,1,1,1,1,1,1,1,1,1,1,1,1,1,1,1,1,1,1,1
OTU_7156,1,1,1,1,1,1,1,1,1,1,1,1,1,1,1,1,1,1,1,1,1,1,1,1,1,1,1,1,1,1,1,1,1,1,1,1,1,1,1,1,1,1,1,1,1,1,1,1,1,1
OTU_7157,1,1,1,1,1,1,1,1,1,1,1,1,1,1,1,1,1,1,1,1,1,1,1,1,1,1,1,1,1,1,1,1,1,1,1,1,1,1,1,1,1,1,1,1,1,1,1,1,1,1
OTU_7158,1,1,1,1,1,1,1,1,1,1,1,1,1,1,1,1,1,1,1,1,1,1,1,1,1,1,1,1,1,1,1,1,1,1,1,1,1,1,1,1,1,1,1,1,1,1,1,1,1,1
OTU_7159,464,52,135,19,256,5,38,41,141,53,131,53,53,19,6,2,471,19,169,171,4,71,233,306,233,40,68,102,62,9,17,7,12,29,137,701,147,10,58,135,36,2,36,201,25,42,20,21,128,125
OTU_7160,1,1,1,1,1,1,1,1,1,1,1,1,1,1,1,1,1,1,1,1,15,1,1,1,1,1,1,1,1,1,1,1,1,1,1,1,1,1,1,1,1,1,1,1,1,1,1,1,1,1
OTU_7161,1,1,1,1,1,8,1,1,3,65,1,1,1,1,1,1,1,1,1,1,1,1,1,1,1,1,1,1,1,1,1,1,1,1,1,1,1,1,1,1,1,1,1,1,1,1,1,1,1,1
OTU_7162,266,36,337,79,66,34,346,1,401,169,208,441,146,237,3,153,33,87,38,191,7,60,89,79,797,316,79,203,52,229,23,408,122,93,98,109,36,231,8,7,248,371,5,382,5,26,8,114,211,183
OTU_7163,1,1,1,1,5,1,1,1,1,1,29,1,1,1,1,1,1,1,1,1,1,1,1,1,1,1,1,1,17,91,1,1,1,1,1,1,1,1,1,1,1,1,1,1,1,1,1,1,1,1
OTU_7164,1,1,1,1,1,1,1,1,1,1,1,1,1,1,1,1,1,1,1,1,1,1,1,1,1,1,1,1,1,1,1,1,1,1,1,1,1,1,1,1,1,1,1,1,1,1,1,1,1,1
OTU_7165,1,1,1,1,1,1,1,2,1,1,1,1,1,1,1,4,1,1,1,1,1,1,1,1,1,1,1,1,1,1,1,1,1,1,1,1,1,1,1,1,1,1,1,1,1,1,1,1,1,1
OTU_7166,1,1,1,1,1,1,1,1,1,1,1,1,1,1,1,1,1,1,1,1,1,1,1,1,1,1,1,1,1,1,1,1,1,1,1,1,1,1,1,1,1,1,1,1,1,1,1,1,1,1
OTU_7167,1,1,1,1,1,1,1,1,1,1,1,1,1,1,1,1,1,1,1,1,1,1,1,1,1,1,1,1,1,1,1,1,1,1,1,1,1,1,1,1,1,1,1,1,1,1,1,1,1,1
OTU_7168,1,1,1,1,1,1,1,1,1,1,1,1,1,1,1,1,1,1,1,1,1,1,1,1,1,1,1,1,1,1,1,1,1,1,1,1,1,1,1,1,1,1,1,1,1,1,1,1,1,1
OTU_7169,1,1,1,1,1,1,1,1,1,1,1,1,1,1,1,1,56,1,1,1,1,1,1,1,1,1,24,20,1,1,1,1,1,1,1,1,1,1,1,1,1,1,1,1,13,1,1,1,1,1
OTU_7170,1,1,4,3,1,1,158,1,5,95,1,45,1,1,11,1,1,31,175,12,1,11,1,2,83,1,30,1,4,8,1,166,16,1,1,1,1,1,1,75,200,1,1,8,138,1,16,1,1,2
OTU_7171,1,1,1,1,1,1,1,1,1,1,1,1,1,1,1,1,1,1,1,1,1,1,1,1,1,1,1,1,1,1,1,1,1,1,1,1,1,1,1,1,1,1,1,1,1,1,1,1,1,1
OTU_7172,1,1,63,6,3,2,25,1,35,24,2,1,119,1,1,4,1,290,1,1,52,5,1,18,10,1,1,1,53,4,73,99,86,1,1,43,1,30,95,1,37,23,1,1,5,62,18,1,1,1
OTU_7173,1,1,1,1,1,1,1,1,1,1,1,1,1,1,1,1,1,1,1,1,1,1,1,1,1,1,1,1,1,1,1,1,1,1,1,1,1,1,1,1,1,1,1,1,1,1,1,1,1,1
OTU_7174,1,1,1,1,1,1,1,1,1,1,1,1,1,1,1,1,1,1,1,1,1,1,1,1,1,1,1,1,1,1,1,1,1,1,1,1,1,1,1,1,1,1,1,1,1,1,1,1,1,1
OTU_7175,1,1,71,1,1,13,13,1,21,1,1,1,3,3,72,1,3,1,1,1,10,1,1,1,8,1,1,6,1,1,8,1,2,1,1,1,1,1,26,1,283,1,1,10,1,1,1,1,1,151
OTU_7176,1,1,1,1,1,1,1,1,1,1,1,1,1,1,1,1,1,1,1,1,1,1,1,1,1,1,1,1,1,1,1,1,1,1,1,1,1,1,1,1,1,1,1,1,1,1,1,1,1,1
OTU_7177,1,1,1,1,1,1,1,1,1,1,1,1,1,1,1,1,1,1,1,1,1,1,1,1,1,1,1,1,1,1,1,1,1,1,1,1,1,1,1,1,1,1,1,1,1,1,1,1,1,1
OTU_7178,1,1,1,1,1,1,1,1,1,1,1,1,1,1,1,1,1,1,1,1,10,1,1,1,1,1,1,1,67,1,1,1,1,1,1,1,1,1,1,1,1,1,1,1,2,1,1,1,1,1
OTU_7179,1,1,1,1,1,1,1,1,1,1,1,1,1,1,1,1,1,1,1,1,1,1,1,1,1,1,1,1,1,1,1,1,1,1,1,1,1,1,1,1,1,1,1,1,1,1,1,1,1,1
OTU_7180,21,17,235,103,95,89,52,208,916,153,175,201,172,103,46,136,127,87,452,50,133,668,24,29,412,46,382,495,36,665,69,269,92,296,79,220,180,125,312,95,67,10,14,300,108,140,258,225,47,401
OTU_7181,1,1,1,1,1,1,1,1,1,1,1,1,1,1,1,1,1,1,1,1,1,1,1,1,1,1,1,1,1,1,1,1,1,1,1,1,1,1,1,1,1,1,1,1,1,1,1,1,1,1
OTU_7182,61,1,4,123,9,448,30,2,103,22,5,1,34,3,33,46,4,1,246,31,17,14,131,68,44,5,27,38,57,45,88,47,65,70,15,11,11,44,1,3,184,6,8,11,166,3,6,18,1,169
OTU_7183,1,1,1,1,15,1,12,1,2,1,1,1,1,1,1,1,26,1,1,1,1,37,1,1,4,1,1,1,1,6,1,1,1,22,1,151,1,1,1,1,1,1,1,1,1,1,1,1,1,1
OTU_7184,1,1,1,1,16,1,1,1,1,1,1,1,1,1,1,1,1,2,4,1,1,1,1,1,1,1,1,1,1,1,1,1,1,3,1,5,1,1,1,1,1,1,1,1,1,1,1,1,1,1
OTU_7185,1,1,1,1,1,1,1,1,1,1,1,1,1,1,1,1,1,1,1,1,1,1,1,1,1,1,1,1,1,1,1,1,1,1,1,1,1,1,1,1,1,1,1,1,1,1,1,1,1,1
OTU_7186,1,1,1,1,1,1,1,1,1,1,1,1,1,1,1,1,1,1,1,1,1,1,1,1,1,1,1,1,1,1,1,1,1,1,1,1,1,1,1,1,1,1,1,1,1,1,1,1,1,1
OTU_7187,1,1,1,1,1,1,1,1,1,1,1,1,1,1,1,1,1,1,1,1,1,1,1,1,1,1,1,1,1,1,1,1,1,1,1,1,1,1,1,1,1,1,1,1,1,1,1,1,1,1
OTU_7188,1,1,1,1,1,1,1,1,1,1,1,1,1,1,1,1,1,1,1,1,1,1,1,1,1,1,1,1,1,1,1,1,1,1,1,1,1,1,1,1,1,1,1,1,1,1,1,1,1,1
OTU_7189,1,1,1,1,1,1,17,1,1,1,1,1,203,2,1,1,1,12,1,1,1,1,1,1,1,1,1,1,6,1,1,1,1,1,1,1,1,1,1,1,1,1,1,1,1,1,1,1,1,1
OTU_7190,49,633,263,336,872,312,235,318,148,374,424,562,560,132,129,185,286,92,164,326,700,169,979,160,485,64,742,600,885,497,414,281,267,92,843,442,969,413,272,98,126,314,106,190,254,240,414,40,336,244
OTU_7191,161,5,3,1,11,4,6,11,14,287,18,84,46,153,64,9,93,54,4,1,127,37,50,4,27,26,27,70,2,20,26,675,244,4,91,7,559,13,20,2,21,1,23,4,3,74,270,31,2,13
OTU_7192,1,1,1,1,1,1,1,1,1,1,1,1,1,1,1,1,1,1,1,1,1,1,1,1,1,1,1,1,1,1,1,1,1,1,1,1,1,1,1,1,1,1,1,1,1,1,1,1,1,1
OTU_7193,2,1,1,1,1,1,1,1,1,1,1,1,1,1,1,1,1,1,1,1,1,1,1,1,1,1,1,1,1,1,1,1,1,1,1,1,1,1,1,1,1,1,1,1,1,1,1,1,1,1
OTU_7194,1,1,1,1,1,1,1,1,1,1,1,1,1,1,1,1,1,1,1,1,1,1,1,1,1,1,1,1,1,1,1,1,1,1,1,1,1,1,1,1,1,1,1,1,1,1,1,1,1,1
OTU_7195,1,1,1,1,1,1,1,1,1,1,1,1,1,1,1,1,1,1,1,1,1,1,1,1,1,1,1,1,1,1,1,1,1,1,1,1,1,1,1,1,1,1,1,1,1,1,1,1,1,1
OTU_7196,1,1,1,1,1,1,1,1,1,1,1,1,1,1,1,1,1,1,1,1,1,1,1,1,1,1,1,1,1,1,1,1,1,1,1,1,1,1,1,1,1,1,1,1,1,1,1,1,43,1
OTU_7197,1,1,1,1,1,1,1,1,1,1,1,1,1,1,1,1,1,1,1,1,1,1,1,1,1,1,1,1,1,1,1,1,1,1,1,1,1,1,1,1,1,1,1,1,1,1,1,2,1,1
OTU_7198,95,50,46,97,45,26,46,104,98,185,116,45,18,2,131,25,72,80,260,44,5,36,81,64,29,369,166,136,44,1,21,193,13,63,9,1,330,83,182,425,154,44,41,421,6,104,4,247,5,6
OTU_7199,1,1,1,1,1,1,1,1,1,1,1,1,1,1,1,1,1,1,1,1,1,1,1,1,1,1,1,1,1,1,1,1,1,1,1,1,1,1,1,1,1,1,1,1,1,1,1,1,1,1
OTU_7200,4,40,10,55,25,165,286,2,155,5,20,55,91,62,149,15,13,402,125,87,2,39,22,143,21,49,59,140,220,11,210,379,160,11,4,28,100,14,236,52,173,79,370,77,101,68,31,4,4,56
OTU_7201,1,1,1,1,1,1,1,1,1,1,1,1,1,1,1,1,1,1,1,1,1,1,1,1,1,1,1,1,1,1,1,1,1,1,1,1,1,1,1,1,1,1,1,1,1,1,1,1,1,1
OTU_7202,1,15,1,1,1,1,1,33,1,1,1,1,3,14,1,1,1,1,1,7,1,1,1,1,1,12,1,1,1,1,1,1,1,1,1,1,1,13,1,1,1,1,1,69,1,1,1,16,3,1
OTU_7203,1,1,1,1,1,1,1,1,1,1,1,1,1,1,1,1,1,1,1,1,1,1,1,1,1,1,1,1,1,1,1,1,1,1,1,1,1,1,1,1,1,1,1,1,1,1,1,1,1,1
OTU_7204,1,1,9,1,1,1,1,1,1,1,3,1,1,1,1,1,1,1,1,1,1,1,1,1,1,1,1,1,1,1,1,1,1,1,1,1,1,1,1,1,1,1,1,1,1,1,1,1,1,1
OTU_7205,1,1,1,1,1,1,1,1,1,1,1,1,1,1,1,1,1,1,1,1,1,1,1,1,1,1,1,1,1,1,1,1,1,1,1,1,1,1,1,1,1,1,1,1,1,1,1,1,1,1
OTU_7206,245,574,188,21,263,48,407,85,5,217,160,79,59,138,14,236,183,544,97,393,307,41,131,24,8,46,575,375,81,224,30,100,451,392,6,135,2,153,112,15,463,20,126,150,2,502,58,56,22,19
OTU_7207,1,1,1,1,1,1,1,1,1,1,1,1,1,1,1,1,1,1,1,1,1,1,1,1,1,1,1,1,1,1,1,1,1,1,1,1,1,1,1,1,1,1,1,1,1,1,1,1,1,1
OTU_7208,1,1,1,1,1,1,1,1,1,1,1,1,1,1,1,1,1,1,1,1,1,1,1,1,1,1,1,1,1,1,1,1,1,1,1,1,1,1,1,1,1,1,1,1,1,1,1,1,1,1
OTU_7209,6,1,1,1,1,1,1,1,1,1,1,34,1,1,1,1,1,1,1,1,9,1,1,1,1,1,1,1,1,1,1,72,1,1,1,1,1,1,1,1,1,1,1,1,1,1,4,1,1,2
OTU_7210,1,1,1,1,1,1,1,1,1,1,1,1,1,1,1,1,1,1,1,1,1,1,1,1,1,1,1,1,1,1,1,1,1,1,1,1,1,1,1,1,1,1,1,1,1,1,1,1,1,1
OTU_7211,1,1,1,1,1,1,1,1,1,1,1,1,1,1,1,1,1,1,1,1,1,1,1,1,1,1,1,1,1,1,1,1,1,1,1,1,1,1,1,1,1,1,1,1,1,1,1,1,1,1
OTU_7212,438,1129,311,367,68,413,529,151,427,221,414,900,68,395,420,432,468,115,260,200,399,269,345,798,310,813,970,135,501,223,410,706,279,289,410,250,1033,449,334,412,653,505,1071,71,814,466,275,456,105,683
OTU_7213,1,1,1,1,1,1,1,2,2,67,2,1,4,1,1,1,27,1,1,1,1,1,1,1,2,1,2,32,66,1,63,1,1,1,24,1,1,1,5,396,65,2,1,1,1,43,1,66,1,1
OTU_7214,1,1,1,2,1,7,1,1,1,2,1,18,1,1,1,30,8,1,1,1,1,1,28,1,4,1,2,4,56,234,1,1,34,1,1,1,47,1,1,1,6,1,26,1,1,1,57,1,1,1
OTU_7215,1,1,1,1,1,1,1,1,1,1,1,1,1,1,1,1,1,1,1,1,1,1,1,1,1,1,1,1,1,1,1,1,1,1,1,1,1,1,1,1,1,1,1,1,1,1,1,1,1,1
OTU_7216,1,1,1,1,1,1,1,1,1,1,1,1,1,1,1,1,1,1,1,1,1,1,1,1,1,1,1,1,1,1,1,1,1,1,1,1,1,1,1,1,1,1,1,1,1,1,1,1,1,1
OTU_7217,1,1,1,266,1,1,1,1,1,256,4,12,1,1,1,1,1,11,1,1,1,1,1,1,1,1,1,239,1,1,1,1,2,1,1,1,131,1,1,1,34,1,12,1,1,1,1,1,1,1
OTU_7218,1,1,1,1,1,1,1,1,1,1,1,1,1,1,1,1,1,1,1,1,1,1,1,1,1,1,1,1,1,1,1,1,1,1,1,1,1,1,1,1,1,1,1,1,1,1,1,1,1,1
OTU_7219,1,1,1,1,1,1,1,1,1,1,1,1,1,1,1,1,1,1,1,1,1,1,1,1,1,1,1,1,1,1,1,1,1,1,1,1,1,1,1,1,1,1,1,1,1,1,1,1,1,1
OTU_7220,1,1,1,1,1,1,1,1,1,1,1,1,1,1,1,1,1,1,1,1,1,1,1,1,1,1,1,1,1,1,2,1,1,1,1,1,1,1,1,1,1,1,1,1,1,1,1,1,1,1
OTU_7221,1,1,1,1,1,1,1,1,1,1,1,1,1,1,1,1,1,1,78,1,1,1,1,1,1,1,1,1,1,1,1,1,1,1,1,1,1,1,1,1,1,1,1,1,1,1,1,1,1,1
OTU_7222,1,1,1,1,1,1,1,1,25,1,1,1,1,1,1,1,1,1,1,1,1,1,1,1,1,1,1,1,1,1,1,1,1,1,1,1,1,53,1,12,1,1,1,1,1,1,1,1,1,1
OTU_7223,1,11,1,1,178,1,82,1,18,2,63,5,1,1,1,1,1,1,8,2,1,23,1,24,1,1,1,1,1,1,11,1,1,1,1,1,1,1,1,1,1,7,1,1,1,1,78,1,1,3
OTU_7224,1,1,1,1,1,1,1,1,1,1,1,1,1,1,1,1,1,1,1,1,1,1,1,1,2,1,1,1,1,1,1,1,1,1,1,1,1,1,1,1,1,1,1,1,1,1,1,1,1,1
OTU_7225,1,1,1,1,1,1,1,1,1,1,1,1,1,1,1,1,1,1,1,1,1,1,1,1,1,1,1,1,1,1,1,1,1,1,1,1,1,1,1,1,1,1,1,1,1,1,1,1,1,1
OTU_7226,1,1,1,1,1,1,1,1,1,1,1,1,1,1,1,1,1,1,1,1,1,1,1,1,1,1,1,1,1,1,1,1,1,1,1,1,1,1,1,1,1,1,1,1,1,1,1,1,1,1
OTU_7227,1,1,201,158,1,1,1,1,1,179,2,27,223,1,1,1,1,1,1,1,1,5,1,34,1,1,6,1,1,1,1,1,1,2,1,1,1,1,1,22,1,1,1,1,1,107,1,27,36,17
OTU_7228,1,1,1,1,1,1,1,10,1,1,1,1,1,1,1,1,1,1,1,1,1,1,1,6,1,1,1,1,1,1,1,1,1,1,1,1,1,1,1,1,1,1,1,1,1,1,1,1,1,1
OTU_7229,87,226,7,32,39,2,58,2,22,193,85,3,35,1,301,84,10,19,146,1,23,27,2,40,82,13,2,1,18,68,128,21,9,1,8,296,1,87,29,1,16,11,30,15,61,39,34,97,3,2
OTU_7230,1,50,1,70,1,79,1,68,5,1,25,1,1,4,5,6,192,1,86,6,256,1,1,5,87,2,78,220,9,11,117,65,88,1,10,3,131,25,21,15,122,49,16,28,1,1,57,87,1,2
OTU_7231,1,1,1,1,74,3,1,1,107,1,1,1,403,12,1,1,1,1,6,1,1,1,1,1,2,3,1,1,1,46,126,1,1,4,1,1,3,1,1,4,27,1,1,1,1,2,1,1,1,1
OTU_7232,1,1,1,1,1,1,1,1,1,1,1,1,1,1,1,1,1,1,1,1,1,1,1,1,1,1,1,1,1,1,1,1,1,1,1,1,1,1,1,1,1,1,1,1,1,1,1,1,1,1
OTU_7233,1,1,1,1,1,1,1,1,1,1,1,1,1,1,1,1,1,1,1,1,1,1,1,1,1,1,1,1,1,1,1,1,1,1,1,1,1,1,1,1,1,1,1,1,1,1,1,1,1,1
OTU_7234,1,1,1,1,1,5,1,1,1,1,1,1,1,1,1,1,1,1,1,1,1,1,1,1,1,1,1,1,1,1,13,1,1,1,1,1,42,12,1,13,1,1,1,1,1,1,8,1,1,1
OTU_7235,1,1,1,1,1,1,1,1,1,1,1,1,1,1,1,1,1,1,1,1,1,1,1,1,1,1,1,1,1,1,1,1,1,1,1,1,1,1,1,1,1,1,1,1,1,1,1,1,1,1
OTU_7236,1,1,1,1,1,1,1,1,1,1,1,1,1,1,1,1,1,1,1,1,1,1,1,1,1,1,1,1,1,1,1,1,1,1,1,1,1,1,1,1,1,1,1,1,1,1,1,1,1,1
OTU_7237,34,2,19,1,4,4,25,112,8,81,95,55,8,1,76,203,97,57,66,1,14,147,142,77,18,24,291,96,1,7,51,119,159,20,322,98,22,24,195,31,9,238,160,139,111,26,83,61,138,54
OTU_7238,1,1,1,1,1,1,1,1,1,1,1,1,1,1,1,1,1,1,1,1,1,1,1,1,1,1,1,1,1,1,1,1,1,1,1,1,1,1,1,1,1,1,1,1,1,1,1,1,1,1
OTU_7239,1,1,1,1,1,1,1,1,1,1,1,1,1,1,1,1,1,1,1,1,1,1,1,1,1,1,1,1,1,1,1,1,1,1,1,1,1,1,1,1,1,1,1,1,1,1,1,1,1,1
OTU_7240,1,1,1,1,1,1,1,1,1,1,1,1,1,1,1,1,1,1,1,1,1,1,1,1,1,1,1,1,1,1,1,1,1,1,1,1,1,1,1,1,1,1,1,1,1,1,1,1,1,1
OTU_7241,1,1,1,1,1,1,1,1,1,1,1,1,1,1,1,1,1,1,1,1,1,1,1,1,1,1,1,1,1,1,1,1,1,1,1,1,1,1,1,1,1,1,1,1,1,1,1,1,1,1
OTU_7242,1,1,1,1,1,1,1,1,1,1,1,1,1,1,1,1,1,1,1,1,1,1,1,1,1,1,1,1,1,1,1,1,1,1,1,1,1,1,1,1,1,1,1,1,1,1,1,1,1,1
OTU_7243,348,29,6,1,70,200,1,102,35,64,51,7,1,28,79,5,21,9,13,55,5,68,158,11,18,14,31,70,53,1,53,66,30,273,9,4,11,150,139,28,125,81,25,42,12,171,13,3,122,152
OTU_7244,1,1,1,1,1,1,1,1,1,1,1,1,1,1,1,1,1,1,1,1,1,1,1,1,1,1,1,96,1,1,6,1,1,1,1,1,1,1,1,1,1,1,1,1,1,1,1,1,1,1
OTU_7245,1,1,1,1,1,1,1,1,1,1,1,1,1,1,1,1,1,1,1,1,1,1,1,1,1,1,1,1,1,1,1,1,1,1,1,1,1,1,1,1,1,1,1,1,1,1,1,1,1,1
OTU_7246,475,184,50,138,256,389,667,9,79,148,145,78,32,39,140,11,34,45,26,18,4,182,32,101,135,197,53,144,7,119,64,103,11,238,13,29,9,96,62,120,22,795,454,327,49,40,680,96,9,73
OTU_7247,1,1,1,1,1,1,1,1,1,1,1,1,1,1,1,1,1,1,2,1,1,1,1,1,1,1,1,1,1,1,1,1,1,1,1,1,1,1,1,1,1,1,1,1,1,1,1,1,1,1
OTU_7248,1,1,1,1,1,1,1,1,1,1,1,1,1,1,1,1,1,1,1,1,1,1,1,1,1,1,1,1,1,1,1,1,1,1,1,1,1,1,1,1,1,1,1,1,1,1,1,1,1,1
OTU_7249,1,1,1,1,1,1,1,1,1,1,1,1,3,1,1,1,1,1,1,1,1,1,1,1,1,1,1,157,1,1,1,1,1,8,1,1,1,1,1,1,1,1,1,1,1,1,168,1,1,2
OTU_7250,1,1,1,1,1,1,1,1,1,1,1,1,1,1,1,1,1,1,1,1,1,1,1,1,1,1,1,1,1,1,1,1,1,1,1,1,1,1,1,1,1,1,1,1,1,1,1,1,1,1
OTU_7251,1,1,1,1,1,1,1,1,1,1,1,1,1,1,1,1,1,1,1,1,1,1,1,1,1,1,1,1,1,1,1,1,1,1,1,1,1,1,1,1,1,1,1,1,1,1,1,1,1,1
OTU_7252,1,1,1,1,1,1,1,1,1,1,1,1,1,1,1,1,1,1,1,1,1,1,1,1,1,1,1,1,1,1,1,1,1,1,1,1,1,1,1,1,1,1,1,1,1,1,1,1,1,1
OTU_7253,1,1,1,1,1,1,1,1,1,1,1,1,1,1,1,1,1,1,1,1,1,1,1,1,1,1,1,1,1,1,1,1,1,1,1,1,1,1,1,1,1,1,1,1,1,1,1,1,1,1
OTU_7254,26,31,39,204,274,56,151,239,24,194,92,155,11,15,14,214,16,78,55,282,34,56,1036,37,51,95,14,6,412,8,80,576,201,30,352,8,122,69,192,168,101,153,90,75,21,332,58,23,179,24
OTU_7255,1,1,1,1,1,1,1,1,1,1,1,1,1,1,1,1,1,1,1,1,1,1,1,1,1,1,1,1,1,1,1,1,1,1,1,1,1,1,1,1,1,1,1,1,1,1,1,1,1,1
OTU_7256,1,1,1,1,1,2,1,1,9,1,1,1,38,1,1,16,1,1,1,1,1,1,1,1,1,1,1,1,1,1,1,1,1,1,1,1,1,1,1,57,1,1,1,1,1,1,1,1,1,1
OTU_7257,2,42,80,41,27,3,254,1,33,5,51,2,26,1,1,22,16,8,225,263,1,127,1,11,56,91,126,11,35,9,12,1,14,3,1,3,1,27,1,1,23,9,18,10,10,507,9,2,2,2
OTU_7258,1,1,1,1,1,1,1,1,1,1,1,1,1,1,1,1,1,1,1,1,1,1,1,1,1,1,1,1,1,1,1,1,1,1,1,1,1,1,1,1,1,1,1,1,1,1,1,1,1,1
OTU_7259,1,1,1,1,1,1,1,1,1,1,1,1,1,1,1,1,1,1,1,2,1,1,1,1,1,1,1,1,1,1,1,1,1,1,1,1,1,1,1,1,1,1,1,1,1,1,1,1,1,1
OTU_7260,1,1,1,1,1,1,1,1,1,1,1,1,1,1,1,1,1,1,1,1,1,1,1,1,1,1,1,1,1,1,1,1,1,1,1,1,1,1,1,1,1,1,1,1,1,1,1,1,1,1
OTU_7261,1,1,1,1,1,1,1,1,1,1,1,1,1,1,1,1,1,1,1,1,1,1,1,1,1,1,1,1,1,1,1,1,1,1,1,1,1,1,1,1,1,1,1,1,1,1,1,1,1,1
OTU_7262,1,10,1,1,1,1,1,1,1,1,1,6,1,1,1,1,2,1,1,1,1,1,1,1,1,1,1,1,1,1,1,1,1,1,1,1,1,1,1,97,1,1,1,1,1,1,1,1,1,2
OTU_7263,1,12,46,250,106,7,64,1,1,1,9,14,35,1,1,1,15,4,1,1,1,1,1,27,22,1,29,7,1,3,2,1,1,9,7,1,1,34,1,7,1,1,35,1,1,319,1,1,1,1
OTU_7264,1,1,1,1,1,1,1,1,1,1,1,1,1,1,1,1,1,1,1,1,1,1,1,1,1,1,1,1,1,1,1,1,1,1,1,1,1,1,1,1,1,1,1,1,1,1,1,1,1,1
OTU_7265,1,1,1,1,1,1,1,1,1,1,1,1,1,1,1,1,1,1,1,1,1,1,1,1,1,1,1,1,1,1,1,1,1,1,1,1,1,1,1,1,1,1,1,1,1,1,1,1,1,1
OTU_7266,1,1,1,1,1,1,1,1,1,1,1,1,1,1,1,1,1,1,1,1,1,1,1,1,1,1,1,1,1,1,1,1,1,1,1,1,1,1,1,1,1,1,1,1,1,1,1,1,1,1
OTU_7267,1,1,1,1,1,52,1,1,11,1,1,1,1,1,1,1,1,1,1,1,1,1,1,1,1,16,1,1,1,1,1,1,6,1,1,47,1,1,92,1,7,1,1,1,1,1,1,1,1,1
OTU_7268,1,1,1,1,1,1,1,1,1,1,1,1,1,1,1,1,1,1,1,1,1,1,1,1,1,1,1,1,1,1,1,1,1,1,1,1,1,1,1,1,1,1,1,1,1,1,1,1,1,1
OTU_7269,1,5,1,1,1,1,1,1,1,1,1,1,1,1,1,1,1,1,1,1,1,142,18,1,1,1,1,1,1,1,1,1,1,1,1,1,1,1,1,1,1,1,1,1,1,1,1,1,1,1
OTU_7270,1,1,1,1,1,1,1,1,1,1,1,1,1,1,2,1,1,1,1,1,1,1,1,1,1,1,1,1,1,1,1,1,1,1,1,1,1,1,1,1,1,1,1,1,1,1,1,1,1,1
OTU_7271,1,1,1,1,1,1,1,1,1,1,1,1,1,1,1,1,1,1,1,1,1,1,1,1,1,1,1,1,1,1,1,1,1,1,1,1,1,1,1,1,1,1,1,1,1,1,1,1,1,1
OTU_7272,1,1,1,1,1,23,1,1,1,1,1,1,1,1,1,1,1,1,1,1,1,1,1,1,1,1,1,1,3,1,1,1,1,1,1,1,1,1,1,1,1,1,1,7,1,1,1,1,1,1
OTU_7273,1,1,1,1,1,1,1,1,1,1,1,1,1,1,1,1,1,1,1,1,1,1,1,1,1,1,1,1,1,1,1,1,1,1,1,1,1,1,1,1,1,1,1,1,1,1,1,1,1,1
OTU_7274,1,1,1,7,33,82,1,1,15,1,3,1,1,1,1,6,1,1,192,5,1,1,15,4,1,1,4,24,2,1,1,1,1,15,2,1,1,1,11,43,1,1,11,1,1,9,1,1,1,1
OTU_7275,1,1,1,1,1,5,1,2,4,1,1,1,1,1,1,1,1,1,1,40,2,1,1,1,1,1,3,1,1,1,1,1,1,1,1,1,22,1,1,1,26,1,1,1,1,1,1,1,6,1
OTU_7276,1,1,41,1,14,22,107,4,137,164,65,177,5,1,37,15,210,5,22,38,5,1,111,12,3,39,41,8,5,120,183,81,216,1,176,194,2,1,1,1,2,8,38,95,129,57,23,75,113,21
OTU_7277,1,1,1,1,1,1,1,1,1,1,1,1,1,1,1,1,1,1,1,1,1,1,1,1,1,1,1,1,1,1,1,1,1,1,1,1,1,1,1,1,1,1,1,1,1,1,1,1,1,1
OTU_7278,1,1,1,1,1,1,1,1,1,1,1,1,1,1,1,1,1,1,1,1,1,1,1,1,1,1,1,1,1,1,1,1,1,1,1,1,1,1,1,1,1,1,1,1,1,1,1,1,1,1
OTU_7279,1,1,1,1,1,1,1,1,1,1,1,1,1,1,1,1,1,1,1,1,1,1,1,1,1,1,1,1,1,1,1,1,1,1,1,1,1,1,1,1,1,1,1,1,1,1,1,1,1,1
OTU_7280,1,7,2,8,1,1,105,2,1,1,1,1,1,3,1,59,1,2,1,10,5,1,1,2,1,35,1,1,5,2,1,10,2,2,1,1,1,1,7,2,1,1,1,130,1,70,45,1,1,2
OTU_7281,51,112,10,108,134,128,489,547,291,100,192,53,26,15,228,267,346,88,28,42,399,338,96,247,65,35,80,162,327,60,29,308,214,496,720,754,656,1122,396,194,535,748,301,70,62,494,176,343,81,281
OTU_7282,8,20,7,1,4,1,33,2,1,1,8,1,1,1,1,1,1,1,55,1,1,1,1,8,2,108,8,2,17,1,1,1,1,2,1,2,1,1,1,1,192,2,19,1,1,106,1,1,8,1
OTU_7283,1,1,1,5,1,1,1,1,1,1,1,1,1,1,1,1,1,1,1,1,1,1,8,1,1,1,1,2,2,1,1,1,179,1,1,1,1,1,1,1,1,1,1,1,1,1,1,1,1,1
OTU_7284,2,1,1,1,1,1,1,1,1,1,1,1,1,1,1,1,1,1,1,1,1,1,1,1,1,1,1,1,1,1,1,1,1,1,1,1,1,1,1,1,1,1,1,1,1,1,1,1,1,1
OTU_7285,1,1,1,1,352,1,1,9,1,1,1,1,1,1,1,1,1,1,1,1,1,1,1,1,1,1,1,1,1,1,1,1,1,1,1,1,1,1,1,1,1,1,1,1,1,1,2,1,1,1
OTU_7286,1,1,1,1,1,1,1,1,1,1,1,1,1,1,1,1,1,1,1,1,1,1,1,1,1,1,1,1,1,1,1,1,1,1,1,1,1,1,1,1,1,1,1,1,1,1,1,1,1,1
OTU_7287,23,218,28,191,61,64,316,55,115,24,56,126,69,82,460,279,9,123,32,158,55,63,23,200,11,125,26,83,9,28,17,53,73,34,81,137,33,189,20,37,8,1,16,114,38,67,27,220,28,97
OTU_7288,1,1,1,1,1,1,1,1,1,1,1,1,1,1,1,1,1,1,1,1,1,1,1,1,1,1,1,1,1,1,1,1,1,1,1,1,1,1,1,1,1,1,1,1,1,1,1,1,1,1
OTU_7289,19,75,1,1,49,1,372,2,1,1,1,15,8,6,9,1,1,1,35,1,1,29,3,1,1,59,59,1,1,7,1,4,1,1,8,20,1,1,1,9,1,1,95,24,2,1,1,1,33,1
OTU_7290,1,3,1,1,2,1,20,1,1,1,1,1,1,1,1,1,1,1,1,1,75,99,1,1,171,1,75,1,1,1,1,44,1,7,1,3,1,4,1,1,1,1,1,1,1,1,1,1,1,1
OTU_7291,1,1,1,1,1,1,1,1,1,1,1,1,1,1,1,1,1,1,1,1,1,1,1,1,1,1,1,1,1,1,1,1,1,1,1,1,1,1,1,1,1,1,1,1,1,1,1,1,1,1
OTU_7292,1,1,1,1,1,1,1,1,1,1,1,1,1,1,1,1,1,1,1,1,1,1,1,1,1,1,1,1,1,1,1,1,1,1,1,1,1,1,1,1,1,1,1,1,1,1,1,1,1,1
OTU_7293,1,1,1,1,1,1,1,1,1,1,1,1,1,1,1,1,1,1,1,1,1,1,1,1,1,1,1,1,1,1,1,1,1,1,1,1,1,1,1,1,1,1,1,1,1,1,1,1,1,1
OTU_7294,1,1,1,1,1,1,1,1,1,1,1,1,1,1,1,1,1,1,1,1,1,1,1,1,1,1,1,1,1,1,1,1,1,1,1,1,1,1,1,1,1,1,1,1,1,1,1,1,1,1
OTU_7295,1,1,1,1,1,1,1,1,1,1,1,1,1,1,1,1,1,1,1,1,1,1,1,1,1,1,1,1,1,1,1,1,1,1,1,1,1,1,1,1,1,1,1,1,1,1,1,1,1,1
OTU_7296,2,79,1,8,1,13,1,14,5,17,15,5,155,1,3,137,1,37,1,1,148,9,181,2,1,1,1,1,1,1,1,85,26,129,1,3,26,2,161,35,1,3,1,1,1,110,12,23,41,1
OTU_7297,1,1,1,1,1,1,1,1,1,1,1,1,1,1,1,1,1,1,1,1,1,1,1,1,1,1,1,1,1,1,1,1,1,1,1,1,1,1,1,1,1,1,1,1,1,1,1,1,1,1
OTU_7298,1,1,1,1,1,1,1,1,1,1,1,1,1,1,1,1,1,1,1,1,1,1,1,1,1,1,1,1,1,1,1,1,1,1,1,1,1,1,1,1,1,1,1,1,1,1,1,1,1,1
OTU_7299,1,1,1,1,1,1,1,1,1,1,1,1,1,1,1,1,1,1,1,1,1,1,1,1,1,1,1,1,1,1,1,1,1,1,1,1,1,1,1,1,1,1,1,1,1,1,1,1,1,1
OTU_7300,1,1,1,1,1,1,1,1,1,1,1,1,1,1,1,1,1,2,1,1,1,1,1,1,1,1,1,1,1,1,1,1,1,1,1,1,1,1,1,1,1,1,1,1,1,1,1,1,1,1
OTU_7301,126,341,361,471,373,170,220,234,210,195,144,234,52,15,309,382,404,319,69,653,306,581,228,89,76,300,73,189,77,395,231,657,143,585,270,197,126,67,79,356,632,140,333,94,45,121,26,21,352,529
OTU_7302,1,1,1,1,1,1,1,1,1,1,1,1,1,1,1,1,1,1,1,1,1,1,1,1,1,1,1,1,1,1,1,1,1,1,1,1,1,1,1,1,1,1,1,1,1,1,1,1,1,1
OTU_7303,1,1,1,1,1,1,1,1,1,1,1,1,1,1,1,1,1,1,1,1,1,1,1,1,1,1,1,1,1,1,1,1,1,1,1,1,1,1,1,1,1,1,1,1,1,1,1,1,1,1
OTU_7304,1,1,1,1,1,1,1,1,1,1,1,1,1,1,1,1,1,1,1,1,1,1,1,1,1,1,1,1,1,1,1,1,1,1,1,1,1,1,1,1,1,1,1,1,1,1,1,1,1,1
OTU_7305,499,472,450,313,675,440,672,482,470,196,281,239,380,1448,174,88,725,238,544,634,372,303,926,622,276,787,312,69,337,555,338,732,420,489,615,306,376,438,445,442,682,989,151,913,434,353,642,848,408,208
OTU_7306,1,1,1,1,1,1,1,1,1,1,1,1,1,1,1,1,1,1,1,1,1,1,1,1,1,1,1,1,1,1,1,1,1,1,1,1,1,1,1,1,14,1,1,1,1,1,1,1,1,1
OTU_7307,1,1,1,1,1,1,1,1,1,1,1,1,1,1,1,1,1,1,1,1,1,1,1,1,1,1,1,1,1,1,1,1,1,1,1,1,1,1,1,1,1,1,1,1,1,1,1,1,1,1
OTU_7308,1,1,1,1,1,1,1,1,1,1,1,1,1,1,1,1,1,1,1,1,1,1,1,1,1,1,1,1,1,1,1,1,1,1,1,1,1,1,1,1,1,1,1,1,1,1,1,1,1,1
OTU_7309,1,1,1,1,1,1,1,1,1,1,1,1,1,1,1,1,1,1,1,1,1,1,1,1,1,1,1,1,1,1,1,1,1,1,1,1,1,1,1,1,1,1,1,1,1,1,1,1,1,1
OTU_7310,1,1,1,1,1,1,1,1,1,1,1,1,1,1,1,1,1,1,1,1,1,1,1,1,1,1,1,1,1,1,1,1,1,1,1,1,1,1,1,1,1,1,1,1,1,1,1,1,1,1
OTU_7311,28,1,1,2,5,1,1,11,1,1,1,1,2,164,1,1,1,16,23,5,4,1,1,1,1,1,1,1,1,31,3,4,1,1,1,9,1,9,12,1,1,1,1,1,1,3,1,1,4,103
OTU_7312,1,1,1,1,3,1,1,1,1,1,1,1,1,1,1,1,1,48,1,3,1,2,1,1,1,1,60,1,7,1,1,1,1,1,1,1,1,1,1,1,81,1,1,1,1,1,1,1,1,1
OTU_7313,1,1,1,1,1,1,1,1,1,1,1,1,1,1,1,1,1,1,1,1,1,1,1,1,1,1,1,1,1,1,1,1,1,1,1,1,1,1,1,1,1,1,1,1,1,1,1,1,1,1
OTU_7314,1,1,1,1,1,1,1,1,1,15,1,1,1,1,1,1,1,1,1,1,1,1,1,1,1,1,1,1,1,1,1,1,1,1,1,1,1,1,1,1,1,1,1,1,1,1,1,1,1,1
OTU_7315,1,1,1,1,1,1,1,1,1,1,1,1,1,1,1,1,1,1,1,1,1,1,1,1,1,1,1,1,1,1,1,1,1,1,1,1,1,1,1,1,1,1,1,1,1,1,1,1,1,1
OTU_7316,2,1,1,1,1,1,1,1,36,276,92,50,1,1,1,2,1,1,1,5,3,1,2,1,1,1,31,1,1,47,70,2,1,2,1,1,1,2,1,17,2,1,3,114,119,1,1,39,29,4
OTU_7317,1,1,1,1,1,1,1,1,1,1,1,1,1,1,1,1,1,1,1,1,1,1,1,1,1,1,1,1,1,1,1,1,1,1,1,1,1,1,1,1,1,1,1,1,1,1,1,1,1,1
OTU_7318,1,1,1,1,1,1,1,1,1,1,1,1,1,1,1,1,1,1,1,1,1,1,1,1,1,16,1,1,1,1,1,1,1,1,1,1,1,1,1,1,1,1,1,1,1,1,1,1,1,1
OTU_7319,1,1,1,1,1,1,1,1,1,1,1,1,1,1,1,1,1,1,1,1,1,1,1,1,1,1,1,1,1,1,1,1,1,1,1,1,1,1,1,1,1,1,1,1,1,1,1,1,1,1
OTU_7320,1,1,1,1,1,1,1,1,1,1,1,1,1,1,1,1,1,1,1,1,1,1,1,1,1,1,1,1,1,1,1,1,1,1,1,1,1,1,1,1,1,1,1,1,1,1,1,1,1,1
OTU_7321,1,97,3,1,15,37,29,17,3,1,11,663,1,176,1,1,4,1,4,1,1,10,29,12,1,15,1,64,79,3,1,1,1,21,2,1,1,10,2,3,1,1,1,123,1,1,1,87,1,2
OTU_7322,1,1,1,1,1,1,1,1,1,1,1,1,1,1,1,1,1,1,1,1,1,1,1,1,1,1,1,1,1,1,1,1,1,1,1,1,1,1,1,1,1,1,1,1,1,1,1,1,1,1
OTU_7323,1,1,1,1,1,1,1,1,1,1,1,1,1,1,1,1,1,1,1,1,1,1,1,1,1,1,1,1,1,1,1,1,1,1,1,1,1,1,1,1,1,1,1,1,1,1,1,1,1,1
OTU_7324,651,788,511,787,132,883,553,461,236,1314,211,473,270,682,331,169,760,396,576,1006,142,939,118,342,580,324,1076,326,481,190,672,671,436,610,447,145,773,614,328,97,575,849,224,412,232,597,490,135,184,277
OTU_7325,1,12,1,1,1,1,1,1,1,1,1,1,1,1,1,1,1,1,1,1,1,1,1,1,1,1,1,1,1,1,1,1,1,1,4,1,1,1,8,1,1,1,1,1,3,1,1,1,1,1
OTU_7326,1,1,1,1,1,1,1,1,1,1,1,1,1,1,1,1,1,1,1,1,1,1,1,1,1,1,1,1,1,1,1,1,1,1,1,1,1,1,1,1,1,1,1,1,1,1,1,1,1,1
OTU_7327,1,1,1,1,1,1,1,1,1,1,1,1,1,1,1,1,1,1,1,1,1,1,1,1,1,1,1,1,1,1,1,1,1,1,1,1,1,1,1,1,1,1,1,1,1,1,1,1,1,1
OTU_7328,1,1,1,1,1,1,1,1,1,1,1,1,1,1,1,1,1,1,1,1,1,1,1,1,1,1,1,3,1,1,1,1,1,1,1,1,1,1,1,1,1,1,1,1,1,1,1,1,1,1
OTU_7329,1,1,1,1,1,1,1,1,1,1,1,1,1,7,1,1,1,1,1,1,1,1,1,1,1,1,1,1,1,1,1,1,1,1,1,1,1,1,1,1,1,1,1,1,1,1,1,1,1,1
OTU_7330,1,1,1,1,1,1,1,1,1,1,1,1,1,1,1,1,1,1,1,1,1,1,1,1,1,1,1,1,1,1,1,1,1,1,1,1,1,1,1,1,1,1,1,1,1,1,1,1,1,1
OTU_7331,1,40,1,1,1,1,1,57,1,2,13,1,53,1,13,1,7,14,4,1,10,49,1,1,1,37,17,1,1,1,1,1,1,2,45,16,1,1,31,1,1,1,1,1,1,1,1,41,5,1
OTU_7332,1,1,1,1,1,1,1,1,1,1,1,1,1,1,1,1,1,1,1,1,1,1,1,1,1,1,1,1,1,1,1,1,1,1,1,1,1,1,1,1,1,1,1,1,1,1,1,1,1,1
OTU_7333,49,17,42,1,1,42,80,22,10,15,44,2,1,2,161,4,149,24,1,7,2,125,1,3,118,36,1,34,7,46,116,22,11,3,1,5,20,1,2,2,9,1,234,6,7,63,1,10,10,5
OTU_7334,1,1,1,1,1,1,1,1,1,1,1,1,1,1,1,1,1,1,1,1,1,1,1,1,1,1,1,1,1,1,1,1,1,1,1,1,1,1,1,1,1,1,1,1,1,1,1,1,1,1
OTU_7335,1,1,1,1,1,1,1,1,1,1,1,1,1,1,1,1,1,1,1,1,1,1,1,1,1,1,1,1,1,1,1,1,1,1,1,1,1,1,1,1,1,1,1,1,1,1,1,1,1,1
OTU_7336,1,1,1,1,1,1,1,1,1,1,1,1,1,1,1,1,1,13,1,3,1,1,1,1,1,1,1,1,1,1,1,1,1,1,1,1,1,1,1,2,1,1,1,1,1,1,1,1,1,1
OTU_7337,1,1,1,1,1,1,1,1,1,1,1,1,1,1,1,1,1,1,1,1,1,1,1,1,1,1,1,1,1,1,1,1,1,1,1,1,1,1,1,1,1,1,1,1,1,1,1,1,1,1
OTU_7338,1,1,1,1,1,1,1,1,1,1,1,1,1,1,1,1,1,1,1,1,1,1,1,1,1,1,1,1,1,1,1,1,1,1,1,1,1,1,1,1,1,1,1,1,1,1,1,1,1,1
OTU_7339,1,1,1,1,1,1,1,1,1,1,1,1,1,1,1,1,1,1,1,1,1,1,1,1,1,1,1,1,1,1,1,1,1,1,1,1,1,1,1,1,1,1,1,1,1,1,1,1,1,1
OTU_7340,1,1,1,1,1,1,1,1,1,1,1,1,1,1,1,1,1,1,1,1,1,1,1,1,1,1,1,1,1,1,1,1,1,1,1,1,1,1,1,1,1,1,1,1,1,1,1,1,1,1
OTU_7341,1,1,1,1,1,1,1,1,1,1,1,1,1,1,1,1,1,1,1,1,1,1,1,1,1,1,1,1,1,1,1,1,1,1,1,1,1,1,1,1,1,1,1,1,1,1,1,1,1,1
OTU_7342,1,1,1,1,1,1,1,1,1,1,1,1,1,1,1,1,1,1,1,1,1,1,1,1,1,1,1,1,1,1,1,1,1,1,1,1,1,1,1,1,1,1,1,1,1,1,1,1,1,1
OTU_7343,1,1,1,1,1,1,1,1,1,1,1,1,1,1,1,1,1,1,1,1,1,1,1,1,1,1,1,1,1,1,1,1,1,1,1,1,1,1,1,1,1,1,1,1,1,1,1,1,1,1
OTU_7344,1,1,3,5,1,1,1,1,1,1,1,1,1,1,1,1,1,1,1,1,1,1,1,1,1,1,1,1,1,1,1,1,1,1,1,1,1,1,1,1,1,1,1,16,1,1,1,1,1,1
OTU_7345,1,1,1,1,1,1,1,1,1,1,1,1,1,1,1,1,1,1,1,1,1,1,1,1,1,1,1,1,1,1,1,1,1,1,1,1,1,1,1,1,1,1,1,1,1,1,1,1,1,1
OTU_7346,1,1,1,1,1,1,1,1,1,1,1,1,1,1,1,1,1,1,1,1,1,1,1,1,1,1,1,1,1,1,1,1,1,1,1,1,1,1,1,1,1,1,1,1,1,1,1,1,1,1
OTU_7347,1,1,1,1,1,1,1,1,1,1,1,1,1,1,1,1,1,1,1,1,1,1,1,1,1,1,1,1,1,1,1,1,1,1,1,1,1,1,1,1,1,1,1,2,1,1,1,1,1,1
OTU_7348,1,1,1,1,1,1,1,1,1,1,1,1,1,1,1,1,1,1,1,1,1,1,1,1,1,1,1,1,1,1,1,1,1,1,1,1,1,1,1,1,1,1,1,1,1,1,1,1,1,1
OTU_7349,1,1,1,1,1,1,1,1,1,2,1,1,1,1,1,1,1,1,1,1,1,1,1,1,1,1,1,1,1,1,2,11,1,1,1,1,1,1,47,1,1,1,1,1,1,1,1,1,1,1
OTU_7350,1,1,1,1,1,11,1,1,1,1,1,1,1,1,1,1,1,1,1,1,1,1,1,1,1,1,1,1,1,1,1,1,1,1,1,1,1,1,1,1,1,1,1,1,1,1,1,1,1,1
OTU_7351,1,1,1,1,1,1,1,1,1,1,1,1,1,1,1,1,1,1,1,1,1,1,1,1,1,1,1,1,1,1,1,1,1,1,1,1,1,1,1,1,1,1,1,1,1,1,1,1,1,1
OTU_7352,1,1,1,1,1,1,1,1,1,1,1,1,1,58,1,1,1,1,1,1,1,1,1,1,2,1,1,1,1,1,1,2,2,1,1,1,1,1,1,1,1,1,1,1,1,1,1,1,1,1
OTU_7353,1,1,1,1,1,1,1,1,1,1,1,1,1,1,1,1,1,1,1,1,1,1,1,1,1,1,1,1,1,1,1,1,1,1,1,1,1,1,1,1,1,1,1,1,1,1,1,1,1,1
OTU_7354,1,1,1,1,1,1,1,1,1,1,1,1,1,1,1,1,1,1,1,1,1,1,1,1,1,1,1,1,1,1,1,1,1,1,1,1,1,1,1,1,1,1,1,1,1,1,1,1,1,1
OTU_7355,1,1,1,1,1,1,1,1,1,1,1,1,1,1,1,1,1,1,1,1,1,1,1,1,1,1,1,1,1,1,1,1,1,1,1,1,1,1,1,1,1,1,1,1,1,1,1,1,1,1
OTU_7356,1,1,1,1,1,1,1,1,1,1,1,1,1,1,1,1,1,1,1,1,1,1,1,1,1,1,1,1,1,1,1,1,1,1,1,1,1,1,1,1,1,1,1,1,1,1,1,1,1,1
OTU_7357,1,1,1,8,1,2,2,1,6,4,1,100,1,1,1,49,13,1,1,1,11,7,119,1,1,1,109,1,1,1,1,33,1,1,1,1,1,1,4,3,1,1,1,1,1,1,1,2,1,1
OTU_7358,1,19,2,1,2,1,5,1,3,1,1,1,1,119,119,1,125,12,1,1,35,1,80,1,1,14,8,1,7,7,2,1,1,16,1,37,8,9,1,14,2,1,2,3,1,2,1,4,1,1
OTU_7359,7,124,1,6,1,2,1,1,1,34,7,2,15,8,3,19,11,2,1,1,1,1,1,1,13,5,53,3,1,78,1,15,1,42,8,24,86,1,2,86,2,1,1,5,1,3,24,1,1,129
OTU_7360,1,1,1,1,1,1,1,1,2,1,1,2,1,9,1,1,3,1,1,2,7,27,11,1,12,9,1,1,13,1,1,18,1,1,3,1,9,47,2,1,1,102,1,1,1,1,1,7,8,41
OTU_7361,1,1,1,1,1,1,1,1,1,1,1,1,1,1,1,1,1,1,1,1,1,1,1,1,1,1,1,1,1,1,1,1,1,1,1,1,1,1,1,1,1,1,1,1,1,1,1,1,1,1
OTU_7362,1,1,1,1,1,1,1,1,1,1,1,1,1,1,1,1,1,1,1,1,1,1,1,1,1,1,1,1,1,1,1,1,1,1,1,1,1,1,1,1,1,1,1,1,1,1,1,1,1,1
OTU_7363,1,1,1,1,1,1,1,1,38,1,1,1,1,69,1,1,1,1,1,1,1,1,1,1,1,1,1,1,1,1,9,1,1,1,4,1,26,1,1,1,8,1,1,1,1,4,1,26,1,1
OTU_7364,1,1,1,1,1,1,1,1,1,1,1,1,1,1,1,1,1,1,1,1,1,1,1,1,1,1,1,1,1,1,1,1,1,1,1,1,1,1,1,1,1,1,1,1,1,1,1,1,1,1
OTU_7365,1,1,1,1,1,1,1,1,1,1,1,1,2,1,1,1,1,1,1,1,1,1,1,1,1,1,1,1,1,1,1,1,1,1,1,1,1,1,1,1,1,1,1,1,1,1,1,1,1,1
OTU_7366,6,6,144,43,4,1,1,27,21,62,8,314,117,78,9,9,220,189,25,154,1,51,11,9,151,106,14,1,1,109,1,127,44,125,137,46,28,6,9,15,1,85,1,4,16,1,129,97,35,12
OTU_7367,1,1,1,1,1,1,1,1,1,1,1,1,1,1,1,1,1,1,1,1,1,1,1,1,1,1,1,1,1,1,1,1,1,1,1,1,1,1,1,1,1,1,1,1,1,1,1,1,1,1
OTU_7368,152,47,63,12,6,1,11,52,1,42,2,6,1,26,3,2,10,4,1,16,37,4,2,27,19,25,1,1,23,1,7,3,12,4,40,158,41,1,1,1,1,1,1,1,1,4,31,1,6,1
OTU_7369,1,1,1,1,1,1,1,1,1,1,1,1,1,1,1,1,1,1,1,1,1,1,1,1,1,1,1,1,1,1,1,1,1,1,1,1,1,1,1,1,1,1,1,1,1,1,1,1,1,1
OTU_7370,1,9,1,1,1,1,1,3,108,1,1,40,1,41,1,51,1,1,1,1,1,1,205,1,1,26,8,27,1,21,1,1,67,5,84,1,2,1,1,1,67,1,16,11,1,2,4,1,1,5
OTU_7371,1,1,1,1,1,1,1,1,1,1,1,1,1,1,1,1,1,1,1,1,1,1,1,1,1,1,1,1,1,1,1,1,1,1,1,1,1,1,1,1,1,1,1,1,1,1,1,1,1,1
OTU_7372,1,1,1,1,1,1,1,1,1,1,1,1,1,1,1,1,1,1,1,1,1,1,1,1,1,1,1,1,1,1,1,1,1,1,1,1,1,1,1,1,1,1,1,1,1,1,1,1,1,1
OTU_7373,2,1,1,1,1,1,1,1,1,1,1,1,1,1,1,1,1,1,1,1,1,1,1,1,1,1,1,1,1,1,1,1,1,1,1,1,1,1,1,1,1,1,1,1,1,1,1,1,1,1
OTU_7374,1,1,1,1,1,1,1,1,1,1,1,1,1,1,1,1,1,1,1,1,1,1,1,1,1,1,1,1,1,1,1,1,1,1,1,1,1,1,1,1,1,1,1,1,1,1,1,1,1,1
OTU_7375,1,1,1,1,1,1,1,1,1,1,1,1,1,1,1,1,1,1,1,1,1,1,1,1,1,1,1,1,1,1,1,1,1,1,1,1,1,1,1,1,1,1,1,1,1,1,1,1,1,1
OTU_7376,1,1,1,1,1,1,1,1,1,1,1,1,1,1,1,1,1,1,1,1,1,1,1,1,1,1,1,1,1,1,1,1,1,1,1,1,1,1,1,1,1,1,1,1,1,1,1,1,1,1
OTU_7377,1,1,1,1,1,1,1,1,1,1,1,1,1,1,1,1,1,1,1,1,1,1,1,1,1,1,1,1,1,1,1,1,1,1,1,1,1,1,1,1,1,1,1,1,1,1,1,1,1,1
OTU_7378,92,6,11,9,2,16,1,412,102,1,4,109,4,6,3,1,1,1,5,1,69,1,2,4,75,1,95,1,31,12,1,5,20,44,1,1,7,32,19,4,4,19,2,3,3,29,6,1,1,1
OTU_7379,1,1,1,1,1,1,1,1,1,1,1,1,1,1,1,1,1,1,1,1,1,1,1,1,1,1,1,1,1,1,1,1,1,1,1,1,1,2,1,1,1,1,1,1,1,1,1,1,1,1
OTU_7380,1,1,1,1,1,1,1,1,1,1,1,1,1,1,1,1,1,1,1,1,1,1,1,1,1,1,1,1,1,1,1,1,1,1,1,1,1,1,1,1,1,1,1,1,1,1,1,1,1,1
OTU_7381,1,1,1,1,1,1,1,1,1,1,1,1,1,1,1,1,1,1,1,1,1,1,1,1,1,1,1,1,1,1,1,1,1,1,1,1,1,1,1,1,1,1,1,1,1,1,1,1,1,1
OTU_7382,33,9,1,6,2,24,1,3,2,2,1,1,1,1,1,24,1,6,4,53,1,1,1,1,1,3,79,2,17,1,1,1,415,50,219,1,1,7,1,1,1,4,106,2,3,1,119,46,5,1
OTU_7383,1,3,8,1,2,1,1,16,5,1,1,1,1,1,3,1,1,1,1,1,1,1,1,1,1,20,1,1,1,1,1,1,1,1,1,1,1,1,1,39,1,284,1,1,1,1,1,1,1,1
OTU_7384,2,17,40,4,8,47,12,2,1,21,4,17,43,4,9,5,68,4,45,27,42,144,2,7,10,14,1,278,9,4,182,44,6,90,198,59,33,236,92,139,64,8,111,61,1,1,16,76,77,7
OTU_7385,1,1,1,1,1,1,1,1,1,1,1,1,1,1,1,1,1,1,1,1,1,1,1,1,1,1,1,1,1,1,1,1,1,1,1,1,1,1,1,1,1,1,1,1,1,1,1,1,1,1
OTU_7386,2,174,128,101,37,65,48,1,5,24,38,10,80,43,80,1,31,38,4,83,30,24,100,21,18,19,7,82,3,536,4,1,106,1,218,155,205,18,44,11,7,32,108,123,1,11,388,23,3,15
OTU_7387,3,62,39,758,253,101,3,4,4,82,146,95,110,140,32,10,18,16,16,60,54,42,56,4,18,56,1,27,220,250,1,91,7,242,197,36,400,19,83,171,47,38,33,3,79,85,17,22,96,179
OTU_7388,1,1,1,1,1,1,1,1,1,1,1,1,1,1,1,1,1,1,1,1,1,1,1,1,1,1,1,1,1,1,1,1,1,1,1,1,1,1,1,1,1,1,1,1,1,1,1,1,1,1
OTU_7389,1,1,1,1,1,1,1,1,1,1,1,1,1,1,1,1,1,1,1,1,1,1,1,1,1,1,1,1,1,1,1,1,1,1,1,1,1,1,1,1,1,1,1,1,1,1,1,1,1,1
OTU_7390,1,1,1,1,1,1,1,1,1,1,1,1,1,1,1,1,1,1,1,1,1,1,1,1,1,1,1,1,1,1,1,1,1,1,1,1,1,1,1,1,1,1,1,1,1,1,1,1,1,1
OTU_7391,1,1,1,1,1,1,1,1,1,1,1,1,1,1,1,1,1,1,1,1,9,1,1,1,1,1,1,1,1,1,1,1,1,1,1,1,1,1,1,1,1,1,1,1,1,1,1,1,1,1
OTU_7392,1,1,1,1,1,1,1,1,1,1,1,1,1,1,1,1,1,1,1,1,1,1,1,1,1,1,1,1,1,1,1,1,1,1,1,1,1,1,1,1,1,1,1,1,1,1,1,1,1,1
OTU_7393,1,1,1,1,1,1,1,1,1,1,1,1,1,1,1,1,1,1,1,1,1,1,1,1,1,1,1,1,1,1,1,1,1,1,1,1,1,1,1,1,1,1,1,1,1,1,1,1,1,1
OTU_7394,1,1,1,1,1,1,1,1,1,1,1,1,1,1,1,1,1,1,1,1,1,1,1,1,1,1,1,1,1,1,1,1,1,1,1,1,1,1,1,1,1,1,1,1,1,1,1,1,1,1
OTU_7395,1,1,1,1,1,1,1,1,1,1,1,1,1,1,1,1,1,1,1,1,1,1,1,1,1,1,1,1,1,1,1,1,1,1,1,1,1,1,1,1,1,1,1,1,1,1,1,1,1,1
OTU_7396,662,11,70,36,23,52,216,194,77,101,230,15,8,64,217,188,78,3,190,44,182,162,83,148,148,17,41,238,160,177,82,15,65,317,154,575,200,89,55,128,82,208,135,5,119,55,381,110,42,179
OTU_7397,1,1,1,1,1,1,1,1,1,1,1,1,1,1,1,1,1,1,1,1,1,1,1,1,1,1,1,1,1,1,1,1,1,1,1,1,1,1,1,1,1,1,1,1,1,1,1,1,1,1
OTU_7398,1,1,1,1,1,1,1,1,1,1,1,1,1,1,1,1,1,1,1,1,1,1,1,1,1,127,1,1,4,1,1,1,1,1,1,46,1,1,1,1,1,1,1,10,1,1,1,1,1,1
OTU_7399,1,1,1,1,1,1,1,1,1,1,1,1,1,1,1,1,1,1,1,1,1,1,1,1,1,1,1,1,1,1,1,1,1,1,1,1,1,1,1,1,1,1,1,1,1,1,1,1,1,1
OTU_7400,1,1,1,1,1,1,1,1,1,1,1,1,1,1,1,1,1,1,1,1,1,1,1,1,1,1,1,1,1,1,1,1,1,1,1,1,1,1,1,1,1,1,1,1,1,1,1,1,1,1
OTU_7401,1,1,1,1,1,1,1,1,1,1,1,1,1,1,1,1,1,1,1,1,1,1,1,1,1,1,1,1,1,1,1,1,1,1,1,1,1,1,1,1,1,1,1,1,1,1,1,1,1,1
OTU_7402,1,1,1,1,1,1,1,1,1,1,1,1,1,1,1,1,1,1,1,1,1,1,1,1,1,1,1,1,1,1,1,1,1,1,1,1,1,1,1,1,1,1,1,1,1,1,1,1,1,1
OTU_7403,1,1,1,1,1,1,1,1,1,1,1,1,1,1,1,1,1,4,1,1,1,12,1,1,1,1,1,1,1,1,1,1,1,1,1,1,1,1,1,1,1,1,3,1,10,1,3,1,1,28
OTU_7404,1,1,1,1,1,1,1,1,1,1,1,1,1,1,1,1,1,1,1,1,1,1,1,1,1,1,1,1,1,1,1,1,1,1,1,1,1,1,1,1,1,1,1,1,1,1,1,1,1,1
OTU_7405,10,20,2,19,7,79,16,65,49,44,1,30,3,2,9,24,1,2,412,20,3,68,26,15,34,7,111,81,1,97,2,3,1,17,22,17,7,122,124,271,12,25,7,8,5,124,212,355,21,232
OTU_7406,1,1,1,1,1,1,1,1,1,1,1,1,1,1,1,1,1,1,1,1,1,1,1,1,1,1,1,1,1,13,1,1,1,1,1,1,1,1,1,1,1,1,1,1,1,1,1,1,1,1
OTU_7407,3,2,18,1,12,1,144,1,18,27,165,62,20,125,1,2,1,352,8,9,41,2,232,118,3,90,15,3,44,74,3,8,7,31,11,7,4,55,6,38,1,1,209,260,1,1,158,9,45,2
OTU_7408,1,1,1,1,1,1,1,1,1,1,1,1,1,1,1,1,1,1,1,1,1,1,1,1,1,1,1,1,1,1,1,1,1,1,1,1,1,1,1,1,1,1,1,1,1,1,1,1,1,1
OTU_7409,1,1,1,1,1,1,1,1,1,1,1,1,1,1,1,1,1,1,1,1,1,1,1,1,1,1,1,1,1,1,1,1,1,1,1,1,1,1,1,1,1,1,1,1,1,1,1,1,1,1
OTU_7410,1,2,8,1,1,6,42,1,62,26,64,50,20,27,4,13,1,1,13,66,9,1,1,1,140,1,6,3,1,1,1,1,1,1,4,20,2,66,13,5,27,2,1,1,49,6,26,1,108,11
OTU_7411,1,1,1,1,1,4,1,1,15,31,1,1,1,1,1,1,1,1,5,1,8,1,1,1,1,1,1,1,1,1,1,1,1,1,1,1,1,1,1,1,1,2,1,1,1,1,1,1,1,1
OTU_7412,1,1,1,1,1,1,1,1,1,1,1,1,1,1,1,1,1,1,1,1,1,1,1,1,1,1,1,1,1,1,1,1,1,1,1,1,1,1,1,1,1,1,1,1,1,1,1,1,1,1
OTU_7413,1,1,1,1,1,1,1,1,1,1,1,1,1,1,1,1,1,1,1,1,1,1,1,1,1,1,1,1,1,1,1,1,1,1,1,1,1,1,1,1,1,1,1,1,1,1,1,1,1,1
OTU_7414,1,1,1,1,1,1,1,1,1,1,1,1,1,1,1,1,1,1,1,1,1,1,1,1,1,1,1,1,1,1,1,1,1,1,1,1,1,1,1,2,1,1,1,1,1,1,1,1,1,1
OTU_7415,1,1,1,1,1,1,1,1,1,1,1,1,1,1,1,1,1,1,1,1,1,1,1,1,1,1,1,1,1,1,1,1,1,1,1,1,1,1,1,1,1,1,1,1,1,1,1,1,1,1
OTU_7416,1,1,1,1,1,1,1,1,1,1,1,1,1,1,1,2,1,1,1,1,1,1,1,1,1,1,1,1,1,1,1,1,1,1,1,1,1,1,1,1,1,1,1,1,1,20,1,1,1,1
OTU_7417,1,2,1,4,1,1,1,1,10,1,375,1,1,1,1,1,14,1,1,7,1,1,1,1,1,1,1,3,1,1,1,1,3,1,1,1,1,17,2,1,1,51,1,1,43,1,1,1,1,1
OTU_7418,1,1,1,1,1,1,1,1,1,1,1,1,1,1,1,1,1,1,1,1,1,1,1,1,1,1,1,1,1,1,1,1,1,1,1,1,1,1,1,1,1,1,1,1,1,1,1,1,1,1
OTU_7419,1,1,1,1,1,1,1,7,1,1,1,1,1,1,1,1,1,1,23,1,13,1,1,1,1,1,1,1,1,1,1,1,1,1,18,1,1,1,1,1,1,1,1,1,1,1,1,1,1,1
OTU_7420,19,134,18,118,39,6,1,1,123,2,8,31,83,1,104,31,12,293,221,59,7,12,1,1,4,247,1,1,2,3,4,3,64,74,8,51,158,217,137,95,4,1,1,60,78,4,31,234,6,7
OTU_7421,1,1,1,1,1,1,1,1,1,1,1,1,1,1,1,1,1,1,1,1,1,1,1,1,1,1,1,1,1,1,1,1,1,1,1,1,1,1,1,1,1,1,1,1,1,1,1,1,1,1
OTU_7422,1,1,1,1,1,1,1,1,1,1,1,1,1,1,1,1,1,1,1,1,1,1,1,1,1,1,1,1,1,1,1,1,1,1,1,1,1,1,1,1,1,1,1,1,1,1,1,1,1,1
OTU_7423,1,1,1,1,1,1,1,1,1,1,1,1,1,1,1,1,1,1,1,1,1,1,1,1,1,1,1,1,1,1,1,2,1,1,1,1,1,1,1,1,1,1,1,1,1,1,1,1,1,1
OTU_7424,1,1,1,1,1,1,1,1,1,1,1,1,1,1,1,1,1,1,1,1,1,1,1,1,1,1,1,1,1,1,1,1,1,1,1,1,1,1,1,1,1,1,1,1,1,1,1,1,1,1
OTU_7425,1,1,1,1,1,1,1,1,1,1,1,1,1,1,1,1,1,1,1,1,1,1,1,1,1,1,1,1,1,1,1,1,1,1,1,1,1,1,1,1,1,1,1,1,1,1,1,1,1,1
OTU_7426,1,1,1,1,1,1,1,1,1,1,1,1,1,1,1,1,1,1,1,1,1,1,1,1,1,1,1,1,1,1,1,1,1,1,1,1,1,1,1,1,1,1,1,1,1,1,1,1,1,1
OTU_7427,1,1,1,1,1,1,1,1,1,1,1,1,1,1,1,1,1,1,1,1,1,1,1,1,1,1,1,1,1,1,1,1,1,1,1,1,1,1,1,1,1,1,1,1,1,1,1,1,1,1
OTU_7428,1,1,1,1,1,1,1,1,1,1,1,1,1,1,1,1,1,1,1,1,1,1,1,1,1,1,1,1,1,1,1,1,1,1,1,1,1,1,1,1,1,1,1,1,1,1,1,1,1,1
OTU_7429,1,1,1,1,2,1,1,1,1,1,1,1,1,1,1,1,1,1,1,1,2,1,1,1,1,1,1,1,1,1,1,1,1,1,1,1,1,1,1,1,1,1,1,1,1,1,1,1,1,1
OTU_7430,1,1,1,1,1,1,1,1,1,1,1,1,1,1,1,1,1,1,1,1,1,1,1,1,1,1,1,1,1,1,1,1,1,1,1,1,1,1,1,1,1,1,1,1,1,1,1,1,1,1
OTU_7431,1,1,1,10,54,19,1,20,1,1,1,1,1,102,1,1,45,3,2,1,1,1,1,65,1,1,1,1,6,1,3,2,1,1,1,1,1,1,1,33,1,1,1,1,1,24,202,1,1,1
OTU_7432,1,1,1,1,1,1,1,1,1,1,1,1,1,1,1,1,1,1,1,1,1,1,1,1,1,1,1,1,1,1,1,1,1,1,1,1,1,1,1,1,1,1,1,1,1,1,1,1,1,1
OTU_7433,1,1,1,1,1,1,1,1,1,1,1,1,1,1,1,1,1,1,1,1,1,1,1,1,1,1,1,1,1,1,1,1,1,1,1,1,1,1,1,1,1,1,1,1,1,1,1,1,1,1
OTU_7434,1,1,1,1,1,1,1,1,1,1,1,1,1,1,1,1,1,1,1,1,1,1,1,1,1,1,1,1,1,1,1,1,1,1,1,1,1,1,1,1,1,1,1,1,1,1,1,1,1,1
OTU_7435,1,1,1,1,1,1,1,1,1,1,1,1,1,1,1,1,1,1,1,1,1,1,1,1,1,1,1,1,1,1,1,1,1,1,1,1,1,1,1,1,1,1,1,1,1,1,1,1,1,1
OTU_7436,1,1,1,1,1,1,1,1,1,1,1,1,1,1,1,1,1,1,1,1,1,1,1,2,1,1,16,1,1,1,1,1,1,1,2,1,1,1,1,1,1,1,1,1,1,1,1,1,1,1
OTU_7437,1,1,1,1,1,1,1,1,1,1,1,1,1,1,1,1,1,1,1,1,1,1,1,1,1,1,1,1,1,1,1,1,1,1,1,1,1,1,1,1,1,1,1,1,1,1,1,1,1,1
OTU_7438,1,1,1,1,1,1,1,1,1,1,1,1,1,1,1,1,1,1,1,1,1,1,1,1,1,1,1,1,1,1,1,1,1,1,1,1,1,1,1,1,1,1,1,1,1,1,1,1,3,1
OTU_7439,1,1,1,1,1,1,1,1,1,1,1,1,1,1,1,1,1,1,1,1,1,1,1,1,1,1,1,1,1,1,1,1,1,1,1,1,1,1,1,1,1,1,1,1,1,1,1,1,1,1
OTU_7440,1,1,1,1,1,1,1,1,1,1,1,1,1,1,1,1,1,1,1,1,1,1,1,1,1,1,1,1,1,1,1,1,1,1,1,1,1,1,1,1,1,1,1,1,1,1,1,1,1,1
OTU_7441,1,1,1,1,1,1,1,1,1,1,1,1,1,1,1,1,1,1,1,1,1,1,1,1,1,2,1,1,1,7,1,1,1,1,1,1,1,1,1,1,1,1,1,1,1,1,1,1,1,1
OTU_7442,1,1,1,1,1,1,1,1,1,1,1,1,1,1,1,1,1,1,1,1,1,1,1,1,1,1,1,1,1,1,1,1,1,1,1,1,1,1,1,1,1,1,1,1,1,1,1,1,1,1
OTU_7443,264,15,209,49,31,84,7,17,181,15,15,193,20,22,8,26,76,214,38,29,108,17,11,5,89,6,214,660,44,1,2,105,402,70,37,26,147,172,102,128,377,1,46,188,2,7,1,141,54,24
OTU_7444,1,1,1,1,1,1,1,1,1,1,1,1,1,1,1,1,1,1,1,1,1,1,1,1,1,1,1,1,1,1,1,1,1,1,1,1,1,1,1,1,1,1,1,1,1,1,1,1,1,1
OTU_7445,107,3,2,38,115,263,5,141,251,67,306,635,57,6,28,28,231,204,2,200,55,110,56,19,25,60,277,5,103,175,183,2,138,42,183,265,298,5,179,99,197,35,51,28,26,25,13,1,38,224
OTU_7446,1,1,1,1,1,1,1,1,1,1,1,1,1,1,1,1,1,1,1,1,1,1,1,1,1,1,1,1,1,1,1,1,1,1,1,1,1,1,1,1,1,1,1,1,1,1,1,1,1,1
OTU_7447,1,1,1,1,1,1,1,1,1,1,1,1,1,1,1,1,1,1,1,1,1,1,1,1,1,1,1,1,1,1,1,1,1,1,1,1,1,1,1,1,1,1,1,1,1,1,1,1,1,1
OTU_7448,1,1,1,1,1,1,1,1,1,1,1,1,1,1,1,1,1,1,1,1,1,1,1,1,1,1,1,1,1,1,1,1,1,1,1,1,1,1,1,1,2,1,1,1,1,1,1,1,1,1
OTU_7449,140,4,1,1,6,1,1,1,35,3,3,1,1,128,18,1,1,18,1,32,1,1,1,7,1,1,1,5,1,1,1,1,1,3,33,1,3,26,1,13,11,2,19,1,1,1,1,32,1,1
OTU_7450,1,1,1,1,1,1,1,1,1,1,1,1,1,1,1,1,1,1,1,1,1,1,1,1,1,1,1,1,1,1,1,1,1,1,1,1,1,2,1,1,1,1,1,1,1,1,1,1,1,1
OTU_7451,2,1,15,5,1,32,2,9,2,5,28,13,22,60,1,23,2,109,149,32,3,89,5,52,364,264,114,9,15,541,1,1,34,1,2,2,11,22,13,3,158,1,17,25,8,9,39,5,93,8
OTU_7452,1,1,1,1,1,1,1,1,1,1,1,1,1,1,1,1,1,1,1,1,1,1,1,1,1,1,1,1,1,1,1,1,1,1,1,1,1,1,1,1,1,1,1,1,1,1,1,1,1,1
OTU_7453,1,1,1,1,1,1,1,1,1,1,1,1,1,1,1,1,1,1,1,1,1,1,1,1,1,1,1,1,1,1,1,1,4,1,1,1,1,1,1,1,1,1,1,1,1,1,1,1,1,1
OTU_7454,1,1,1,1,1,1,1,1,1,1,1,1,1,1,1,1,1,1,1,1,1,1,1,1,1,1,1,1,1,1,1,1,1,1,1,1,1,1,1,1,1,1,1,1,1,1,1,1,1,1
OTU_7455,1,1,1,1,1,1,1,1,1,1,1,1,1,1,1,1,1,1,1,1,1,1,1,1,1,1,1,1,1,1,1,1,1,1,1,1,1,1,1,1,1,1,1,1,1,1,1,1,1,1
OTU_7456,1,1,1,1,1,1,1,1,1,1,1,1,1,1,1,1,1,1,1,1,1,1,1,1,1,1,1,1,1,1,1,1,1,1,1,1,1,1,1,1,1,1,1,1,1,1,1,1,1,1
OTU_7457,1,1,1,1,1,1,1,1,1,1,1,1,1,1,1,1,1,1,1,1,1,1,1,1,1,1,1,1,1,1,1,1,1,1,1,1,1,1,1,1,1,1,1,1,1,1,1,1,1,1
OTU_7458,1,1,1,1,1,1,1,1,1,1,1,1,1,1,1,1,1,1,1,1,1,1,1,1,1,1,1,1,1,1,1,1,1,1,1,1,1,1,1,1,1,1,1,1,1,1,1,1,1,1
OTU_7459,1,1,1,1,1,1,1,1,1,1,1,1,1,2,1,1,1,1,1,1,1,1,1,131,1,1,1,1,1,1,1,1,1,1,1,1,1,1,1,1,1,1,1,1,1,1,1,1,1,1
OTU_7460,1,1,1,1,1,1,1,1,1,1,1,1,1,1,1,1,1,1,1,1,1,1,1,1,1,1,1,1,1,1,1,1,1,1,1,1,1,1,1,1,1,1,1,1,1,1,2,1,1,1
OTU_7461,260,98,84,188,356,8,39,24,320,55,78,152,99,278,2,321,155,13,84,7,110,390,188,143,339,139,78,72,19,28,34,1,23,30,31,119,384,174,210,564,266,60,167,1,141,13,8,174,231,176
OTU_7462,5,1,144,165,66,81,3,41,35,83,1,1,3,11,562,1,98,14,1,72,15,2,21,1,34,1,1,30,188,17,73,1,19,47,5,3,1,112,3,1,1,333,1,93,1,19,35,1,551,1
OTU_7463,391,421,107,557,283,207,265,82,404,308,406,399,362,245,254,516,537,233,254,184,178,165,219,79,14,328,207,48,69,168,69,411,430,190,115,168,362,85,244,720,124,251,463,129,243,318,40,226,134,282
OTU_7464,1,1,1,1,1,1,1,1,1,1,1,1,1,1,1,1,1,1,1,1,1,1,1,1,1,1,1,1,1,1,1,1,1,1,1,1,1,1,1,1,1,1,1,1,1,1,1,1,1,1
OTU_7465,1,1,1,1,1,1,1,1,1,1,1,1,1,1,1,1,1,1,1,1,1,1,1,1,1,1,1,1,1,1,1,1,1,1,1,1,1,1,1,1,1,1,1,1,1,1,1,1,1,1
OTU_7466,7,2,1,1,116,1,2,1,1,1,11,48,1,1,1,1,29,1,1,1,1,1,1,1,1,1,1,1,1,1,1,1,1,1,1,1,1,1,1,1,1,1,1,1,3,1,1,1,2,18
OTU_7467,1,1,1,1,1,1,1,1,1,1,1,1,1,1,1,1,1,1,1,1,1,1,1,1,1,1,1,1,1,1,1,1,1,1,1,1,1,1,1,1,1,1,1,1,1,1,1,1,1,1
OTU_7468,1,1,1,1,1,1,1,1,1,1,1,1,1,1,1,1,1,1,1,1,1,1,1,1,1,1,1,1,1,1,1,1,1,1,1,1,1,1,1,1,1,1,1,1,1,1,1,1,1,1
OTU_7469,1,1,1,1,1,1,1,1,1,1,1,1,1,1,1,1,1,1,1,1,1,1,1,1,1,1,1,1,1,1,1,1,1,1,1,1,1,1,1,1,1,1,1,1,1,1,1,1,1,1
OTU_7470,78,24,2,23,77,12,462,14,3,149,65,62,40,23,27,57,137,67,20,1,80,1,10,10,11,34,12,10,45,7,2,165,79,43,11,16,260,4,61,61,20,6,46,28,2,143,8,25,166,1
OTU_7471,1,1,1,1,1,1,1,1,1,1,1,1,1,1,1,1,1,1,1,1,1,1,1,1,1,1,1,1,1,1,1,1,1,1,1,1,1,1,1,1,1,1,1,1,1,1,1,1,1,1
OTU_7472,1,1,1,1,1,1,1,1,1,1,1,1,1,1,1,1,1,1,1,1,1,1,1,1,1,1,1,1,1,1,1,1,1,1,1,1,1,1,1,1,1,1,1,1,1,1,1,1,1,1
OTU_7473,1,1,1,1,1,1,1,1,1,1,1,1,1,1,1,1,1,1,1,1,1,1,1,1,1,1,1,1,1,1,1,1,1,1,1,1,1,1,1,1,1,1,1,1,1,1,1,1,1,1
OTU_7474,2,1,27,1,1,15,128,20,1,1,1,10,1,2,94,1,1,1,1,1,4,1,1,1,1,2,2,1,1,1,22,99,1,1,3,4,23,1,173,28,30,1,7,131,1,1,1,50,1,13
OTU_7475,1,1,1,1,1,1,1,1,1,1,1,1,1,1,1,1,1,1,1,1,1,1,1,1,1,21,1,1,5,1,1,1,1,1,1,1,1,1,1,1,1,1,1,1,1,1,8,1,1,1
OTU_7476,1,1,1,1,1,1,1,1,1,1,1,1,1,1,1,1,1,1,1,1,1,1,1,1,1,1,1,1,1,1,1,1,1,1,1,1,1,1,1,1,1,1,1,1,1,1,1,1,1,1
OTU_7477,1,1,1,1,1,1,1,1,1,1,1,1,1,1,1,1,1,1,1,1,1,1,1,1,1,1,1,1,1,1,1,1,1,1,1,1,1,1,1,1,1,1,1,1,1,1,1,1,1,1
OTU_7478,1,1,1,1,1,1,1,1,1,1,1,1,1,1,1,1,1,1,1,1,1,1,1,1,1,1,1,1,1,1,1,1,1,1,1,1,1,1,1,1,1,1,1,1,1,1,1,1,1,1
OTU_7479,1,1,1,1,1,1,1,1,1,1,1,1,1,1,1,1,1,1,1,1,1,1,1,1,1,1,1,1,1,1,1,1,1,1,1,1,1,1,1,1,1,1,1,1,1,1,1,1,1,1
OTU_7480,239,31,52,68,331,53,92,211,186,52,79,243,12,26,89,184,23,67,124,53,93,335,127,121,145,269,227,30,54,96,107,18,158,115,65,139,181,217,80,41,71,131,34,31,90,52,205,168,273,76
OTU_7481,1,1,1,1,1,1,1,2,1,1,1,1,1,1,1,1,1,1,1,1,1,1,1,1,1,1,1,1,1,46,1,179,1,1,1,1,78,1,10,1,2,1,97,1,1,5,1,1,1,1
OTU_7482,1,1,1,1,1,1,1,1,1,1,1,1,1,1,1,1,1,1,1,1,1,1,1,1,1,1,1,1,1,1,1,1,1,1,1,1,1,1,1,1,1,1,1,1,1,1,1,1,1,1
OTU_7483,1,1,3,1,1,3,409,4,1,1,203,1,1,140,207,8,1,3,1,5,10,1,1,34,107,82,98,1,1,1,1,89,1,1,6,1,6,1,1,2,131,8,166,3,1,1,1,48,1,1
OTU_7484,1,1,1,1,1,1,1,2,1,1,1,1,1,1,1,1,1,1,1,1,1,1,1,1,1,1,1,1,1,1,1,1,1,1,1,1,1,1,1,1,1,1,1,1,1,1,1,1,1,1
OTU_7485,1,1,1,1,1,1,1,1,1,1,1,1,1,1,1,1,1,1,1,1,1,1,1,1,1,1,1,1,1,1,1,1,1,1,1,1,1,1,1,1,1,1,1,1,1,1,1,1,1,1
OTU_7486,1,1,1,1,1,1,1,1,1,1,1,1,1,1,1,1,1,1,1,1,1,1,1,1,1,1,1,1,1,1,1,1,1,1,1,1,1,1,1,1,1,1,1,1,1,1,1,1,1,1
OTU_7487,1,1,1,1,1,1,1,1,1,1,1,1,1,1,1,1,1,1,1,1,1,1,1,1,1,1,1,1,1,1,1,1,1,1,1,1,1,1,1,1,1,1,1,1,1,1,1,1,1,1
OTU_7488,1,1,1,1,1,1,1,1,1,1,1,1,1,1,1,1,1,1,1,1,1,1,1,2,1,1,1,1,1,1,1,1,1,1,1,1,1,1,1,1,1,1,1,1,1,1,1,1,1,1
OTU_7489,1,1,1,1,1,1,1,1,1,1,1,1,1,1,1,1,1,1,1,1,1,1,1,1,1,1,1,1,1,1,1,1,1,1,1,1,1,1,1,1,1,1,1,1,1,1,1,1,1,1
OTU_7490,43,6,57,1,32,37,1,71,1,4,8,1,4,100,1,1,1,2,16,1,1,1,9,47,1,1,1,1,1,1,124,1,1,244,6,17,1,1,1,127,5,1,7,1,1,1,1,1,5,1
OTU_7491,1,1,1,1,1,1,1,1,1,1,1,1,1,1,1,1,1,1,1,1,1,1,1,1,1,1,1,1,1,1,1,1,1,1,1,1,1,1,1,1,1,1,1,1,1,1,1,1,1,1
OTU_7492,1,16,1,1,1,1,1,1,1,1,1,1,1,1,1,148,1,73,1,1,1,1,3,1,9,1,1,1,3,1,1,1,1,1,1,1,1,1,1,5,1,1,1,1,1,1,1,1,1,1
OTU_7493,1,22,36,19,1,1,52,1,4,1,1,5,1,1,11,28,1,54,3,51,5,86,29,96,128,1,17,11,1,66,15,1,3,31,1,59,6,146,435,34,1,287,1,4,2,314,2,19,3,83
OTU_7494,1,1,1,1,1,1,1,1,1,1,1,1,1,1,1,1,1,1,1,1,1,1,1,1,1,1,1,1,1,1,1,1,1,1,1,1,1,1,1,1,1,1,1,1,1,1,1,1,1,1
OTU_7495,1,1,1,1,1,1,1,1,1,1,1,1,1,1,1,1,1,1,1,1,1,1,1,1,1,1,1,1,1,1,1,1,1,1,1,1,1,1,1,1,1,1,1,1,1,3,1,1,1,1
OTU_7496,1,1,1,1,1,1,1,1,1,1,1,1,1,1,1,1,1,1,1,1,1,1,1,1,1,1,1,1,1,1,1,1,1,1,9,1,1,1,1,1,1,1,1,1,1,1,1,1,1,1
OTU_7497,1,1,1,3,1,1,1,1,1,1,1,1,1,1,1,1,1,1,1,1,1,1,1,1,1,1,1,1,1,1,1,1,1,1,1,1,1,1,1,1,1,1,1,1,1,4,1,1,1,1
OTU_7498,1,1,1,1,1,1,1,1,1,1,1,192,1,1,1,1,1,1,1,1,1,1,1,1,1,1,1,1,1,1,1,1,1,1,2,1,1,1,11,2,1,1,1,1,1,1,1,6,1,1
OTU_7499,1,1,1,1,1,1,1,1,1,1,1,1,1,1,1,1,1,1,1,1,1,1,1,1,1,1,1,1,1,1,1,1,1,1,1,1,1,1,1,1,1,1,1,1,1,1,1,1,1,1
OTU_7500,1,1,1,1,1,1,1,1,1,1,1,1,1,1,1,1,1,1,1,1,1,1,1,1,1,1,1,1,1,1,1,1,1,1,1,1,1,1,1,1,1,1,1,1,1,1,1,1,1,1
OTU_7501,1,1,1,1,1,1,1,1,1,1,1,1,1,1,1,1,1,1,1,1,1,1,1,1,1,1,1,1,1,1,1,1,1,1,1,1,1,1,1,1,1,1,1,1,1,1,1,1,1,1
OTU_7502,1,2,1,1,1,1,1,1,1,1,1,1,1,1,1,1,1,1,1,1,1,1,1,1,1,1,1,1,1,1,1,1,1,1,1,1,1,1,1,1,1,1,1,1,1,1,1,1,1,1
OTU_7503,1,1,1,1,1,1,1,1,1,1,1,1,1,1,1,1,1,1,1,1,1,1,1,1,1,1,1,1,1,1,1,1,1,1,1,1,1,1,1,1,1,1,1,1,1,1,1,1,1,2
OTU_7504,1,1,1,1,1,1,1,1,1,1,1,1,1,1,1,1,1,1,1,1,1,1,1,1,1,1,1,1,1,1,1,1,1,1,1,1,1,1,1,1,1,1,1,1,1,1,1,1,1,1
OTU_7505,1,28,1,1,103,1,1,1,4,1,5,1,1,1,1,1,2,26,5,1,1,5,1,1,1,9,1,1,1,1,1,2,1,1,1,1,1,1,2,56,1,209,40,1,1,1,1,1,1,1
OTU_7506,1,1,1,1,1,1,1,1,1,1,1,1,1,1,1,1,1,1,1,1,1,1,1,1,1,1,1,1,1,1,1,1,1,1,1,1,1,1,1,1,1,1,7,1,1,1,1,1,1,1
OTU_7507,1,1,1,1,1,1,1,1,1,1,1,1,1,1,1,1,1,1,1,1,1,1,1,1,1,1,1,1,1,1,1,1,1,1,1,1,1,2,1,1,1,1,1,1,1,1,1,1,1,1
OTU_7508,1,1,1,1,1,1,1,1,1,1,1,1,1,1,1,1,55,1,1,1,1,1,1,1,1,1,1,1,1,1,1,1,1,1,1,1,1,1,1,1,1,1,1,1,1,1,1,1,1,1
OTU_7509,1,1,1,1,1,1,1,1,1,1,1,1,1,1,1,1,1,1,1,1,1,1,1,1,1,1,1,1,1,1,1,1,1,1,1,1,1,1,1,1,1,1,1,1,1,1,1,1,1,1
OTU_7510,210,7,73,130,6,233,52,1,40,175,23,1,20,80,7,209,63,88,77,75,32,2,36,63,28,5,16,95,20,43,167,91,109,10,134,1,3,36,33,10,289,61,3,96,132,20,6,449,259,1
OTU_7511,1,1,1,1,1,1,1,1,1,1,1,1,1,1,1,1,1,1,1,1,1,1,1,1,1,1,1,1,1,1,1,1,1,1,1,1,1,1,1,1,1,1,1,1,1,1,1,1,1,1
OTU_7512,1,1,1,1,1,1,1,1,1,1,1,1,1,1,1,1,1,1,1,1,1,1,1,1,1,1,1,1,1,1,1,1,1,1,1,1,1,1,1,1,1,1,1,1,1,1,1,1,1,1
OTU_7513,1,1,1,1,11,1,1,1,1,10,3,2,1,1,8,1,1,1,1,2,1,1,1,1,1,1,1,1,1,1,1,1,1,1,1,22,1,1,1,1,1,2,7,6,176,1,1,2,4,1
OTU_7514,1,1,1,1,1,1,1,1,1,1,1,1,1,1,1,1,1,1,1,1,1,1,1,1,1,1,1,1,1,1,1,1,1,1,1,1,1,1,1,1,1,1,1,1,1,1,1,1,1,1
OTU_7515,2,1,1,1,1,1,1,1,1,1,1,1,1,1,1,1,1,1,1,1,1,1,1,1,1,1,1,1,1,2,1,1,1,1,1,1,1,1,1,1,1,1,1,1,1,1,1,1,1,1
OTU_7516,1,1,1,30,1,1,8,1,1,1,1,113,1,3,1,1,18,4,1,206,1,1,1,1,3,4,178,3,1,1,1,1,1,16,15,2,8,46,39,125,1,1,2,1,1,1,1,1,1,3
OTU_7517,1,1,1,1,1,1,1,1,1,1,1,1,1,1,1,1,1,1,1,1,1,1,1,1,1,1,1,1,1,1,1,1,1,1,1,1,1,1,1,1,1,1,1,1,1,1,1,1,1,1
OTU_7518,1,1,81,2,2,2,2,8,69,24,14,22,1,42,69,11,1,11,36,120,1,1,64,57,2,1,63,9,2,10,2,178,27,1,14,311,7,1,77,11,43,101,1,1,126,27,1,1,125,99
OTU_7519,1,1,1,1,1,1,1,1,1,1,1,1,1,1,1,1,1,1,1,1,1,1,1,1,1,1,1,1,1,1,1,1,1,1,1,1,1,1,1,1,1,1,1,1,1,1,1,1,1,1
OTU_7520,1,1,1,1,1,1,1,1,1,1,1,1,1,1,1,1,1,1,1,1,1,1,1,1,1,1,1,1,1,1,1,1,1,1,1,1,1,1,1,1,1,1,1,1,1,1,1,1,1,1
OTU_7521,1,1,1,2,1,1,1,1,1,1,1,1,25,1,1,1,1,1,1,1,33,1,1,1,1,1,1,1,2,1,1,1,1,96,1,1,1,2,1,1,3,2,1,2,52,1,329,1,1,1
OTU_7522,1,1,1,1,1,1,1,1,1,1,1,1,1,1,1,1,1,1,1,1,1,1,1,1,1,1,1,1,1,1,1,1,1,1,1,1,1,1,1,1,1,1,1,1,1,1,1,1,1,1
OTU_7523,2,77,26,76,440,7,10,3,212,244,44,2,157,31,10,25,21,128,162,71,1,36,56,16,68,157,155,3,294,174,77,117,31,16,88,37,334,160,718,53,6,27,8,218,8,73,43,107,7,94
OTU_7524,1,1,1,1,1,1,1,1,1,1,1,1,1,1,1,1,1,1,1,1,1,1,1,1,1,1,1,1,1,1,1,1,1,1,1,1,1,1,1,1,1,1,1,1,1,1,1,1,1,1
OTU_7525,1,1,1,1,1,1,1,1,1,1,1,1,1,1,1,1,1,1,1,1,1,1,1,1,1,1,1,1,1,1,1,1,1,1,1,1,1,1,1,1,1,1,1,1,1,1,1,1,1,1
OTU_7526,1,1,1,1,1,1,1,1,1,1,1,1,1,1,1,1,1,1,1,1,1,1,1,1,1,1,1,1,1,1,1,1,1,1,1,1,1,1,1,1,1,1,1,1,1,1,1,1,1,1
OTU_7527,1,1,1,1,1,1,1,1,1,1,1,1,1,1,111,1,1,1,1,1,1,1,1,1,1,1,1,1,1,1,1,1,1,1,1,1,1,1,1,1,1,1,1,1,1,1,8,1,1,1
OTU_7528,1,1,1,1,1,1,1,1,1,1,1,1,1,1,1,1,1,1,1,1,1,1,1,1,1,1,1,1,1,1,1,1,1,1,1,1,1,1,1,1,1,1,1,1,1,1,1,1,1,1
OTU_7529,1,1,1,1,1,1,1,1,1,1,1,1,1,1,1,1,1,1,1,1,1,1,1,1,1,1,1,1,1,1,1,1,1,1,1,1,1,1,1,1,1,1,1,1,1,1,1,1,1,1
OTU_7530,1,1,1,1,1,1,4,1,1,1,1,1,1,1,1,1,1,1,1,1,1,1,1,1,1,1,1,1,1,1,1,1,1,1,1,1,1,1,1,1,1,1,1,1,1,1,1,1,1,1
OTU_7531,1,1,1,1,1,1,1,1,1,1,1,1,1,1,1,1,1,1,1,1,1,1,1,1,1,1,1,1,1,1,1,1,1,1,1,1,1,1,1,1,1,1,1,1,1,1,1,1,1,1
OTU_7532,1,1,1,1,1,1,1,1,1,1,1,1,1,1,1,1,1,1,1,1,1,1,1,1,1,1,1,1,1,1,1,1,1,1,1,1,1,1,1,1,1,1,1,1,1,1,1,1,1,1
OTU_7533,1,1,1,1,3,1,1,1,1,1,1,1,1,1,1,1,1,1,1,1,1,1,1,1,1,1,1,1,1,1,1,1,1,1,1,1,1,1,1,1,1,1,1,1,1,1,1,1,1,1
OTU_7534,67,1,1,1,1,21,1,1,1,1,1,1,1,1,1,1,1,1,1,1,1,1,1,1,1,1,1,1,1,1,1,1,1,1,1,2,1,1,1,1,1,1,1,1,1,1,1,1,1,1
OTU_7535,67,70,45,41,37,103,28,345,35,199,101,23,111,85,136,43,15,48,119,185,360,122,10,212,185,188,135,112,74,271,3,420,252,118,146,95,36,43,50,15,173,71,23,62,80,53,528,11,29,84
OTU_7536,1,1,1,1,1,1,1,1,4,1,1,4,1,1,97,1,1,1,1,56,1,1,1,2,1,1,1,1,1,2,1,1,1,1,1,1,1,2,1,1,1,1,1,1,81,1,1,1,1,1
OTU_7537,1,1,1,1,1,1,2,24,1,1,1,1,1,1,1,1,1,1,1,1,1,2,1,1,1,1,1,1,1,1,1,95,1,2,1,1,1,1,1,1,1,1,1,2,1,1,1,1,1,1
OTU_7538,1,1,1,1,1,1,1,1,1,1,1,1,1,1,1,1,1,1,1,1,1,1,1,1,1,1,1,1,1,1,1,1,1,1,1,1,1,1,1,1,1,1,1,1,1,1,1,1,1,1
OTU_7539,1,1,1,1,1,1,1,1,1,1,1,1,1,1,1,1,1,1,1,1,1,1,1,1,1,1,1,1,1,1,1,1,1,1,1,1,1,1,1,1,1,1,1,1,1,1,1,123,1,1
OTU_7540,1,1,1,1,1,1,1,1,1,1,1,1,1,1,1,1,1,1,1,1,1,1,1,1,1,1,1,1,1,1,1,1,1,1,1,1,1,1,1,1,1,1,1,1,1,1,1,1,1,1
OTU_7541,1,1,1,1,1,1,1,1,1,1,1,1,1,1,1,1,1,1,1,1,1,1,1,1,1,1,1,1,1,1,1,1,1,1,1,1,1,1,1,1,1,1,1,1,1,1,1,1,1,1
OTU_7542,1,1,1,1,2,1,1,1,1,1,1,1,1,1,1,1,1,1,1,1,1,1,1,1,1,1,1,1,1,1,1,1,1,1,1,1,1,1,1,1,1,1,1,1,1,1,1,1,1,1
OTU_7543,1,1,1,1,1,1,1,1,1,1,1,1,1,1,1,1,1,1,1,1,1,1,1,1,1,1,1,1,1,1,1,1,1,1,1,1,1,1,1,1,1,1,1,1,1,1,1,1,1,1
OTU_7544,1,1,2,1,1,424,3,1,52,1,2,1,16,1,1,74,1,124,1,1,1,71,2,66,2,1,16,6,71,2,1,50,1,5,456,1,1,1,11,1,1,1,1,5,1,7,1,1,13,31
OTU_7545,384,1,110,1,34,1,1,111,70,4,1,197,23,1,24,27,47,1,1,199,5,1,14,1,77,3,68,4,2,15,1,3,1,1,2,1,46,111,26,6,2,9,1,2,2,45,1,4,1,2
OTU_7546,1,1,1,1,1,1,1,1,1,1,1,1,1,1,1,1,2,1,1,1,1,1,1,1,1,1,1,1,1,1,1,1,1,1,1,1,1,1,1,1,1,1,1,1,1,1,1,1,1,1
OTU_7547,1,1,2,1,1,1,1,1,1,1,1,1,1,1,1,1,1,1,1,1,1,1,1,1,1,1,1,1,1,1,1,1,1,1,1,1,1,1,1,1,1,1,1,1,1,1,1,1,1,1
OTU_7548,1,1,1,1,1,1,1,1,1,1,1,1,1,1,1,1,1,1,1,1,1,1,1,1,1,1,1,1,1,1,1,1,1,1,1,1,1,1,1,1,1,1,1,1,1,1,1,1,1,1
OTU_7549,487,15,254,245,37,329,251,33,279,124,20,309,40,59,297,10,1,132,94,393,421,119,1,2,8,118,8,40,24,109,38,33,29,10,8,84,6,3,459,6,35,87,162,150,252,385,99,46,70,1
OTU_7550,1,7,1,80,1,1,1,1,1,4,3,71,61,1,1,1,9,1,1,1,2,41,1,1,1,41,2,1,50,1,1,1,1,1,9,13,1,1,1,7,31,1,1,1,1,2,1,1,1,1
OTU_7551,1,1,1,1,1,1,1,1,1,1,1,1,1,1,1,1,1,1,1,1,1,1,1,1,1,1,1,1,1,1,1,1,1,1,1,1,1,1,1,1,1,1,1,1,1,1,1,1,1,1
OTU_7552,1,1,1,1,1,1,1,1,1,1,1,1,1,1,1,1,1,1,1,1,1,1,1,1,1,1,1,1,1,1,1,1,1,1,1,1,1,1,1,1,1,1,1,1,1,1,1,1,1,1
OTU_7553,1,1,1,1,1,1,1,1,1,1,1,1,1,1,1,1,1,1,1,1,1,1,1,1,1,1,1,1,1,1,1,1,1,1,1,1,1,1,1,1,1,1,1,1,1,1,1,1,1,1
OTU_7554,1,1,1,1,1,1,1,1,1,1,1,1,1,1,1,1,1,1,1,1,1,1,1,1,1,1,1,1,1,1,1,1,1,1,1,1,1,1,1,1,1,1,1,1,1,1,1,1,1,1
OTU_7555,1,1,1,1,1,1,1,1,1,1,1,1,1,1,1,1,1,1,1,1,1,1,1,1,1,1,1,1,1,1,1,1,1,1,1,1,1,1,1,1,1,1,1,1,1,1,1,1,1,1
OTU_7556,1,1,1,1,1,1,1,1,1,1,1,1,1,1,1,1,1,1,1,1,1,1,1,1,1,1,1,1,1,1,1,1,1,1,2,1,1,1,1,1,1,1,1,1,1,1,1,1,1,1
OTU_7557,1,1,1,1,1,1,1,1,1,1,1,1,1,1,1,1,1,1,1,1,1,1,1,1,1,1,1,1,1,1,1,1,1,1,1,1,1,1,1,1,1,1,1,1,1,1,1,1,1,1
OTU_7558,1,1,1,1,1,1,1,1,1,1,1,1,1,1,1,1,1,1,1,1,1,1,1,1,1,1,1,1,1,1,1,1,1,1,1,1,1,1,1,1,1,1,1,1,1,1,1,1,1,1
OTU_7559,1,1,1,1,1,1,1,1,1,1,1,1,1,1,1,1,1,1,1,1,1,1,1,1,1,1,1,1,1,1,1,1,1,1,1,1,1,1,1,1,1,1,1,1,1,1,1,1,1,1
OTU_7560,1,1,1,1,1,1,1,1,1,1,1,1,1,1,1,1,1,1,1,1,1,1,1,1,1,1,1,1,1,1,1,1,1,1,1,1,1,1,1,1,1,1,1,1,1,1,1,1,1,1
OTU_7561,1,1,1,1,1,1,1,1,1,1,1,1,1,1,1,1,1,1,1,1,1,1,1,1,1,1,1,1,1,1,1,1,1,1,1,1,1,1,1,1,1,1,1,1,1,1,1,1,1,1
OTU_7562,1,1,1,1,1,1,1,1,1,1,1,1,1,1,1,1,1,1,1,1,1,1,1,1,1,1,1,1,1,1,1,1,1,1,1,1,1,1,1,1,1,1,1,1,1,1,1,1,1,1
OTU_7563,1,1,1,1,1,1,1,1,1,1,1,1,1,1,1,1,1,1,1,1,1,1,1,1,1,1,1,1,1,1,1,1,1,1,1,1,1,1,1,1,1,1,1,1,1,1,1,1,1,1
OTU_7564,1,1,1,1,1,1,1,1,1,1,1,1,6,1,1,1,1,1,1,1,1,1,1,1,1,1,1,1,1,1,1,234,1,1,5,1,1,1,1,1,1,1,1,1,1,1,1,1,1,1
OTU_7565,1,1,1,1,1,1,1,1,1,1,1,1,1,1,1,1,1,1,1,1,1,1,1,1,1,1,1,1,1,1,1,1,1,1,1,1,1,1,1,1,1,1,1,1,1,1,1,1,1,1
OTU_7566,1,1,2,1,1,1,1,1,1,1,1,1,1,1,1,1,1,1,1,1,1,1,1,1,1,1,1,1,1,1,1,1,1,1,1,1,1,1,1,1,1,1,1,1,1,1,1,1,1,1
OTU_7567,1,1,1,1,1,1,1,1,1,1,1,1,1,1,1,1,1,1,1,1,1,1,1,1,1,1,1,1,1,1,1,1,1,1,1,1,1,1,1,1,1,1,1,1,1,1,1,1,1,1
OTU_7568,1,1,1,1,1,1,1,1,1,1,1,1,1,1,1,1,1,1,1,1,1,1,1,1,1,1,1,1,1,1,1,1,1,1,1,1,1,1,1,1,1,1,1,1,1,1,1,1,1,1
OTU_7569,64,4,32,1,1,1,73,7,229,20,1,1,95,10,1,451,18,1,628,246,1,1,2,56,130,8,84,1,1,7,41,4,179,434,28,23,63,1,1,22,36,2,48,74,1,1,1,1,2,1
OTU_7570,1,1,1,1,1,1,1,3,1,1,1,1,1,1,1,1,1,1,1,1,8,1,1,1,1,1,1,1,1,1,1,1,1,1,1,1,1,1,1,1,1,1,1,1,1,1,1,1,1,1
OTU_7571,1,1,1,1,1,1,1,1,1,1,1,1,1,1,1,1,1,1,1,1,1,1,1,1,1,1,1,1,1,1,1,1,1,1,1,1,1,1,1,1,1,1,1,1,1,1,1,1,1,1
OTU_7572,1,1,1,1,1,1,1,1,1,1,1,1,1,1,14,1,1,1,1,1,1,1,1,1,1,1,1,1,1,1,1,1,1,1,1,1,1,1,1,1,1,1,1,1,1,1,1,1,1,1
OTU_7573,1,1,1,1,1,1,1,1,1,1,1,1,1,1,1,1,1,1,1,1,1,1,1,1,1,1,1,1,1,1,1,1,1,1,1,1,1,1,1,1,1,1,1,1,1,1,1,1,1,1
OTU_7574,1,1,1,1,1,1,1,1,1,1,1,1,1,1,1,1,1,1,1,1,1,1,1,1,1,1,1,1,1,1,1,1,1,1,1,1,1,1,1,1,1,1,1,1,1,1,1,1,1,1
OTU_7575,1,47,7,5,171,13,6,1,50,3,16,1,32,83,75,1,3,2,1,107,24,12,1,15,72,1,1,4,1,1,78,3,1,8,15,2,1,239,15,1,7,1,51,11,68,1,1,1,208,23
OTU_7576,1,1,1,1,1,1,1,1,1,1,1,1,1,1,1,1,1,1,1,1,1,1,1,1,1,2,1,1,1,1,1,1,1,1,1,1,1,1,1,1,1,1,1,1,1,1,1,1,1,1
OTU_7577,1,71,1,44,122,1,1,15,1,1,35,1,426,1,1,1,1,1,1,1,1,1,1,3,1,1,1,25,1,1,1,305,1,1,6,2,1,1,1,1,1,1,1,1,7,1,1,1,1,1
OTU_7578,49,1,41,6,1,1,1,1,1,2,5,1,1,1,1,13,1,1,1,1,1,154,1,1,1,56,1,1,1,1,1,1,1,1,4,1,4,1,1,1,53,5,1,1,1,2,1,1,1,1
OTU_7579,63,2,1,19,214,46,43,135,20,26,27,9,20,98,10,189,24,3,150,1,21,1,80,7,185,108,70,46,25,2,172,13,1,57,108,3,24,1,1,17,1,2,1,51,26,20,26,11,293,55
OTU_7580,1,1,1,1,1,1,1,1,1,1,1,1,1,1,1,1,1,1,1,1,1,1,1,1,1,1,1,1,1,1,1,1,1,1,1,1,1,1,1,1,1,1,1,1,1,1,1,1,1,1
OTU_7581,1,1,1,1,1,1,1,1,1,1,1,1,1,1,1,1,1,1,1,1,1,1,1,1,1,1,1,1,1,1,1,1,1,1,1,1,1,1,2,1,1,1,1,1,1,1,26,1,1,1
OTU_7582,1,1,1,1,1,1,1,1,1,1,1,1,1,1,1,1,1,1,1,1,1,1,1,1,1,1,1,1,1,1,1,1,1,1,1,1,1,1,1,1,1,1,1,1,1,1,1,1,1,1
OTU_7583,1,1,1,1,1,1,1,1,1,1,1,1,1,1,1,1,1,1,1,1,1,1,1,1,1,1,1,1,1,1,1,1,1,1,1,1,1,1,1,1,1,1,1,1,1,1,1,1,1,1
OTU_7584,1,33,1,1,111,126,112,1,162,1,60,40,47,21,226,28,10,1,24,1,1,1,1,1,2,1,20,183,14,4,2,13,14,141,99,124,32,14,43,1,6,4,9,1,44,1,11,1,136,4
OTU_7585,1,1,1,1,1,1,1,1,1,1,1,1,1,1,1,1,1,1,1,1,1,1,1,1,1,1,1,1,1,1,1,1,1,1,1,1,1,1,1,1,1,1,1,1,1,1,1,1,1,1
OTU_7586,1,1,1,1,1,1,1,1,1,1,1,1,1,1,1,1,1,1,1,1,1,1,1,1,1,1,1,1,1,1,1,1,1,1,1,1,1,1,1,1,1,1,1,1,1,1,1,1,1,1
OTU_7587,1,1,1,1,1,2,1,1,1,1,1,1,1,1,127,1,1,1,1,1,1,1,1,100,3,1,1,1,1,1,1,1,1,1,1,1,1,1,1,1,1,78,4,1,1,1,1,1,1,1
OTU_7588,1,1,1,1,1,1,1,1,1,1,1,1,1,1,1,1,1,1,1,1,1,1,1,1,2,1,1,1,1,1,1,5,44,1,1,1,1,13,1,1,1,1,1,1,1,1,1,1,1,1
OTU_7589,4,1,43,1,25,2,1,1,263,1,1,15,1,94,3,1,1,1,39,85,37,1,6,15,142,81,1,2,6,1,20,123,164,1,10,51,1,97,7,60,40,385,1,1,1,433,85,8,49,15
OTU_7590,1,1,1,1,1,1,1,1,1,1,1,1,1,1,1,1,1,1,1,1,1,1,1,1,1,1,1,1,1,1,1,1,1,1,1,1,1,1,1,1,1,1,1,1,1,1,1,1,1,1
OTU_7591,1,1,1,1,1,1,1,1,1,1,1,1,1,1,1,1,1,1,1,1,1,1,1,1,1,1,1,1,1,1,1,1,1,1,1,1,1,1,1,1,1,1,1,1,1,1,1,1,1,1
OTU_7592,1,1,1,1,1,1,1,1,1,1,1,1,1,1,1,1,1,1,1,1,1,1,1,1,1,1,1,1,1,1,1,1,1,1,1,1,1,1,1,1,1,1,1,1,1,1,1,1,1,1
OTU_7593,147,1,140,5,389,10,14,147,21,6,398,9,155,1,1,161,19,43,1,12,51,56,19,1,42,8,28,2,74,14,63,34,17,2,29,2,39,671,1,1,24,14,125,2,1,77,69,3,31,3
OTU_7594,1,17,1,12,2,1,21,1,1,56,2,75,1,82,2,1,33,2,10,2,62,33,4,1,1,1,93,1,1,1,1,1,1,1,1,1,98,1,1,1,7,1,9,1,3,1,11,76,123,1
OTU_7595,2,1,1,1,1,1,1,1,1,1,1,1,1,1,1,1,1,1,1,1,1,1,1,1,1,1,3,1,1,15,1,1,1,1,1,1,1,1,1,1,1,1,33,1,1,1,1,1,1,1
OTU_7596,1,1,1,1,1,1,1,1,1,1,1,1,1,1,1,1,1,1,1,1,1,1,1,1,1,1,1,1,1,1,1,1,1,1,1,1,1,1,1,1,1,1,1,1,1,1,1,1,1,1
OTU_7597,25,2,1,1,1,1,6,1,1,3,1,1,1,73,18,1,1,1,3,1,11,13,1,1,1,1,1,17,1,1,3,1,1,1,1,1,6,1,23,1,1,1,1,1,4,1,42,1,3,1
OTU_7598,1,1,1,1,1,1,1,1,1,1,1,1,1,1,1,1,1,1,1,1,1,1,1,1,1,1,1,1,1,1,1,1,1,1,1,1,1,1,1,1,1,1,1,1,1,1,1,1,1,1
OTU_7599,1,1,1,1,1,29,1,3,1,1,1,1,1,1,1,1,1,4,1,1,1,1,1,1,1,1,6,1,1,1,1,62,26,1,1,1,1,1,1,1,1,4,1,1,1,1,1,1,1,1
OTU_7600,1,1,1,1,1,1,1,1,1,1,1,1,1,1,1,1,1,1,1,1,1,1,1,1,1,1,1,1,1,1,1,1,1,1,1,1,1,1,1,1,1,1,1,1,1,1,1,1,1,1
OTU_7601,1,1,1,1,1,1,1,1,1,1,1,1,1,1,1,1,1,1,1,1,1,1,1,1,1,1,1,1,1,1,1,1,1,1,1,1,1,1,1,1,1,1,1,1,1,1,1,1,1,1
OTU_7602,1,1,1,1,1,1,1,1,1,1,1,1,1,1,1,1,1,1,1,1,1,1,1,1,1,1,1,1,1,1,1,1,1,1,1,1,1,1,1,1,1,1,1,1,1,1,1,1,1,1
OTU_7603,1,1,1,1,1,1,1,1,1,1,1,1,1,1,1,1,1,1,1,1,1,1,1,1,1,1,1,1,1,1,1,1,1,1,1,1,1,1,1,1,1,1,1,1,1,1,1,1,1,1
OTU_7604,1,1,1,1,1,1,1,1,1,1,1,1,1,1,1,1,1,1,1,1,1,2,1,1,1,1,1,3,1,1,1,1,1,1,1,1,1,1,1,1,4,1,1,1,1,1,1,1,1,1
OTU_7605,1,1,1,1,1,1,1,1,1,1,1,1,1,1,1,1,1,1,1,1,1,1,1,1,1,1,1,1,1,1,1,1,1,1,1,1,1,1,1,1,1,1,1,1,1,1,1,1,1,1
OTU_7606,1,1,1,1,1,1,1,1,1,1,1,2,1,1,1,1,1,1,1,1,1,1,1,1,1,1,1,1,1,1,1,2,1,1,1,1,1,1,1,1,1,1,2,1,1,1,1,1,1,1
OTU_7607,1,1,1,1,1,1,1,1,1,1,1,1,2,1,1,1,1,4,1,1,5,1,50,1,1,1,1,1,1,1,1,4,16,1,1,2,1,1,1,9,1,8,1,2,1,32,1,1,1,1
OTU_7608,17,1,1,6,3,1,1,53,1,5,5,1,40,25,1,1,6,3,12,5,1,3,1,1,1,1,42,1,13,1,1,1,1,3,17,3,1,1,1,1,9,2,1,25,1,1,1,236,1,7
OTU_7609,185,107,12,167,1,17,1,36,11,22,61,2,5,13,40,265,132,23,1,25,5,8,9,4,89,31,2,24,92,1,80,164,88,10,2,1,32,2,86,26,74,12,109,5,1,58,131,4,50,46
OTU_7610,1,1,1,1,1,1,1,1,1,1,1,1,1,1,1,1,1,1,1,1,1,1,1,1,1,1,1,1,1,1,1,1,1,1,1,1,1,1,1,1,1,1,1,1,1,1,1,1,1,1
OTU_7611,1,1,1,1,1,1,1,1,1,1,1,1,1,1,1,1,1,1,1,1,1,1,1,1,1,1,1,1,1,1,1,1,1,1,1,1,1,1,1,1,1,1,1,1,1,1,1,1,1,1
OTU_7612,7,152,63,22,229,182,208,261,167,189,34,187,62,178,164,261,1,251,65,16,393,20,20,609,1,2,3,251,3,501,19,92,7,61,10,33,117,28,49,12,115,31,352,17,69,3,29,12,441,95
OTU_7613,1,1,1,1,1,1,1,1,1,1,1,1,1,1,1,1,2,1,1,1,1,1,1,1,1,1,1,1,1,1,1,1,1,1,1,1,1,1,1,1,1,1,1,1,1,1,1,1,1,1
OTU_7614,1,1,1,1,1,1,1,1,1,1,1,1,1,1,1,1,1,1,1,1,1,1,1,1,1,1,1,1,1,1,1,1,1,1,1,1,1,1,1,1,1,1,1,1,1,1,1,1,1,1
OTU_7615,1,1,1,1,1,1,1,1,1,1,1,1,1,1,1,1,1,1,1,1,1,1,1,1,1,1,1,1,1,1,1,1,1,1,1,1,1,1,1,1,1,1,1,1,1,1,1,1,1,1
OTU_7616,1,1,1,1,1,1,1,1,1,1,1,1,1,1,1,1,1,1,1,1,1,1,1,1,1,1,1,1,1,1,1,1,1,1,1,1,1,1,1,1,1,1,1,1,1,1,1,1,1,1
OTU_7617,354,74,436,527,216,392,132,599,46,197,613,325,161,472,295,135,183,123,565,72,407,218,243,219,244,482,324,239,156,187,84,270,349,22,380,96,846,621,290,248,205,504,378,425,510,212,597,187,479,688
OTU_7618,1,1,1,1,1,1,1,1,1,1,1,1,1,1,1,1,1,1,1,1,1,1,1,1,1,1,1,1,1,1,1,1,1,1,1,1,1,1,1,1,1,1,1,1,1,1,1,1,1,1
OTU_7619,1,1,1,1,1,1,2,1,1,1,1,1,1,1,1,1,1,1,1,1,1,1,1,1,1,1,1,1,1,1,1,1,1,1,1,1,1,1,1,1,1,1,1,1,1,1,1,1,1,1
OTU_7620,1,1,1,1,1,1,1,1,1,1,1,1,1,1,1,1,1,1,1,1,1,1,1,1,1,1,1,1,1,1,1,1,1,1,1,1,1,1,1,1,1,1,1,1,1,1,1,1,1,1
OTU_7621,1,1,1,1,1,1,1,1,1,1,1,1,1,1,1,1,1,1,1,1,1,1,1,1,1,1,1,1,1,1,1,1,1,1,1,1,1,1,1,1,1,1,1,1,1,1,1,1,1,1
OTU_7622,1,2,1,1,1,1,10,85,164,27,1,1,37,41,2,1,10,1,71,34,1,1,21,1,10,3,1,1,1,1,1,1,111,252,1,1,1,67,1,14,3,1,1,1,2,1,3,1,2,12
OTU_7623,4,14,184,47,9,25,34,7,2,7,1,98,2,19,93,1,1,36,41,4,2,30,6,92,79,150,4,1,4,1,10,1,73,2,3,1,38,9,1,4,4,288,23,2,91,1,1,23,2,125
OTU_7624,1,1,1,1,1,1,1,1,1,1,1,1,1,1,1,1,1,1,1,1,1,1,1,1,1,1,1,1,1,1,1,1,1,1,1,1,1,1,1,1,1,1,1,1,1,1,1,1,1,1
OTU_7625,1,1,1,1,1,1,1,1,1,1,1,1,1,1,1,1,1,1,1,1,1,1,1,1,1,1,1,1,1,1,1,1,1,1,1,1,1,1,1,1,1,1,1,1,1,1,1,1,1,1
OTU_7626,1,1,1,1,1,1,1,1,1,1,1,1,1,1,1,1,1,1,1,1,1,1,1,1,1,1,1,1,1,1,1,1,1,1,1,1,1,1,1,2,1,1,1,1,1,1,1,1,1,1
OTU_7627,1,1,1,1,1,1,1,1,1,1,1,1,1,1,1,1,1,1,1,1,1,1,1,1,1,1,1,1,1,1,1,1,1,1,1,1,1,1,1,1,1,1,1,1,1,1,1,1,1,1
OTU_7628,6,1,1,7,1,2,1,35,1,1,1,1,1,7,1,1,1,1,1,1,8,5,1,438,1,1,21,21,1,1,1,1,17,1,2,4,1,1,38,1,43,1,1,11,2,1,1,1,1,1
OTU_7629,1,1,1,1,1,1,1,1,1,1,1,1,1,1,1,1,1,1,1,1,1,1,1,1,1,1,1,1,1,1,1,1,1,1,1,1,1,1,1,1,1,1,1,1,1,1,1,1,1,1
OTU_7630,1,60,15,1,5,2,10,1,1,1,1,1,160,55,1,14,1,2,1,4,1,5,1,1,48,1,1,46,1,1,1,42,1,1,1,45,2,22,1,1,91,1,1,1,1,4,1,1,1,1
OTU_7631,1,1,1,1,1,1,1,1,1,1,1,1,1,1,1,1,1,1,1,1,1,1,1,1,1,1,1,1,1,1,1,1,1,1,1,1,1,1,1,1,1,1,1,1,1,1,1,1,1,1
OTU_7632,1,1,1,1,1,1,1,1,2,1,1,1,1,1,1,1,1,1,1,1,1,1,1,1,1,1,1,1,1,1,1,1,1,1,1,1,1,1,1,1,1,1,1,1,1,1,1,1,1,1
OTU_7633,1,1,1,1,1,1,1,1,1,1,1,1,1,1,1,1,1,1,1,1,1,1,1,1,1,1,1,1,1,1,1,1,1,1,1,1,1,1,1,1,1,1,1,1,1,1,1,1,1,1
OTU_7634,1,1,1,1,1,1,1,1,1,1,1,1,1,1,1,1,1,1,1,1,1,1,1,1,1,1,1,1,1,1,1,1,1,1,1,1,1,1,1,1,1,1,1,1,1,1,1,1,1,1
OTU_7635,2,1,1,1,1,1,64,1,3,2,111,2,127,1,140,155,1,117,1,33,1,32,18,44,1,6,2,2,1,1,5,2,1,1,1,1,157,1,1,52,33,1,6,1,1,1,1,1,4,2
OTU_7636,1,1,1,1,1,1,1,1,1,1,1,1,1,1,1,1,1,1,1,1,1,1,1,1,1,1,1,1,1,1,1,1,1,1,1,1,1,1,1,1,1,1,1,1,1,1,1,1,1,1
OTU_7637,1,55,63,1,149,84,113,90,1,92,74,189,29,6,43,1,222,31,151,1,8,27,10,61,19,86,30,1,86,65,13,531,54,13,1,1,1,6,18,404,4,271,44,414,90,2,48,89,2,33
OTU_7638,1,1,1,21,4,1,5,1,1,1,1,48,1,1,1,1,1,1,1,1,1,1,1,1,1,1,1,1,1,1,1,1,1,1,1,2,5,2,1,1,1,1,1,1,1,1,3,1,1,1
OTU_7639,1,1,1,1,1,1,1,1,1,1,1,1,1,1,1,1,1,1,1,1,1,1,1,1,1,1,1,1,1,1,1,1,1,1,1,1,1,1,1,1,1,1,1,1,1,1,1,1,1,1
OTU_7640,1,1,1,1,1,1,1,1,1,1,1,1,1,1,1,1,1,1,1,1,1,1,1,1,1,1,1,1,1,1,1,1,1,1,1,1,1,1,1,1,1,1,1,1,1,1,1,1,1,1
OTU_7641,66,3,161,181,33,327,29,76,2,32,10,133,1,83,213,3,1,2,173,1,11,97,39,210,2,7,143,40,92,267,1,80,16,1,132,49,1,1,189,4,2,1,30,1,173,321,73,12,69,1
OTU_7642,1,1,1,1,1,1,1,1,1,1,1,1,1,1,1,1,1,1,1,1,1,1,1,1,1,1,1,1,1,1,1,1,1,1,1,1,1,1,1,1,1,1,1,1,1,1,1,1,1,1
OTU_7643,1,1,1,1,1,1,1,1,1,1,1,1,1,1,1,1,1,1,1,1,1,1,1,1,1,1,1,1,1,1,1,1,1,1,1,1,1,1,1,1,1,1,1,1,1,1,1,1,1,1
OTU_7644,1,1,1,1,1,1,1,1,1,1,1,1,1,1,1,1,1,1,1,1,1,1,1,1,1,1,1,1,1,1,1,1,1,1,3,1,1,1,1,1,1,168,1,1,1,1,1,1,1,1
OTU_7645,1,30,4,1,1,52,1,2,3,23,59,82,1,179,1,1,1,1,1,2,87,20,2,1,1,1,1,6,34,7,1,1,1,1,29,1,7,6,6,1,29,1,1,15,2,1,1,18,1,1
OTU_7646,1,1,1,1,1,1,1,1,1,1,1,1,1,1,1,1,1,1,1,1,1,1,1,1,1,1,1,1,1,1,1,1,1,1,1,1,1,1,1,1,1,1,1,1,1,1,1,1,1,1
OTU_7647,185,1,23,12,170,4,118,3,18,84,17,57,153,21,203,207,1,149,81,58,100,5,314,27,11,434,141,2,1,1,74,146,11,14,2,1,10,113,238,1,37,39,58,63,36,107,160,120,3,11
OTU_7648,1,1,1,1,1,1,1,1,1,1,1,1,1,1,1,1,1,1,1,1,1,1,1,1,1,1,1,1,1,1,1,1,1,1,1,1,1,1,1,1,1,1,1,1,1,1,1,1,1,1
OTU_7649,19,200,32,28,147,10,86,4,1,49,1,11,181,93,72,222,13,187,46,14,4,258,30,18,43,2,106,19,3,117,49,357,11,5,19,58,1,93,3,11,6,9,162,125,109,11,11,9,83,76
OTU_7650,1,1,1,1,1,1,1,1,1,1,1,1,1,1,1,1,1,1,1,1,1,1,1,1,1,1,1,1,1,1,1,1,1,1,1,1,1,1,1,1,1,1,1,1,1,1,1,1,1,1
OTU_7651,20,33,4,74,132,104,155,318,89,82,43,236,12,128,112,71,128,4,229,144,87,165,17,43,697,146,91,96,86,76,86,31,164,198,56,141,70,195,17,152,75,97,31,323,270,217,13,313,315,17
OTU_7652,4,1,1,4,1,1,1,1,1,8,3,1,1,6,1,54,1,1,1,1,1,1,1,1,75,1,1,1,1,1,1,12,186,2,1,3,1,1,52,42,1,1,92,13,1,31,1,2,1,1
OTU_7653,1,1,1,1,1,1,1,1,1,1,1,1,1,1,1,1,1,1,1,1,1,1,1,1,1,1,1,1,1,1,1,1,1,1,1,1,1,1,1,1,1,1,1,1,1,1,1,1,1,1
OTU_7654,43,1,44,17,7,7,3,45,30,61,34,48,87,1,14,47,341,527,12,197,7,176,1,1,1,15,12,1,282,130,2,6,1,35,28,35,187,217,153,18,85,1,29,7,2,6,156,10,31,254
OTU_7655,1,1,1,1,1,1,1,1,1,1,1,1,1,1,1,1,1,1,1,1,1,1,1,1,1,1,1,1,1,1,1,1,1,1,1,1,1,1,1,1,1,1,1,1,1,1,1,1,1,1
OTU_7656,503,688,276,546,165,794,356,386,350,150,470,338,562,305,155,515,193,292,5,137,418,195,261,503,680,509,363,160,313,541,515,674,1046,480,170,568,526,156,446,460,426,119,506,1646,172,235,295,976,195,599
OTU_7657,1,1,1,1,1,1,1,1,1,1,1,1,1,1,1,1,1,1,1,1,1,1,1,1,1,1,1,1,1,1,1,1,1,1,1,1,1,1,1,1,1,1,1,1,1,1,1,1,1,1
OTU_7658,1,1,1,1,1,1,1,1,1,1,1,1,1,1,1,1,1,1,1,1,1,1,1,1,1,1,1,1,1,1,1,1,1,1,1,1,1,1,1,1,1,1,1,1,1,1,1,1,1,1
OTU_7659,1,1,1,1,1,1,1,1,1,1,1,1,1,1,1,1,1,1,1,1,1,1,1,1,1,1,1,1,1,1,1,1,1,1,1,1,1,1,1,1,1,1,1,1,1,1,1,1,1,1
OTU_7660,1,1,1,1,1,1,1,1,1,1,1,1,1,1,1,1,1,1,1,1,1,1,1,1,1,1,1,1,1,1,1,1,1,1,1,1,1,1,1,1,1,1,1,1,1,1,1,1,1,1
OTU_7661,1,1,1,1,1,1,1,1,1,1,1,1,1,1,1,1,1,1,1,1,1,1,1,1,1,1,1,1,1,1,1,1,1,1,1,1,1,1,1,1,1,1,1,1,1,1,1,1,1,1
OTU_7662,264,39,166,204,44,30,317,310,106,48,693,107,814,263,527,499,647,167,139,83,639,265,296,363,483,347,419,214,256,344,145,147,102,524,526,714,86,428,239,500,206,343,232,94,449,168,521,100,259,206
OTU_7663,332,240,260,221,160,577,57,16,310,77,201,154,18,204,381,50,158,4,188,28,42,207,1,92,26,93,149,41,171,9,196,119,13,1,98,251,25,165,70,197,719,721,470,109,82,185,253,10,52,63
OTU_7664,1,1,1,1,1,1,1,1,1,1,1,1,1,1,1,1,1,1,1,1,1,1,1,1,1,1,1,1,1,1,1,1,1,1,1,1,1,1,1,1,1,1,1,1,1,1,1,1,1,1
OTU_7665,1,1,1,1,1,1,1,1,1,1,1,1,1,1,1,1,1,1,1,1,1,1,1,1,1,1,1,1,1,1,1,1,1,1,1,1,1,1,1,1,1,1,1,1,1,1,1,1,1,1
OTU_7666,1,1,1,1,1,1,1,1,1,1,1,1,1,1,1,1,1,1,1,1,1,1,1,1,1,1,1,1,1,1,1,1,1,1,1,1,1,1,1,1,1,1,1,1,1,1,1,1,1,1
OTU_7667,1,1,1,1,111,1,1,1,1,1,1,1,75,1,1,1,12,1,1,1,1,1,1,1,1,1,1,1,1,1,1,1,1,1,1,1,1,1,1,1,1,1,1,1,1,1,1,1,1,1
OTU_7668,1,2,1,1,2,9,1,2,1,1,1,3,7,2,3,12,1,1,1,1,1,1,1,1,4,30,1,16,2,1,190,42,254,50,127,91,164,1,3,1,5,1,4,22,3,1,4,2,10,1
OTU_7669,267,418,220,138,398,16,158,183,497,44,137,245,78,146,187,224,353,337,64,6,210,216,237,309,97,734,255,681,55,66,112,160,204,6,66,58,330,266,150,120,503,443,40,621,30,82,149,339,22,262
OTU_7670,17,1,1,1,1,3,4,86,1,1,27,18,1,1,1,14,3,1,3,5,2,1,1,1,1,7,2,64,16,95,1,14,1,3,1,1,1,119,1,21,1,35,1,7,1,1,5,10,4,1
OTU_7671,1,1,1,1,1,1,1,1,1,1,1,1,1,1,1,1,1,1,1,1,1,1,1,1,1,1,1,1,1,1,1,1,1,1,1,1,1,1,1,1,1,1,1,1,1,1,1,1,1,1
OTU_7672,1,1,1,1,1,1,1,1,1,1,1,1,1,1,1,1,1,1,1,1,1,1,1,1,1,1,1,1,1,1,1,1,1,1,1,1,1,1,1,1,1,1,1,1,1,1,1,1,1,1
OTU_7673,1,1,3,12,1,1,1,1,1,1,1,1,1,1,1,1,1,184,1,5,1,10,1,1,1,1,1,1,1,1,1,1,1,1,1,1,1,1,172,1,1,1,1,1,1,1,1,1,1,1
OTU_7674,284,81,62,166,6,55,544,253,158,33,52,48,20,47,23,94,17,275,11,18,63,227,264,40,372,169,106,46,285,215,136,124,206,209,219,170,111,140,137,53,195,536,66,132,40,66,77,715,400,273
OTU_7675,1,1,1,1,1,1,1,1,1,1,1,1,1,1,1,1,1,1,1,1,1,1,1,1,1,1,1,1,1,1,1,1,1,1,1,1,1,1,1,1,1,1,1,1,1,1,1,1,1,1
OTU_7676,1,1,1,1,1,1,1,1,1,1,1,1,1,1,1,1,1,1,1,1,1,1,1,1,1,1,1,1,1,1,1,1,1,1,1,1,1,1,1,1,1,1,1,1,1,1,1,1,1,1
OTU_7677,272,54,14,50,29,8,37,489,2,3,59,2,3,288,51,27,56,97,347,39,55,268,28,20,77,225,24,7,94,124,52,308,100,162,81,5,83,120,78,289,230,37,22,206,394,138,336,78,107,313
OTU_7678,1,1,1,1,1,1,1,1,1,1,1,1,1,1,1,1,1,1,1,1,1,1,1,1,1,1,1,1,1,1,1,1,1,1,1,1,1,1,1,1,1,1,1,1,1,1,1,1,1,1
OTU_7679,1,1,1,1,1,1,1,1,1,1,1,1,1,1,1,1,1,1,1,1,1,1,1,1,1,1,1,1,1,1,1,1,1,1,1,1,1,1,1,1,1,1,1,1,1,1,1,1,1,1
OTU_7680,1,1,1,1,1,1,1,1,1,1,1,1,1,1,1,1,1,1,1,1,1,1,1,1,1,1,1,1,1,1,1,1,1,1,1,1,1,1,1,1,1,1,1,1,1,1,1,1,1,1
OTU_7681,1,272,36,75,10,4,63,13,133,40,13,18,3,3,28,45,169,23,14,151,427,28,5,132,359,400,33,1,68,441,22,31,173,215,73,85,25,34,241,187,6,62,48,44,43,37,9,31,110,292
OTU_7682,1,1,1,1,1,1,1,1,1,1,1,1,1,1,1,1,1,1,1,1,1,1,1,1,1,1,1,1,1,1,1,1,1,1,1,1,1,1,1,1,1,1,1,1,1,1,1,1,1,1
OTU_7683,1,1,1,1,1,1,1,1,1,1,1,1,1,1,1,1,1,1,1,1,1,1,1,1,1,1,1,1,1,1,1,1,1,1,1,1,1,1,1,1,1,1,1,1,1,1,1,1,1,1
OTU_7684,12,10,1,1,1,27,19,1,1,1,1,1,1,1,3,1,7,1,1,1,1,1,194,1,1,1,7,1,2,1,1,1,1,1,1,5,1,1,1,1,1,1,1,10,1,1,1,1,1,1
OTU_7685,3,1,1,1,1,1,20,1,1,1,10,1,1,1,1,1,5,37,1,1,1,1,1,1,1,1,1,1,1,1,1,2,1,1,2,1,1,18,2,1,1,1,1,52,1,2,126,1,44,1
OTU_7686,14,14,16,3,24,3,482,244,116,11,34,52,284,1,3,27,1,79,52,224,2,306,6,51,32,1,24,1,31,5,59,323,619,38,4,214,135,1,8,239,108,44,115,30,151,8,54,20,42,14
OTU_7687,1,1,1,1,1,1,1,1,1,1,1,1,1,1,1,1,1,1,1,1,1,1,1,1,1,1,1,1,1,1,1,1,1,1,1,1,1,1,1,1,1,1,1,1,1,1,1,1,1,1
OTU_7688,1,1,1,1,22,1,1,1,1,1,1,1,1,1,6,1,1,1,1,16,1,1,1,1,1,2,1,1,28,1,1,1,1,1,1,1,1,1,1,1,1,1,1,1,1,1,1,1,1,9
OTU_7689,1,1,1,1,1,1,1,1,1,1,1,1,1,1,1,1,1,1,1,1,1,1,1,1,1,1,1,1,1,1,1,1,1,1,1,1,1,1,1,1,1,1,1,1,1,1,1,1,1,1
OTU_7690,64,70,5,4,1,1,1,10,16,1,95,1,3,1,85,5,36,2,1,6,150,34,6,1,1,2,36,34,50,18,1,610,1,1,91,1,94,2,26,54,1,2,2,6,37,95,1,1,1,1
OTU_7691,1,1,1,1,1,1,1,1,1,1,1,1,1,1,1,1,1,1,1,1,1,1,1,1,1,1,1,1,1,1,1,1,1,1,1,1,1,1,1,1,1,1,1,1,1,1,1,1,1,1
OTU_7692,1,1,1,1,1,1,1,1,1,1,1,1,1,1,1,1,1,1,1,1,1,1,1,1,1,1,1,1,1,1,1,1,1,1,1,1,1,1,1,1,1,1,1,1,1,1,1,1,1,1
OTU_7693,1,1,1,1,1,1,1,1,1,1,1,1,1,1,1,1,1,1,1,1,1,1,1,1,1,1,1,1,1,1,1,1,1,1,1,1,1,1,1,1,1,1,1,1,1,1,1,1,1,1
OTU_7694,1,1,1,1,1,1,1,1,1,1,1,1,1,1,1,1,1,1,1,1,1,1,1,1,1,1,1,1,1,1,1,1,1,1,1,1,1,1,1,1,1,1,1,1,1,1,1,1,1,1
OTU_7695,1,1,1,1,1,1,1,1,1,1,1,1,1,1,1,1,1,1,1,1,1,1,1,4,1,1,1,1,1,1,1,1,1,1,1,1,1,1,1,1,16,1,1,1,1,1,1,1,1,1
OTU_7696,1,1,1,1,1,1,1,1,1,1,1,1,1,1,1,1,1,1,1,1,1,1,1,1,1,1,1,1,1,1,1,1,1,1,1,1,1,1,1,1,1,1,1,1,1,1,1,1,1,1
OTU_7697,1,1,1,1,1,1,1,1,1,1,1,1,1,1,1,1,1,1,1,1,1,1,1,1,1,1,1,1,1,1,1,1,1,1,1,1,1,1,1,1,1,1,1,1,1,1,1,1,1,1
OTU_7698,1,1,1,1,1,1,1,1,1,1,1,1,1,1,1,1,1,1,1,1,1,1,1,1,1,1,1,1,2,1,1,1,1,1,1,1,1,1,1,1,1,1,1,1,1,1,1,1,1,1
OTU_7699,1,1,1,1,1,1,1,1,1,1,1,1,1,1,1,1,1,1,1,1,1,1,1,1,1,1,1,1,1,1,1,1,1,1,1,1,1,1,1,1,1,1,1,1,1,1,1,1,1,1
OTU_7700,1,1,1,1,1,1,1,1,1,1,1,1,1,1,1,1,1,1,1,1,1,1,1,1,1,1,1,1,1,1,1,1,1,1,1,1,1,1,1,1,1,1,1,1,1,1,1,1,1,1
OTU_7701,253,33,53,386,36,489,156,121,180,55,12,24,48,198,21,35,536,58,120,18,5,196,161,231,210,131,126,18,111,42,94,286,3,4,59,303,602,10,11,154,28,71,302,99,95,164,58,479,358,95
OTU_7702,535,644,31,587,139,149,95,14,70,87,110,125,374,145,285,16,126,2,266,50,223,24,5,14,303,256,38,24,575,258,24,196,382,20,229,19,33,6,64,180,92,184,99,127,28,40,42,325,667,14
OTU_7703,1,1,1,1,1,1,1,1,1,1,1,1,1,1,1,1,1,1,1,1,1,1,1,1,1,1,1,1,1,1,1,1,1,1,1,1,1,1,1,1,1,1,1,1,1,1,1,1,1,1
OTU_7704,1,1,1,1,1,1,1,1,1,1,1,1,1,1,1,1,1,1,1,1,1,1,1,1,1,1,1,1,1,1,1,1,1,1,1,1,1,1,1,1,1,1,1,1,1,1,1,1,1,1
OTU_7705,1,1,1,1,1,1,1,1,1,1,1,1,1,1,1,1,1,1,1,1,1,1,1,1,1,1,1,1,1,1,1,1,1,1,1,1,1,1,1,1,1,1,1,1,1,1,1,1,1,1
OTU_7706,1,1,1,1,1,1,1,1,1,1,1,1,1,1,1,1,1,1,1,1,1,1,1,1,1,1,1,1,1,1,1,1,1,1,1,1,1,1,1,1,1,1,1,1,1,1,1,1,1,1
OTU_7707,1,1,1,1,1,1,1,1,1,1,1,1,1,1,1,1,1,1,1,1,1,1,1,1,1,1,1,1,1,1,1,1,1,1,1,1,1,1,1,1,1,1,1,1,1,1,1,1,1,1
OTU_7708,472,402,783,620,659,635,668,919,452,195,175,88,268,173,184,201,331,445,760,390,140,324,306,144,601,444,1182,299,354,478,221,300,803,708,289,647,497,406,175,1107,580,327,701,309,965,1187,328,160,187,87
OTU_7709,1,1,1,1,1,1,1,1,1,1,1,1,1,1,1,1,1,1,1,49,1,1,1,1,1,1,1,1,1,1,1,1,1,1,1,1,1,1,1,1,1,1,1,1,1,1,1,1,1,1
OTU_7710,1,1,1,32,1,1,10,385,1,1,1,1,1,14,1,6,1,8,1,59,404,7,6,2,1,1,18,1,69,3,1,1,13,69,1,45,7,1,140,49,6,6,23,1,5,20,1,33,2,236
OTU_7711,1,1,1,1,1,1,1,1,1,1,1,1,1,1,1,1,1,1,1,1,1,1,1,1,1,1,1,1,1,1,1,1,1,1,1,1,1,1,1,1,1,1,1,1,1,1,1,1,1,1
OTU_7712,1,1,1,1,1,1,1,1,1,1,1,1,1,1,1,1,1,1,1,1,1,1,1,1,1,1,1,1,1,1,1,1,1,1,1,1,1,1,1,1,1,1,1,1,1,1,1,1,1,1
OTU_7713,1,1,1,1,34,1,1,1,1,1,1,1,1,1,1,1,1,1,1,1,1,1,1,1,1,2,1,1,1,1,3,1,1,1,1,1,1,1,1,1,1,1,1,1,1,1,1,1,1,1
OTU_7714,1,1,1,1,1,1,1,1,1,1,1,1,1,1,1,1,1,1,1,1,1,1,1,1,1,1,1,1,1,1,1,1,1,1,1,1,1,1,1,1,1,1,1,1,1,1,1,1,1,1
OTU_7715,1,1,1,1,1,1,1,1,1,1,1,1,1,1,1,1,1,1,1,1,1,1,1,1,1,1,1,1,1,1,1,1,1,1,1,1,1,1,1,1,1,1,1,1,1,1,1,1,1,1
OTU_7716,1,1,1,1,1,1,1,1,1,1,1,1,1,1,1,1,1,1,1,1,1,1,1,1,1,1,1,1,1,1,1,1,1,1,1,1,1,1,1,1,1,1,1,1,1,1,1,1,1,1
OTU_7717,1,1,1,1,1,1,1,1,1,1,1,1,1,1,1,1,1,1,1,1,1,1,1,1,1,1,1,1,1,1,1,1,1,1,1,1,1,1,1,1,1,1,1,1,1,1,1,1,1,1
OTU_7718,1,1,1,1,1,1,1,1,4,1,1,2,1,1,1,1,1,1,1,1,1,1,1,1,54,1,13,1,1,3,1,1,1,1,3,39,1,1,1,1,20,1,1,1,2,1,1,1,2,1
OTU_7719,14,3,1,110,1,26,3,40,56,39,6,14,1,2,1,4,14,1,462,1,90,23,14,7,1,45,125,8,7,73,15,17,10,131,1,1,17,1,56,87,5,53,2,41,6,3,1,66,77,154
OTU_7720,1,1,1,1,1,1,1,1,1,1,1,1,1,1,1,1,1,1,1,1,1,1,1,1,1,1,1,1,1,1,1,1,1,1,1,1,1,1,1,1,1,1,1,1,1,1,1,1,1,1
OTU_7721,1,1,1,1,1,1,1,1,1,1,1,1,1,1,1,1,1,1,1,1,1,1,1,1,1,1,1,1,1,1,1,1,1,1,1,1,1,1,1,1,1,1,1,1,1,1,1,1,1,1
OTU_7722,1,1,1,1,1,1,1,1,1,1,1,1,1,1,1,1,1,1,1,1,1,1,1,1,1,1,1,1,1,1,1,1,1,1,1,1,1,1,1,1,1,1,1,1,1,1,1,1,1,1
OTU_7723,1,1,1,1,1,1,1,1,1,1,1,1,1,1,1,1,1,1,1,1,1,1,1,1,1,1,1,1,1,1,1,1,1,1,1,1,1,1,1,1,1,1,1,1,1,1,1,1,1,1
OTU_7724,667,646,895,406,556,742,994,605,1185,590,1197,697,506,791,1614,424,1585,783,828,1048,529,612,586,946,880,468,454,598,908,1423,414,496,1452,837,751,354,988,1395,760,753,471,893,709,676,1120,745,1029,1055,1207,246
OTU_7725,1,1,1,1,1,1,1,1,1,1,1,1,1,1,1,1,1,1,1,1,1,1,1,1,1,1,1,1,1,1,1,1,1,1,1,1,1,1,1,1,1,1,1,1,1,1,1,1,1,1
OTU_7726,1,1,1,1,1,1,1,1,1,1,1,1,1,1,1,1,1,1,1,1,1,1,1,1,1,1,1,1,1,1,1,1,1,1,1,1,1,1,1,1,1,1,1,1,1,1,1,1,1,1
OTU_7727,1,1,1,1,1,1,1,1,1,1,1,1,1,1,1,1,1,1,1,1,1,1,1,1,1,1,1,1,1,1,1,1,1,1,1,1,1,1,1,1,1,1,1,1,1,1,1,1,1,1
OTU_7728,1,1,1,1,1,1,1,1,1,1,1,1,1,1,1,1,1,1,1,1,1,1,1,1,1,1,1,1,1,1,1,1,1,1,1,1,1,1,1,1,1,1,1,1,1,1,1,1,1,1
OTU_7729,1,1,1,1,1,1,1,1,1,1,1,1,1,1,1,1,1,1,1,1,1,1,1,1,1,1,1,7,1,1,1,1,1,1,1,1,1,1,1,1,1,1,1,1,1,1,1,1,1,1
OTU_7730,1,1,1,1,1,1,1,1,1,1,1,1,1,1,1,1,1,1,1,1,1,1,1,1,1,1,1,1,1,1,1,1,1,1,1,2,1,1,1,1,1,1,1,1,1,1,1,1,1,1
OTU_7731,142,724,12,285,10,53,224,18,73,52,63,68,151,15,262,339,232,94,345,586,32,228,164,103,131,132,121,29,190,161,562,40,81,238,460,7,13,66,110,136,243,160,263,166,67,323,158,139,39,18
OTU_7732,1,1,1,1,1,1,1,1,1,1,1,1,1,1,1,1,1,1,1,1,1,1,1,1,1,1,1,1,1,1,1,1,1,1,1,1,1,1,1,1,1,1,1,1,1,1,1,1,1,1
OTU_7733,1,1,1,1,1,1,1,1,1,1,1,1,1,1,1,1,1,1,1,1,1,1,1,1,1,1,1,1,1,1,1,1,1,1,1,1,1,1,1,1,1,1,1,1,1,1,1,1,1,1
OTU_7734,1,1,1,1,1,1,1,1,1,1,1,1,1,1,1,1,1,1,1,1,1,1,1,1,1,1,1,1,1,1,1,1,1,1,1,1,1,1,1,1,1,1,1,1,1,1,1,1,1,1
OTU_7735,1,1,1,1,1,1,1,1,1,1,1,1,1,1,1,1,1,1,1,1,1,1,1,1,1,1,1,1,1,1,1,1,1,1,1,1,1,1,1,1,1,1,1,1,1,1,1,1,1,1
OTU_7736,1,356,1,1,1,1,6,1,9,1,2,1,1,1,2,1,1,1,1,24,1,42,1,4,1,1,1,1,1,2,1,1,1,1,1,1,1,1,1,30,1,1,1,1,1,1,19,1,2,1
OTU_7737,1,1,1,1,1,1,1,1,1,1,1,1,1,1,1,1,1,1,1,1,1,1,1,1,1,1,1,1,1,1,1,1,1,1,1,1,1,1,1,1,1,1,1,1,1,1,1,1,1,1
OTU_7738,1,1,2,19,1,2,1,1,3,1,1,45,29,56,36,1,1,1,3,116,1,2,1,79,42,1,1,1,2,1,1,218,1,83,1,6,24,1,1,1,125,1,1,7,60,22,1,1,1,8
OTU_7739,1,1,1,1,1,1,1,1,40,1,1,1,1,1,1,1,50,1,1,2,1,1,1,1,1,1,1,1,1,22,1,1,1,1,1,1,1,1,1,1,1,1,1,1,1,1,1,1,1,1
OTU_7740,1,1,1,1,1,1,2,1,1,1,1,1,1,1,1,1,1,1,1,1,1,1,1,1,1,1,1,1,2,1,1,1,1,1,1,1,1,1,1,1,1,1,1,1,1,1,1,1,1,1
OTU_7741,3,4,11,21,121,66,31,64,2,329,585,53,2,33,73,148,14,5,27,79,497,17,1,3,34,1,15,28,104,1,205,11,321,62,117,35,82,34,7,23,203,28,156,71,221,66,1,7,112,129
OTU_7742,51,165,58,47,3,39,18,25,10,77,1,124,35,129,44,66,47,1,7,4,2,5,7,46,25,113,144,4,59,17,151,82,2,26,45,154,12,213,22,257,190,18,19,44,127,186,414,28,42,58
OTU_7743,1,1,1,1,1,1,1,1,1,1,1,1,1,1,1,1,1,1,1,1,1,1,1,1,1,1,1,1,1,1,1,1,1,1,1,1,1,1,1,1,1,1,1,1,1,1,1,1,1,1
OTU_7744,1,1,1,1,1,1,1,1,1,1,1,1,1,1,1,1,1,1,1,1,1,1,1,1,1,1,1,1,1,1,1,1,1,1,1,1,1,1,1,1,1,1,1,1,1,1,1,1,1,1
OTU_7745,1,1,1,1,1,1,92,1,1,1,1,1,14,1,1,1,163,1,1,29,1,1,180,1,1,45,1,1,1,1,2,1,1,1,3,1,1,3,1,44,1,1,1,21,1,1,113,4,3,1
OTU_7746,1,1,1,1,1,1,1,1,1,1,1,1,1,1,1,1,1,1,1,1,1,1,1,1,1,1,1,1,1,1,1,1,1,1,1,1,1,1,1,1,1,1,1,1,1,1,1,1,1,1
OTU_7747,1,1,1,1,1,1,1,1,1,1,1,1,1,1,1,1,1,1,1,1,1,1,1,1,1,1,1,1,1,1,1,1,1,1,1,1,1,1,1,1,1,1,1,1,1,1,1,1,1,1
OTU_7748,1,1,162,1,1,80,1,18,1,1,1,1,1,1,1,1,1,1,1,1,46,1,1,4,1,3,1,1,1,1,23,1,1,1,1,1,5,1,1,1,1,1,1,1,1,1,1,1,1,1
OTU_7749,1,1,1,1,1,1,1,1,1,1,1,1,1,1,1,1,1,1,1,1,1,1,1,1,1,1,1,1,1,1,1,1,1,1,1,1,1,1,1,1,1,1,1,1,1,1,1,1,1,1
OTU_7750,21,1,1,1,1,1,1,1,1,1,1,1,1,1,1,1,1,4,1,1,1,1,2,1,1,2,5,1,1,1,1,1,1,1,1,1,1,1,1,1,1,1,1,1,1,1,1,1,1,1
OTU_7751,450,232,415,341,654,389,288,248,788,689,1210,459,968,262,410,654,599,308,123,1085,806,232,245,227,497,537,233,332,492,603,294,681,448,858,256,420,332,808,189,765,692,563,752,234,534,631,401,517,836,429
OTU_7752,1,1,1,151,1,1,1,1,1,1,1,1,1,1,1,1,1,1,1,1,1,1,36,1,1,1,1,1,1,1,1,1,5,1,1,1,1,1,1,1,1,2,1,1,8,1,1,1,1,3
OTU_7753,1,1,1,1,1,1,1,1,1,1,1,1,1,1,1,1,1,1,1,1,1,1,1,1,1,1,1,1,1,1,1,1,1,1,1,1,1,1,1,1,1,1,1,1,1,1,1,1,1,1
OTU_7754,165,1,1,49,9,1,37,1,38,38,16,3,36,5,4,25,48,1,1,1,1,1,1,3,3,20,1,5,1,19,360,1,2,51,2,151,74,36,1,8,1,2,1,433,4,1,1,12,24,1
OTU_7755,1,1,1,1,1,1,1,2,1,1,1,1,1,1,29,1,1,1,1,1,1,1,6,1,46,1,1,1,1,1,1,1,1,1,1,1,1,1,1,1,13,1,1,1,1,1,1,1,1,1
OTU_7756,1,1,1,1,1,1,1,1,1,1,1,1,1,1,1,1,1,1,1,1,1,1,1,1,1,1,1,1,1,1,1,1,1,1,1,1,1,1,1,1,1,1,1,1,1,1,1,1,1,1
OTU_7757,394,333,243,45,85,82,9,54,70,79,20,109,33,149,59,25,95,113,186,136,55,40,327,164,48,61,178,67,75,104,59,53,86,5,36,27,145,33,72,84,431,66,566,24,77,129,49,39,39,99
OTU_7758,1,1,1,1,1,1,1,1,1,1,1,1,1,1,1,1,1,1,1,1,1,1,1,1,1,1,1,1,1,1,1,1,1,1,1,1,1,1,1,1,1,1,1,1,1,1,1,1,1,1
OTU_7759,1,1,1,1,1,1,1,1,1,1,1,1,1,1,1,1,1,1,1,1,1,1,1,1,1,1,1,1,1,1,1,1,1,1,1,1,1,1,1,1,1,1,1,1,1,1,1,1,1,1
OTU_7760,1,1,1,1,1,1,1,1,1,1,1,1,1,1,1,1,1,1,1,1,1,1,1,1,1,1,1,1,1,1,1,1,1,1,1,1,1,1,1,1,1,1,1,1,1,1,1,1,1,1
OTU_7761,1,1,1,1,1,1,1,1,1,1,1,1,1,1,1,1,1,1,1,1,1,1,1,1,1,1,1,1,1,1,1,1,1,1,1,1,1,1,1,1,1,1,1,1,1,1,1,1,1,1
OTU_7762,1,1,1,1,1,1,1,1,1,1,1,1,1,1,1,1,1,1,1,1,1,1,1,1,1,1,1,1,1,1,1,1,1,1,1,1,1,1,1,1,1,1,1,1,1,1,1,1,1,1
OTU_7763,1,1,1,1,1,1,1,1,1,1,1,1,1,1,1,1,1,1,1,1,1,1,1,1,1,1,1,1,1,1,1,1,1,1,1,1,1,1,1,1,1,1,1,1,1,1,1,1,1,1
OTU_7764,1,1,1,1,1,1,1,1,1,1,1,1,1,1,1,1,1,1,1,1,1,1,1,1,1,1,1,1,1,1,1,1,1,1,1,1,1,1,1,1,1,1,1,1,1,1,1,1,1,1
OTU_7765,1,1,1,1,1,1,1,1,1,1,1,1,1,1,1,1,1,1,1,1,1,1,1,1,1,1,1,1,1,1,1,1,1,1,1,1,1,1,1,1,1,1,1,1,1,1,1,1,1,1
OTU_7766,1,1,1,1,1,1,1,1,1,1,1,1,1,1,1,1,1,1,1,1,1,1,1,1,1,1,1,1,1,1,1,1,1,1,1,1,1,1,1,1,1,1,1,1,1,1,1,1,1,1
OTU_7767,1,1,1,1,1,1,1,1,1,1,1,1,1,1,1,1,1,1,1,1,1,1,1,1,1,1,1,1,1,1,1,1,1,1,1,1,1,1,1,1,1,1,1,1,1,1,1,1,1,1
OTU_7768,1,1,1,1,1,1,1,1,1,1,1,1,1,1,1,1,1,1,1,1,1,1,1,1,1,1,1,1,1,1,1,1,1,1,1,1,1,1,1,1,1,1,1,1,1,1,1,1,1,1
OTU_7769,1,1,1,1,1,1,1,1,1,1,1,1,1,1,1,1,1,1,1,1,1,1,1,1,1,1,1,1,1,1,1,1,1,1,1,1,1,1,1,1,1,1,1,1,1,1,1,1,1,1
OTU_7770,1,1,1,1,1,1,1,1,1,1,1,1,1,1,1,1,1,1,1,1,1,1,1,1,1,1,1,1,1,1,1,1,1,1,1,1,1,1,1,1,1,1,1,1,1,1,1,1,1,1
OTU_7771,1,1,1,1,1,20,1,12,1,1,1,1,4,1,57,1,1,4,1,1,6,1,1,1,1,1,1,1,4,1,1,4,1,1,1,1,4,1,1,1,1,20,6,1,1,1,1,1,1,1
OTU_7772,1,1,1,1,1,1,1,1,1,3,1,1,185,1,1,1,1,1,1,1,1,1,1,1,1,175,1,1,1,1,1,1,1,1,1,1,1,1,1,1,3,1,1,1,1,1,1,1,1,1
OTU_7773,383,80,58,123,98,237,176,287,494,65,173,348,190,216,581,393,244,788,395,291,407,81,463,78,208,284,88,113,19,309,43,636,548,195,311,183,219,466,97,265,275,149,224,210,90,615,255,233,536,352
OTU_7774,1,1,1,1,1,6,1,1,1,1,1,1,1,39,1,2,1,158,334,1,2,84,8,17,1,133,1,3,192,1,1,1,45,7,11,1,8,212,1,9,3,1,5,78,1,2,1,6,146,1
OTU_7775,1,1,1,1,1,1,1,1,1,1,1,1,1,1,1,1,1,1,1,1,1,1,1,1,1,1,1,1,1,1,1,1,1,1,1,1,1,1,1,1,1,1,1,1,1,1,1,1,1,1
OTU_7776,1,1,1,1,1,1,1,1,1,1,1,1,1,1,1,1,1,1,1,1,1,1,1,1,1,1,1,1,1,1,1,1,1,1,1,1,1,1,1,1,1,1,1,1,1,1,1,1,1,1
OTU_7777,1,1,1,1,1,1,8,1,1,1,1,1,1,1,1,1,1,1,1,1,1,1,4,1,1,1,1,1,1,8,1,1,20,1,1,1,1,1,1,1,1,1,4,1,1,1,112,1,1,1
OTU_7778,1,1,1,1,1,1,1,1,1,1,1,1,1,1,1,1,1,1,1,1,1,1,1,1,1,1,1,1,1,1,1,1,1,1,1,1,1,1,1,1,1,1,1,1,1,1,1,1,1,1
OTU_7779,1,1,1,1,1,1,1,1,1,1,1,1,1,1,1,1,1,1,1,1,1,1,1,1,1,1,1,1,1,1,1,1,1,1,1,1,1,1,1,1,1,1,33,52,1,1,1,1,1,1
OTU_7780,1,1,1,1,1,1,1,1,1,1,1,1,1,1,1,1,1,1,1,1,1,1,1,1,1,1,1,1,1,1,1,1,1,1,1,1,1,1,1,1,1,1,1,1,1,1,1,1,4,1
OTU_7781,1,1,1,1,1,1,1,1,1,1,1,1,1,1,1,1,1,1,1,1,1,1,1,1,1,1,1,1,1,1,1,1,1,1,1,1,1,1,1,1,1,1,1,1,1,1,1,1,1,1
OTU_7782,1,1,1,1,1,1,1,1,1,1,1,1,1,1,1,1,1,1,1,1,1,1,1,1,1,1,1,1,1,1,1,1,1,1,1,1,1,1,1,1,1,1,1,1,1,1,1,1,1,1
OTU_7783,1,1,1,1,1,1,1,1,1,1,1,1,1,1,1,1,1,1,1,1,1,1,1,1,1,1,1,1,1,1,1,1,1,1,1,1,1,1,1,1,1,1,1,1,1,1,1,1,1,1
OTU_7784,1,1,1,1,1,1,1,1,1,1,1,1,1,1,1,1,1,1,1,1,1,1,1,1,1,1,1,1,1,1,1,1,1,1,1,1,2,1,1,1,1,1,1,1,1,1,1,1,1,1
OTU_7785,1,1,1,1,1,1,1,1,1,1,1,1,1,1,1,1,1,1,1,1,1,1,1,1,1,1,1,1,1,1,1,1,1,1,1,1,1,1,1,1,1,1,1,1,1,1,1,1,1,1
OTU_7786,1,1,1,1,1,1,1,1,1,1,1,1,1,1,1,1,1,1,1,1,1,1,1,1,1,1,1,1,1,1,1,1,1,1,1,1,1,1,1,1,1,1,1,1,1,1,1,1,1,1
OTU_7787,1,1,1,1,1,1,1,1,1,1,1,1,1,2,1,1,1,1,1,1,1,1,1,1,1,1,1,1,1,1,1,1,1,1,2,1,1,1,1,1,1,1,1,1,3,1,2,1,1,1
OTU_7788,1,1,1,1,1,1,1,1,1,1,1,1,1,1,1,1,1,1,1,1,1,1,1,1,1,1,1,1,1,1,1,1,1,1,1,1,1,1,1,1,1,1,1,1,1,1,1,1,1,1
OTU_7789,1,1,1,1,1,1,1,1,1,1,1,1,1,1,1,1,1,1,1,1,1,1,1,1,1,1,1,1,1,1,1,1,1,1,1,1,1,1,1,1,1,1,1,1,1,1,1,1,1,1
OTU_7790,1,1,1,1,1,60,1,7,1,1,1,1,23,2,33,1,12,1,1,64,136,19,1,1,1,1,8,3,1,6,2,163,2,6,1,266,1,1,1,7,1,11,3,1,1,7,1,171,383,1
OTU_7791,1,1,112,1,1,1,5,65,89,56,1,8,62,38,1,1,2,1,8,1,1,67,1,1,1,2,14,1,1,1,1,22,192,4,1,8,2,22,3,1,1,35,1,1,2,1,1,57,25,1
OTU_7792,1,1,1,1,1,1,1,1,1,1,1,1,1,1,1,1,1,1,1,1,1,1,1,1,1,1,1,1,1,1,1,1,1,1,1,1,1,1,1,1,1,1,1,1,1,1,1,1,1,1
OTU_7793,3,20,27,4,55,1,1,1,102,7,16,4,1,83,137,28,3,1,1,28,244,3,1,1,12,1,1,1,8,30,2,2,95,214,8,1,1,52,15,1,1,7,1,29,1,260,4,3,6,1
OTU_7794,33,1,180,73,27,1,15,56,84,1,1,143,1,1,1,62,4,1,60,6,16,1,13,116,26,4,2,62,225,104,1,15,7,37,1,27,1,8,1,1,103,9,41,17,1,2,107,5,282,6
OTU_7795,1,1,1,1,1,1,1,1,1,1,1,1,1,1,1,1,1,1,1,1,1,1,1,1,1,1,1,1,1,1,1,1,1,1,1,1,1,1,1,1,1,1,1,1,1,1,1,1,1,1
OTU_7796,1,1,1,1,1,1,1,1,1,1,1,1,1,1,1,1,1,1,1,1,1,1,1,1,1,1,1,1,1,1,1,1,1,1,1,1,1,1,1,1,1,1,1,1,1,1,1,1,1,1
OTU_7797,1,1,1,1,1,1,1,1,1,1,1,1,1,1,1,1,1,1,1,1,1,1,1,1,1,1,1,1,1,1,1,1,1,1,1,1,1,1,1,1,1,1,1,1,1,1,1,1,1,1
OTU_7798,1,33,134,9,1,1,1,12,1,4,3,45,4,240,1,83,1,2,195,1,94,29,1,61,1,1,1,13,1,1,1,1,1,20,4,519,2,1,1,1,3,1,9,28,1,1,43,19,1,51
OTU_7799,1,1,1,1,1,1,1,1,1,1,1,1,1,1,1,1,1,1,1,1,1,1,1,1,1,1,1,1,1,1,1,1,1,1,1,1,1,1,1,1,1,1,1,1,1,1,1,1,1,1
OTU_7800,1,1,1,1,2,1,1,1,1,1,1,1,1,1,1,1,1,1,1,7,1,1,1,1,1,1,1,1,1,1,1,1,1,1,1,1,1,1,1,1,1,1,1,1,1,1,1,1,1,1
OTU_7801,1,1,1,1,1,1,1,1,1,1,1,1,1,1,1,1,1,1,1,1,1,1,1,1,1,1,1,1,1,1,1,1,1,1,1,1,1,1,1,1,1,1,1,1,1,1,1,1,1,1
OTU_7802,1,1,1,1,1,1,1,1,1,1,1,1,1,1,1,1,1,1,1,1,1,1,1,1,1,1,1,1,1,1,1,1,1,1,1,3,1,1,68,1,1,1,1,1,1,1,1,1,1,1
OTU_7803,1,1,1,1,1,1,1,1,1,1,1,1,1,1,1,1,1,1,1,1,1,1,1,1,1,1,1,1,1,1,1,1,1,1,1,1,1,1,1,1,1,1,1,1,1,1,1,1,1,1
OTU_7804,1,1,1,1,1,1,1,1,1,1,1,1,1,1,1,1,1,1,1,1,1,1,1,1,1,1,1,1,1,1,1,1,1,1,1,1,1,1,1,1,1,1,1,1,1,1,1,1,1,1
OTU_7805,2,16,1,1,1,1,2,54,1,1,18,1,1,64,1,15,8,2,1,1,1,10,125,1,1,1,2,1,1,1,1,29,1,1,1,1,11,6,293,1,1,1,12,1,1,5,1,3,1,71
OTU_7806,2,513,1,1,100,1,1,1,6,1,1,179,41,1,3,7,1,1,13,1,16,1,3,3,15,6,20,2,1,1,1,5,1,1,183,7,1,1,2,233,2,4,107,5,15,1,1,7,1,2
OTU_7807,1,1,1,1,1,1,1,1,1,1,1,1,1,1,1,1,1,1,1,1,1,1,1,1,1,1,1,1,1,1,1,1,1,1,1,1,1,1,1,1,1,1,1,1,1,1,1,1,1,1
OTU_7808,1,1,1,1,1,1,1,1,1,1,1,1,1,1,1,1,1,1,1,1,1,1,1,1,1,1,1,1,1,1,1,1,1,1,1,1,1,1,1,1,1,1,1,1,1,1,1,1,1,1
OTU_7809,9,2,1,17,1,2,1,61,2,1,1,82,96,1,7,1,1,64,1,39,16,71,1,4,6,122,5,30,9,2,31,50,90,151,1,8,8,101,1,1,34,4,2,1,1,1,94,3,1,17
OTU_7810,140,41,13,403,230,2,34,1,60,1,14,211,136,5,2,10,29,98,16,8,69,7,1,36,130,27,122,33,8,1,92,2,49,1,1,10,12,81,80,83,2,34,7,227,23,1,10,29,12,90
OTU_7811,39,1,1,1,144,2,155,1,14,7,1,1,1,6,1,122,294,1,2,1,627,10,1,18,40,47,3,13,196,501,3,1,40,1,1,2,4,1,96,36,2,16,8,38,32,8,1,58,33,36
OTU_7812,1,1,1,2,1,1,1,1,1,1,66,1,1,1,1,1,1,1,1,1,1,1,1,1,1,1,1,282,1,1,1,1,1,1,1,1,1,1,1,1,1,1,1,1,1,1,1,1,1,1
OTU_7813,19,139,97,16,27,424,195,56,70,1,92,35,3,90,4,74,296,16,414,41,118,69,272,7,191,82,369,23,1,302,45,50,64,48,293,5,519,5,44,85,116,218,18,56,745,10,33,257,292,27
OTU_7814,1420,285,470,511,756,480,309,461,846,523,445,167,531,740,646,582,335,496,614,461,631,951,321,402,449,323,590,918,302,473,860,588,2044,340,851,655,864,532,879,593,527,398,344,567,763,522,463,642,362,365
OTU_7815,1,1,1,1,1,1,1,1,2,1,12,1,1,1,1,1,1,1,1,1,1,1,54,1,1,1,1,1,1,1,1,1,1,1,20,1,1,1,1,1,1,1,1,1,1,1,1,1,1,1
OTU_7816,1,1,1,1,1,1,1,1,1,1,1,1,1,1,1,1,1,1,1,1,1,1,1,1,1,1,1,1,1,1,1,1,1,1,1,1,1,1,1,1,1,1,1,1,1,1,1,1,1,1
OTU_7817,1,1,1,1,1,1,1,1,1,1,1,1,1,1,1,1,1,1,1,1,1,1,1,1,1,1,1,1,1,1,1,1,1,1,1,1,1,1,1,1,1,1,1,1,1,1,1,1,1,1
OTU_7818,1,1,1,1,1,1,1,1,1,1,1,1,1,1,1,1,1,1,1,1,1,1,1,1,1,1,1,1,1,1,1,1,1,1,1,1,1,1,1,1,1,1,1,1,1,1,1,1,1,1
OTU_7819,1,1,1,1,1,1,1,1,1,1,1,1,1,1,1,1,1,1,1,1,1,1,1,1,1,1,1,1,1,1,1,1,1,1,1,1,1,1,1,1,1,1,1,1,1,1,1,1,1,1
OTU_7820,1,1,1,1,1,1,1,1,1,1,1,1,1,1,1,1,1,1,1,1,1,1,1,1,1,1,1,1,1,1,1,1,1,1,1,2,1,1,1,1,1,1,1,1,1,1,1,1,1,1
OTU_7821,1,1,1,1,1,1,1,1,1,1,1,1,1,1,1,1,1,1,1,1,1,1,1,1,1,1,1,1,1,1,1,1,1,1,1,1,1,1,1,1,1,1,1,1,1,1,1,1,1,1
OTU_7822,1,1,1,1,1,1,1,1,1,1,1,1,1,1,1,1,1,1,1,1,1,1,1,1,1,1,1,1,1,1,1,1,1,1,1,1,1,1,1,1,1,1,1,1,1,1,1,1,1,1
OTU_7823,1,1,1,1,1,1,1,1,1,1,1,1,1,1,1,1,1,1,1,1,1,1,1,1,1,1,1,1,1,1,1,1,1,1,1,1,1,1,1,1,1,1,1,1,1,1,1,1,1,1
OTU_7824,1,1,1,1,1,1,1,1,1,1,1,1,1,1,1,1,1,1,1,1,1,1,1,1,1,1,1,1,1,1,1,1,1,1,1,1,1,1,1,1,1,1,1,1,1,1,1,1,1,1
OTU_7825,1,1,1,1,1,1,1,1,1,1,1,1,1,1,1,1,1,1,1,1,1,1,1,1,1,1,1,1,1,1,1,1,1,1,1,1,1,1,1,1,1,1,1,1,1,1,1,1,1,1
OTU_7826,1,1,1,1,1,1,1,1,1,1,1,1,1,1,1,1,1,1,1,1,1,1,1,1,1,1,1,1,1,1,1,1,1,1,1,1,1,1,1,1,1,1,1,1,1,1,1,1,1,1
OTU_7827,1,1,1,1,1,1,1,1,1,1,1,1,1,1,1,1,1,1,1,1,1,1,1,1,1,1,1,1,1,1,1,1,1,1,1,1,1,1,1,1,1,1,1,1,1,1,1,1,1,1
OTU_7828,1,1,1,1,1,1,1,1,1,1,1,1,1,1,1,1,1,1,1,1,1,1,1,1,1,1,1,1,1,1,1,1,1,1,1,1,1,1,1,1,1,1,1,1,1,1,1,1,1,1
OTU_7829,1,1,1,1,1,1,1,1,1,1,1,1,1,1,1,1,1,1,1,1,1,1,1,1,1,1,1,1,1,1,1,1,1,1,1,1,1,1,1,1,1,1,1,1,1,1,1,1,1,1
OTU_7830,1,1,1,1,1,1,1,1,1,1,1,1,1,1,1,1,1,1,1,1,1,1,1,1,1,1,1,1,1,1,1,1,1,1,1,1,1,1,1,1,1,1,1,1,1,1,1,1,1,1
OTU_7831,1,1,1,1,1,1,1,1,1,1,1,1,1,1,1,1,1,1,1,1,1,1,1,1,1,1,1,1,1,1,1,1,1,1,1,1,1,1,1,1,1,1,1,1,1,1,1,1,1,1
OTU_7832,1,1,1,1,1,1,1,1,1,1,1,1,1,1,1,1,1,1,1,1,1,1,1,1,1,1,1,1,1,1,1,1,1,1,1,1,1,1,1,1,1,1,1,1,1,1,1,1,1,1
OTU_7833,1,1,1,1,1,1,1,1,1,1,1,1,1,1,1,1,1,1,1,1,1,1,1,1,1,1,1,1,1,1,1,1,1,1,1,1,1,1,1,1,1,1,1,1,1,1,1,1,1,1
OTU_7834,1,1,1,1,1,1,1,1,1,1,1,1,1,1,1,1,1,1,1,1,1,1,1,1,1,1,1,1,1,1,1,1,1,1,1,1,1,1,1,1,1,1,1,1,1,1,1,1,1,1
OTU_7835,106,264,72,369,39,7,1,64,15,7,126,47,81,2,96,181,56,72,155,92,159,9,150,80,18,85,1,445,16,26,31,3,104,117,35,133,73,56,4,42,5,4,36,44,51,31,353,135,280,249
OTU_7836,1,1,1,1,1,1,1,1,1,1,1,1,1,1,1,1,1,1,1,1,1,1,1,1,1,1,1,1,1,1,1,1,1,1,1,1,1,1,1,1,1,1,1,1,1,1,1,1,1,1
OTU_7837,1,1,1,1,1,72,128,2,1,5,10,12,1,34,4,1,64,150,1,1,6,24,1,1,1,1,1,66,1,3,2,52,41,5,1,1,18,1,6,1,1,2,4,32,1,3,3,1,1,685
OTU_7838,1,1,1,1,1,1,1,1,1,1,1,1,1,1,1,1,1,1,1,1,1,1,1,1,1,1,1,1,1,1,1,1,1,1,1,1,1,1,1,1,1,1,1,1,1,1,1,1,1,1
OTU_7839,16,145,3,17,405,482,63,276,280,44,61,8,25,191,458,16,253,2,112,3,122,165,73,77,31,8,58,184,4,61,68,16,6,122,54,46,27,111,19,190,2,16,14,95,33,229,2,125,2,118
OTU_7840,1,1,1,1,1,1,1,1,1,1,1,1,1,1,1,1,1,1,1,1,1,1,1,1,1,1,1,1,1,1,1,1,1,1,1,1,1,1,1,1,1,1,1,1,1,1,1,1,1,1
OTU_7841,1,1,1,1,1,1,17,1,1,1,1,1,1,1,1,9,1,1,2,2,1,1,1,12,103,1,1,1,1,1,66,1,44,1,1,1,1,1,1,1,1,1,1,1,1,1,1,1,1,1
OTU_7842,1,1,1,1,1,1,1,1,1,1,1,1,1,1,1,1,1,1,1,1,1,1,1,1,1,1,1,1,1,1,1,1,1,1,1,1,1,1,1,1,1,1,1,1,1,1,1,1,1,1
OTU_7843,17,4,1,1,1,1,23,5,1,1,1,46,8,10,1,1,1,15,88,85,1,14,5,1,1,2,14,1,1,2,1,1,1,1,8,1,12,1,2,1,1,1,2,1,1,1,5,1,280,1
OTU_7844,1,1,1,1,1,1,1,1,1,2,1,1,1,1,1,1,1,1,1,1,1,1,1,1,1,1,1,1,1,1,1,1,1,1,1,1,1,1,1,1,1,1,1,1,1,1,1,1,1,1
OTU_7845,1,1,5,1,1,1,1,1,1,1,1,1,1,1,1,2,1,1,1,1,1,1,1,1,1,1,1,1,1,1,1,1,1,1,1,1,1,1,1,1,3,1,1,1,1,1,1,1,1,2
OTU_7846,1,1,1,1,1,1,1,1,1,1,1,1,1,1,1,1,1,1,1,1,1,1,1,1,1,1,1,1,1,1,1,1,1,2,1,1,1,1,1,1,1,1,1,1,1,1,1,1,1,1
OTU_7847,1,1,1,1,1,1,1,1,1,1,1,1,1,1,1,1,1,1,1,1,1,1,1,1,1,1,1,1,1,1,1,1,1,1,1,1,1,1,1,1,1,1,1,1,1,1,1,1,1,1
OTU_7848,9,74,1,94,85,495,1,251,15,137,9,90,20,5,26,37,24,68,217,3,15,43,32,6,39,3,3,36,463,68,78,170,30,2,50,21,71,10,10,1,2,1,57,43,1,3,83,65,134,49
OTU_7849,11,1,2,1,16,1,1,1,1,1,1,1,1,1,1,1,1,1,1,33,1,1,1,109,1,1,1,1,8,1,130,1,1,1,40,1,1,1,1,1,1,11,1,1,1,1,1,1,1,1
OTU_7850,1,1,1,1,1,1,1,1,1,1,1,1,1,1,1,1,1,1,1,1,1,1,1,1,1,1,1,1,1,1,1,1,1,1,1,1,1,1,1,1,1,1,1,1,1,1,1,1,1,1
OTU_7851,1,1,1,1,1,1,1,1,1,1,1,1,1,1,1,1,1,1,1,1,1,1,1,1,1,1,1,1,1,1,1,1,1,1,1,1,1,1,1,1,1,1,1,1,1,1,1,1,1,1
OTU_7852,1,1,1,1,1,1,1,1,1,1,1,1,1,86,1,1,1,1,1,1,1,1,1,1,1,1,1,1,1,1,1,1,1,1,1,1,1,1,1,1,1,1,1,1,1,1,1,1,1,60
OTU_7853,1,1,1,1,1,1,1,1,1,1,1,1,1,1,1,1,1,1,1,1,1,1,1,1,1,1,1,1,1,1,1,1,1,1,1,1,1,1,1,1,1,1,1,1,1,1,1,1,1,1
OTU_7854,1,1,1,1,1,1,1,1,1,1,1,1,1,1,1,1,1,1,1,1,1,1,1,1,1,1,1,1,1,1,1,1,1,1,1,1,1,1,1,1,1,1,1,1,1,1,1,1,1,1
OTU_7855,1,1,1,1,1,1,1,1,1,1,1,1,1,1,1,1,1,1,1,1,1,2,1,1,1,1,1,1,1,1,1,1,1,1,1,1,1,1,1,1,1,1,1,1,1,52,1,1,1,1
OTU_7856,1,1,1,1,1,1,1,1,1,1,1,1,1,1,1,1,1,1,1,1,1,1,1,1,1,1,1,1,1,1,1,1,1,1,1,1,1,1,1,3,1,1,1,1,1,1,1,1,1,1
OTU_7857,1,1,1,1,1,1,1,1,1,1,1,1,1,1,1,1,1,1,1,1,1,1,1,1,1,1,1,1,1,1,1,1,1,1,1,1,1,1,1,1,1,1,1,1,1,1,1,1,1,1
OTU_7858,1,1,1,1,1,1,1,1,1,1,1,1,1,1,1,1,1,1,1,1,1,1,1,1,1,1,1,1,1,1,1,1,1,1,1,1,1,1,1,1,1,1,1,1,1,1,1,1,1,1
OTU_7859,1,1,1,1,1,1,1,2,1,1,1,1,1,1,1,1,1,1,1,1,1,1,1,1,1,1,1,1,1,1,1,1,1,1,1,1,1,1,1,1,1,1,1,1,1,1,1,1,1,1
OTU_7860,1,1,1,1,1,1,1,1,1,1,1,1,1,1,25,1,1,1,1,1,1,1,1,1,1,1,1,1,1,1,1,1,1,1,1,1,1,1,1,1,1,1,1,1,1,1,2,1,1,1
OTU_7861,1,1,1,1,1,1,1,1,1,1,1,1,1,1,1,1,1,1,1,1,1,1,1,1,1,1,1,1,1,1,1,1,1,1,1,1,1,1,1,1,1,1,1,1,1,1,1,1,1,1
OTU_7862,1,1,1,1,2,1,1,1,1,1,1,1,1,1,1,1,1,1,1,17,1,1,1,1,1,1,1,1,1,1,1,1,1,1,1,1,1,1,1,1,1,1,1,1,1,1,1,1,1,1
OTU_7863,1,1,1,1,1,1,1,1,1,1,1,1,1,1,1,1,1,1,1,1,1,1,1,1,1,1,1,1,1,1,1,1,1,1,1,1,1,1,1,1,1,1,1,1,1,1,1,1,1,1
OTU_7864,1,1,1,1,1,1,1,1,1,1,1,1,1,1,1,1,1,1,1,1,1,1,1,1,1,1,1,1,1,1,1,1,1,1,1,1,1,1,1,1,1,1,1,1,1,1,1,1,1,1
OTU_7865,1,1,1,1,1,1,1,1,1,1,1,1,1,1,1,1,1,1,1,1,1,1,1,1,1,1,1,1,1,1,1,1,1,1,1,1,1,1,1,1,1,1,1,1,1,1,1,1,1,1
OTU_7866,1,1,1,1,1,1,1,1,1,1,1,1,1,1,1,1,1,1,1,1,1,1,1,1,1,1,1,1,1,1,1,1,1,1,1,1,1,1,1,1,1,1,1,1,1,1,1,1,1,1
OTU_7867,1,1,1,1,1,1,38,1,1,17,1,1,1,1,1,1,1,1,1,1,1,1,1,1,1,1,1,1,1,1,1,1,1,1,1,1,1,1,1,1,1,1,1,1,1,1,1,1,1,1
OTU_7868,1,1,1,1,1,1,1,1,1,1,1,1,1,1,1,1,1,1,1,1,1,1,1,1,1,1,1,1,1,1,1,1,1,1,1,1,1,1,1,1,1,1,1,1,1,1,1,1,1,1
OTU_7869,67,82,371,10,34,17,44,82,3,160,35,179,1,22,163,26,205,158,32,72,17,45,1,33,16,2,97,11,31,74,131,184,20,1291,1,62,559,268,29,7,142,94,165,61,90,11,36,121,37,448
OTU_7870,1,1,1,1,1,1,1,1,1,1,1,1,1,1,1,1,1,1,1,1,1,1,1,1,1,1,1,1,1,1,1,1,1,1,1,1,1,1,1,1,1,1,1,1,1,1,1,1,1,1
OTU_7871,76,1,1,1,1,1,21,1,8,2,6,39,1,1,5,1,1,1,1,1,26,55,1,1,1,1,1,2,1,1,6,1,195,1,1,1,1,4,1,1,2,1,1,1,1,1,1,1,1,1
OTU_7872,1,1,1,1,1,1,1,1,1,1,84,1,1,1,1,1,1,8,1,1,1,1,1,1,1,1,1,1,1,1,1,1,1,1,1,1,1,1,1,1,1,1,1,1,1,1,1,1,1,1
OTU_7873,1,1,1,1,1,1,1,1,1,1,1,1,1,1,1,1,1,1,1,1,1,1,1,1,1,1,1,1,1,1,1,1,1,1,1,1,1,1,1,1,1,1,1,1,1,1,1,1,1,1
OTU_7874,1,1,1,1,1,1,1,1,1,1,1,1,1,1,1,1,1,1,25,1,1,1,1,1,1,1,1,1,1,1,1,1,1,1,1,1,1,1,1,1,1,1,1,1,1,1,1,1,1,1
OTU_7875,1,1,1,1,1,1,1,1,1,1,1,1,1,1,1,1,1,1,1,1,1,1,1,1,1,1,1,1,1,1,1,1,1,1,1,1,1,1,1,1,1,1,1,1,1,1,1,1,1,2
OTU_7876,1,1,1,1,1,1,1,1,1,1,1,1,1,1,1,1,1,1,1,1,1,1,1,1,1,1,1,1,1,1,1,1,1,1,1,1,1,1,1,1,1,1,1,1,1,1,1,1,1,1
OTU_7877,1,1,1,1,1,1,1,1,1,1,1,1,1,1,1,1,1,1,1,1,1,1,1,1,1,1,1,1,1,1,1,1,1,1,1,1,1,1,1,1,1,1,1,1,1,1,1,1,1,1
OTU_7878,507,113,211,41,108,89,142,76,162,207,194,41,16,136,130,400,179,109,61,189,43,3,531,200,18,274,90,194,93,111,129,211,195,168,126,188,91,33,109,146,120,417,660,278,110,105,1553,74,127,92
OTU_7879,1,1,1,1,1,1,1,1,1,2,1,1,1,1,1,1,1,1,1,1,1,1,1,1,1,1,1,1,1,1,1,1,1,1,1,1,1,1,1,1,1,1,1,1,1,1,1,1,1,1
OTU_7880,496,299,332,397,169,468,861,237,177,512,512,504,1132,265,813,1018,584,730,364,104,509,489,641,890,425,477,661,135,536,1071,361,439,553,705,460,273,113,475,130,251,1769,364,575,978,202,622,211,507,407,704
OTU_7881,106,168,116,45,18,118,140,193,14,209,8,114,88,76,11,55,9,14,158,148,74,142,17,12,6,73,171,145,195,1,72,103,37,14,6,28,91,76,35,81,16,12,145,50,20,26,148,71,58,12
OTU_7882,1,1,1,1,1,1,1,1,1,1,1,1,1,1,1,1,1,1,1,1,1,1,1,1,1,1,1,1,1,1,1,1,1,1,1,1,1,1,1,1,1,1,1,1,1,1,1,1,1,1
OTU_7883,1,4,1,1,17,2,19,59,1,1,24,1,1,1,1,1,1,1,1,1,1,1,1,4,1,1,1,1,1,1,26,1,1,1,1,1,1,1,2,1,1,1,1,1,1,1,1,1,1,5
OTU_7884,1,1,1,1,1,1,1,1,1,1,1,1,1,1,1,1,1,1,1,1,1,1,1,1,1,1,1,1,1,1,1,1,1,1,1,1,1,1,1,1,1,1,1,1,1,1,1,1,1,1
OTU_7885,460,474,228,3,82,39,51,357,389,13,37,174,30,77,38,79,4,117,16,154,11,117,19,143,85,3,7,101,4,178,111,31,218,77,4,53,107,18,536,66,39,62,263,42,64,34,345,24,5,8
OTU_7886,1,1,1,1,1,1,1,1,1,1,1,1,1,1,1,1,1,1,1,1,1,1,1,1,1,1,1,1,1,1,1,1,1,1,1,1,2,1,1,1,1,1,1,1,1,1,1,1,1,1
OTU_7887,1,1,1,1,1,1,1,1,1,1,1,1,1,1,1,1,1,1,1,1,1,1,1,1,1,1,1,1,1,1,1,1,1,1,1,1,1,1,1,1,1,1,1,1,1,1,1,1,1,1
OTU_7888,1,1,1,1,1,1,1,1,1,1,1,1,1,1,1,1,1,1,1,1,1,1,1,1,1,1,1,1,1,1,1,1,1,1,1,1,1,1,1,1,1,1,1,1,1,1,1,1,1,1
OTU_7889,1,1,1,1,1,1,1,1,1,1,1,1,1,1,1,1,1,1,1,1,1,1,1,1,1,1,1,1,1,1,1,1,1,1,1,1,1,1,1,1,1,1,1,1,1,1,1,1,1,1
OTU_7890,10,1,74,215,34,90,4,52,230,104,1,66,89,42,1,13,46,6,299,74,2,26,15,4,22,42,69,4,1,31,2,3,97,4,6,1,38,8,1,45,8,1,11,34,163,7,32,1,106,7
OTU_7891,1,1,1,1,1,1,1,1,1,1,18,1,1,1,1,2,1,1,1,1,1,1,1,1,1,1,1,1,1,1,1,1,1,1,1,1,1,1,1,1,1,6,1,1,1,1,1,1,3,17
OTU_7892,1,1,1,1,1,1,1,1,1,1,1,3,1,1,1,1,1,1,1,1,1,1,1,1,1,1,1,1,1,11,1,1,1,1,1,1,1,1,1,1,1,1,1,1,1,1,1,1,1,1
OTU_7893,6,1,1,6,1,3,1,31,1,5,1,87,1,1,1,1,2,1,6,3,2,2,1,1,39,32,3,11,50,1,101,5,108,1,1,1,27,1,1,1,3,1,6,4,1,16,1,18,1,1
OTU_7894,1,1,1,1,1,1,1,1,1,1,1,1,1,1,1,1,1,1,1,1,1,1,1,1,1,1,1,1,1,1,1,1,1,1,1,1,1,1,1,1,1,1,1,1,1,1,1,1,1,1
OTU_7895,1,1,1,1,1,1,1,1,1,1,1,1,1,1,1,1,1,1,1,1,1,1,1,1,1,1,1,1,1,1,1,1,1,1,1,1,1,1,1,1,1,1,1,1,1,1,1,1,1,1
OTU_7896,1,1,1,1,1,1,1,1,1,1,1,1,1,1,1,1,1,1,1,1,1,1,1,1,1,1,1,1,1,1,1,1,1,1,1,1,1,1,1,1,1,1,1,1,1,1,1,1,1,1
OTU_7897,1,1,1,1,1,1,1,1,1,1,1,1,1,1,1,1,1,1,1,1,1,1,1,1,1,1,1,1,1,1,1,1,1,1,1,1,1,1,1,1,1,1,1,1,1,1,1,1,1,1
OTU_7898,1,1,1,1,1,1,9,1,128,10,1,1,2,1,1,1,7,6,1,1,1,2,9,1,1,5,1,14,40,1,14,1,51,1,1,1,1,1,1,1,1,1,1,1,1,1,1,1,1,1
OTU_7899,1,1,1,1,1,1,1,1,1,1,1,1,1,1,1,1,1,1,1,1,1,1,1,1,1,1,1,1,1,1,1,1,1,1,1,1,1,1,1,1,1,1,1,1,1,1,1,1,1,1
OTU_7900,1,1,1,1,1,1,1,1,1,1,1,1,1,1,1,1,1,1,1,1,1,1,1,1,1,1,1,1,1,1,1,1,1,1,1,1,1,1,2,1,1,1,1,1,1,1,1,1,1,1
OTU_7901,1,1,1,1,1,1,1,1,1,1,1,1,1,1,1,1,1,1,1,1,1,1,1,1,1,1,1,1,1,1,1,1,1,1,1,1,1,1,1,1,1,1,1,1,1,1,1,1,1,1
OTU_7902,1,1,1,1,1,1,1,1,1,1,1,1,1,1,1,1,1,1,1,1,1,1,1,1,1,1,1,1,1,1,1,1,1,1,1,1,1,1,1,1,1,1,1,1,1,1,1,1,1,1
OTU_7903,59,76,31,216,1,75,46,296,456,30,34,252,5,269,42,187,91,144,137,39,141,213,118,53,3,84,999,13,33,126,179,50,64,82,212,167,56,47,61,76,247,231,9,35,109,259,147,50,193,331
OTU_7904,1,1,1,1,1,1,1,1,1,1,1,1,1,1,1,1,1,1,1,1,1,1,1,1,1,1,1,1,1,1,1,1,1,1,1,1,1,1,1,1,1,1,1,1,1,1,1,1,1,1
OTU_7905,1,1,1,1,1,1,1,1,1,1,1,1,1,1,1,1,1,1,1,1,1,1,1,1,1,1,1,1,1,1,1,1,1,1,1,1,1,1,1,1,1,1,1,1,1,1,1,1,1,1
OTU_7906,3,1,9,21,44,2,93,1,63,1,1,17,34,1,5,1,1,59,1,8,7,103,1,1,3,3,24,1,11,83,16,72,3,17,18,54,1,10,1,110,2,1,1,1,97,2,1,1,5,1
OTU_7907,1,1,1,3,1,1,1,1,1,1,21,1,1,1,1,1,2,1,1,1,1,1,1,1,1,1,1,1,1,1,1,1,1,1,1,1,1,1,2,1,1,1,1,1,1,1,1,1,1,1
OTU_7908,1,1,1,1,1,1,1,1,1,1,1,1,1,1,1,1,1,1,1,1,1,1,1,1,1,1,1,1,1,1,1,1,1,1,1,1,1,1,1,1,1,1,1,1,1,1,1,1,1,1
OTU_7909,1,1,1,1,1,1,1,1,6,11,1,1,1,1,1,1,11,1,1,1,1,1,1,1,1,1,1,1,1,1,1,1,1,19,1,1,1,1,1,1,1,1,1,1,2,1,1,1,1,1
OTU_7910,1,1,1,1,1,1,1,1,1,1,1,1,1,1,1,1,1,1,1,1,1,1,1,1,1,1,1,1,1,1,1,1,1,1,1,1,1,1,1,1,1,1,1,1,1,1,1,1,1,1
OTU_7911,1,1,1,1,1,1,1,1,1,1,1,1,1,1,1,1,1,1,1,1,1,1,1,1,1,1,1,1,1,1,1,1,1,1,1,1,1,1,1,1,1,1,1,1,1,1,1,1,1,1
OTU_7912,29,19,1,1,1,1,7,4,36,11,31,1,8,1,19,1,1,5,1,9,1,7,23,1,32,2,140,1,13,1,6,1,34,80,5,25,2,1,2,5,1,2,1,4,1,1,99,31,10,15
OTU_7913,1,1,1,1,1,1,1,1,1,1,1,1,9,1,1,1,91,1,1,1,1,1,1,1,1,1,1,1,1,1,1,1,1,1,1,1,1,1,1,1,76,1,1,1,2,1,1,1,1,1
OTU_7914,3,5,63,2,20,82,61,128,109,2,39,106,1,76,2,12,22,1,578,4,31,239,37,21,176,61,112,20,25,1,233,47,107,150,133,13,87,60,165,7,1,117,1,181,18,323,37,19,56,8
OTU_7915,36,1,61,1,1,1,1,1,1,1,1,1,2,2,1,32,1,1,1,140,1,1,6,1,4,18,2,1,1,20,1,1,4,1,1,1,29,1,1,4,1,2,1,1,2,1,1,1,6,2
OTU_7916,1,1,1,1,1,1,1,1,1,1,1,1,1,1,1,1,1,1,1,1,1,1,1,1,1,1,1,1,1,1,1,1,1,1,1,1,1,1,1,1,1,1,1,1,1,1,1,1,1,1
OTU_7917,1,1,1,1,1,1,1,1,1,1,1,1,1,1,1,1,1,1,1,1,1,1,1,1,1,1,1,1,1,1,1,1,1,1,1,1,1,1,1,1,1,1,1,1,1,1,1,1,1,1
OTU_7918,1,1,1,1,1,1,1,1,1,1,1,1,1,1,1,1,1,1,1,1,1,1,1,1,1,1,1,1,1,1,1,1,1,65,1,1,1,1,1,1,1,1,1,1,1,1,1,1,1,1
OTU_7919,1,1,1,1,1,1,15,1,1,3,1,1,32,1,1,36,1,1,1,1,1,1,1,1,1,1,1,1,1,1,1,69,1,1,1,1,1,1,1,1,1,1,1,1,1,1,1,1,1,1
OTU_7920,1,63,4,39,1,4,1,16,1,42,33,47,5,1,3,140,1,1,48,76,53,1,821,1,1,1,20,7,3,13,6,3,80,1,13,66,1,36,1,2,4,144,1,2,75,14,1,10,1,1
OTU_7921,1,8,46,16,116,61,62,36,67,27,52,21,209,76,415,61,133,25,4,13,14,3,216,108,3,39,34,16,47,35,126,26,6,238,55,41,23,140,19,104,21,361,203,211,7,155,47,15,75,82
OTU_7922,1,1,3,1,1,1,2,1,1,1,1,1,1,1,1,1,1,1,1,1,1,92,1,13,1,1,1,1,1,1,4,1,1,1,2,1,1,375,1,1,1,1,1,10,1,1,1,1,1,1
OTU_7923,1,1,1,1,1,1,1,1,1,1,1,1,1,1,1,1,1,1,1,1,1,1,1,1,1,1,1,1,1,1,1,1,1,1,1,1,1,1,1,1,1,1,1,1,1,1,1,1,1,1
OTU_7924,1,1,1,1,70,1,1,1,1,1,1,2,1,1,1,1,1,1,1,1,1,15,28,1,1,1,34,1,1,1,1,1,133,1,1,1,1,147,50,221,1,1,1,1,1,1,1,1,1,1
OTU_7925,1,1,1,1,1,1,1,1,1,1,1,1,16,1,1,1,1,188,1,1,1,1,1,1,1,81,2,1,1,33,1,1,1,1,1,1,5,1,1,1,1,1,1,1,1,1,1,1,1,1
OTU_7926,1,1,1,1,1,1,1,1,1,1,1,1,1,1,1,1,1,1,1,1,1,1,1,1,1,1,1,1,1,1,1,1,1,1,1,1,1,1,1,1,1,1,1,1,1,1,1,1,1,1
OTU_7927,1,1,1,1,1,1,1,1,1,1,1,1,1,1,1,1,1,1,1,1,1,1,1,1,1,1,1,1,1,1,1,1,1,1,1,1,1,1,1,1,1,1,1,1,1,1,1,1,1,1
OTU_7928,1,103,1,10,683,50,28,1,1,213,59,101,2,1,3,1,99,12,65,13,115,1,133,6,2,3,2,1,79,10,85,2,3,61,3,35,3,11,3,37,20,245,24,1,1,1,1,5,258,1
OTU_7929,1,1,1,1,1,1,1,1,1,1,1,1,1,1,1,1,1,1,1,1,1,1,1,1,1,1,1,1,1,1,1,1,1,1,1,1,1,1,1,1,1,1,1,1,1,1,1,1,1,1
OTU_7930,1,1,1,1,1,1,1,1,1,1,1,1,1,1,1,1,1,1,1,1,1,1,1,1,1,1,1,1,1,1,1,1,1,1,1,1,1,1,1,1,1,1,1,1,1,1,1,1,1,1
OTU_7931,1,1,1,1,1,1,1,1,1,1,1,1,1,1,1,1,1,1,1,1,1,1,1,1,1,1,1,1,1,1,1,1,1,1,1,1,1,1,1,1,1,1,1,1,1,1,1,1,1,1
OTU_7932,1,1,1,1,59,1,3,1,1,1,1,1,1,1,1,1,5,1,1,1,1,1,1,1,31,1,1,1,1,1,1,1,1,1,1,1,29,1,1,1,1,1,1,1,1,1,1,1,1,1
OTU_7933,1,1,1,1,1,1,1,1,1,1,1,1,1,1,1,1,1,1,1,1,1,1,1,1,1,1,1,1,1,1,1,1,1,1,1,1,1,1,1,1,1,1,1,1,1,1,1,1,1,1
OTU_7934,1,1,1,1,1,1,1,1,1,1,1,1,1,1,1,1,1,1,1,1,1,1,1,1,1,1,1,1,1,1,1,1,1,1,1,1,1,1,1,1,1,1,1,1,1,1,1,1,1,1
OTU_7935,1,1,1,1,1,1,1,1,1,1,1,1,1,1,1,1,1,1,1,1,1,1,1,1,1,1,1,1,1,1,1,1,1,1,1,1,1,1,1,1,1,1,1,1,1,1,1,1,1,1
OTU_7936,1,1,1,1,1,1,1,1,1,1,1,1,1,1,1,1,1,1,1,1,1,1,1,1,1,1,1,1,1,1,1,1,1,1,1,1,1,1,1,1,1,1,1,1,1,1,1,1,1,1
OTU_7937,1,1,1,1,1,1,1,1,1,1,1,1,1,1,1,1,1,1,1,1,1,1,1,1,1,1,1,1,1,1,1,1,1,1,1,1,1,1,1,1,1,1,1,1,1,1,1,1,1,1
OTU_7938,1,1,1,1,1,1,1,1,1,1,1,1,1,1,1,1,1,1,1,1,1,1,1,1,1,1,1,1,1,1,1,1,1,1,1,1,1,1,1,1,1,1,1,1,1,1,1,1,1,1
OTU_7939,1,1,1,1,1,1,1,1,1,1,1,1,1,1,1,1,1,1,1,1,1,1,1,1,1,1,1,1,1,1,1,1,1,1,1,1,1,1,1,1,1,1,1,1,1,1,1,1,1,1
OTU_7940,1,1,1,1,1,1,1,1,1,1,1,2,1,1,1,1,1,1,1,1,1,1,1,1,1,1,1,1,1,1,1,1,1,1,1,1,1,1,1,1,1,1,1,1,1,1,1,1,1,2
OTU_7941,1,1,1,1,1,1,1,1,1,1,1,1,1,1,1,1,1,1,1,1,1,1,1,1,1,1,1,1,1,1,1,1,1,1,1,1,1,1,1,1,1,1,1,1,1,1,1,1,1,1
OTU_7942,40,26,21,190,100,8,321,12,159,76,396,33,4,34,163,65,196,28,160,268,272,142,22,2,6,5,7,21,482,64,252,216,48,371,216,39,18,56,5,280,27,38,87,80,25,20,59,113,5,9
OTU_7943,1,1,1,1,1,1,1,1,1,1,1,1,1,1,1,1,1,1,1,1,1,1,1,1,1,1,1,1,1,1,1,1,1,1,1,1,1,1,1,1,1,1,1,1,1,1,1,1,1,1
OTU_7944,6,347,221,234,2,143,18,255,54,120,150,39,310,161,27,2,77,93,184,15,666,17,69,12,55,51,1,45,80,3,49,3,6,6,3,17,25,199,91,13,116,262,21,92,46,1,5,3,33,52
OTU_7945,1,1,1,1,1,1,1,1,1,1,1,1,1,1,1,1,1,1,2,1,1,1,1,1,1,1,1,1,1,1,1,1,1,1,1,1,1,1,1,1,1,1,1,1,1,1,1,1,1,1
OTU_7946,1,1,1,1,1,1,1,1,1,1,1,1,1,1,1,1,1,1,1,1,1,1,1,1,1,1,1,1,1,1,1,1,1,1,1,1,1,1,1,1,1,1,1,1,1,1,1,1,1,1
OTU_7947,1,1,1,1,1,1,1,1,1,1,1,1,1,1,1,1,1,1,1,1,1,1,1,1,1,1,1,1,1,1,1,1,1,1,1,1,1,1,1,1,1,1,1,1,1,1,1,1,1,1
OTU_7948,1,1,1,1,1,1,1,1,1,1,1,1,1,1,1,1,1,1,1,2,1,1,1,1,1,1,1,1,1,1,1,1,1,1,1,1,1,1,1,1,1,1,1,1,1,1,1,1,1,1
OTU_7949,1,1,1,1,1,1,1,1,1,1,1,1,1,1,1,1,1,1,1,1,1,1,1,1,1,1,1,1,1,1,1,1,1,1,1,1,1,1,1,1,1,1,1,1,1,1,1,1,1,1
OTU_7950,1,162,427,111,3,13,76,111,13,57,14,304,9,1,26,68,24,45,249,272,10,18,1,225,74,6,38,424,114,71,2,64,12,145,29,24,17,15,32,26,65,24,108,2,91,1,215,132,51,12
OTU_7951,1,1,1,1,1,1,1,1,1,1,1,1,1,1,1,1,1,1,1,1,1,1,1,1,1,1,1,1,1,1,1,1,1,1,1,1,1,1,1,1,1,1,1,1,1,1,1,1,1,1
OTU_7952,1,1,1,1,1,1,1,1,1,1,1,1,1,1,1,1,1,1,1,1,1,1,1,1,1,1,1,1,1,1,1,1,1,1,1,1,1,1,1,1,1,1,1,1,1,1,1,1,1,1
OTU_7953,1,14,1,1,1,1,1,1,1,1,1,1,1,1,1,1,1,1,1,1,1,1,1,1,1,1,1,1,1,1,3,11,1,1,1,1,1,1,1,1,1,1,1,1,1,1,1,1,1,1
OTU_7954,1,1,1,1,1,1,1,1,1,1,1,1,1,1,1,1,1,1,1,1,1,1,1,1,1,1,1,1,1,1,1,1,1,1,1,1,1,1,1,1,1,1,1,1,1,1,1,1,1,1
OTU_7955,1,1,1,1,1,1,1,1,1,1,1,1,1,1,1,1,1,1,1,1,1,1,1,1,1,1,1,1,1,1,1,1,1,1,1,1,1,1,1,1,1,1,1,1,1,1,1,1,1,1
OTU_7956,1,1,1,1,1,1,1,1,1,1,1,1,1,1,1,1,1,1,1,1,1,1,1,1,1,1,1,1,1,1,1,1,1,1,1,1,1,1,1,1,1,1,1,1,1,1,1,1,1,1
OTU_7957,8,1,2,10,1,4,3,1,1,1,1,18,269,1,1,1,3,1,1,1,1,1,1,1,1,6,1,1,1,1,1,7,2,32,1,65,1,4,244,112,1,7,1,62,17,1,24,1,1,2
OTU_7958,1,1,1,1,1,1,1,1,1,1,1,1,1,1,1,1,1,1,1,1,1,1,1,1,1,1,1,1,1,1,1,1,1,1,1,1,1,1,1,1,1,1,1,1,1,1,1,1,1,1
OTU_7959,1,1,1,1,1,1,1,1,1,1,1,1,1,1,1,1,1,1,1,1,1,1,1,1,1,1,1,1,1,1,1,1,1,1,1,1,1,1,1,1,1,1,1,1,1,1,1,1,1,1
OTU_7960,1,1,1,1,1,1,1,1,1,1,1,1,1,1,1,1,1,1,1,1,1,1,1,1,1,1,1,1,1,1,1,1,1,1,1,1,1,6,1,1,1,1,1,1,1,1,1,1,1,1
OTU_7961,1,1,1,1,1,1,1,1,1,1,1,1,1,1,1,1,1,1,1,1,1,1,1,1,1,1,1,1,1,1,1,1,1,1,1,1,1,1,1,1,1,1,1,1,1,1,1,1,1,1
OTU_7962,160,66,23,186,127,11,14,606,77,447,35,381,91,537,13,322,514,170,63,25,29,96,113,813,117,104,62,122,9,218,86,140,424,16,167,314,230,64,423,113,758,130,50,255,125,219,59,197,425,138
OTU_7963,1,1,1,1,1,1,1,1,1,1,1,1,1,1,1,1,1,1,1,1,1,1,1,1,1,1,1,1,1,1,1,1,1,1,1,1,1,1,1,1,1,1,1,1,1,1,1,1,2,1
OTU_7964,1,1,1,1,1,1,1,1,1,1,1,1,1,1,1,1,1,1,1,1,1,1,1,1,1,1,1,1,1,1,1,1,1,1,1,1,1,1,1,1,1,1,1,1,1,1,1,1,1,1
OTU_7965,36,50,1,39,1,1,1,1,1,1,1,1,1,181,1,2,1,1,1,1,10,1,1,11,1,1,1,1,1,101,1,8,1,1,1,37,1,2,1,1,2,1,1,21,1,1,2,1,59,2
OTU_7966,1,1,1,1,1,1,1,1,1,1,1,1,1,1,1,1,1,1,1,1,1,1,1,1,1,1,1,1,1,1,1,1,1,1,1,1,1,1,1,1,1,1,1,1,1,1,1,1,1,1
OTU_7967,2,6,1,37,1,1,93,1,3,1,4,6,1,17,3,1,1,45,3,1,20,9,6,2,2,1,1,2,1,2,209,1,43,1,1,1,8,7,1,1,9,53,1,41,1,96,1,4,1,1
OTU_7968,135,199,524,262,513,385,649,359,639,148,635,202,203,231,90,777,1863,677,340,484,164,762,844,375,457,309,246,134,285,457,255,577,357,83,395,413,940,244,383,61,334,206,95,224,585,877,341,451,728,340
OTU_7969,1,1,1,1,1,1,1,1,1,1,1,4,1,1,1,1,1,1,1,1,1,1,1,1,1,1,1,1,1,1,1,1,1,2,1,1,1,1,1,1,1,1,1,1,1,1,1,1,1,1
OTU_7970,1,17,1,1,1,1,149,1,1,1,1,1,1,1,1,1,14,1,1,1,1,1,1,21,1,1,1,1,1,1,414,1,1,1,1,1,4,1,1,24,1,2,1,1,1,1,1,3,1,1
OTU_7971,1,1,1,1,1,1,1,1,1,1,1,1,1,1,1,122,1,1,1,1,1,1,1,1,1,1,1,1,5,1,6,1,1,1,1,1,1,1,1,1,1,3,1,1,1,10,1,7,1,326
OTU_7972,1,1,1,1,1,1,1,1,1,1,1,1,1,1,1,1,1,1,1,1,1,1,1,1,1,1,1,1,1,1,1,1,1,1,1,1,1,1,1,1,1,1,1,1,1,1,1,1,1,1
OTU_7973,1,1,1,1,1,1,1,1,1,2,1,1,1,1,1,1,1,1,1,1,1,1,1,1,1,1,1,1,1,1,1,1,1,1,1,1,1,1,1,1,1,1,1,1,1,1,1,1,1,1
OTU_7974,1,1,1,1,1,1,1,1,1,1,1,1,10,1,1,1,1,1,1,1,1,1,1,2,1,1,1,1,1,1,1,1,1,1,2,1,1,1,1,1,1,1,1,1,1,1,1,1,1,1
OTU_7975,1,1,1,1,1,1,1,1,1,1,1,1,1,1,1,1,1,1,1,1,1,1,1,1,1,1,1,1,1,1,1,1,1,1,1,1,1,1,1,1,1,1,1,1,1,1,1,1,1,1
OTU_7976,1,1,1,1,1,1,1,1,1,1,1,1,1,1,1,1,1,1,1,1,1,1,1,1,1,1,1,1,1,1,1,1,1,1,1,1,1,1,1,1,1,1,1,1,1,1,1,1,1,1
OTU_7977,1,1,1,1,1,1,1,1,1,1,1,1,1,1,1,1,1,1,1,1,1,1,1,1,1,1,1,1,1,1,1,1,1,1,1,1,1,1,1,1,1,1,1,1,1,1,1,1,1,1
OTU_7978,723,15,48,8,47,58,287,31,348,101,9,129,104,18,496,345,98,77,169,65,34,40,171,11,3,3,5,773,15,40,156,223,41,53,57,122,134,16,166,49,211,5,2,4,229,57,8,30,27,28
OTU_7979,1,1,1,1,1,1,1,1,1,1,1,1,1,1,1,1,1,1,1,1,1,1,1,1,1,1,1,1,1,1,1,1,1,1,1,1,1,1,1,1,1,1,1,1,1,1,1,1,1,1
OTU_7980,1,1,1,1,1,1,1,1,1,1,1,1,1,1,1,1,1,1,1,1,1,1,1,1,1,1,1,1,1,1,1,1,1,1,1,1,1,1,1,1,1,1,1,1,1,1,1,50,1,1
OTU_7981,1,1,1,1,1,1,1,1,1,1,1,1,1,1,1,1,1,1,1,1,1,1,1,1,1,1,1,1,1,1,1,1,1,1,1,1,1,1,1,1,1,1,1,1,1,1,1,1,1,1
OTU_7982,1,1,1,1,1,1,1,1,1,1,1,1,1,1,1,1,1,1,1,1,1,1,1,1,1,1,1,1,1,1,1,1,1,1,1,1,1,1,1,1,1,1,1,1,1,1,1,1,1,1
OTU_7983,88,228,54,95,147,40,23,63,326,97,152,205,7,444,144,91,343,6,139,14,128,1,16,278,1,50,4,9,25,326,445,27,34,132,37,52,132,17,94,15,42,318,6,2,1,270,41,195,28,54
OTU_7984,1,1,1,1,1,1,1,1,1,1,1,1,1,1,1,1,1,1,1,1,1,1,1,1,1,1,1,1,1,1,1,1,1,1,1,1,1,1,1,1,1,1,1,1,1,1,1,1,1,1
OTU_7985,1,1,1,1,1,1,1,1,1,1,1,1,1,1,1,1,1,1,1,1,1,1,1,3,1,1,1,1,1,1,1,1,1,1,1,1,1,1,1,1,1,1,1,1,1,1,1,1,1,1
OTU_7986,1,1,1,1,1,1,1,1,1,1,1,1,1,1,1,1,1,1,1,1,1,1,1,1,1,1,1,1,1,1,1,1,1,1,1,1,1,1,1,1,1,1,1,1,1,1,1,1,1,1
OTU_7987,1,1,1,1,1,1,1,1,1,1,1,1,1,1,1,1,1,1,1,1,1,1,1,1,1,1,1,1,1,1,1,1,1,1,1,1,1,1,1,1,1,1,1,1,1,1,1,1,1,1
OTU_7988,1,1,1,1,1,1,1,1,1,1,1,1,1,1,1,1,1,1,1,1,1,1,1,1,1,1,1,1,1,1,1,1,1,1,1,1,1,1,1,1,1,1,1,1,1,1,1,1,1,1
OTU_7989,1,1,1,1,1,1,1,1,1,1,1,1,1,1,1,1,1,1,1,1,1,1,1,1,1,1,1,1,1,1,1,1,1,1,1,1,1,1,1,1,1,1,1,1,1,1,1,1,1,1
OTU_7990,1,1,1,1,1,1,1,1,1,1,1,1,1,1,1,1,1,1,1,1,1,1,1,1,1,1,1,1,1,1,1,1,1,1,1,1,1,1,1,1,1,1,1,1,1,1,1,1,1,2
OTU_7991,1,1,1,1,48,8,1,2,1,1,3,1,177,1,1,4,4,34,1,1,13,2,1,2,1,12,80,1,1,1,1,1,2,124,1,1,2,131,1,2,1,60,8,1,1,1,78,4,10,29
OTU_7992,7,217,477,3,10,193,1,159,476,55,38,104,27,143,25,8,123,105,173,325,11,132,39,536,19,135,11,97,78,147,66,8,63,59,60,93,22,17,18,134,9,14,3,170,543,229,215,262,416,2
OTU_7993,1,1,1,1,1,1,1,1,1,1,1,1,1,1,1,1,1,1,1,1,1,1,1,1,1,1,1,1,1,1,1,1,1,1,1,1,1,1,1,1,1,1,1,1,1,1,1,1,1,1
OTU_7994,1,1,1,1,1,1,1,1,1,1,1,1,1,1,1,1,1,1,1,1,1,1,1,1,1,1,1,1,1,1,1,1,1,1,1,1,1,1,1,1,1,1,1,1,1,1,1,1,1,1
OTU_7995,29,1,1,90,1,1,8,1,1,1,1,2,2,1,1,1,13,2,1,1,1,1,1,3,1,1,5,1,1,28,1,1,1,1,1,1,1,2,1,1,1,1,1,1,1,11,1,1,1,1
OTU_7996,1,1,1,1,1,1,1,1,1,1,1,1,1,1,1,1,1,1,1,1,1,1,1,1,1,1,1,1,1,1,1,1,1,1,1,1,1,1,1,1,1,1,1,1,1,1,1,1,1,1
OTU_7997,1,1,1,1,1,1,1,1,1,1,1,1,1,1,1,1,1,1,1,1,1,1,1,1,1,1,1,1,1,1,1,1,1,1,1,1,1,1,1,1,1,1,1,1,1,1,1,1,1,1
OTU_7998,8,3,1,63,22,14,268,1,3,1,14,2,1,51,5,50,1,9,1,1,1,1,79,1,1,1,1,24,1,28,37,22,12,59,1,1,1,1,6,1,1,18,1,1,35,70,1,20,1,23
OTU_7999,1,1,1,1,1,1,2,1,1,1,1,1,1,1,1,1,1,1,1,1,1,1,1,1,3,1,1,1,1,1,1,1,1,1,1,1,1,1,1,1,1,1,1,1,1,1,1,12,1,1
OTU_8000,1,1,1,1,1,1,1,1,1,1,1,1,1,1,1,1,1,1,1,1,1,1,1,1,1,1,1,1,1,1,1,1,1,1,1,1,1,1,1,1,1,1,1,1,1,1,1,1,1,1
