,Site_1,Site_2,Site_3,Site_4,Site_5,Site_6,Site_7,Site_8,Site_9,Site_10,Site_11,Site_12,Site_13,Site_14,Site_15,Site_16,Site_17,Site_18,Site_19,Site_20,Site_21,Site_22,Site_23,Site_24,Site_25,Site_26,Site_27,Site_28,Site_29,Site_30,Site_31,Site_32,Site_33,Site_34,Site_35,Site_36,Site_37,Site_38,Site_39,Site_40,Site_41,Site_42,Site_43,Site_44,Site_45,Site_46,Site_47,Site_48,Site_49,Site_50
OTU_1,1,1,1,1,1,1,1,1,1,1,1,1,1,1,1,1,1,1,1,1,1,1,1,1,1,1,1,1,1,1,1,1,1,1,1,1,1,1,1,1,1,1,1,1,1,1,1,1,1,1
OTU_2,1,1,1,1,1,1,1,1,156,1,1,1,1,1,1,1,1,4,1,1,1,1,1,1,1,1,2,1,1,1,1,1,1,1,1,1,1,1,1,1,1,1,1,1,1,1,1,1,1,1
OTU_3,1,1,1,1,1,1,1,1,1,1,1,1,1,1,1,1,1,1,1,1,1,1,1,1,1,1,1,1,1,1,1,1,1,1,1,1,1,1,1,1,1,1,1,1,1,1,1,1,1,1
OTU_4,1,1,1,1,1,1,1,1,1,1,1,1,1,1,1,1,1,1,1,1,1,1,1,1,1,1,1,1,1,1,1,1,1,1,1,1,1,1,1,1,1,1,1,1,1,1,1,1,1,1
OTU_5,48,713,343,532,8,431,210,313,28,22,15,49,1,308,275,328,237,1,115,54,46,57,402,117,67,3,214,267,419,30,135,277,69,11,416,217,279,3,18,306,10,24,204,224,663,26,283,121,163,142
OTU_6,1,1,1,1,1,1,1,1,1,1,9,4,3,1,1,1,1,1,17,1,1,1,1,1,142,1,7,7,1,1,1,9,1,1,1,1,1,1,25,10,1,6,1,1,31,1,1,1,2,1
OTU_7,1,1,1,1,1,1,1,1,1,1,1,1,1,1,1,1,1,1,1,1,1,1,1,1,1,1,1,1,1,1,1,1,1,1,1,1,1,1,1,22,1,1,1,1,1,1,1,1,1,1
OTU_8,1,1,1,1,1,1,1,1,1,1,1,1,1,1,1,1,1,1,1,1,1,1,1,1,1,1,1,1,1,1,1,1,1,1,1,1,1,1,1,1,1,1,1,1,1,1,1,1,1,1
OTU_9,1,1,1,1,1,1,1,1,1,1,1,1,1,1,1,1,1,1,1,1,1,1,1,1,1,1,1,1,1,1,1,1,1,1,1,1,1,1,1,1,1,1,1,1,1,1,1,1,1,1
OTU_10,1,1,1,1,1,1,1,1,4,1,1,1,151,3,1,1,1,2,1,3,1,3,2,1,1,209,1,1,1,6,1,1,8,1,1,3,1,1,7,1,1,1,1,3,1,1,18,1,1,1
OTU_11,126,110,226,285,229,59,217,570,436,77,113,522,538,242,178,96,44,74,135,33,113,296,586,647,385,29,115,699,23,704,323,442,161,274,809,290,773,233,590,310,164,134,53,76,281,345,95,41,98,47
OTU_12,1,1,1,1,1,1,1,1,1,1,1,1,1,1,1,1,1,1,1,1,1,1,1,1,1,1,1,1,1,1,1,1,1,1,1,1,1,1,1,1,1,1,1,1,1,1,1,1,1,1
OTU_13,1,1,1,1,1,1,1,1,1,1,1,1,1,1,1,1,1,1,1,1,1,1,1,1,1,1,1,1,1,1,1,1,1,1,1,1,1,1,1,1,1,1,1,1,1,1,1,1,1,1
OTU_14,1,1,1,1,1,1,1,1,1,1,1,1,1,1,1,1,1,1,1,1,1,1,1,1,1,1,1,1,1,1,1,1,1,1,1,1,1,1,1,1,1,1,1,1,1,1,1,1,1,1
OTU_15,1,1,1,1,1,1,1,1,1,1,1,1,1,1,1,1,1,1,1,1,1,1,1,1,1,1,1,1,1,1,1,1,1,1,1,1,1,1,1,1,1,1,1,1,1,1,1,1,1,1
OTU_16,1,1,1,1,1,1,1,1,1,1,1,1,1,1,1,1,1,1,1,1,1,1,1,1,1,1,1,1,1,1,1,1,1,1,1,1,1,1,1,1,1,1,1,1,1,1,1,1,1,1
OTU_17,1,1,1,1,1,1,1,1,1,1,1,1,1,1,1,1,1,1,1,1,52,1,1,1,1,1,1,1,1,1,1,1,1,1,1,1,1,1,1,1,1,1,1,1,1,1,1,1,1,1
OTU_18,1,1,1,1,1,1,1,1,1,1,1,1,1,1,1,1,1,1,1,1,1,1,1,1,1,1,1,1,1,1,1,1,1,1,1,1,1,1,1,1,1,1,1,1,1,1,1,1,1,1
OTU_19,1,1,1,1,1,1,1,1,1,1,1,1,1,1,1,1,3,1,1,1,1,1,1,1,1,1,1,1,1,1,1,1,1,1,1,1,1,1,1,1,1,1,1,1,3,1,1,1,1,1
OTU_20,31,130,75,177,328,19,7,1,31,14,127,283,146,28,416,43,152,5,34,18,33,225,13,31,48,27,978,65,434,11,56,24,55,153,15,2,1,21,59,3,2,197,57,1,22,404,738,79,65,696
OTU_21,1,1,1,1,1,1,1,1,1,1,1,1,1,1,1,1,1,1,1,1,1,1,1,1,1,1,1,1,1,1,1,1,1,1,1,1,1,1,1,1,1,1,1,1,1,1,1,1,1,1
OTU_22,119,1,1,1,1,1,1,1,1,1,1,1,1,1,5,1,1,1,1,1,1,1,78,1,1,1,1,1,1,1,1,1,1,1,1,1,63,1,1,1,1,1,1,1,143,4,1,1,1,1
OTU_23,1,1,1,1,1,1,1,1,5,1,1,1,1,1,1,45,1,1,1,1,1,4,1,1,1,1,1,1,1,1,1,1,1,1,1,1,1,1,1,1,1,2,2,1,1,1,1,1,1,1
OTU_24,1,1,1,1,1,1,1,1,1,1,1,1,1,1,1,1,1,1,1,1,1,1,1,1,1,1,1,1,1,1,1,1,1,1,1,1,1,1,1,1,1,1,1,1,1,1,1,1,1,1
OTU_25,1,1,1,1,1,1,1,1,1,1,1,1,1,1,1,1,1,1,1,1,1,1,1,1,1,1,1,1,1,1,1,1,1,1,1,1,1,1,1,1,1,1,1,1,1,1,1,1,1,1
OTU_26,1,1,1,1,1,1,1,1,1,1,1,1,1,1,1,1,1,1,1,1,1,1,1,1,1,1,1,1,1,1,1,1,1,1,1,1,1,1,1,1,1,1,1,1,1,1,1,1,1,1
OTU_27,1,1,1,1,1,1,1,1,1,1,1,1,1,1,1,1,1,1,1,1,1,1,1,1,1,1,1,1,1,1,1,1,1,1,1,1,1,1,1,1,1,1,1,1,1,1,1,1,1,1
OTU_28,1,1,1,1,1,1,1,1,1,1,1,1,1,1,1,1,1,1,1,1,1,1,1,6,1,1,1,174,1,1,1,1,1,1,1,255,1,1,1,1,1,1,1,1,1,1,3,1,1,1
OTU_29,1,1,1,1,1,1,1,1,1,1,1,1,1,1,1,1,1,1,1,1,1,1,1,1,1,1,1,1,1,1,1,1,1,1,1,1,1,1,1,1,1,1,1,1,1,1,1,1,1,1
OTU_30,1,1,1,1,1,1,1,1,1,1,1,1,1,1,1,1,1,1,1,1,1,1,1,1,1,1,1,1,1,1,1,1,1,1,1,1,1,1,1,1,1,1,1,1,1,1,1,1,1,1
OTU_31,1,1,1,1,1,1,1,1,1,1,1,1,1,1,1,1,1,2,1,1,1,1,1,1,1,1,1,1,1,1,1,1,1,1,1,1,1,1,1,1,1,1,1,1,1,1,1,1,1,1
OTU_32,1,1,1,1,1,1,1,1,1,1,1,1,1,1,1,1,1,1,1,1,1,1,1,1,1,1,1,1,1,1,1,1,1,1,1,1,1,1,1,1,1,1,1,1,1,1,1,1,1,1
OTU_33,209,138,552,21,299,41,117,230,96,28,28,263,93,220,495,433,172,165,103,62,37,336,157,368,83,245,260,58,208,99,585,235,653,1,109,127,58,465,353,77,150,129,109,49,74,43,574,218,270,111
OTU_34,23,155,173,21,121,1094,34,402,42,1083,241,493,91,716,182,270,492,248,413,894,227,431,188,308,50,203,181,892,148,18,72,432,974,165,124,787,607,77,64,159,109,551,172,125,311,35,8,154,285,184
OTU_35,1,1,1,1,1,1,1,1,1,1,1,1,1,1,1,1,1,1,1,1,1,1,1,1,1,1,1,1,1,1,1,1,1,1,1,1,1,1,1,1,1,1,1,1,1,1,1,1,1,1
OTU_36,1,1,1,1,1,1,1,1,1,1,1,1,1,1,1,1,1,1,1,1,1,1,1,1,1,1,1,1,1,1,1,1,1,1,1,1,1,1,1,1,1,1,1,1,1,1,1,1,1,1
OTU_37,1,1,1,1,1,1,1,1,1,1,1,1,1,1,1,1,1,1,1,1,1,1,1,1,1,1,1,1,1,1,1,1,1,1,1,1,1,1,1,1,1,1,1,1,1,1,1,1,1,1
OTU_38,1,1,1,1,1,1,1,1,1,1,1,1,1,1,1,1,1,1,1,1,1,1,1,1,1,1,1,1,1,1,1,1,1,1,1,1,1,1,1,1,1,1,1,1,1,1,1,1,1,1
OTU_39,1,1,1,1,1,1,1,1,1,1,1,1,1,1,1,1,1,1,1,1,1,1,1,1,1,1,1,1,1,1,1,1,1,1,1,1,1,1,1,1,1,1,1,1,1,1,1,1,1,1
OTU_40,1,1,1,1,1,1,1,1,1,1,1,1,1,1,1,1,1,1,1,1,1,1,1,1,1,1,1,1,1,1,1,1,1,1,1,1,1,1,1,1,1,1,1,1,1,1,1,1,1,1
OTU_41,1,1,1,1,1,1,1,1,1,1,1,1,1,1,1,1,1,1,1,1,1,1,1,2,1,1,1,1,1,1,1,1,1,1,1,1,1,1,1,1,1,1,1,1,1,1,1,1,1,1
OTU_42,1,1,1,1,1,1,1,1,1,1,1,1,1,1,1,1,1,1,1,1,1,1,1,1,1,1,1,1,1,1,1,1,1,1,1,1,1,1,1,1,1,1,1,1,1,1,1,1,1,1
OTU_43,1,1,1,1,1,1,1,1,1,1,1,1,1,1,1,1,1,1,1,1,1,1,1,1,1,1,1,1,1,1,1,1,1,1,1,1,1,1,1,1,1,1,1,1,1,1,1,1,1,1
OTU_44,1,1,1,1,1,1,1,1,1,1,1,1,1,1,1,1,1,1,1,1,1,1,1,1,1,1,1,1,1,1,1,1,1,1,1,1,1,1,1,1,1,1,1,1,1,1,1,1,1,1
OTU_45,1,1,1,1,1,1,1,1,1,1,1,1,1,1,1,1,1,1,1,1,1,1,1,1,1,1,1,1,1,2,1,1,1,1,1,1,1,1,1,1,1,1,1,1,1,1,1,1,1,1
OTU_46,1,5,1,1,1,1,1,1,1,1,1,1,1,1,1,1,1,1,1,1,1,1,1,1,1,1,1,1,1,1,1,1,1,1,1,1,1,1,1,1,4,3,1,1,1,1,4,5,1,1
OTU_47,1,2,1,1,1,19,1,1,1,1,1,1,19,1,1,1,1,1,2,1,2,1,1,1,1,1,4,1,1,1,1,1,1,1,120,1,1,1,4,1,1,1,1,1,1,110,1,1,1,1
OTU_48,1,1,1,1,1,1,1,1,1,1,1,1,1,1,1,1,1,1,1,1,1,1,1,1,1,1,1,1,1,1,1,1,1,1,1,1,1,1,1,1,1,1,1,1,1,1,1,1,1,1
OTU_49,1,1,1,5,1,1,1,1,1,1,1,1,1,1,1,1,3,1,1,1,1,1,1,1,1,1,1,1,1,1,1,1,1,1,1,1,1,1,1,1,1,1,1,1,1,1,1,1,1,1
OTU_50,1,1,1,1,1,1,1,1,1,1,1,1,1,1,1,1,1,1,1,1,1,1,1,1,1,1,1,1,1,1,1,1,1,1,1,1,1,1,1,1,1,1,1,1,1,1,1,1,1,1
OTU_51,1,1,1,1,1,1,1,1,1,1,1,1,1,1,1,1,1,1,1,1,1,1,1,1,1,1,1,1,1,1,1,1,1,1,1,1,1,1,1,1,1,1,1,1,1,1,1,1,1,1
OTU_52,6,1,1,1,1,1,1,1,1,41,1,1,1,1,1,1,1,1,1,1,1,1,1,1,1,1,1,1,1,5,1,20,1,1,1,1,1,1,1,1,1,1,1,1,1,1,1,1,1,1
OTU_53,2,1,1,271,3,1,1,1,1,1,38,1,2,1,1,1,1,1,1,1,1,1,74,1,1,1,3,1,77,258,1,1,1,1,19,1,1,1,1,3,22,3,139,400,4,1,311,1,1,1
OTU_54,1,142,43,5,712,11,125,98,5,6,76,216,134,87,1,31,2,6,84,3,5,123,1,1,323,7,66,325,1,1,2,265,50,206,79,394,215,1,1,8,24,99,11,352,8,33,1,4,1,2
OTU_55,18,37,1,2,24,2,32,1,1,1,1,1,1,1,47,1,4,51,1,1,508,179,302,63,3,31,23,1,1,30,21,9,1,7,1,15,25,1,1,110,633,1,1,2,38,1,1,263,1,2
OTU_56,1,1,1,1,1,841,1,1,1,1,1,1,1,1,3,1,8,1,1,1,1,1,1,22,1,1,1,1,1,1,1,1,1,1,1,11,1,1,1,1,1,1,1,1,1,1,1,1,1,1
OTU_57,116,804,212,351,8,9,135,18,3,383,19,85,252,94,42,59,83,108,55,15,244,204,422,361,168,15,15,48,204,11,162,7,26,463,17,5,828,425,40,259,152,252,476,188,5,94,47,308,30,363
OTU_58,1,1,1,1,1,1,1,1,1,1,1,1,1,1,1,1,1,1,1,1,1,1,1,1,1,1,1,1,1,1,1,1,1,1,1,1,1,1,1,1,1,1,1,1,1,1,1,1,1,1
OTU_59,1,1,1,1,1,1,1,1,1,1,1,1,1,1,1,1,1,1,1,1,1,1,1,1,1,1,1,1,1,1,1,1,1,1,1,1,1,1,1,1,1,1,1,1,1,1,1,1,1,1
OTU_60,440,1,1,1,9,1,1,1,1,1,1,1,1,1,1,1,1,1,1,1,1,1,1,1,1,1,1,1,1,1,1,1,1,1,9,1,1,1,1,1,1,1,1,1,1,1,1,1,1,1
OTU_61,1,1,1,1,1,1,1,1,1,1,1,1,1,1,1,1,1,181,1,1,7,1,1,1,1,1,1,1,1,1,1,1,1,1,2,1,1,1,1,1,1,1,1,1,1,1,1,1,1,1
OTU_62,1,1,1,1,1,1,1,1,1,1,1,1,1,1,1,1,1,1,1,1,1,1,1,1,1,1,1,1,1,1,1,1,1,1,1,1,1,1,1,1,1,1,1,1,1,1,1,1,1,1
OTU_63,1,1,1,1,1,1,1,1,1,1,1,1,1,1,1,1,1,1,1,1,1,1,1,1,1,1,1,1,1,1,1,1,1,1,1,1,1,1,1,1,1,1,1,1,1,1,1,1,1,1
OTU_64,1,1,1,1,1,1,1,1,1,1,1,1,1,1,1,1,1,1,1,1,1,1,1,1,1,1,1,1,1,1,1,1,1,1,1,1,1,1,1,1,1,1,1,1,1,1,1,1,1,1
OTU_65,1,1,1,27,1,1,1,5,1,1,1,1,1,1,1,1,1,15,1,1,1,1,1,1,1,1,1,1,1,1,1,1,1,1,1,1,1,1,1,1,1,1,1,1,10,1,1,1,1,1
OTU_66,82,146,12,2,1,226,14,2,52,8,15,1,10,7,161,106,73,6,60,4,3,140,12,5,9,1,46,11,9,74,2,1,7,73,211,65,6,1,113,4,1,51,20,11,1,91,499,13,1,1
OTU_67,1,1,1,1,1,1,1,1,1,1,1,1,1,1,1,1,1,1,1,1,1,1,1,1,1,1,1,1,1,1,1,1,1,1,1,1,1,1,1,1,1,1,1,1,1,1,1,1,1,1
OTU_68,1,41,11,9,1,1,1,1,35,1,1,1,1,1,1,1,51,1,1,1,585,1,5,1,1,14,1,3,1,1,1,1,59,1,1,1,1,1,1,17,62,45,1,1,1,2,16,1,1,1
OTU_69,1,1,1,1,1,1,1,1,1,1,1,1,1,1,1,1,1,1,1,1,1,1,1,1,1,1,1,1,1,1,1,1,1,1,1,1,1,1,1,1,1,1,1,1,1,1,1,1,1,1
OTU_70,1,1,2,1,1,1,1,4,1,1,1,1,1,1,13,1,1,144,1,1,1,1,1,1,1,1,1,9,1,1,1,1,1,1,1,1,1,1,2,1,1,20,1,1,1,1,1,1,1,41
OTU_71,1,1,1,1,1,1,1,1,1,1,1,1,1,1,1,1,1,1,1,1,1,1,1,1,1,1,1,1,1,1,1,1,1,1,1,1,1,1,1,1,1,1,1,1,1,1,1,1,1,1
OTU_72,1,1,1,1,1,1,1,1,1,1,1,1,1,1,1,1,1,1,1,1,1,1,1,1,1,1,1,1,1,1,1,1,1,1,1,1,1,1,1,1,1,1,1,1,1,1,1,1,1,1
OTU_73,1,1,1,1,1,1,1,1,1,1,1,1,1,1,1,1,1,1,1,1,1,1,1,1,1,1,1,1,1,1,1,1,1,1,1,1,1,1,1,1,1,1,1,1,1,1,1,1,1,1
OTU_74,1,53,1,1,2,1,2,1,1,1,1,1,138,1,6,1,1,32,7,1,1,1,1,12,1,106,1,167,1,1,62,2,108,1,1,1,1,1,14,1,1,1,1,1,1,1,1,1,109,149
OTU_75,1,1,1,1,1,1,1,1,1,1,1,1,1,1,1,1,1,1,1,1,1,1,1,1,1,1,1,1,1,1,1,1,1,1,1,1,1,1,1,1,1,1,1,1,1,1,1,1,1,1
OTU_76,1,1,1,1,1,1,1,1,1,61,1,1,1,27,1,1,1,1,1,1,1,1,1,1,1,1,1,1,1,1,1,1,1,1,1,1,1,1,1,1,1,5,1,1,1,1,1,1,1,1
OTU_77,1,1,462,5,1,204,1,1,1,1,1,1,1,1,1,1,1,1,1,5,1,1,75,1,1,1,1,2,1,1,1,1,51,1,1,1,1,49,1,1,1,24,1,68,1,1,1,170,1,1
OTU_78,394,34,329,195,333,485,151,221,408,391,284,136,277,49,850,128,63,301,700,376,330,38,41,120,416,13,142,100,10,291,255,47,95,322,529,61,210,422,43,81,61,540,11,216,266,73,201,268,32,82
OTU_79,1,1,1,1,1,1,1,1,1,1,1,1,1,1,1,1,1,1,1,1,1,1,1,1,1,1,1,1,1,1,1,1,1,1,1,1,1,1,1,1,1,1,1,1,1,1,1,1,1,1
OTU_80,1,1,1,16,44,1,1,1,1,1,1,1,2,10,1,5,1,1,1,1,1,1,1,1,1,1,5,1,5,1,4,1,1,1,1,13,1,1,1,1,1,3,1,1,347,1,1,1,3,1
OTU_81,1,1,1,1,1,1,1,1,1,1,1,1,1,1,1,1,1,1,1,1,1,1,1,1,1,1,1,1,1,1,1,1,1,4,1,1,1,1,1,1,1,1,1,1,1,1,1,1,1,1
OTU_82,1,1,1,1,1,1,1,1,1,1,1,1,1,1,1,1,1,1,1,1,1,1,1,1,1,1,1,1,1,1,1,1,1,1,1,1,1,1,1,1,1,1,1,1,1,1,1,1,1,1
OTU_83,7,1,1,1,1,54,5,153,2,2,1,1,1,10,1,1,3,1,1,4,1,23,3,1,1,1,5,12,1,2,1,1,245,3,2,171,1,2,8,1,57,1,1,1,1,30,1,10,72,1
OTU_84,1,1,1,1,1,1,1,1,1,1,1,1,1,1,1,1,1,1,1,1,1,1,1,1,1,1,1,1,1,1,1,1,1,1,1,1,1,1,1,1,1,1,1,1,1,1,1,1,1,1
OTU_85,1,1,1,1,1,1,1,1,146,1,1,1,1,1,1,1,1,1,1,1,1,1,1,1,2,1,1,1,1,1,1,3,1,1,11,1,1,1,1,163,6,1,1,1,1,1,1,1,1,1
OTU_86,1,1,1,1,1,1,1,1,1,1,1,1,1,1,1,1,1,1,1,1,1,1,1,1,1,1,1,1,1,1,1,1,1,1,1,1,1,1,1,1,1,1,1,1,1,1,1,1,1,1
OTU_87,1,1,1,1,1,1,1,1,1,1,1,1,1,1,1,1,1,1,1,1,1,1,1,1,1,1,1,154,1,1,1,1,1,1,1,1,1,1,1,1,1,1,1,1,1,1,1,1,1,1
OTU_88,324,31,88,2,1,10,5,119,168,185,99,50,1,210,158,7,7,3,10,1,64,1,45,5,41,1,103,1,72,408,131,1,15,295,146,208,1,1,1,5,322,4,36,20,298,2,225,233,26,1
OTU_89,1,1,1,1,1,1,1,1,1,1,1,1,1,1,1,1,1,1,1,1,1,1,1,1,1,1,1,1,1,1,1,1,1,1,1,1,1,1,1,1,1,1,1,1,1,1,1,1,1,1
OTU_90,1,1,19,1,1,19,1,212,1,4,1,1,1,10,1,1,1,1,1,1,1,289,1,1,1,1,1,1,1,1,1,1,1,1,1,1,1,31,1,1,70,1,1,1,1,1,1,1,1,1
OTU_91,1,1,1,1,1,1,1,1,1,1,1,1,1,1,1,1,1,1,1,1,1,1,1,1,1,1,1,1,1,1,1,1,1,1,1,1,1,1,1,1,1,1,1,1,1,1,1,1,1,1
OTU_92,1,1,1,1,1,1,1,1,1,1,1,1,1,1,1,1,1,1,1,1,1,1,1,1,1,1,1,1,1,1,1,1,1,1,1,1,1,1,1,1,1,1,1,1,1,1,1,1,1,1
OTU_93,1,1,13,1,1,1,1,1,1,1,1,5,1,1,1,23,1,1,1,11,1,1,1,1,1,1,1,32,1,1,1,1,1,1,1,1,1,1,1,1,1,1,1,1,1,1,1,1,1,12
OTU_94,1,1,1,1,1,1,1,1,1,1,1,1,1,1,1,1,1,1,1,1,1,1,1,1,1,1,1,1,1,1,1,1,1,1,1,1,1,1,1,1,1,1,1,1,1,1,1,1,1,1
OTU_95,1,1,1,1,1,1,1,1,1,1,1,1,1,1,1,1,1,1,1,1,1,1,1,1,1,1,1,1,1,1,1,1,1,1,1,1,1,1,1,1,1,1,1,1,1,1,1,1,1,1
OTU_96,1,1,1,1,1,1,1,1,1,1,1,1,1,1,1,1,1,1,1,1,1,1,1,1,1,1,1,1,1,1,1,1,1,1,1,1,1,1,1,1,1,1,1,1,1,1,1,1,1,1
OTU_97,1,1,1,1,1,1,1,1,1,1,1,1,1,1,1,1,1,1,1,1,1,1,1,1,1,1,1,1,1,1,1,1,1,1,1,1,1,1,1,1,1,1,1,1,1,1,1,1,1,1
OTU_98,1,1,1,1,1,1,1,1,1,1,1,1,1,1,1,1,1,1,1,1,1,1,1,1,1,1,1,1,1,1,1,1,1,1,1,1,1,1,1,1,1,1,1,1,1,1,1,1,1,1
OTU_99,1,1,1,1,1,1,1,1,1,1,1,1,1,1,1,1,2,1,1,1,1,1,1,1,86,80,1,1,1,1,1,1,1,1,1,1,1,1,1,1,1,1,1,1,1,1,12,1,1,157
OTU_100,1,1,1,1,1,1,1,1,1,1,1,1,1,1,1,1,1,1,1,1,1,1,1,1,1,1,1,1,1,1,1,1,1,1,1,1,1,1,1,1,1,1,1,1,1,1,1,1,1,1
OTU_101,1,1,1,1,1,1,1,7,1,1,1,4,1,1,1,1,1,1,1,1,1,1,1,1,1,1,1,1,1,1,1,1,1,1,1,1,1,1,2,2,1,1,1,1,1,1,1,1,1,1
OTU_102,1,1,1,1,1,1,1,1,1,1,1,1,1,1,1,1,1,1,1,1,1,1,1,1,1,1,1,1,1,1,1,1,1,1,1,1,1,1,1,1,1,1,1,1,1,1,1,1,1,1
OTU_103,1,1,1,1,1,1,1,1,1,1,1,1,1,1,1,1,1,1,1,1,1,1,1,1,1,1,1,1,1,1,1,1,1,1,1,1,1,1,1,1,1,1,1,1,1,1,1,1,1,1
OTU_104,1,1,1,1,1,128,1,1,1,1,1,1,1,1,1,1,1,1,1,1,1,1,2,1,5,1,1,1,1,1,1,1,1,1,1,1,1,1,1,1,1,1,1,1,1,1,1,1,1,1
OTU_105,28,1,1,1,1,1,32,1,1,1,2,1,1,1,1,1,1,1,1,1,1,1,1,1,1,1,2,1,1,1,1,1,1,90,1,1,1,1,1,1,1,4,1,1,1,1,1,1,1,1
OTU_106,1,1,1,1,1,1,1,1,1,1,1,1,1,1,1,1,1,1,1,1,1,1,1,1,1,1,1,1,1,1,1,1,1,1,1,1,1,1,1,1,1,1,1,1,1,1,1,1,1,1
OTU_107,1,1,1,1,1,1,1,1,1,2,1,1,1,1,1,1,1,1,1,1,1,1,1,1,1,1,1,1,1,1,1,1,1,1,1,1,1,1,1,1,1,1,1,1,1,1,1,1,1,1
OTU_108,1,1,1,1,1,1,1,1,1,1,1,1,1,1,1,1,1,1,1,1,1,1,1,1,6,1,1,1,1,3,1,1,1,1,1,1,1,8,1,1,1,1,1,1,1,1,1,1,84,1
OTU_109,73,212,35,60,110,3,245,209,96,6,303,487,134,23,23,44,305,4,208,184,2,27,2,39,2,1,311,112,23,224,70,59,5,2,7,147,5,139,105,29,3,81,1,49,30,63,9,1437,91,5
OTU_110,1,1,1,1,1,1,1,1,1,1,1,1,1,1,1,1,1,1,1,1,1,1,1,1,1,1,1,1,1,1,1,1,1,1,1,1,1,1,1,1,1,1,1,1,1,1,1,1,1,1
OTU_111,1,1,1,1,1,1,1,1,1,1,1,1,1,1,1,1,1,1,1,1,1,1,1,1,1,1,1,1,1,1,1,1,1,1,1,1,1,1,1,1,1,1,1,1,1,1,1,1,1,1
OTU_112,1,1,1,1,1,1,1,1,1,1,1,1,1,1,1,1,1,1,1,1,1,1,1,1,1,1,1,1,1,1,1,1,1,1,1,1,1,1,1,1,1,1,1,1,1,1,1,1,1,1
OTU_113,1,1,1,1,1,1,1,1,1,1,1,1,1,1,1,1,1,1,1,1,1,1,1,1,1,1,1,1,1,1,1,1,1,1,1,1,1,1,1,1,1,1,1,1,1,1,1,1,1,1
OTU_114,1,1,1,1,1,1,1,1,1,1,1,1,1,1,1,1,1,1,1,1,1,1,1,1,1,1,1,1,1,1,1,1,1,1,1,1,1,1,1,1,1,1,1,1,1,1,1,1,1,1
OTU_115,1,1,1,1,1,1,1,1,1,1,1,1,1,1,1,1,1,1,1,1,1,1,1,1,1,1,1,1,1,1,1,1,1,1,1,1,1,1,1,1,1,1,1,1,1,1,1,1,1,1
OTU_116,2,1,1,1,1,1,2,1,1,2,1,1,1,1,1,1,51,1,1,1,1,1,1,6,1,1,1,1,35,1,1,1,1,1,1,1,1,1,1,68,1,1,1,1,1,1,1,192,1,1
OTU_117,1,1,1,1,1,1,1,1,1,1,1,1,1,1,1,1,1,1,1,1,1,1,1,1,1,1,1,1,1,1,1,1,1,1,1,1,1,1,1,1,1,1,1,1,1,1,1,1,1,1
OTU_118,1,1,1,1,1,1,1,1,1,1,1,1,1,1,1,1,1,1,1,1,1,1,1,1,1,1,1,1,1,1,1,1,1,1,1,1,1,1,1,1,1,1,1,1,1,1,1,1,1,1
OTU_119,1,1,1,1,1,1,1,1,1,1,1,1,1,1,1,1,1,1,1,1,1,1,1,1,1,1,1,1,1,1,1,1,1,1,1,1,1,1,1,1,1,1,1,1,1,1,1,1,1,1
OTU_120,1,1,1,3,5,1,1,1,1,3,1,1,1,1,1,1,1,1,44,1,1,1,1,104,1,7,4,1,1,1,1,1,1,1,1,1,1,3,1,1,3,1,1,1,1,1,10,1,1,1
OTU_121,1,1,1,20,1,1,1,1,1,1,1,281,1,1,1,1,1,1,1,1,1,1,1,1,1,1,1,1,257,1,1,1,1,1,1,1,1,1,1,1,1,1,1,1,1,1,1,1,1,1
OTU_122,298,584,52,20,114,250,18,460,1,28,738,7,10,39,199,5,55,199,403,3,185,137,568,382,34,3,375,191,253,147,55,13,63,35,259,47,388,126,236,11,1,78,127,29,5,95,150,686,228,146
OTU_123,1,1,1,1,1,1,1,1,1,1,1,1,1,1,1,1,1,1,1,1,1,1,1,1,1,1,1,1,1,1,1,1,1,1,1,1,1,1,1,1,1,1,1,1,1,1,1,1,1,1
OTU_124,1,1,1,1,1,1,1,1,1,1,1,1,1,1,1,1,1,1,1,1,1,1,1,1,1,1,1,1,1,1,1,1,1,1,1,1,1,1,1,1,1,1,1,1,1,1,1,1,1,1
OTU_125,1,1,1,1,1,1,1,1,40,2,1,1,40,1,1,1,1,1,1,1,1,1,1,1,1,1,41,1,1,1,1,1,1,1,1,1,1,1,1,1,1,1,1,1,5,1,1,1,1,1
OTU_126,1,1,1,1,1,1,1,1,1,1,1,1,1,1,1,1,1,1,1,1,1,1,1,1,1,1,1,1,1,1,1,1,1,1,1,1,1,1,1,1,1,1,1,1,1,1,1,1,1,1
OTU_127,1,1,1,1,1,1,1,1,1,1,1,1,1,1,1,1,1,1,1,1,1,1,1,1,1,1,1,1,1,1,1,1,1,1,1,1,1,1,1,1,1,1,1,1,1,1,1,1,1,1
OTU_128,593,78,39,141,76,333,150,471,76,499,428,131,481,388,121,223,375,70,53,248,306,101,213,426,301,150,438,72,185,14,168,392,147,115,32,231,291,85,315,65,526,332,682,45,506,374,177,14,264,35
OTU_129,1,1,1,1,1,1,1,1,1,1,1,1,1,1,1,1,1,1,1,1,1,1,1,1,1,1,1,1,1,1,1,1,1,1,1,1,1,1,1,1,1,1,1,1,1,1,1,1,1,1
OTU_130,1,1,1,1,1,1,1,1,1,1,1,1,1,1,1,1,1,1,1,1,1,1,1,1,1,1,1,1,1,1,1,1,1,1,1,1,1,1,1,1,1,1,1,1,1,1,1,1,1,1
OTU_131,13,83,186,4,28,226,471,5,475,130,70,20,174,25,16,269,669,4,65,36,18,57,264,55,25,14,1,8,205,199,520,152,1,50,203,12,14,4,16,20,85,133,139,14,47,1,529,8,18,1
OTU_132,1,1,1,1,2,1,1,1,1,1,1,1,1,1,1,1,1,1,1,1,1,1,1,1,1,1,1,1,1,1,1,1,1,1,1,1,1,1,1,1,1,1,1,1,1,1,1,1,1,1
OTU_133,1,1,1,1,1,1,1,1,1,1,1,1,1,1,1,1,1,1,1,1,1,1,1,1,1,1,1,1,1,1,1,1,1,1,1,1,1,1,1,1,1,1,1,1,1,1,1,1,1,1
OTU_134,1,1,1,1,1,1,1,1,1,1,1,1,1,1,1,1,3,1,1,1,1,1,1,1,1,1,1,1,1,1,1,1,1,1,1,1,1,1,1,1,1,1,1,1,1,1,1,1,1,1
OTU_135,1,1,1,1,1,1,1,1,1,1,1,1,1,1,1,1,1,1,1,1,1,1,1,1,1,1,1,1,1,1,1,1,1,1,1,1,1,1,1,1,1,1,1,1,1,1,1,1,1,1
OTU_136,482,463,154,95,935,141,414,153,1230,267,223,335,452,1268,151,911,373,192,35,403,327,504,1306,825,546,528,473,53,129,173,615,140,622,178,717,157,269,235,494,67,129,160,118,200,204,102,477,80,228,436
OTU_137,1,1,1,1,1,1,1,1,1,1,1,1,1,1,1,1,1,1,1,1,1,1,1,1,1,1,1,1,1,1,1,1,1,1,1,1,1,1,1,1,1,1,1,1,1,1,1,1,1,1
OTU_138,1,1,1,1,1,1,1,1,1,1,1,1,1,1,1,1,1,1,1,1,1,1,1,1,1,1,1,1,1,1,1,1,1,1,1,1,1,1,1,1,1,1,1,1,1,1,1,1,1,1
OTU_139,2,1,1,1,1,1,16,41,1,18,3,1,10,1,1,1,54,38,1,7,18,9,2,1,30,7,2,1,1,1,1,1,1,11,1,28,47,6,8,1,1,2,12,61,1,1,3,4,171,1
OTU_140,1,1,1,1,1,1,1,1,1,1,1,1,1,1,1,1,1,1,1,1,1,1,1,1,1,1,1,1,1,1,1,1,1,1,1,1,1,1,1,1,1,1,1,1,1,1,1,1,1,1
OTU_141,1,1,1,1,1,1,1,1,1,1,1,1,1,1,1,1,1,1,1,1,1,1,1,1,1,1,1,1,1,1,1,1,1,1,1,1,1,1,1,1,1,1,1,1,1,1,1,1,1,1
OTU_142,20,607,395,48,260,143,266,43,92,100,66,296,70,356,107,111,11,459,558,202,686,213,614,211,592,12,45,236,128,242,82,184,273,17,147,190,69,1123,152,11,56,13,494,132,82,236,223,290,318,136
OTU_143,379,8,86,62,1,46,3,46,1,30,96,5,151,2,10,81,1,135,29,278,1,20,57,7,51,4,403,10,1,4,1,1,1,1,123,12,2,43,4,298,1,128,41,78,174,4,100,17,9,156
OTU_144,1,1,1,1,1,1,1,1,1,1,1,1,1,1,1,1,1,1,1,1,1,1,1,1,1,1,1,1,1,1,1,1,1,1,1,1,1,1,1,1,1,1,1,1,1,1,1,1,1,1
OTU_145,1,1,1,1,1,1,1,1,1,1,1,1,1,1,1,1,1,1,1,1,1,1,1,1,1,1,1,1,1,1,1,1,1,1,1,1,1,1,1,1,1,1,1,1,1,1,1,1,1,1
OTU_146,1,1,1,1,1,1,1,1,1,1,1,1,1,1,1,1,1,1,1,1,1,1,1,1,1,1,1,1,1,1,1,1,1,1,1,1,1,1,1,1,1,1,1,1,1,1,1,1,1,1
OTU_147,2,2,1,2,23,1,8,1,1,1,1,47,1,1,1,146,1,1,1,1,37,115,1,1,1,1,1,17,1,1,1,1,1,1,1,1,1,1,1,1,32,1,3,10,1,1,1,1,114,1
OTU_148,1,1,1,1,1,1,1,1,1,1,1,1,1,1,1,1,1,1,1,1,1,1,1,1,1,1,1,1,1,1,1,1,1,1,1,1,1,1,1,1,1,1,1,1,1,1,1,1,1,1
OTU_149,1,10,1,1,1,1,1,1,1,1,1,1,1,1,2,1,1,1,1,1,1,1,1,1,1,1,1,1,1,1,1,1,2,1,1,1,1,1,1,1,1,1,1,1,1,65,1,1,1,1
OTU_150,1,1,1,1,1,1,1,1,1,1,1,1,1,1,1,1,1,1,1,1,1,1,1,1,1,1,1,1,1,1,1,1,1,1,1,1,1,1,1,1,1,1,1,1,1,1,1,1,1,1
OTU_151,1,1,1,76,1,7,5,2,1,103,1,67,28,3,1,1,1,4,5,103,267,1,1,16,1,1,59,1,107,1,1,1,2,361,143,1,28,1,1,1,97,16,82,1,1,1,2,1,1,1
OTU_152,1,1,1,1,1,1,1,1,1,1,1,1,1,1,1,1,1,1,1,1,1,1,1,1,1,1,1,1,1,1,1,1,1,1,1,1,1,1,1,1,1,1,1,1,1,1,1,1,1,1
OTU_153,1,1,1,1,1,1,1,1,1,1,1,1,1,1,1,1,1,1,1,1,1,1,1,1,1,1,1,1,1,1,1,1,1,1,1,1,1,1,1,1,1,1,1,1,1,1,1,1,1,1
OTU_154,1,1,1,1,1,1,1,1,1,1,1,1,1,1,1,1,2,1,1,1,1,1,1,1,1,1,1,1,1,1,1,1,1,1,1,1,1,1,1,1,1,1,1,1,1,1,1,1,1,1
OTU_155,1,1,10,1,1,1,1,1,1,2,1,1,1,2,1,1,1,1,1,1,1,1,1,1,1,1,1,1,1,1,1,1,1,1,9,1,1,1,1,1,1,1,1,1,1,1,1,1,1,1
OTU_156,1,1,1,1,1,1,1,1,1,1,1,1,1,1,1,1,1,1,1,1,1,1,1,1,1,1,1,1,1,1,1,1,1,1,1,1,1,1,1,1,1,1,1,1,1,1,1,1,1,1
OTU_157,1,1,1,1,1,1,1,1,1,1,1,1,1,1,1,1,1,1,1,1,1,1,1,1,1,1,1,1,1,1,1,1,1,1,1,1,1,1,1,1,1,1,1,1,1,1,1,1,1,1
OTU_158,1,1,1,1,1,1,1,1,1,1,1,1,1,1,1,1,1,1,1,1,1,1,1,1,1,1,1,1,1,1,1,1,1,1,1,1,1,1,1,1,1,1,1,1,1,1,1,1,1,1
OTU_159,1,1,1,1,9,1,1,3,1,34,1,1,39,2,1,2,168,9,1,7,15,81,18,3,1,1,1,46,1,146,1,1,1,1,1,1,1,1,11,1,1,1,1,1,35,1,1,1,39,3
OTU_160,1,1,1,1,1,1,1,1,1,1,1,1,1,1,1,1,1,1,1,1,1,1,1,1,1,1,1,1,1,1,1,1,1,1,1,1,1,1,1,1,1,1,1,1,1,1,1,1,1,1
OTU_161,1,1,1,1,1,1,1,1,1,1,1,1,1,1,1,1,1,1,1,1,1,1,1,1,1,1,1,1,1,1,1,1,1,1,1,1,1,1,1,1,1,1,1,1,1,1,1,1,1,1
OTU_162,1,1,1,1,1,1,1,1,1,1,1,1,1,1,1,1,1,1,1,1,1,1,1,1,1,1,1,1,1,1,1,1,1,1,1,1,1,1,1,1,1,1,1,1,1,1,1,1,1,1
OTU_163,1,1,1,1,1,1,1,1,1,1,1,1,1,1,1,1,1,1,1,1,1,1,1,1,1,1,1,1,1,1,1,1,1,1,1,1,1,1,1,1,1,1,1,1,1,1,1,1,1,1
OTU_164,1,1,1,1,1,1,1,1,1,1,1,1,1,1,1,1,1,1,1,1,1,1,1,1,1,1,1,1,1,1,1,1,1,1,1,1,1,1,1,1,1,1,1,1,1,1,1,1,1,1
OTU_165,1,1,1,1,1,1,1,1,1,1,1,1,1,1,1,1,1,1,1,1,1,1,1,1,1,1,1,1,1,1,1,1,1,1,1,1,1,1,1,1,1,1,1,1,1,1,1,1,1,1
OTU_166,1,1,1,1,1,1,1,1,1,1,1,1,1,1,1,1,1,1,1,1,1,1,1,1,1,1,1,1,1,1,1,1,1,1,1,1,1,1,1,1,1,1,1,1,1,1,1,1,1,1
OTU_167,1,1,1,1,1,1,1,1,1,1,1,1,1,1,1,1,1,1,1,1,1,1,1,1,1,1,1,1,1,1,1,1,1,1,1,1,1,1,1,1,1,1,1,1,1,1,1,1,1,1
OTU_168,1,1,1,1,1,1,1,1,1,1,1,1,62,1,1,1,1,1,1,1,1,1,1,1,1,1,1,1,1,1,1,1,1,1,1,1,1,1,1,1,1,1,1,1,1,1,1,1,1,1
OTU_169,1,1,1,1,1,1,1,1,1,1,1,1,1,1,1,1,1,1,1,1,1,1,1,1,1,1,1,1,1,1,1,1,1,1,1,1,1,1,1,1,1,1,1,1,1,1,1,1,1,1
OTU_170,1,1,1,1,1,1,1,1,1,1,1,1,1,1,1,1,1,1,1,1,1,1,1,1,1,1,1,1,1,1,1,1,1,1,1,1,1,1,1,1,1,1,1,1,1,1,1,1,1,1
OTU_171,1,1,1,1,1,1,1,1,1,1,1,1,1,1,1,1,1,1,1,1,1,1,1,1,1,1,1,1,1,1,1,1,1,1,1,1,1,1,1,1,1,1,1,1,1,1,1,1,1,1
OTU_172,1,1,1,1,1,1,1,1,1,1,1,1,1,1,1,1,1,1,1,1,1,1,1,1,1,1,1,1,1,1,1,1,1,1,1,1,1,1,1,1,1,1,1,1,1,1,1,1,1,1
OTU_173,369,21,1,18,57,1,1,1,15,48,2,1,5,1,1,1,26,23,1,5,1,123,7,46,6,7,8,1,41,18,96,4,1,1,1,12,636,4,2,57,6,1,1,1,24,4,1,59,9,44
OTU_174,1,1,1,1,1,5,1,1,1,1,1,1,1,1,1,1,1,1,1,1,2,1,1,157,1,186,1,1,1,1,1,1,1,1,1,1,1,1,1,1,1,1,1,1,1,1,6,10,1,1
OTU_175,56,40,6,1,67,207,590,65,1,13,20,1,1,6,7,17,2,1,1,1,4,12,369,1,160,1,1,1,265,673,98,8,38,1,1,68,179,4,1,90,1,17,1,62,5,3,34,31,61,3
OTU_176,1,1,1,8,1,1,1,1,1,1,9,1,1,1,1,1,1,1,1,1,1,1,1,1,1,1,1,1,1,1,1,1,1,1,1,1,1,1,1,1,1,1,1,1,1,1,1,1,3,1
OTU_177,63,1,1,1,1,186,1,13,1,932,1,1,41,8,1,1,1,7,1,1,119,1,1,1,1,1,64,1,2,1,24,1,1,1,1,1,42,4,1,6,1,3,1,10,737,1,1,1,288,1
OTU_178,1,1,1,1,1,1,1,1,1,1,1,1,1,1,1,1,1,1,1,1,1,1,1,1,1,1,1,1,1,1,1,1,1,1,1,1,1,1,1,1,1,1,1,1,1,1,1,1,1,1
OTU_179,1,1,167,26,1,1,1,1,1,1,1,1,98,1,1,70,9,1,1,1,114,1,1,185,1,1,1,63,1,1,1,1,3,1,1,1,1,1,1,20,1,1,1,1,1,5,1,1,1,1
OTU_180,1,1,1,1,1,1,1,1,1,1,1,1,1,1,1,1,1,1,1,1,1,1,1,1,1,1,1,1,1,1,1,1,1,1,1,1,1,1,1,1,1,1,1,1,1,1,1,1,1,1
OTU_181,12,2,72,1,13,2,6,1,168,37,1,7,5,1,1,6,1,45,29,1,63,20,26,6,1,32,15,1,1,24,1,1,13,1,197,1,1,1,27,84,1,1,110,4,1,1,12,8,1,5
OTU_182,46,11,49,114,96,98,58,41,4,19,247,447,30,240,27,7,949,191,336,1,56,9,47,53,85,172,250,20,69,99,568,141,77,418,104,437,11,59,15,32,2,480,162,157,197,93,25,109,31,5
OTU_183,2,2,1,1,1,1,1,4,4,1,1,281,1,192,1,124,1,1,1,6,1,1,16,1,163,1,2,61,1,1,1,1,1,2,15,1,5,1,112,1,1,1,1,1,1,1,1,1,1,1
OTU_184,1,1,1,1,3,1,1,1,1,16,1,2,1,1,1,1,1,1,1,1,4,1,3,1,2,1,1,1,1,1,1,1,1,1,1,1,1,1,1,13,10,59,1,1,1,1,1,1,1,6
OTU_185,1,1,1,1,1,1,1,1,1,1,1,1,1,1,1,1,180,1,1,1,1,1,1,1,1,1,1,1,1,197,1,1,1,1,1,1,1,1,1,1,1,1,1,1,1,1,1,1,1,1
OTU_186,1,1,1,1,1,1,1,1,1,1,1,1,1,1,1,1,1,1,1,1,1,1,1,1,1,1,1,1,1,1,1,1,1,1,1,1,1,1,1,1,1,1,1,1,1,1,1,1,1,1
OTU_187,1,1,1,1,1,1,1,1,1,1,1,1,1,1,1,1,1,1,1,1,1,1,1,1,1,1,1,1,1,1,1,1,1,1,1,1,1,1,1,1,1,1,1,1,1,1,1,1,1,1
OTU_188,1,1,1,1,1,1,1,1,1,1,1,1,1,1,1,1,1,1,1,1,1,1,1,1,1,1,1,1,1,1,1,1,1,1,1,1,1,1,1,1,1,1,1,1,1,1,1,1,1,1
OTU_189,1,1,1,1,1,1,1,1,1,1,1,1,1,1,1,1,1,1,1,1,1,1,1,1,1,1,1,1,1,1,1,1,1,1,1,1,1,1,1,1,1,1,1,1,1,1,1,1,1,1
OTU_190,1,1,1,1,1,1,1,1,1,1,1,1,1,1,1,1,1,1,1,1,1,1,1,1,1,1,1,1,1,1,1,1,1,1,1,1,1,1,1,1,1,1,1,1,1,1,1,1,1,1
OTU_191,1,1,1,1,1,1,1,1,1,1,1,1,1,1,1,1,1,1,1,1,1,1,1,1,1,1,1,1,1,1,1,1,1,1,1,1,1,1,1,1,1,1,1,1,1,1,1,1,1,1
OTU_192,1,1,1,1,1,1,1,1,1,1,1,1,1,1,1,1,1,1,1,1,1,1,1,1,1,1,1,1,1,1,1,1,1,1,1,1,1,1,1,1,1,1,1,1,1,1,1,1,1,1
OTU_193,5,2,7,1,1,50,19,6,5,1,4,176,2,1,4,1,1,1,1,1,1,181,1,1,1,21,7,1,1,2,1,2,68,1,83,1,54,27,1,145,78,34,155,1,29,25,63,17,25,1
OTU_194,1,1,1,1,1,1,1,1,1,1,1,1,1,1,1,1,1,1,1,1,1,1,1,1,1,1,1,1,1,1,1,1,1,1,1,1,1,1,1,1,1,1,1,1,1,1,1,1,1,1
OTU_195,1,1,1,1,1,1,1,1,1,1,1,1,1,1,1,1,1,1,1,1,1,1,1,1,1,1,23,1,1,1,1,1,1,1,1,1,1,1,1,1,1,1,34,1,1,1,1,1,1,1
OTU_196,1,1,1,1,1,1,1,1,1,1,1,1,1,1,1,1,1,1,1,1,1,1,1,1,1,1,1,1,1,1,1,1,1,1,1,1,1,1,1,1,1,1,1,1,1,1,1,1,1,1
OTU_197,1,1,1,1,1,1,1,1,1,1,1,1,1,1,1,1,1,1,1,1,1,1,1,1,1,1,1,1,1,1,1,1,1,1,1,1,1,1,1,1,1,1,1,1,1,1,1,1,1,1
OTU_198,1,1,1,1,1,1,1,1,1,1,1,1,1,1,1,1,1,1,1,1,1,1,1,1,1,1,1,1,1,1,1,1,1,1,1,1,1,1,1,1,1,1,1,1,1,1,1,1,1,1
OTU_199,1,1,1,1,1,1,1,1,1,1,1,1,1,1,1,1,1,1,1,1,1,1,1,1,1,1,1,1,1,1,1,1,1,1,1,1,1,1,1,1,1,1,1,1,1,1,1,1,1,1
OTU_200,1,1,1,1,1,1,1,1,1,1,1,1,1,1,1,1,1,1,1,1,1,1,1,1,1,1,1,1,1,1,1,1,1,1,1,1,1,1,1,1,1,1,1,1,1,1,1,1,1,1
OTU_201,1,327,44,8,87,720,234,86,466,36,779,186,67,429,411,481,451,21,97,60,203,279,96,145,192,1387,159,64,114,110,242,61,430,355,91,300,144,383,138,943,172,132,109,190,382,155,61,296,30,342
OTU_202,1,1,1,1,1,1,1,1,1,1,1,1,1,1,1,1,1,1,1,1,1,1,1,1,1,1,1,1,1,1,1,1,1,1,1,1,1,1,1,1,1,1,1,1,1,1,1,1,1,1
OTU_203,1,1,1,1,1,1,1,1,1,1,1,1,1,1,1,1,1,1,1,1,1,1,1,1,1,1,1,1,1,1,1,1,1,1,1,1,1,1,1,1,1,1,1,1,6,1,1,1,1,1
OTU_204,1,40,330,1,1,301,21,1,1,1,1,9,1,1,185,11,1,279,1,1,1,4,1,1,1,1,367,1,1,14,3,1,1,1,9,6,1,8,5,1,1,1,1,135,1,1,1,42,1,1
OTU_205,1,1,1,1,1,1,1,1,1,1,1,1,1,1,1,1,1,1,1,1,1,1,1,1,1,1,1,1,1,1,1,1,1,1,1,1,1,1,1,1,1,1,1,1,1,1,1,1,1,1
OTU_206,1,1,1,1,1,1,1,1,1,1,1,1,1,1,1,1,1,1,1,1,1,1,1,1,1,1,1,1,1,1,1,1,1,1,1,1,1,1,1,1,1,1,1,1,1,1,1,1,1,1
OTU_207,1,1,1,1,1,1,1,1,1,1,1,1,1,1,1,1,1,1,1,1,1,1,1,1,1,1,1,1,1,1,1,1,1,1,1,1,1,1,1,1,1,1,1,1,1,1,1,1,1,1
OTU_208,1,1,1,1,1,1,1,1,1,1,1,1,1,1,1,1,1,1,1,1,1,1,1,1,1,1,1,1,1,1,1,1,1,1,1,1,1,1,1,1,1,1,1,1,1,1,1,1,1,1
OTU_209,1,1,1,1,1,1,1,1,1,1,1,53,1,1,1,1,1,1,1,35,1,1,1,1,1,1,1,1,1,1,1,1,1,1,1,1,1,1,1,1,1,1,1,1,1,1,26,1,21,1
OTU_210,1,1,1,1,1,1,1,1,1,1,1,1,1,1,1,1,1,1,1,1,1,1,1,1,1,1,1,1,1,1,1,1,1,1,1,1,1,1,1,1,1,1,1,1,1,1,1,1,1,1
OTU_211,1,1,1,1,1,1,1,1,1,1,1,1,1,1,1,1,1,1,1,1,1,1,1,1,1,1,1,1,1,1,1,1,1,1,1,1,1,1,1,1,1,1,1,1,1,1,1,1,1,1
OTU_212,1,1,1,1,1,28,1,3,7,1,1,32,1,2,1,1,1,1,4,1,1,279,4,1,2,1,1,2,1,1,12,4,198,18,2,2,17,2,1,1,1,1,2,1,1,1,1,1,1,1
OTU_213,461,14,230,75,126,620,104,122,67,426,19,349,408,182,345,165,124,172,186,320,14,78,185,263,143,37,40,1,23,5,195,18,41,313,200,126,132,50,178,100,83,233,54,183,35,313,402,40,106,134
OTU_214,1,1,1,1,1,1,1,1,1,1,1,1,1,1,1,1,1,1,1,1,1,1,1,1,1,1,1,1,1,1,1,1,1,1,1,1,1,1,1,1,1,1,1,1,1,1,1,1,1,1
OTU_215,1,1,1,1,1,1,1,1,1,1,1,1,1,1,1,1,1,1,1,1,1,1,1,1,1,1,1,1,1,1,1,1,1,1,1,1,1,1,1,1,1,1,1,1,1,1,1,1,1,1
OTU_216,103,61,265,75,113,4,3,2,71,93,202,122,114,5,475,208,125,37,119,151,48,5,99,411,12,12,243,359,1,24,587,260,31,82,262,7,1,279,12,18,96,26,1,199,28,4,125,31,164,6
OTU_217,1,29,1,1,1,1,1,1,1,1,1,1,1,1,1,1,2,1,1,1,1,1,1,1,1,1,33,1,1,1,1,1,1,1,1,1,1,1,1,33,1,1,1,1,1,1,1,1,27,1
OTU_218,1,1,1,131,1,1,4,1,1,1,1,1,1,1,210,1,1,2,1,16,1,1,1,1,1,1,1,1,1,4,1,1,1,1,1,1,1,2,1,1,1,164,1,1,1,1,1,1,1,1
OTU_219,1,1,1,1,1,1,1,1,1,1,1,1,1,1,1,1,1,1,1,1,1,1,1,1,1,1,1,1,1,1,1,1,1,1,1,1,1,1,1,1,1,1,1,1,1,1,1,1,1,1
OTU_220,1,1,1,1,1,1,1,1,1,1,1,1,1,1,1,1,1,1,1,1,1,1,1,1,1,1,1,1,1,1,1,1,1,1,1,1,1,1,1,1,1,1,1,1,1,1,1,1,1,1
OTU_221,1,1,1,1,1,1,1,1,1,1,1,1,1,1,1,1,1,1,1,1,1,1,1,1,1,1,1,1,1,1,1,1,1,1,1,1,1,1,1,1,1,1,1,1,1,1,1,1,1,1
OTU_222,1,1,1,1,1,1,1,1,1,1,1,1,1,1,1,1,1,1,1,1,1,1,1,1,1,1,1,1,1,1,1,1,1,1,1,1,1,1,1,1,1,1,1,1,1,1,1,1,1,1
OTU_223,1,1,6,7,2,89,1,1,1,1,2,1,55,12,105,1,4,1,1,1,46,1,50,1,2,1,1,16,1,1,1,1,1,3,15,6,181,1,1,1,89,2,1,3,2,392,1,1,48,56
OTU_224,1,1,1,1,1,1,1,1,1,1,1,1,1,1,1,1,1,1,1,1,1,1,1,1,1,1,1,1,1,1,1,1,1,1,1,1,1,1,1,1,1,1,1,1,1,1,1,1,1,1
OTU_225,18,1,1,1,1,1,1,1,1,1,1,1,1,1,1,1,1,1,1,1,1,1,1,1,1,1,1,1,1,1,1,1,1,1,1,1,1,1,1,1,1,1,10,1,1,1,1,1,1,1
OTU_226,4,5,1,19,66,82,2,176,83,29,1,6,2,10,128,111,9,6,18,22,1,3,82,564,1,30,246,331,167,242,3,68,75,3,285,71,29,3,98,244,896,358,29,261,154,20,41,599,26,49
OTU_227,1,1,1,1,1,1,1,1,1,1,1,57,10,26,1,1,3,1,1,1,1,1,1,1,98,53,1,1,1,1,1,1,1,1,1,1,1,1,1,1,1,1,1,1,1,1,1,1,1,1
OTU_228,1,1,1,1,1,1,1,1,1,1,1,1,1,1,1,1,1,1,1,1,1,1,1,1,1,1,1,1,1,1,1,1,1,1,1,1,1,1,1,1,1,1,1,1,1,1,1,1,1,1
OTU_229,1,1,1,1,1,1,1,1,1,1,1,1,1,1,1,1,1,1,1,1,1,1,1,1,1,1,1,1,1,1,1,1,1,1,1,1,1,1,1,1,1,1,1,1,1,1,1,1,1,1
OTU_230,1,1,1,1,1,1,1,1,1,1,1,1,1,1,1,1,1,1,1,1,1,1,1,1,1,1,1,1,1,1,1,1,1,1,1,1,1,1,1,1,1,1,1,1,1,1,1,1,1,1
OTU_231,1,1,1,1,1,1,1,1,1,1,1,1,1,1,1,1,1,1,1,1,1,1,1,1,1,1,1,1,1,1,1,1,1,1,1,1,1,1,1,1,1,1,1,1,1,1,1,1,1,1
OTU_232,322,855,55,616,299,109,60,104,235,325,46,292,269,679,7,105,32,237,60,106,78,185,421,95,505,35,550,228,446,200,141,52,149,289,40,463,335,535,78,39,186,62,27,99,49,749,63,256,13,11
OTU_233,1,1,1,1,1,1,1,1,1,1,1,1,1,1,1,1,1,1,1,1,1,1,1,1,1,1,1,1,1,1,1,1,1,1,1,1,1,1,1,1,1,1,1,1,1,1,1,1,1,1
OTU_234,41,7,5,4,327,264,10,3,6,127,19,1,139,7,1,11,1,203,4,4,1,1,1,3,1,254,25,27,38,6,1,465,1,135,78,2,3,84,1,13,1,12,176,5,1,1,5,203,1,1
OTU_235,1,1,1,1,1,1,1,1,1,1,1,1,1,1,1,1,1,1,1,1,219,1,1,1,1,1,1,1,1,1,1,1,1,1,1,1,1,1,1,1,1,1,1,1,1,1,1,1,1,1
OTU_236,1,1,1,1,1,1,1,1,1,1,1,1,1,1,1,1,1,1,1,1,1,1,1,1,1,1,1,1,1,1,1,1,1,1,1,1,1,1,1,1,1,1,1,1,1,1,1,1,1,1
OTU_237,1,1,1,1,1,1,1,1,1,1,1,1,1,1,1,1,1,1,1,1,1,1,1,1,1,1,1,1,1,1,1,1,1,1,1,1,1,1,1,1,1,1,1,1,1,1,1,1,1,1
OTU_238,1,1,1,1,1,1,1,1,1,1,1,1,1,1,1,1,1,1,1,1,1,1,1,1,1,1,1,1,1,1,1,1,1,1,1,1,1,1,1,1,1,1,1,1,1,1,1,1,1,1
OTU_239,1,1,1,1,1,1,1,1,1,1,1,1,1,1,1,1,1,1,1,1,1,1,1,1,1,1,1,1,1,1,1,1,1,1,1,1,1,1,1,1,1,1,1,1,1,1,2,1,1,1
OTU_240,1,1,1,1,1,1,1,1,1,1,1,1,1,1,1,1,1,1,1,1,1,1,1,1,1,1,1,1,1,1,1,1,1,1,1,1,1,1,1,1,1,1,1,1,1,1,1,1,1,1
OTU_241,1,1,1,1,1,1,1,1,1,1,1,1,1,1,1,1,1,1,1,1,1,1,1,1,1,1,1,1,1,1,1,1,1,1,1,1,1,1,1,1,1,1,1,1,1,1,1,1,1,1
OTU_242,1,1,1,1,1,1,1,1,1,1,1,1,1,1,1,1,1,1,1,1,1,1,1,1,1,1,1,1,1,1,1,1,1,1,1,1,1,1,1,1,1,1,1,1,1,1,1,1,1,1
OTU_243,2,1,1,1,1,1,1,1,1,1,1,1,1,1,1,1,1,1,1,1,1,1,1,1,1,1,1,1,1,27,1,1,1,2,1,1,6,1,1,1,1,1,1,1,1,1,1,1,1,1
OTU_244,1,1,1,1,1,2,1,1,1,1,1,1,1,1,1,1,1,1,1,1,1,1,48,1,1,1,1,1,1,1,1,1,1,1,1,1,1,1,1,1,1,1,10,1,1,1,1,1,1,1
OTU_245,1,1,1,1,1,1,1,1,1,1,1,1,1,1,1,1,1,1,1,1,1,1,1,1,1,1,1,1,1,1,1,1,1,1,1,1,1,1,1,1,1,1,1,1,1,1,1,1,1,1
OTU_246,1,1,1,1,1,1,1,1,1,1,1,1,1,1,1,1,1,1,1,1,1,1,1,1,1,1,1,1,1,1,1,1,1,1,1,1,1,1,1,80,9,1,2,1,1,1,8,44,1,1
OTU_247,1,1,1,1,1,1,1,1,1,1,1,1,1,1,1,1,1,1,1,1,1,1,1,1,1,1,1,1,1,1,1,1,1,1,1,1,1,1,1,1,1,1,1,1,1,1,1,1,1,1
OTU_248,1,1,1,1,1,1,1,1,1,1,1,1,1,1,1,1,1,1,1,1,1,1,1,1,1,1,1,1,1,1,1,1,1,1,1,1,1,1,1,1,1,1,1,1,1,1,1,1,1,1
OTU_249,1,1,1,1,1,1,1,1,1,1,1,1,1,1,1,1,1,1,1,1,1,1,1,1,1,1,1,1,1,1,1,1,1,1,1,1,1,1,1,1,1,1,1,1,1,1,1,1,1,1
OTU_250,1,1,1,1,1,1,1,1,1,1,1,1,1,1,1,1,1,1,1,1,1,1,1,1,1,1,1,1,1,1,1,1,1,1,1,1,1,1,1,1,1,1,1,1,1,1,1,1,1,1
OTU_251,1,1,1,1,1,1,1,1,1,1,1,1,1,1,1,1,1,1,1,1,1,1,1,1,1,1,1,1,1,1,1,1,1,1,1,1,1,1,1,1,1,1,1,1,1,1,1,1,1,1
OTU_252,1,1,1,1,1,1,1,1,1,1,1,1,1,1,1,1,1,1,1,1,1,1,1,1,1,1,1,1,1,1,1,1,1,1,1,1,1,1,1,1,1,1,1,1,1,1,1,1,1,1
OTU_253,1,1,1,1,1,1,1,1,1,1,1,1,1,1,1,1,1,1,1,1,1,1,1,1,1,1,1,1,1,20,1,1,1,1,1,1,1,1,1,1,1,1,1,1,1,1,1,1,1,1
OTU_254,1,1,1,1,1,1,1,1,1,1,1,1,1,1,1,1,1,1,1,1,1,1,1,1,1,1,1,1,1,1,1,1,1,1,1,1,1,1,1,1,1,1,1,1,1,1,1,1,1,1
OTU_255,1,1,1,1,1,1,1,1,1,1,1,1,1,1,1,1,1,1,1,1,1,1,1,1,1,1,1,1,1,1,1,1,1,1,1,1,114,1,1,1,1,1,1,1,1,1,1,1,1,1
OTU_256,1,1,1,1,1,1,1,1,1,1,94,1,1,1,3,1,1,1,1,1,1,1,1,1,1,6,1,1,1,1,2,22,1,354,1,1,1,1,1,1,1,1,1,1,1,1,1,1,1,1
OTU_257,1,1,1,1,1,1,1,1,1,1,1,1,1,1,1,1,1,1,1,1,1,1,1,1,1,1,1,1,1,1,1,1,1,1,1,1,1,1,1,1,1,1,1,1,1,1,1,1,1,1
OTU_258,1,1,1,1,1,1,1,1,1,1,1,1,1,1,1,1,1,1,1,1,1,1,1,1,1,1,1,1,1,1,1,1,1,1,1,1,1,1,1,1,1,1,1,1,1,1,1,1,1,1
OTU_259,1008,39,33,244,27,40,19,113,171,32,67,85,71,60,5,64,17,368,26,383,150,2,22,47,1205,106,46,36,225,310,7,202,171,448,56,13,646,8,177,310,358,1,10,16,4,234,43,81,125,29
OTU_260,1,1,1,1,1,7,1,1,1,1,4,1,1,6,1,1,1,1,1,1,1,1,1,1,1,1,1,1,1,1,1,1,1,1,1,4,1,1,1,1,106,1,1,10,1,1,1,1,1,1
OTU_261,1,1,1,1,1,1,1,1,1,1,1,1,1,1,1,1,1,1,1,1,1,1,1,1,1,1,1,1,1,1,1,1,1,1,1,1,1,1,1,1,1,1,1,1,1,1,1,1,1,1
OTU_262,1,1,1,93,690,206,2,1,1,7,1,9,4,1,1,50,1,159,2,1,1,1,102,2,1,1,1,1,1,1,15,1,1,208,1,5,1,1,46,2,1,1,1,1,213,1,1,1,1,1
OTU_263,1,1,1,1,1,1,1,1,1,1,1,1,1,1,1,1,1,1,1,1,1,1,1,1,1,1,1,1,1,1,1,1,1,1,1,1,1,1,1,1,1,1,1,1,1,1,1,1,1,1
OTU_264,1,1,14,1,1,1,1,1,1,1,1,1,1,1,1,1,3,1,1,1,1,1,1,7,1,1,1,1,1,1,1,1,1,63,1,1,1,1,1,1,1,1,1,1,14,1,59,28,1,1
OTU_265,1,1,1,1,1,1,1,1,1,1,1,1,1,1,1,1,1,1,1,1,1,1,1,1,1,1,1,1,1,1,1,1,1,1,1,1,1,1,1,1,1,1,1,1,1,1,1,1,1,1
OTU_266,1,1,1,1,1,1,1,1,1,1,1,29,1,1,1,1,17,61,1,1,1,1,1,1,1,1,1,1,1,1,1,1,1,1,1,1,1,1,1,1,1,1,1,1,1,21,1,1,1,4
OTU_267,1,1,1,1,1,1,1,1,16,1,1,1,1,6,1,1,1,1,1,1,1,1,1,1,1,1,1,1,1,1,1,1,1,1,1,1,1,1,1,1,1,1,1,1,1,1,1,1,1,1
OTU_268,850,136,747,68,83,116,52,54,87,237,828,326,140,113,446,426,161,80,68,306,287,710,188,366,566,206,175,497,77,575,644,343,227,59,691,343,143,363,177,82,35,89,218,96,431,237,233,71,257,188
OTU_269,1,1,1,1,1,1,1,1,1,1,1,1,1,1,1,1,1,1,1,1,1,1,1,1,1,1,1,1,1,1,1,1,1,1,1,1,1,1,1,1,1,1,1,1,1,1,1,1,1,1
OTU_270,1,1,1,1,1,1,1,1,1,1,1,1,1,1,1,1,1,1,1,1,1,1,1,1,1,1,1,1,1,1,1,1,1,1,1,1,1,1,1,1,1,1,1,1,1,1,1,1,1,1
OTU_271,2,1,76,9,1,25,1,1,16,4,1,68,3,1,1,2,1,1,1,24,8,12,3,1,1,7,5,1,342,1,231,1,58,1,1,1,1,1,1,12,3,22,10,134,55,8,10,7,1,460
OTU_272,1,1,1,1,1,1,1,1,1,1,1,1,1,1,1,1,1,1,1,1,1,1,1,1,1,1,1,1,1,1,1,1,1,1,1,1,1,1,1,1,1,1,1,1,1,1,1,1,1,1
OTU_273,7,5,18,8,7,109,266,145,109,24,48,8,181,8,72,142,501,5,82,1,68,3,3,59,45,193,62,11,51,286,4,158,40,8,79,19,22,90,172,10,141,477,313,119,108,47,351,166,7,136
OTU_274,1,1,1,1,1,1,1,1,1,1,1,1,1,1,1,1,1,1,1,1,1,1,1,1,1,1,1,1,1,1,1,1,1,1,1,1,1,1,1,1,1,1,1,1,1,1,1,1,1,1
OTU_275,1,1,1,1,1,1,1,1,1,1,1,1,1,1,1,1,1,1,1,1,1,1,1,1,1,1,1,1,1,1,1,1,1,1,1,1,1,1,1,1,1,1,1,1,1,1,1,1,1,1
OTU_276,1,1,1,1,1,1,1,1,1,1,1,1,1,1,1,1,1,1,1,1,1,1,1,1,1,1,1,1,1,1,1,1,1,1,1,1,1,1,1,1,1,1,1,1,1,1,1,1,1,1
OTU_277,1,1,1,1,1,1,1,1,1,1,1,1,1,1,1,1,2,1,1,1,1,1,1,1,1,1,1,1,1,1,1,1,1,1,1,1,1,1,1,1,1,1,1,1,1,1,1,1,1,1
OTU_278,1,16,1,1,1,1,1,1,1,1,1,1,1,1,1,1,1,1,1,1,1,1,153,2,1,1,1,1,1,1,1,1,1,1,1,1,1,1,1,1,1,1,1,1,1,1,1,1,20,1
OTU_279,1,1,1,1,1,1,1,1,1,1,1,1,1,1,1,1,1,1,1,1,1,1,1,1,1,1,1,1,1,1,1,1,1,1,1,1,1,1,1,1,1,1,1,1,1,1,1,1,1,1
OTU_280,1,1,1,1,1,1,1,1,1,1,1,1,1,1,1,1,1,1,1,1,1,1,1,1,1,1,1,1,1,1,1,1,1,1,1,1,1,1,1,1,1,1,1,1,1,1,1,1,1,1
OTU_281,1,1,1,1,60,1,15,1,1,1,1,1,1,1,1,1,1,1,1,1,1,1,1,1,1,2,1,1,1,21,1,1,1,1,1,1,1,1,1,52,1,1,1,1,5,1,1,1,21,1
OTU_282,1,1,1,1,1,1,1,1,1,1,247,1,1,1,1,1,1,1,1,1,1,1,1,1,1,1,1,1,1,4,1,1,1,1,1,1,1,1,1,1,12,1,1,1,1,1,1,1,1,1
OTU_283,1,1,1,1,1,1,1,1,1,1,1,1,1,1,1,1,1,1,1,1,1,1,1,1,1,1,1,1,1,1,1,1,1,1,1,1,1,1,1,1,1,1,1,1,1,1,1,1,1,1
OTU_284,1,1,1,1,1,1,1,1,1,1,1,1,1,1,1,1,1,1,1,1,1,1,1,1,1,1,1,1,1,1,1,1,1,1,1,1,1,1,1,1,1,1,1,1,1,1,1,1,1,1
OTU_285,1,1,1,1,1,1,1,1,1,1,1,1,1,1,1,1,1,1,1,1,1,1,1,1,1,1,1,1,1,1,1,1,1,1,1,1,1,1,1,1,1,1,1,1,1,1,1,1,1,1
OTU_286,1,1,1,1,1,1,1,1,1,1,1,1,1,1,1,1,1,1,1,1,1,1,1,1,1,1,1,1,1,1,1,1,1,1,1,1,1,1,1,1,1,1,1,1,1,1,1,1,1,1
OTU_287,1,1,1,1,1,2,155,1,1,1,1,1,1,1,5,1,1,1,1,1,73,1,1,1,1,1,1,1,1,1,1,1,1,1,1,1,1,1,1,1,1,1,1,1,1,1,1,1,1,1
OTU_288,1,1,1,1,1,1,1,1,1,1,1,1,1,1,1,1,1,1,1,1,1,1,1,1,1,1,1,3,1,1,1,1,1,1,1,1,1,1,1,1,1,1,1,1,1,1,1,1,1,1
OTU_289,1,1,1,1,1,1,1,1,1,1,1,1,1,1,1,1,1,1,1,1,1,1,1,1,1,1,1,1,1,1,1,1,1,1,1,1,1,1,1,1,1,1,1,1,1,1,1,1,1,1
OTU_290,1,1,1,1,1,1,1,1,1,1,1,1,1,1,1,1,1,1,1,1,1,1,1,1,1,1,1,1,1,1,1,1,1,1,1,1,1,1,1,1,1,1,1,1,1,1,1,1,1,1
OTU_291,1,1,1,1,1,1,1,1,1,1,1,1,1,1,1,1,1,1,1,1,1,1,1,1,1,1,1,1,1,1,1,1,1,1,1,1,1,1,1,1,1,1,1,1,1,1,1,1,1,1
OTU_292,102,372,4,381,276,1305,317,230,166,87,281,31,264,3,7,21,53,22,58,81,50,170,750,25,1,177,4,89,674,232,55,42,101,338,630,9,275,527,155,84,315,491,182,328,631,28,89,95,114,285
OTU_293,1,1,1,1,1,1,1,1,1,1,1,1,1,1,1,1,1,1,1,1,1,1,1,1,1,1,1,1,1,1,1,1,1,1,1,1,1,1,1,1,1,1,1,1,1,1,1,1,1,1
OTU_294,1,1,1,1,1,1,1,1,1,1,1,1,1,1,1,1,1,1,1,1,1,1,1,1,1,1,1,1,1,1,1,1,1,1,1,1,1,1,1,1,1,1,1,1,1,1,1,1,1,1
OTU_295,1,1,1,1,1,1,1,1,1,1,1,1,1,1,1,1,1,1,1,1,1,1,1,1,1,1,1,1,1,1,1,1,1,1,1,1,1,1,1,1,1,1,1,1,1,1,1,1,1,1
OTU_296,1,1,1,1,1,1,1,1,1,1,1,1,1,1,1,1,1,1,1,1,1,1,1,1,1,1,1,1,1,1,1,1,1,1,1,1,1,1,1,1,1,1,1,1,1,1,1,1,1,1
OTU_297,1,1,1,1,1,1,1,1,1,1,1,1,1,1,1,1,1,1,2,1,1,1,1,1,1,1,1,1,1,1,1,1,1,1,1,1,1,1,1,1,1,1,1,1,1,1,1,1,1,1
OTU_298,139,187,448,283,126,263,653,324,329,244,219,640,622,5,256,58,188,67,24,43,106,71,152,280,438,249,270,746,319,920,123,461,1,415,62,54,163,479,220,680,8,189,119,966,94,8,258,238,620,718
OTU_299,1,1,1,1,1,1,1,1,2,1,30,1,1,1,1,1,1,1,1,1,1,1,1,1,1,1,1,1,1,24,1,1,1,1,4,1,1,4,1,1,1,1,17,68,7,1,13,1,1,67
OTU_300,1,1,1,1,1,1,1,1,1,1,1,1,1,1,1,1,1,1,1,1,1,1,1,1,1,1,1,1,1,1,1,1,1,1,1,1,1,1,1,1,1,1,1,1,1,1,1,1,1,1
OTU_301,1,1,1,1,1,1,1,1,1,1,1,1,1,1,1,1,1,1,1,1,1,1,1,1,1,1,1,1,1,1,1,1,1,1,1,1,1,1,1,1,1,1,1,1,1,1,1,1,1,1
OTU_302,1,1,1,1,1,1,1,1,1,1,1,1,1,1,1,1,1,1,1,1,1,1,1,1,1,1,1,1,1,1,1,1,1,1,1,1,1,1,1,1,1,1,1,1,1,1,1,1,1,1
OTU_303,2,1,1,8,1,1,1,1,1,6,26,1,1,1,53,233,1,1,1,1,1,3,1,1,3,5,30,1,1,1,1,75,122,81,1,1,1,1,1,1,2,1,1,1,17,1,15,1,1,1
OTU_304,1,1,1,1,1,1,1,1,1,1,2,1,1,1,1,1,1,1,1,1,1,1,1,1,1,1,1,1,1,1,1,1,1,1,1,1,1,1,1,1,1,1,1,1,1,1,1,1,1,1
OTU_305,1,1,1,1,1,1,1,1,1,1,1,1,1,1,1,1,1,1,1,1,1,1,1,1,12,1,1,1,1,1,1,1,1,1,1,1,1,1,1,1,1,1,1,1,65,1,1,1,1,1
OTU_306,1,1,16,28,19,20,1,34,1,116,1,1,5,1,1,1,2,5,7,8,1,173,3,1,46,112,8,857,11,15,47,30,1,3,1,2,2,1,273,171,11,1,1,47,1,5,127,239,1,1
OTU_307,524,660,376,322,89,116,771,57,544,442,308,426,457,185,303,332,586,525,153,112,65,235,533,252,485,434,336,76,499,873,182,1465,295,439,95,664,505,534,571,91,300,234,1131,231,151,114,228,312,50,128
OTU_308,1,1,1,1,1,1,1,1,1,1,1,1,1,1,1,1,1,1,1,1,1,1,1,1,1,1,1,1,1,1,1,1,1,1,1,1,1,1,1,1,1,1,1,1,1,1,1,1,1,1
OTU_309,1,1,1,1,1,1,1,1,1,1,1,1,5,1,1,1,1,1,1,1,1,1,1,1,1,1,1,1,1,1,1,1,33,1,1,1,1,1,62,1,1,1,1,1,1,1,1,1,1,1
OTU_310,1,1,1,1,1,1,1,1,1,1,1,1,1,1,1,1,1,1,1,1,1,1,1,1,1,1,1,1,1,1,1,1,1,1,1,1,1,1,1,1,1,4,1,1,1,1,1,1,1,1
OTU_311,1,1,1,1,1,1,1,1,1,1,1,1,1,1,1,1,1,1,1,1,1,1,1,1,1,1,1,1,1,1,1,1,1,1,1,1,1,1,1,1,1,1,1,1,1,1,1,1,1,1
OTU_312,1,1,1,1,1,1,1,1,1,1,1,1,1,1,1,1,1,1,1,1,1,1,1,1,1,1,1,1,1,1,1,1,1,1,1,1,1,1,1,1,1,1,1,1,1,1,1,1,1,1
OTU_313,1,1,1,1,1,1,1,1,1,1,1,1,1,1,1,1,1,1,1,1,1,1,1,1,1,1,1,1,1,1,1,1,1,1,1,1,1,1,1,1,1,1,1,1,1,1,1,1,1,1
OTU_314,1,1,1,1,1,1,1,1,1,1,1,1,1,1,1,1,1,1,1,1,1,1,1,1,1,1,1,1,1,1,1,1,1,1,1,1,1,1,1,1,1,1,1,1,1,1,1,1,1,1
OTU_315,1,1,1,1,1,1,1,1,1,1,1,1,1,1,1,1,1,1,1,1,1,1,1,1,1,1,1,1,1,1,1,1,1,1,1,1,1,1,1,1,1,1,1,1,1,1,1,1,1,1
OTU_316,1,1,1,1,1,1,1,1,1,1,1,1,1,1,1,1,1,1,1,1,1,1,1,1,1,1,1,1,1,1,1,1,1,1,1,1,1,1,1,1,1,1,1,1,1,1,1,1,1,1
OTU_317,1,1,1,17,1,1,1,1,1,1,1,1,1,1,598,1,1,1,1,1,1,1,1,1,1,7,1,1,1,1,1,1,1,1,1,1,2,1,1,1,157,1,1,1,1,1,1,1,1,1
OTU_318,1,1,1,1,1,1,1,1,1,1,1,1,1,1,1,1,1,1,1,1,1,1,1,1,1,3,1,1,1,1,15,1,1,1,1,1,17,364,1,1,1,1,1,1,1,1,1,1,1,1
OTU_319,1,1,1,1,1,1,1,1,1,1,1,1,1,1,1,1,1,1,1,1,1,1,1,1,1,1,1,1,1,1,1,1,1,1,1,1,1,1,1,1,1,1,1,1,1,1,1,1,1,1
OTU_320,1,1,1,1,1,1,1,1,1,1,1,24,1,24,1,1,1,1,1,1,1,1,1,1,1,1,1,1,1,1,1,1,1,1,1,1,1,1,1,1,1,1,1,1,1,1,1,1,1,1
OTU_321,1,4,2,1,5,23,166,8,2,1,45,1,1,1,1,1,1,492,18,1,1,277,1,1,138,254,1,1,1,1,9,1,2,1,11,1,1,1,1,14,6,14,1,1,1,1,141,1,4,1
OTU_322,1,1,1,10,19,1,1,1,1,1,121,122,1,1,1,1,1,26,1,1,1,1,1,1,1,1,1,1,1,1,1,1,1,1,1,1,1,1,1,1,1,6,1,1,1,1,1,1,1,1
OTU_323,1,1,1,1,1,1,1,1,1,1,1,1,1,1,1,1,1,1,1,1,1,1,1,1,1,1,1,1,1,1,1,1,1,1,1,1,1,1,1,1,1,1,1,1,1,1,1,1,1,1
OTU_324,1,1,1,1,1,1,1,1,1,1,1,1,1,1,1,1,1,1,1,1,1,1,1,1,1,1,1,1,1,1,1,1,1,1,1,1,1,1,1,1,1,1,1,1,1,1,1,1,1,1
OTU_325,1,1,1,1,1,1,1,1,1,1,1,1,1,1,1,1,1,1,1,1,1,1,1,1,1,1,1,1,1,1,1,1,1,1,1,1,1,1,1,1,1,1,1,1,1,1,1,1,1,1
OTU_326,1,1,1,1,1,1,1,1,1,1,1,1,1,1,1,1,1,1,1,1,1,1,1,1,1,1,1,1,1,1,1,1,1,1,1,1,1,1,1,1,1,1,1,1,1,1,1,1,1,1
OTU_327,1,1,1,1,1,98,1,1,1,1,1,1,1,9,1,1,1,1,1,1,1,1,1,1,1,1,1,1,1,1,1,1,1,1,1,1,1,1,1,1,1,1,1,2,1,1,1,1,1,1
OTU_328,145,17,25,144,364,69,1,36,109,60,356,597,19,51,13,1,732,177,247,48,125,49,20,583,229,7,262,139,489,141,33,105,244,518,17,248,282,51,165,4,199,176,780,83,34,8,93,6,167,3
OTU_329,1,1,1,1,1,1,1,1,1,1,1,1,1,1,1,1,1,1,1,1,1,1,1,1,1,1,1,1,1,1,1,1,1,1,1,1,1,1,1,1,1,1,1,1,1,1,1,1,1,1
OTU_330,1,1,1,1,1,1,1,1,1,1,1,1,1,1,1,1,1,1,1,1,1,1,1,1,1,1,1,1,1,1,1,1,1,1,1,1,1,1,1,1,1,1,1,1,1,1,1,1,1,1
OTU_331,1,1,1,1,1,1,1,1,1,1,1,1,1,1,1,1,1,1,1,1,1,1,1,1,1,1,1,1,1,1,1,1,1,1,1,1,1,1,1,1,1,1,1,1,1,1,1,1,1,1
OTU_332,1,1,1,1,1,1,1,1,1,1,1,1,1,1,1,1,1,1,1,1,1,1,1,1,1,1,1,1,1,1,1,1,1,1,1,1,1,1,1,1,1,1,1,1,1,1,1,1,1,1
OTU_333,1,1,1,1,1,1,1,1,1,1,1,1,1,1,1,1,1,1,1,1,1,1,1,1,1,1,1,1,1,1,1,1,1,1,1,1,1,1,1,1,1,1,1,1,1,1,1,1,1,1
OTU_334,1,1,1,1,1,1,1,1,1,1,1,1,1,1,1,1,1,1,1,1,1,1,1,1,1,1,1,1,1,1,1,1,1,1,1,1,1,1,1,1,1,1,1,1,1,1,1,1,1,1
OTU_335,1,1,1,1,1,1,1,1,1,1,1,1,1,1,1,1,1,1,1,1,1,1,1,1,1,1,1,1,1,1,1,1,1,1,1,1,1,1,1,1,1,1,1,1,1,1,1,1,1,1
OTU_336,1,1,1,1,1,1,1,1,1,1,1,1,1,1,1,1,1,1,1,1,1,1,1,1,1,1,1,1,1,1,1,1,1,1,1,1,1,1,1,1,1,1,1,1,1,1,1,1,1,1
OTU_337,1,1,1,1,1,1,1,1,1,1,1,1,1,1,1,1,1,1,1,1,1,1,1,1,1,1,1,1,1,1,1,1,1,1,1,1,1,1,1,1,1,1,1,1,1,1,1,1,1,1
OTU_338,1,1,1,1,1,1,1,1,1,1,1,1,1,1,1,1,1,1,1,1,1,1,1,1,1,1,1,1,1,1,1,1,1,1,1,1,1,1,1,1,1,1,1,1,1,1,1,1,1,1
OTU_339,1,1,128,73,1,1,1,1,1,1,1,1,117,1,1,8,1,5,4,2,1,1,1,1,1,1,1,1,1,1,1,1,1,5,1,1,45,1,1,1,1,1,1,3,1,10,105,1,1,1
OTU_340,1,1,1,1,1,1,1,1,1,1,1,1,1,1,1,1,1,1,1,1,1,1,1,1,1,1,1,1,1,1,1,1,1,1,1,1,1,1,1,1,1,1,1,1,1,1,1,1,1,1
OTU_341,1,1,1,1,1,1,1,1,1,1,1,2,1,1,1,1,1,1,1,1,1,1,1,1,1,1,1,1,1,1,1,1,1,1,1,1,1,1,1,1,1,1,1,1,1,1,1,1,1,1
OTU_342,1,1,1,1,1,1,1,1,1,1,1,1,1,1,1,1,1,1,1,1,1,1,1,1,1,1,1,1,1,1,1,1,1,1,1,1,1,1,1,1,1,1,1,1,1,1,1,1,1,1
OTU_343,1,1,1,1,5,1,46,1,1,1,1,1,1,1,1,1,1,1,1,1,3,1,1,1,1,194,1,1,1,1,1,1,1,1,1,3,1,1,1,1,1,2,1,1,2,1,1,1,1,14
OTU_344,1,1,1,1,1,1,1,1,1,1,1,1,1,1,1,1,1,1,1,1,1,1,1,1,1,1,1,1,1,1,1,1,1,1,1,1,1,1,1,1,1,1,1,1,1,1,1,1,1,1
OTU_345,1,1,1,1,1,1,1,1,1,1,1,1,1,1,1,1,1,1,1,1,1,1,1,1,1,1,1,1,1,1,1,1,1,1,1,1,1,1,1,1,1,1,1,1,1,1,1,1,1,1
OTU_346,2,1,1,1,1,1,1,1,1,3,1,1,3,1,106,1,1,1,1,1,1,1,1,1,1,1,1,1,1,88,1,1,1,1,1,1,1,1,1,1,1,1,1,1,1,1,1,1,56,2
OTU_347,1,1,2,2,1,70,1,1,1,6,1,1,241,1,71,1,1,1,1,31,1,1,1,1,3,1,1,1,1,1,1,2,1,1,1,1,1,1,1,1,1,1,1,1,1,1,1,1,1,40
OTU_348,1,1,1,1,1,1,1,1,1,1,1,1,1,1,1,1,1,1,1,1,1,1,1,1,1,1,1,1,1,1,1,1,1,1,1,1,1,1,1,1,1,1,1,1,1,1,1,1,1,1
OTU_349,1,1,1,1,1,1,1,1,1,1,1,1,1,1,1,1,1,1,1,1,1,1,1,1,1,1,1,1,1,1,1,1,1,1,1,1,1,1,1,1,1,1,1,1,1,1,1,1,1,1
OTU_350,1,1,1,1,1,1,1,1,1,1,1,1,1,1,1,1,1,1,1,1,1,1,1,1,1,1,1,1,1,1,1,1,1,1,1,1,1,1,1,1,1,1,1,1,1,1,1,1,1,1
OTU_351,1,1,1,1,1,1,1,1,1,1,1,1,1,1,1,1,1,1,1,1,1,1,1,1,1,1,1,1,1,1,1,1,1,1,1,1,1,1,1,1,1,1,1,1,1,1,1,1,1,1
OTU_352,1,1,1,1,1,1,1,1,1,1,1,1,1,1,1,1,1,1,1,1,1,1,1,1,1,1,1,1,1,1,1,1,1,1,1,1,1,1,1,1,1,1,1,1,1,1,1,1,1,1
OTU_353,1,1,1,1,1,1,1,1,1,1,1,1,1,1,1,1,1,1,1,1,1,1,1,1,1,1,1,1,1,1,1,1,1,1,1,1,1,1,1,1,1,1,1,1,1,1,1,1,1,1
OTU_354,1,1,1,1,1,1,1,1,1,1,1,1,1,1,1,1,1,1,1,1,1,1,1,1,1,1,1,1,1,1,1,1,1,1,1,1,1,1,1,1,1,1,1,1,1,1,1,1,1,1
OTU_355,1,1,1,1,1,1,1,1,1,1,1,1,1,1,1,1,1,1,1,1,1,1,1,1,1,1,1,1,1,7,1,1,4,1,1,1,56,1,1,1,1,1,1,1,1,1,1,1,1,1
OTU_356,1,5,38,5,7,1,10,13,40,349,4,1,36,2,44,16,490,5,35,247,1,11,4,141,3,11,41,1,111,37,2,77,164,6,1,172,1,44,2,21,12,314,52,23,52,59,1,12,1,5
OTU_357,6,47,393,271,118,210,96,184,4,99,96,82,2,5,314,9,249,18,433,246,23,7,167,188,71,90,204,2,598,74,778,192,11,413,378,325,106,19,94,34,150,340,218,5,122,147,56,136,25,90
OTU_358,1,1,1,1,1,1,1,1,1,1,1,1,1,1,1,1,1,1,1,1,1,1,1,1,1,1,1,1,1,1,1,1,1,1,1,1,1,1,1,1,1,1,1,1,1,1,1,1,1,1
OTU_359,106,326,36,146,42,361,1,176,26,51,1,7,23,4,14,21,1,49,113,1201,7,493,17,15,8,3,210,2,40,52,33,55,185,6,1,34,1,586,310,32,60,1,213,21,4,5,32,20,50,7
OTU_360,1,1,1,1,1,1,1,1,1,1,1,1,1,1,1,1,1,1,1,1,1,1,1,1,1,1,1,1,1,1,1,1,1,1,1,1,1,1,1,1,1,1,1,1,1,1,1,1,1,1
OTU_361,1,1,1,1,1,1,1,1,1,1,1,1,1,1,1,1,1,1,1,1,1,1,1,1,1,1,1,1,1,1,1,1,1,1,1,1,1,1,1,1,1,1,1,1,1,1,1,1,1,1
OTU_362,1,1,1,1,1,1,1,1,1,1,1,1,1,1,1,1,1,1,1,1,1,1,1,1,1,1,1,1,1,1,1,1,1,1,1,1,1,1,1,1,1,1,1,1,1,1,1,1,1,1
OTU_363,1,2,28,261,8,1,28,1,6,132,21,2,1,8,1,1,1,11,7,70,1,1,25,1,3,2,2,51,6,116,1,17,1,5,3,1,1,1,1,7,79,244,1,82,138,78,963,1,8,1
OTU_364,1,1,1,1,1,1,1,1,1,1,1,1,1,1,1,1,1,1,1,1,1,1,1,1,1,1,1,1,1,1,1,1,1,1,1,1,1,1,1,1,1,1,1,1,1,1,1,1,1,1
OTU_365,1,2,2,193,231,1,205,1,3,1,2,32,2,1,34,16,1,8,43,57,1,1,119,402,87,1,12,2,1,17,177,8,19,1,1,21,12,132,1,1,1,208,17,1,24,66,1,3,1,7
OTU_366,81,33,78,537,258,286,211,4,277,470,9,143,118,10,424,211,781,165,6,217,232,226,127,195,308,143,113,11,278,5,1010,2,444,361,318,140,2,237,161,22,174,383,45,41,111,264,19,554,292,114
OTU_367,1,1,1,1,1,1,1,1,1,1,3,1,1,1,1,1,1,1,1,1,1,1,1,1,1,82,1,1,1,1,1,1,1,1,1,16,1,1,1,1,1,1,1,1,1,1,1,1,46,1
OTU_368,1,1,1,1,1,1,1,1,1,1,1,1,1,1,1,1,1,1,1,1,1,1,1,1,1,1,1,1,1,1,1,1,1,1,1,1,1,1,1,1,1,1,1,1,1,1,1,1,1,1
OTU_369,1,1,2,35,1,127,43,11,95,43,48,139,2,2,308,1,12,193,211,2,4,108,69,222,2,1,165,14,1,2,5,3,3,12,3,2,63,3,1,18,11,16,431,53,7,2,74,2,36,16
OTU_370,1,1,1,1,1,1,1,1,1,1,1,1,1,1,1,1,1,1,1,1,1,1,1,1,1,1,1,1,1,1,1,1,1,1,1,1,1,1,1,1,1,1,1,1,1,1,1,1,1,1
OTU_371,1,1,1,180,2,9,1,1,1,1,1,7,244,2,7,1,1,7,1,1,191,2,1,11,1,34,1,1,1,79,1,1,1,1,1,1,6,1,1,1,2,1,1,1,1,1,1,1,1,1
OTU_372,1,1,1,1,1,1,1,1,1,1,1,1,1,1,1,1,1,1,1,1,1,1,1,1,1,1,1,1,1,1,1,1,1,1,1,1,1,1,1,1,1,1,1,1,1,1,1,1,1,1
OTU_373,10,1,1,1,1,5,4,13,55,1,18,4,5,1,5,37,19,1,2,1,3,1,1,1,1,27,152,2,1,2,3,1,1,1,22,44,238,1,1,13,1,318,1,79,1,1,19,18,1,34
OTU_374,1,1,1,1,1,1,1,1,1,1,1,1,1,1,1,1,1,1,1,1,1,1,1,1,1,1,1,1,1,1,1,1,1,1,1,1,1,1,1,1,1,1,1,1,1,1,1,1,1,1
OTU_375,1,1,1,1,1,1,1,1,1,1,1,1,1,1,1,1,1,1,1,1,1,1,1,1,1,1,1,1,1,1,1,1,1,1,1,1,1,1,1,1,1,1,1,1,1,1,1,1,1,1
OTU_376,1,1,1,1,1,1,1,1,1,1,1,1,1,1,1,1,1,1,1,1,1,1,1,1,1,1,1,1,1,1,1,1,1,1,1,1,1,1,1,1,1,1,1,1,1,1,1,1,1,1
OTU_377,1,1,1,1,1,1,1,1,1,1,1,1,1,1,1,1,1,1,1,1,1,1,1,1,1,1,1,1,1,1,1,1,1,1,1,1,1,1,1,1,1,1,1,1,1,1,1,1,1,1
OTU_378,1,1,1,1,1,1,1,1,1,1,1,1,1,12,1,1,1,1,1,1,1,1,1,1,1,1,1,1,1,1,1,1,1,1,1,1,1,1,1,1,1,1,1,1,1,1,1,1,1,1
OTU_379,113,1940,47,73,165,161,194,24,312,31,6,18,91,146,202,304,242,184,447,282,6,137,550,329,458,438,154,502,429,148,156,120,620,114,96,600,113,106,51,120,285,115,293,310,259,560,389,415,92,299
OTU_380,1,1,1,1,1,1,1,1,1,1,1,1,1,1,1,1,1,1,1,1,1,1,1,1,1,1,1,1,1,1,1,1,1,1,1,1,1,1,1,1,1,1,1,1,1,1,1,1,1,1
OTU_381,1,1,1,1,1,1,1,1,1,1,1,1,1,1,1,1,1,1,1,1,1,1,1,1,1,1,1,1,1,1,1,1,1,1,1,1,1,1,1,1,1,1,1,1,1,1,1,1,1,1
OTU_382,1,1,1,1,1,1,1,1,1,1,1,1,1,1,1,1,1,1,1,1,1,1,1,1,1,1,1,1,1,1,1,1,1,1,1,1,1,1,1,1,1,1,1,1,1,1,1,1,1,1
OTU_383,1,1,1,1,1,1,1,1,1,1,1,1,1,1,1,1,1,1,1,1,1,1,1,1,1,1,1,1,1,1,1,1,1,1,1,1,1,1,1,1,1,1,1,1,1,1,1,1,1,1
OTU_384,1,1,1,1,1,3,172,1,2,226,1,1,28,1,1,115,60,1,1,1,1,2,165,1,1,6,1,4,2,3,7,1,1,22,1,1,3,9,304,1,16,1,1,1,1,1,1,110,11,79
OTU_385,134,390,126,26,60,118,26,18,229,9,55,47,305,83,43,192,135,243,178,1,217,5,16,246,78,352,73,6,79,144,105,348,29,47,75,33,60,151,1,82,272,108,344,1,20,1,33,10,26,764
OTU_386,142,39,2,1,186,234,1,44,10,1,2,130,11,2,5,35,1,1,74,1,115,1,19,1,40,5,86,1,1,172,373,6,6,23,37,11,6,39,11,11,132,14,136,53,595,1,4,6,6,5
OTU_387,1,1,1,1,1,1,1,1,1,1,1,1,1,1,1,1,1,1,1,1,1,1,1,1,1,1,1,1,1,1,1,1,1,1,1,1,1,1,1,1,1,1,1,1,1,1,1,1,1,1
OTU_388,1,1,1,1,1,1,1,1,1,1,1,1,1,1,1,1,1,1,1,1,1,1,1,1,1,1,1,1,1,1,1,1,1,1,1,1,1,1,1,1,1,1,1,1,1,1,1,1,1,1
OTU_389,1,1,1,1,1,1,1,1,1,1,1,1,1,1,1,1,1,1,1,1,1,1,1,1,1,1,1,1,1,1,1,1,1,1,1,1,1,1,1,1,1,1,1,1,1,1,1,1,1,1
OTU_390,1,1,1,1,1,1,1,1,1,1,1,1,1,1,1,1,1,1,1,1,1,1,1,1,1,1,1,1,1,1,1,1,1,1,1,1,1,1,1,1,1,1,1,1,1,1,1,1,1,1
OTU_391,1,1,1,1,1,1,1,4,1,2,1,1,1,1,1,1,1,1,1,1,1,1,30,1,9,1,1,1,1,1,1,4,1,1,77,1,10,2,1,1,307,1,5,1,4,1,17,1,1,1
OTU_392,1,1,1,1,1,1,1,1,1,1,1,1,1,1,1,1,1,1,1,1,1,1,1,1,1,1,1,1,1,1,1,1,1,1,1,1,1,1,1,1,1,1,1,1,1,1,1,1,1,1
OTU_393,1,1,1,1,1,1,1,1,1,1,1,1,1,1,1,1,1,1,1,1,1,1,1,1,1,1,1,1,1,1,1,1,1,1,1,1,1,1,1,1,1,1,1,1,1,1,1,1,1,1
OTU_394,1,1,1,1,1,1,1,1,1,1,1,1,1,1,1,1,1,1,1,1,1,1,1,1,1,1,1,1,1,1,1,1,1,1,1,1,1,1,1,1,1,1,1,1,1,1,1,1,1,1
OTU_395,1,1,84,1,1,3,1,1,1,1,1,1,1,15,1,44,1,74,1,2,1,1,50,2,1,50,1,14,1,1,3,218,1,1,1,1,1,1,4,1,18,1,1,1,1,1,1,1,1,3
OTU_396,1,1,1,1,1,1,1,1,1,1,1,1,1,1,1,1,1,1,1,1,1,1,1,1,1,1,1,1,1,1,1,1,1,1,1,1,1,1,1,1,1,1,1,1,1,1,1,1,1,1
OTU_397,1,1,1,1,1,1,1,1,1,1,1,1,1,1,1,1,1,1,1,1,1,1,1,1,1,1,1,1,1,1,1,1,1,1,1,1,1,1,1,1,24,2,1,505,2,1,1,1,1,1
OTU_398,71,2,1,1,2,1,17,1,1,1,51,1,1,60,1,1,3,1,10,1,2,1,2,2,1,1,372,1,1,4,38,1,1,1,1,1,82,1,1,1,1,1,1,1,42,2,1,3,7,1
OTU_399,1,1,1,1,1,1,1,1,1,1,1,1,1,1,1,1,1,1,1,1,1,1,1,1,1,1,1,1,1,1,1,1,1,1,1,1,1,1,1,1,1,1,1,1,1,1,1,1,1,1
OTU_400,1,1,1,1,1,1,1,1,1,1,1,1,1,1,1,1,1,1,1,1,1,1,1,1,1,1,1,1,1,1,1,1,1,1,1,1,1,1,1,1,1,1,1,1,1,1,1,1,1,1
OTU_401,1,1,1,1,1,1,1,1,1,1,1,1,1,1,1,1,1,1,1,1,1,1,1,1,1,1,1,1,1,1,1,1,1,1,1,1,1,1,1,1,1,1,1,1,1,1,1,1,1,1
OTU_402,1,1,1,1,1,1,1,1,1,1,1,1,1,1,1,1,1,1,1,1,1,1,1,1,1,1,1,1,1,1,1,1,1,1,1,1,1,1,1,1,1,1,1,1,1,1,1,1,1,1
OTU_403,1,1,1,6,1,1,1,1,4,35,56,1,1,2,1,71,1,1,1,1,36,1,1,1,1,1,1,54,1,3,1,159,1,1,1,1,1,1,28,1,1,1,1,1,1,1,1,1,1,14
OTU_404,1,1,1,1,1,1,1,1,1,1,1,1,1,1,1,1,1,1,1,1,1,1,1,1,1,1,1,1,1,1,1,1,1,1,1,1,1,1,1,1,1,1,1,1,1,1,1,1,1,1
OTU_405,1,30,42,1,6,1,71,1,1,16,1,1,26,3,69,15,2,3,10,24,3,1,208,42,18,54,138,6,1,5,79,2,96,4,1,11,6,1,42,1,1,11,6,25,2,425,3,1,86,2
OTU_406,1,1,1,1,1,1,1,1,1,1,1,1,1,1,1,1,1,1,1,1,1,1,1,1,1,1,1,1,1,1,1,1,1,1,1,1,1,1,1,1,1,1,1,1,1,1,1,1,1,1
OTU_407,1,120,124,11,1,147,27,60,63,11,164,23,1,2,5,11,1,36,90,326,1,1,49,63,1,173,44,1,1,186,102,14,35,2,4,2,30,3,1,12,365,153,5,38,22,1,57,53,3,1
OTU_408,1,1,1,1,1,1,1,1,1,1,1,1,1,1,1,1,1,1,1,1,1,1,1,1,1,1,1,1,1,1,1,1,1,1,1,1,1,1,1,1,1,1,1,1,1,1,1,1,1,1
OTU_409,1,1,1,1,1,1,1,1,1,1,1,1,1,1,1,1,1,1,1,1,1,1,1,1,1,1,1,1,1,1,1,1,1,1,1,1,1,1,1,1,1,1,1,1,1,1,1,1,1,1
OTU_410,15,20,46,222,4,8,27,799,81,107,121,50,4,10,57,403,28,72,150,40,24,170,268,27,44,27,210,58,238,74,116,42,5,40,93,4,403,1,4,6,133,6,56,333,32,1,7,5,8,18
OTU_411,1,1,1,1,1,1,1,1,1,1,1,1,1,1,1,1,1,1,1,1,1,1,1,1,1,1,1,1,1,1,1,1,1,1,1,1,1,1,1,1,1,1,1,1,1,1,1,1,1,1
OTU_412,1,1,1,1,1,1,1,1,1,1,1,1,1,1,1,1,1,1,1,1,1,1,1,1,1,1,1,1,1,1,1,1,1,1,1,1,1,10,1,1,1,1,1,1,1,1,1,1,1,1
OTU_413,1,1,1,1,1,1,1,1,1,1,1,1,1,1,1,1,1,1,1,1,1,1,1,1,1,1,1,1,1,1,1,1,1,1,1,1,1,1,1,1,1,1,1,1,1,1,1,1,1,1
OTU_414,1,3,1,1,1,1,215,148,7,1,1,207,4,1,1,98,81,18,157,1,3,1,2,1,85,1,1,29,5,1,2,1,1,1,72,3,1,111,4,4,2,1,29,47,2,124,123,8,2,3
OTU_415,1,1,1,1,1,1,1,1,1,1,1,1,1,1,1,1,1,1,1,1,1,1,1,1,1,1,1,1,1,1,1,1,1,1,1,1,1,1,1,1,1,1,1,1,1,2,1,1,1,1
OTU_416,1,1,1,1,1,1,1,1,1,1,1,1,1,1,1,1,1,1,1,1,1,1,1,1,1,1,1,1,1,1,1,1,1,1,1,1,1,1,1,1,1,1,1,1,1,1,1,1,1,1
OTU_417,1,1,1,1,1,1,1,1,1,1,1,1,1,1,1,1,1,1,1,1,1,1,1,1,1,1,1,1,1,1,1,1,1,1,1,1,1,1,1,1,1,1,1,1,1,1,1,1,1,1
OTU_418,56,57,1,95,1,73,455,100,272,4,1,452,233,207,1,25,88,1,3,15,138,1,202,120,16,421,68,1,117,12,10,44,117,8,43,3,1,132,3,8,18,1,1,50,114,2,1,1,133,140
OTU_419,1,1,1,1,1,2,2,1,7,1,1,1,7,1,1,1,1,1,1,1,1,1,1,2,100,1,1,1,1,2,1,1,1,88,1,1,1,1,1,1,1,1,1,1,1,1,4,1,1,1
OTU_420,1,1,1,1,1,1,1,1,1,1,1,1,1,1,1,1,1,1,1,1,1,1,127,1,1,1,1,1,1,1,1,1,1,1,1,1,1,1,1,1,1,1,1,1,1,1,1,1,1,1
OTU_421,1,1,1,1,1,1,1,1,1,1,1,1,1,460,1,1,10,71,1,1,1,1,49,6,1,1,22,3,96,1,1,1,442,1,1,110,1,14,1,1,2,1,1,1,1,2,1,1,62,1
OTU_422,1,1,401,3,1,1,1,1,1,1,1,1,1,113,1,1,1,6,1,1,1,1,1,1,3,1,31,1,4,1,19,1,1,1,1,9,1,1,2,19,1,1,1,7,1,1,4,108,1,1
OTU_423,1,1,1,1,1,1,1,1,1,1,1,1,1,1,1,1,1,1,1,1,1,1,1,1,1,1,1,1,1,1,1,1,1,1,1,1,1,1,1,1,1,1,1,1,1,1,1,1,1,1
OTU_424,1,1,1,1,1,1,1,1,1,1,1,1,1,1,1,1,1,1,1,1,1,1,1,1,1,1,1,1,1,1,1,1,1,1,1,1,1,1,1,1,1,1,1,1,1,1,1,1,1,1
OTU_425,1,1,1,1,1,1,1,1,1,1,1,1,1,1,1,1,1,1,1,1,1,1,1,1,1,1,1,1,1,1,1,1,1,1,1,1,1,1,1,1,1,1,1,1,1,1,1,1,1,1
OTU_426,1,1,1,1,1,1,1,1,1,1,1,1,1,1,1,1,1,1,1,1,1,1,1,1,1,1,1,1,1,1,1,1,1,1,1,1,1,1,1,1,1,1,1,1,1,17,1,1,1,1
OTU_427,1,3,150,97,29,79,1,15,412,4,1,68,4,1,1,1,1,1,29,29,101,112,4,1,34,8,1,1,5,18,11,9,1,34,1,1,1,3,7,1,91,60,5,2,1,1,15,1,2,60
OTU_428,1,1,1,1,1,1,1,1,1,1,1,1,1,1,2,1,1,1,1,1,1,1,1,1,1,1,1,1,1,1,1,1,1,1,1,1,1,1,1,1,1,1,1,1,1,1,1,1,1,1
OTU_429,49,1,1,1,31,1,1,1,1,1,1,1,1,64,42,1,1,1,1,1,8,84,1,1,75,1,1,1,288,73,1,1,22,1,4,1,1,1,5,1,1,8,4,1,12,35,1,1,34,1
OTU_430,1,1,1,1,1,1,1,1,1,1,1,1,1,1,1,1,1,1,1,1,1,1,1,1,1,1,1,1,1,1,1,1,1,1,1,1,1,1,1,1,1,1,1,1,1,1,1,1,1,1
OTU_431,1,3,1,4,1,1,109,87,272,36,5,1,3,127,1,61,1,53,1,85,37,22,13,23,1,1,1,3,1,28,97,3,1,141,3,5,3,24,2,1,2,39,317,172,5,1,8,3,1,1
OTU_432,1,1,1,1,1,1,1,1,1,1,1,1,1,1,1,1,1,1,1,1,1,1,1,1,1,1,1,1,1,1,1,1,1,1,1,1,1,1,1,1,1,1,1,1,1,1,1,1,1,1
OTU_433,1,1,1,1,1,1,1,1,1,1,1,1,1,1,1,1,1,1,1,1,1,1,1,1,1,1,1,1,1,1,1,1,1,1,1,1,1,1,1,1,1,1,1,1,1,1,1,1,1,1
OTU_434,1,26,1,34,192,6,1,44,101,1,1,144,404,360,1,1,6,29,298,1,16,3,67,8,263,14,1,26,10,198,1,13,1,1,12,155,662,17,1,1,1,1,34,3,2,1,2,83,1,82
OTU_435,1,1,1,1,1,1,1,1,1,1,1,1,1,1,1,1,1,1,1,1,1,1,1,1,1,1,1,1,1,1,1,1,1,1,1,1,1,1,1,1,1,1,1,1,1,1,1,1,1,1
OTU_436,1,1,1,1,1,1,1,254,1,1,1,2,7,1,1,1,1,3,1,1,1,1,1,1,1,1,1,1,1,109,1,1,1,2,1,1,2,1,1,1,1,1,2,1,392,14,1,8,280,1
OTU_437,1,1,1,1,1,1,1,1,1,1,36,1,1,1,1,1,1,1,1,1,1,1,1,1,1,1,1,1,1,1,1,1,1,1,1,1,1,1,1,1,1,1,1,1,1,1,1,1,1,1
OTU_438,1,1,1,1,1,1,1,1,1,1,2,1,1,1,1,1,1,1,1,1,1,1,1,1,1,1,1,1,1,1,1,1,1,1,1,1,1,1,1,1,1,1,1,1,1,1,1,1,1,1
OTU_439,1,1,1,1,1,1,1,1,1,1,1,1,1,1,1,1,1,1,1,1,1,1,1,1,1,1,1,1,1,1,1,1,1,1,1,1,21,1,1,1,1,1,1,1,1,1,1,1,1,1
OTU_440,258,1,1,1,1,1,4,11,22,1,1,1,1,1,19,202,1,1,1,174,1,1,1,1,1,1,29,1,2,31,1,1,1,7,1,40,1,1,6,1,1,188,1,1,1,1,1,1,1,27
OTU_441,1,1,1,1,1,1,1,1,1,1,1,1,1,1,1,1,1,1,1,1,1,1,1,1,1,1,1,1,1,1,1,1,1,1,1,1,1,1,1,1,1,1,1,1,1,1,1,1,1,1
OTU_442,1,1,1,1,1,1,1,1,1,1,1,1,1,1,1,1,1,1,1,1,1,1,14,1,1,1,1,1,1,1,1,1,1,1,1,1,1,1,1,1,1,1,1,1,1,1,1,1,1,1
OTU_443,1,1,1,1,1,1,1,1,1,1,1,1,1,1,1,1,1,1,1,1,1,1,1,1,1,1,1,1,1,1,1,1,1,1,1,1,1,1,1,1,1,1,1,1,1,1,1,1,1,1
OTU_444,1,1,1,1,1,1,1,1,1,1,1,1,1,1,1,1,1,1,1,1,1,1,1,1,1,1,1,1,1,1,1,1,1,1,1,1,1,1,1,1,1,1,1,1,1,1,1,1,1,1
OTU_445,1,1,1,1,1,1,1,1,1,1,1,1,1,1,1,1,1,1,1,1,1,1,1,1,1,1,1,1,1,1,1,1,1,1,1,1,1,1,1,1,1,1,1,1,1,1,1,1,1,1
OTU_446,1,1,1,1,1,1,1,1,1,1,1,1,1,1,1,1,1,1,1,1,1,1,1,1,1,1,1,1,1,1,1,1,1,1,1,1,1,1,1,1,1,1,1,1,1,1,1,1,1,1
OTU_447,1,1,1,1,1,1,1,1,1,1,1,1,1,1,1,1,1,1,1,1,1,1,1,1,1,1,1,1,1,1,1,1,1,1,1,1,1,1,1,1,1,1,1,1,1,1,1,1,1,1
OTU_448,1,1,9,1,1,1,1,1,1,1,12,1,1,1,1,2,1,1,1,2,1,1,1,1,1,1,1,1,1,2,22,1,2,1,1,1,1,1,1,1,1,191,1,1,1,1,1,4,1,1
OTU_449,1,1,60,93,1,1,1,3,1,1,1,1,1,1,1,8,1,1,1,35,5,4,1,1,19,1,1,1,10,1,1,1,1,3,1,1,1,1,1,1,1,1,1,1,1,1,1,1,1,1
OTU_450,1,1,1,1,1,1,1,1,1,1,1,1,1,1,1,1,1,1,1,1,1,1,1,1,1,1,1,1,1,1,1,1,1,1,1,1,1,1,1,1,1,1,1,1,1,1,1,1,1,1
OTU_451,1,1,1,1,1,1,1,1,1,1,1,1,1,1,1,1,1,1,1,1,1,1,1,1,1,1,1,1,1,1,1,1,1,1,1,1,1,1,1,1,1,1,1,1,1,1,1,1,1,1
OTU_452,1,1,1,1,1,1,1,1,1,1,1,1,1,1,1,1,1,1,1,1,1,1,1,1,1,1,1,1,1,1,1,1,1,1,1,1,1,1,1,1,1,1,1,1,1,1,1,1,1,1
OTU_453,1,1,1,1,1,1,1,1,1,1,1,1,1,1,1,1,1,1,1,1,1,1,1,1,1,1,1,1,1,1,1,1,1,1,1,1,1,1,1,1,1,1,1,1,1,1,1,1,1,1
OTU_454,1,1,1,15,145,1,1,1,1,7,6,11,1,5,31,22,1,1,5,40,8,1,146,1,10,43,7,7,11,108,1,1,1,1,2,3,1,75,24,35,1,10,481,1,852,78,1,3,1,120
OTU_455,1,1,1,1,1,1,1,1,1,1,1,1,1,1,1,1,1,1,1,1,1,1,1,1,1,1,1,1,1,1,1,1,1,1,1,1,1,1,1,1,1,1,1,1,1,1,1,1,1,1
OTU_456,1,1,1,1,1,1,1,1,1,1,1,1,1,1,1,1,1,1,1,1,1,1,1,1,1,1,1,1,1,1,1,1,1,1,1,1,1,1,1,1,1,1,1,1,1,1,1,1,1,1
OTU_457,1,1,1,1,1,1,1,1,1,1,1,1,1,1,1,1,1,1,1,1,1,1,1,1,1,1,1,1,1,1,1,1,1,1,1,1,1,1,1,1,1,1,1,1,1,1,1,1,1,1
OTU_458,1,1,1,1,1,1,1,1,1,1,1,1,1,1,1,1,1,1,1,1,1,1,1,1,1,1,1,1,1,1,1,1,1,1,1,1,1,1,1,1,1,1,1,1,1,1,1,1,1,1
OTU_459,1,1,1,1,1,1,1,1,1,1,1,1,1,1,1,1,1,1,1,1,1,1,1,1,1,1,1,1,1,1,1,1,1,1,1,1,1,1,1,1,1,1,1,1,1,1,1,1,1,1
OTU_460,1,2,1,1,1,1,1,1,31,1,1,1,90,5,1,6,1,1,1,1,1,1,1,1,1,1,1,1,1,1,1,1,1,1,1,6,1,77,1,3,1,51,1,1,1,1,1,1,1,1
OTU_461,144,406,35,647,11,8,66,197,2,513,15,2,2,83,44,4,48,59,62,230,10,15,62,1,56,113,8,1,7,4,200,151,389,6,211,50,35,47,57,7,358,12,50,25,21,20,51,20,11,409
OTU_462,1,1,1,1,1,1,1,1,1,1,1,1,1,1,1,1,1,1,1,1,1,1,1,1,1,1,1,1,1,1,1,1,1,1,1,1,1,1,1,1,1,1,1,1,1,1,1,1,1,1
OTU_463,1,1,1,1,1,1,1,1,1,1,1,1,1,1,1,1,1,1,1,1,1,1,1,1,1,1,1,1,1,1,1,1,1,1,1,1,1,1,1,1,1,1,1,1,1,1,1,1,1,1
OTU_464,17,1,2,18,12,11,73,62,32,9,5,130,19,16,2,99,83,106,27,194,1,79,348,1,2,14,2,108,13,71,596,159,63,51,91,7,50,9,1,6,118,172,156,12,158,1,1,4,9,57
OTU_465,1,1,1,1,1,1,1,1,1,1,1,1,64,1,1,1,1,280,1,1,1,1,1,1,1,12,1,1,209,1,1,1,1,1,1,1,1,1,1,18,1,1,1,1,1,1,1,6,1,1
OTU_466,1,2,4,50,22,81,18,4,308,1,5,3,1,16,1,1,1,34,85,120,1,194,51,1,31,128,206,58,1,9,58,295,13,18,2,1,7,12,1,121,1,1,155,62,1,5,8,1343,1,75
OTU_467,156,1,1,85,11,53,1,19,66,47,268,365,13,59,67,13,16,6,2,13,1,1,15,2,102,11,118,10,1,1,7,5,1,8,1,3,10,3,1,143,1,1,1,4,1,1,29,77,1,1
OTU_468,1,1,1,1,1,1,1,1,1,1,1,1,1,1,1,1,1,1,1,1,1,1,1,1,1,1,1,1,1,1,1,1,1,1,1,1,1,1,1,1,1,1,1,1,1,1,1,1,1,1
OTU_469,1,1,1,1,1,1,1,1,1,1,1,1,1,1,1,1,1,1,1,1,1,1,1,1,1,1,1,1,1,1,1,1,1,1,1,1,1,1,1,1,1,1,1,1,1,1,1,1,1,1
OTU_470,1,1,1,1,1,1,1,1,1,1,1,1,1,1,1,1,1,1,1,1,1,1,1,1,1,1,1,1,1,1,1,1,1,1,1,1,1,1,1,1,1,1,1,1,1,1,1,1,1,1
OTU_471,1,6,1,1,1,1,197,1,1,1,1,1,5,1,1,1,1,1,1,1,1,1,1,1,1,1,2,11,1,56,1,1,1,1,2,1,1,1,1,1,1,1,1,1,1,5,1,1,1,1
OTU_472,1,1,1,1,1,1,1,1,1,1,1,1,1,1,1,1,1,1,1,1,1,1,1,1,1,1,1,1,1,1,1,1,1,1,1,1,1,1,1,1,1,1,1,1,1,1,1,1,1,1
OTU_473,1,1,1,1,1,1,1,1,1,1,1,1,1,1,1,1,1,1,1,1,1,1,1,1,1,1,1,1,1,1,1,1,1,1,1,1,1,1,1,1,1,1,1,1,1,1,1,1,1,1
OTU_474,1,1,1,1,1,1,1,1,1,1,1,1,1,1,1,1,16,1,1,1,1,1,2,1,1,10,1,1,1,1,1,1,1,1,1,1,1,1,1,1,1,1,1,1,1,1,1,1,1,1
OTU_475,1,1,1,1,1,1,1,1,1,1,1,1,1,1,1,1,1,1,1,1,1,1,1,1,1,1,1,1,1,1,1,1,1,1,1,1,1,1,1,1,1,1,1,1,1,1,1,1,1,1
OTU_476,1,1,1,1,1,1,1,1,1,1,1,1,1,1,1,1,1,1,1,1,1,1,1,1,1,1,1,1,1,1,1,1,1,1,1,1,1,1,1,1,1,1,1,1,1,1,1,1,1,1
OTU_477,1,1,1,1,1,1,1,14,1,1,1,1,1,1,1,1,1,1,1,1,1,1,1,1,1,1,1,1,1,1,1,1,1,1,1,1,1,1,1,1,1,1,1,1,1,1,1,1,1,1
OTU_478,1,1,1,1,1,1,1,1,1,1,1,1,1,1,1,1,1,1,1,1,1,1,1,1,1,1,1,1,1,1,1,1,1,1,1,1,1,1,1,1,1,1,1,1,1,1,1,1,1,1
OTU_479,1,1,1,1,1,1,1,1,1,1,1,1,1,4,1,1,1,1,1,1,1,1,1,9,1,1,1,1,1,1,1,1,1,1,1,1,1,1,1,1,1,1,1,1,1,1,1,1,2,1
OTU_480,1,1,1,1,1,1,1,1,1,1,1,1,1,1,1,1,1,1,1,1,1,1,1,1,1,1,1,1,1,1,1,1,1,1,1,1,1,1,1,1,1,1,1,1,1,1,1,1,1,1
OTU_481,1,1,1,1,1,1,1,1,1,1,1,1,1,1,1,1,1,1,1,1,1,1,1,1,1,1,1,1,1,1,1,1,1,1,1,1,1,1,1,1,1,1,1,1,1,1,1,1,1,1
OTU_482,1,1,1,1,1,1,1,1,1,1,1,1,1,1,1,1,1,1,1,1,1,1,1,1,1,1,1,1,1,1,1,1,1,1,1,1,1,1,1,1,1,1,1,1,1,1,1,1,1,1
OTU_483,1,1,1,1,1,1,1,1,1,1,1,1,1,1,1,1,1,1,1,1,1,1,1,1,1,1,1,1,1,1,1,1,1,1,1,1,1,1,1,1,1,1,1,1,1,1,1,1,1,1
OTU_484,1,1,1,1,1,1,1,1,1,1,1,1,1,1,1,1,1,1,1,1,1,1,1,1,1,1,1,1,1,1,1,1,1,1,1,1,1,1,1,1,1,1,1,1,1,1,1,1,1,1
OTU_485,1,1,1,1,1,1,1,1,1,1,1,1,1,1,1,1,1,1,1,1,1,1,1,5,1,1,1,1,1,1,1,1,1,1,1,1,1,1,1,1,1,1,1,1,1,1,1,1,1,1
OTU_486,1,1,1,1,1,1,1,17,1,1,1,7,27,1,5,1,1,1,1,2,75,1,46,6,1,1,1,1,1,1,1,1,1,1,1,4,1,1,1,1,53,1,169,1,1,3,9,1,8,96
OTU_487,1,1,1,1,1,1,1,1,1,1,1,1,1,1,1,1,1,1,1,1,1,1,1,1,1,1,1,1,1,1,1,1,1,2,1,1,1,1,1,1,1,1,1,1,1,1,1,1,1,1
OTU_488,1,1,1,1,1,1,1,1,1,1,1,1,1,1,1,1,1,1,1,1,1,1,1,1,1,1,1,1,1,1,1,1,1,1,1,1,1,1,1,1,1,1,1,1,1,1,1,1,1,1
OTU_489,1,2,574,110,131,17,9,476,1,2,1,105,20,78,4,62,7,17,13,274,42,53,65,96,74,3,58,1,50,346,10,227,63,752,4,280,48,30,138,5,52,158,116,2,51,141,2,68,13,83
OTU_490,1,2,1,1,1,84,1,1,1,1,1,1,1,1,1,1,1,1,1,1,1,1,3,2,1,1,1,1,1,1,1,1,184,140,1,133,1,1,1,15,1,12,1,1,1,1,1,1,1,1
OTU_491,1,1,1,1,1,1,1,1,1,1,1,1,1,1,1,1,1,1,1,1,1,1,1,1,1,1,1,1,1,1,1,1,1,1,1,1,1,1,1,1,1,1,1,1,1,1,1,1,1,1
OTU_492,1,1,1,1,1,1,1,1,1,1,1,1,1,1,1,1,1,1,1,1,1,1,1,1,1,1,1,1,1,1,1,1,1,1,1,1,1,1,1,1,1,1,1,1,1,1,1,1,1,1
OTU_493,1,1,1,1,1,1,1,1,1,1,1,1,1,1,1,1,1,1,1,1,1,1,1,1,1,1,1,1,1,1,1,1,1,1,1,1,1,1,1,1,1,1,1,1,1,1,1,1,1,1
OTU_494,1,1,1,1,4,1,1,1,1,1,1,1,1,1,1,1,1,1,1,1,1,1,1,1,1,1,1,1,1,1,1,1,1,1,1,1,1,1,1,2,1,1,1,1,1,1,1,1,1,1
OTU_495,1,1,1,1,1,1,1,1,1,1,1,1,1,1,1,1,1,1,1,1,1,1,1,1,1,1,1,1,1,1,1,1,1,1,1,1,1,1,1,1,1,1,1,1,1,1,1,1,1,1
OTU_496,1,1,1,1,1,1,1,121,1,1,1,1,118,1,1,1,1,1,1,1,1,1,1,1,1,1,18,1,1,1,1,1,1,1,1,1,1,1,1,1,1,1,1,1,1,1,1,1,1,1
OTU_497,1,1,1,1,1,1,1,1,1,1,1,1,1,1,1,1,1,1,1,63,1,1,1,1,1,1,1,1,1,1,1,1,1,1,1,1,1,1,1,1,1,1,1,1,1,1,1,1,1,1
OTU_498,1,1,1,1,1,1,1,1,1,1,1,1,1,1,1,1,1,1,1,1,1,1,1,1,1,1,1,1,1,1,1,1,1,1,1,1,1,1,1,1,1,1,1,1,1,1,1,1,1,1
OTU_499,1,1,1,1,1,1,1,1,1,1,1,1,1,1,1,1,1,1,1,1,1,1,1,1,1,1,1,1,1,1,1,1,1,1,1,1,1,1,1,1,1,1,1,1,1,1,1,1,1,1
OTU_500,2,1,1,1,7,9,743,1,12,1,1,1,242,1,4,6,23,1,1,1,1,1,1,1,1,7,1,1,1,80,1,1,8,1,1,1,3,81,1,1,1,1,1,1,1,1,1,1,1,49
OTU_501,1,1,1,1,1,1,1,1,1,1,1,1,1,1,1,1,1,1,1,1,1,1,1,1,1,1,1,1,1,1,1,1,1,1,1,1,1,1,1,1,1,1,1,1,1,1,1,1,1,1
OTU_502,1,10,1,1,1,2,1,1,1,1,1,1,1,1,1,1,1,1,1,1,1,1,1,1,1,1,1,1,1,3,1,2,1,1,1,1,1,1,1,1,1,48,37,1,1,1,1,1,1,1
OTU_503,1,1,1,1,1,2,1,1,1,1,1,1,1,1,1,1,1,1,1,1,305,1,1,1,1,1,1,1,1,6,1,1,1,1,1,1,1,1,1,1,1,1,1,1,1,1,1,1,1,1
OTU_504,1,1,1,1,1,1,1,1,1,1,1,1,1,1,1,1,1,1,1,1,1,1,1,1,1,1,1,1,1,1,1,1,1,1,1,1,1,1,1,1,1,1,1,1,1,1,1,1,1,1
OTU_505,1,1,1,1,1,1,1,1,1,1,1,1,1,1,1,1,1,1,1,1,1,1,1,1,1,1,1,1,1,1,1,1,1,1,1,1,1,1,1,1,1,1,1,1,1,1,1,1,1,1
OTU_506,1,1,1,1,1,1,1,1,1,1,1,1,1,1,1,1,1,1,1,1,1,1,1,1,1,1,1,1,1,1,1,1,1,1,1,1,1,1,1,1,1,1,1,1,1,1,1,1,1,1
OTU_507,1,1,1,1,1,1,1,1,1,1,1,1,1,1,1,1,1,1,1,1,1,1,1,1,1,1,1,1,1,1,1,1,1,1,1,1,1,1,1,1,1,1,1,1,1,1,1,1,1,1
OTU_508,1,1,1,1,1,1,1,1,1,1,1,1,1,1,1,1,1,1,1,1,1,1,1,1,1,1,1,1,1,1,1,1,1,1,1,1,1,1,1,1,1,1,1,1,1,1,1,1,1,1
OTU_509,1,1,1,1,1,1,1,1,1,1,1,1,1,1,1,1,1,1,1,1,1,1,1,1,1,1,1,3,1,1,1,1,1,1,1,1,1,1,1,131,1,1,1,1,3,1,7,1,1,22
OTU_510,1,1,1,1,1,1,1,1,1,1,1,1,1,1,1,1,1,1,1,1,1,1,1,1,1,1,1,1,1,1,1,1,1,1,1,1,1,1,1,1,1,1,1,1,1,1,1,1,1,1
OTU_511,1,1,1,1,107,1,1,1,1,1,3,1,1,1,1,1,1,9,1,1,1,1,1,1,1,1,1,1,1,1,1,1,1,1,1,1,1,1,1,1,1,1,1,1,1,1,1,110,1,1
OTU_512,1,1,1,1,1,1,1,1,1,1,1,1,1,1,1,1,1,1,1,1,1,1,1,1,1,1,1,1,1,1,1,1,1,1,1,1,1,1,1,1,1,1,1,1,1,1,1,1,1,1
OTU_513,1,1,1,1,1,1,1,1,1,1,1,1,1,1,1,1,1,1,1,1,1,1,1,1,1,1,1,1,1,1,1,1,1,1,1,1,1,1,1,1,1,1,1,1,1,1,1,1,1,1
OTU_514,182,1,1,191,8,3,6,13,1,5,13,2,115,143,1,1,1,2,142,4,5,22,57,1,83,6,10,3,8,1,1,3,1,28,95,20,137,191,1,1,197,4,368,1,1,252,31,4,62,10
OTU_515,1,1,1,1,1,1,1,1,1,1,1,1,1,1,1,1,1,1,1,1,1,1,1,1,1,1,1,1,1,1,1,1,1,1,1,1,1,1,1,1,1,1,1,1,1,1,1,1,1,1
OTU_516,28,1,9,8,64,21,1,631,269,12,128,61,54,9,11,33,112,17,59,1,6,171,7,517,16,167,1,5,11,2,8,4,2,38,2,88,573,9,1,408,1,109,38,7,21,13,145,43,1,45
OTU_517,1,1,1,1,1,1,1,1,1,1,1,1,1,1,1,1,1,1,1,1,1,1,1,1,1,1,1,1,1,1,1,1,1,1,1,1,1,1,1,1,1,1,1,1,1,1,1,1,1,1
OTU_518,1,1,26,1,6,1,1,1,193,1,1,106,1,118,1,1,1,1,1,1,1,1,1,1,1,1,1,1,1,1,1,1,1,1,1,2,1,3,1,1,1,217,1,1,1,1,1,1,7,1
OTU_519,1,1,1,1,1,1,1,1,1,1,1,1,1,1,1,1,1,1,1,1,1,1,1,1,1,1,1,1,1,1,1,1,1,1,1,1,1,1,1,1,1,1,1,1,1,1,1,1,1,1
OTU_520,1,1,1,1,1,1,1,1,1,1,1,1,1,1,1,1,1,1,1,1,1,1,1,1,1,1,1,1,1,1,1,1,1,1,1,1,1,1,1,1,1,1,1,1,1,1,1,1,1,1
OTU_521,1,1,1,1,1,1,1,1,1,1,1,1,1,1,1,1,1,1,1,1,1,1,1,1,1,1,1,1,1,1,1,1,1,1,1,1,1,1,1,1,1,1,1,1,1,1,2,1,1,1
OTU_522,1,1,1,1,1,1,1,1,1,1,1,1,1,1,1,1,1,1,1,1,1,1,1,1,1,1,1,1,1,1,1,1,1,1,1,1,1,1,1,1,1,1,1,1,1,1,1,1,1,1
OTU_523,1,1,1,1,1,1,1,1,1,1,1,1,1,1,1,1,1,1,1,1,1,1,1,1,1,1,1,1,1,1,1,1,1,1,1,1,1,1,1,1,1,1,1,1,1,1,1,1,1,1
OTU_524,377,237,130,179,136,186,225,417,448,147,652,659,294,14,227,270,74,228,311,88,226,103,422,352,21,644,128,304,277,181,949,236,311,838,540,126,138,367,562,84,228,324,311,668,317,315,128,208,88,11
OTU_525,1,1,1,1,1,1,1,1,1,1,1,1,1,1,1,1,1,1,1,1,1,1,1,1,1,1,1,1,1,1,1,1,1,1,1,1,1,1,1,1,1,1,1,1,1,1,1,1,1,1
OTU_526,1,1,1,1,1,1,1,1,1,1,1,1,1,1,1,1,1,1,1,1,1,1,1,1,1,1,1,1,1,1,1,1,1,1,1,1,1,1,1,1,1,1,1,1,1,1,1,1,1,1
OTU_527,1,1,1,1,1,1,1,1,1,1,1,1,1,1,1,1,1,1,1,1,1,1,1,1,1,1,1,1,1,1,1,1,1,1,1,1,1,1,1,1,1,1,1,1,1,1,1,1,1,1
OTU_528,1,1,1,1,1,1,1,1,1,1,1,1,1,1,1,1,1,1,1,1,1,1,1,1,1,1,1,1,1,1,1,1,1,1,1,1,1,1,1,1,1,1,1,1,1,1,1,1,1,1
OTU_529,1,1,1,1,1,1,1,1,1,1,1,1,1,1,1,1,1,1,1,1,1,1,1,1,1,1,1,1,1,1,1,1,1,1,1,1,1,1,1,1,1,1,1,1,1,1,1,1,1,1
OTU_530,1,1,1,1,1,1,1,1,1,1,1,1,1,1,1,1,1,1,1,1,1,1,1,1,1,1,1,1,1,1,1,1,1,1,1,1,1,1,1,1,1,1,1,1,1,1,1,1,1,1
OTU_531,78,104,38,1,12,1,193,270,3,14,57,70,13,2,33,2,216,19,395,3,1,22,1,2,2,1,24,103,43,1,222,3,21,38,2,1,25,5,1,52,5,276,1,1,4,20,4,115,151,2
OTU_532,1,1,1,1,1,1,1,1,1,1,1,1,1,1,1,1,1,1,1,1,1,1,1,1,1,1,1,1,1,1,1,1,1,1,1,1,1,1,1,1,1,1,1,1,1,1,1,1,1,1
OTU_533,244,11,249,167,165,49,316,535,85,96,191,64,11,85,504,25,3,252,33,113,212,118,18,19,979,228,614,40,108,125,20,103,5,1,67,76,279,59,17,148,214,79,230,331,264,31,19,256,3,136
OTU_534,1,1,1,1,1,1,1,1,1,1,1,1,1,1,1,1,1,1,1,1,1,1,1,1,1,1,1,1,1,1,1,1,1,1,1,1,1,1,1,1,1,1,1,1,1,1,1,1,1,2
OTU_535,169,192,378,1684,400,335,113,1032,822,38,345,441,503,408,511,1509,83,308,542,726,164,628,61,113,80,240,505,1067,603,433,431,256,44,358,759,112,241,140,168,472,162,476,235,160,708,423,406,358,250,331
OTU_536,1,1,1,1,1,1,1,1,1,1,1,1,1,1,1,1,1,1,1,1,1,1,1,1,1,1,1,1,1,1,1,1,1,1,1,1,1,1,1,1,1,1,1,1,1,1,1,1,1,1
OTU_537,1,1,1,1,1,1,1,1,1,1,1,1,1,1,1,1,1,1,1,1,1,1,1,1,1,1,1,1,1,1,1,1,1,1,1,1,1,1,1,1,1,1,1,1,1,1,1,1,1,1
OTU_538,69,197,190,83,88,12,299,126,4,239,971,24,9,234,83,26,65,31,385,5,66,1,4,22,10,4,175,280,230,107,153,14,53,6,227,32,20,393,176,4,208,15,3,76,10,290,50,3,2,48
OTU_539,1,1,1,1,1,1,1,1,1,1,1,39,1,1,1,1,1,1,1,1,1,2,1,1,9,1,1,1,1,1,12,1,1,1,1,1,29,1,1,1,1,1,1,1,1,1,1,1,1,1
OTU_540,46,153,364,32,2,51,29,1,403,295,104,22,71,12,7,45,20,4,73,24,2,244,256,49,16,43,3,6,256,431,18,270,22,349,405,42,98,58,150,93,16,146,30,159,49,58,61,6,204,31
OTU_541,1,1,1,1,1,1,1,1,1,1,1,1,1,1,1,1,1,1,1,1,1,1,1,1,1,1,1,1,1,1,1,1,1,1,1,1,1,1,1,1,1,1,1,1,1,1,1,1,1,1
OTU_542,1,1,1,1,1,1,1,1,1,1,1,1,1,1,1,1,1,1,1,1,1,1,1,1,1,1,1,1,1,1,1,1,1,1,1,1,1,1,1,1,1,1,1,1,1,1,1,1,1,1
OTU_543,1,1,1,1,1,1,1,1,1,1,1,1,1,1,1,1,1,1,1,1,1,1,1,1,1,1,1,1,1,1,1,1,1,1,1,1,1,1,1,1,1,1,1,1,1,1,1,1,1,1
OTU_544,1,1,1,1,1,1,1,1,1,1,1,1,1,1,1,1,1,1,1,1,1,1,1,1,1,1,1,1,1,1,1,1,1,1,1,1,1,1,1,1,1,1,1,1,1,1,1,1,1,1
OTU_545,1,1,1,1,1,1,1,1,1,1,1,1,1,1,1,1,1,1,1,1,1,1,1,1,1,1,1,1,1,1,1,1,1,1,1,1,1,1,1,1,1,1,1,1,1,1,1,1,1,1
OTU_546,1,1,1,1,1,1,1,1,1,1,1,1,1,1,1,1,1,1,1,1,1,1,1,1,1,1,1,1,1,1,1,1,1,1,1,1,1,1,1,1,1,1,1,1,1,1,1,1,1,1
OTU_547,1,1,1,1,1,1,1,1,1,1,1,1,1,1,1,1,1,1,1,1,1,1,1,1,1,1,1,1,1,1,1,1,1,1,1,1,1,1,1,1,1,1,1,1,1,1,1,1,1,1
OTU_548,1,1,1,1,1,1,1,1,1,1,1,1,1,1,1,1,1,1,1,1,1,1,1,1,1,1,1,1,1,1,1,1,1,1,1,1,1,1,1,1,1,1,1,1,1,1,1,1,1,1
OTU_549,1,6,3,1,2,1,10,1,1,6,1,111,1,4,1,1,368,45,1,1,11,1,1,1,1,155,1,1,1,1,1,1,1,9,4,1,1,1,1,1,1,1,1,1,1,43,1,2,1,81
OTU_550,1,1,1,1,1,1,1,1,1,1,1,1,1,1,1,1,1,1,1,1,1,1,1,1,1,1,1,1,1,1,1,1,1,1,1,1,1,1,1,1,1,1,1,1,1,1,1,1,1,1
OTU_551,1,1,1,1,1,1,1,1,1,1,1,1,1,1,1,1,1,1,1,1,1,1,1,1,1,1,1,1,1,1,1,1,1,1,1,1,1,1,1,1,1,1,1,1,1,1,1,1,1,1
OTU_552,1,1,1,1,1,12,2,1,10,1,1,1,17,1,1,1,1,3,1,1,1,1,1,1,1,1,1,1,60,1,1,1,1,1,1,1,1,1,1,1,1,1,1,1,1,1,1,1,1,1
OTU_553,1,1,1,1,1,1,1,1,1,1,1,1,1,1,1,1,1,1,1,1,1,1,1,1,1,1,1,1,1,1,1,1,1,1,1,1,1,1,1,1,1,1,1,1,1,1,1,1,1,1
OTU_554,1,1,1,1,1,1,1,1,1,1,1,1,1,1,1,1,1,1,1,1,1,1,1,1,1,1,1,1,1,1,1,1,1,1,1,1,1,1,1,1,1,1,1,1,1,1,1,1,1,1
OTU_555,1,1,1,1,1,1,1,1,1,1,1,1,1,1,1,1,1,1,1,1,1,1,14,1,1,1,1,1,1,1,1,1,1,1,1,1,1,1,1,1,1,1,1,1,1,1,1,1,1,1
OTU_556,1,1,1,1,28,216,2,1,1,2,97,6,1,1,1,1,1,51,1,1,5,1,1,1,109,1,2,33,1,1,1,1,64,1,1,3,1,2,1,1,1,1,1,1,19,1,1,1,1,1
OTU_557,1,1,1,1,1,1,1,1,1,1,1,1,1,1,1,1,1,1,1,1,1,1,1,1,1,1,1,1,1,1,1,1,1,1,1,1,1,1,1,1,1,1,1,1,1,1,1,1,1,1
OTU_558,1,1,1,1,1,1,1,1,1,1,1,1,1,1,1,1,1,1,1,1,1,1,1,1,1,1,1,1,1,1,1,1,1,1,1,1,1,1,1,1,1,1,1,1,1,1,1,1,1,1
OTU_559,141,91,177,251,216,254,366,165,326,179,33,248,396,489,233,308,100,390,106,332,476,645,104,1357,288,89,184,317,168,122,11,598,116,113,631,172,89,179,112,168,360,163,15,798,135,243,73,358,65,316
OTU_560,1,1,1,1,1,1,1,1,1,1,1,1,1,1,1,1,1,1,1,1,1,1,1,1,1,1,1,1,1,1,1,1,1,1,1,1,1,1,1,1,1,1,1,1,1,1,1,1,1,1
OTU_561,8,59,90,8,22,197,580,10,4,146,2,33,29,76,93,126,377,100,96,29,4,25,2,255,13,9,8,15,5,1,230,1,5,55,247,1,157,6,209,6,2,289,1,17,2,25,6,250,250,7
OTU_562,1,1,1,1,131,1,1,61,1,42,1,1,1,47,1,1,1,1,1,1,1,1,1,1,1,1,1,2,1,1,1,1,1,1,1,1,1,28,1,1,1,1,1,1,2,51,1,1,1,1
OTU_563,1,5,1,1,1,1,2,1,1,1,1,1,1,1,1,1,1,1,1,1,1,1,1,1,1,1,1,1,1,1,1,1,1,18,1,1,1,1,1,1,244,1,1,1,1,2,1,1,1,1
OTU_564,1,1,1,1,1,1,1,1,1,1,1,1,1,1,1,1,1,1,1,1,1,1,1,1,1,1,1,1,1,1,1,1,1,1,1,1,1,1,1,1,1,1,1,1,1,1,1,1,1,1
OTU_565,1,21,1,13,1,1,1,1,1,1,1,1,1,3,1,1,1,1,1,1,1,1,1,1,1,1,1,1,1,16,1,1,1,1,1,17,1,1,1,1,2,1,1,1,1,1,1,1,1,1
OTU_566,17,329,27,361,5,108,12,35,1,1,34,20,1,5,100,2,10,11,2,109,88,5,27,17,360,2,314,2,2,3,17,311,149,24,215,106,30,64,230,18,139,15,69,29,1,1,1,1,1,1
OTU_567,1,18,1,193,1,1,85,4,1,3,1,5,2,1,1,1,7,1,38,1,1,60,1,1,1,5,1,1,1,51,1,1,1,2,74,2,1,1,1,108,2,1,1,50,1,18,1,1,383,8
OTU_568,1,1,1,1,1,1,1,1,1,1,1,1,1,1,1,1,1,1,1,1,1,1,1,1,1,1,1,1,1,1,1,1,1,1,1,1,1,1,1,1,1,1,1,1,1,1,1,1,1,1
OTU_569,1,1,1,1,1,1,1,1,1,1,1,1,1,1,1,1,1,1,1,1,1,1,1,1,1,1,1,1,1,1,1,1,1,1,1,1,1,1,1,1,1,1,1,1,1,1,1,1,1,1
OTU_570,1,1,1,1,43,1,1,1,9,1,1,1,3,1,1,1,10,1,1,1,1,1,1,1,1,1,1,1,1,1,1,1,1,1,1,1,1,1,1,1,1,1,1,1,1,1,1,1,1,1
OTU_571,1,1,1,1,1,1,1,1,1,1,1,1,1,1,1,1,1,1,1,1,1,1,1,1,1,1,1,1,1,1,1,1,1,1,1,1,1,1,1,1,1,1,1,1,1,1,1,1,1,1
OTU_572,1,1,1,1,1,1,1,1,1,1,1,1,1,1,1,1,1,1,1,1,1,1,1,1,1,1,1,1,1,1,1,1,1,1,1,1,1,1,1,1,1,1,1,1,1,1,1,1,1,1
OTU_573,2,6,78,1,263,1,1,2,6,1,1,42,1,66,67,4,3,43,1,74,251,42,3,1,70,20,1,1,1,2,12,1,124,1,1,314,229,1,1,565,307,47,88,1,28,2,71,70,1,1
OTU_574,1,1,1,1,1,1,1,1,1,1,1,1,1,1,1,1,1,1,1,1,1,1,1,1,1,1,4,1,1,1,1,1,1,1,1,1,1,1,1,1,1,1,1,1,1,1,1,1,1,1
OTU_575,1,1,1,1,1,1,1,1,1,1,1,1,1,1,1,1,1,1,1,1,1,1,1,1,1,1,1,1,1,1,1,1,1,1,1,1,1,1,1,1,1,1,1,1,1,1,1,1,1,1
OTU_576,1,1,1,1,1,1,1,1,1,1,1,1,1,1,1,1,1,1,1,1,1,1,1,1,1,1,1,1,1,1,1,1,1,1,1,1,1,1,1,1,1,1,1,1,1,1,1,1,1,1
OTU_577,1,1,1,1,1,1,1,1,1,1,1,1,1,1,1,1,1,1,1,1,1,1,1,1,1,1,1,1,1,1,1,1,1,1,1,1,1,1,1,1,1,1,1,1,1,1,1,1,1,1
OTU_578,1,1,1,1,1,1,1,1,1,1,1,1,1,1,1,1,1,1,1,1,1,1,1,1,1,1,1,1,1,1,1,1,1,1,1,1,1,1,1,1,1,1,1,1,1,1,1,1,1,1
OTU_579,1,1,1,1,1,1,1,1,1,1,1,1,1,1,1,1,1,1,1,1,1,1,1,1,1,1,1,1,1,1,1,1,1,1,1,1,1,1,1,1,1,1,1,1,1,1,1,1,1,1
OTU_580,1,1,1,1,1,3,1,1,1,1,1,1,1,1,3,1,1,210,1,1,1,6,1,1,1,1,3,1,6,1,1,1,1,4,2,188,1,1,1,1,1,1,1,1,1,2,1,1,1,1
OTU_581,332,542,505,187,125,798,418,545,165,604,445,692,203,918,227,246,93,265,525,216,250,368,733,744,304,183,55,264,222,544,449,118,190,376,119,1470,49,377,71,320,306,593,510,590,187,279,76,1150,207,268
OTU_582,86,95,19,114,238,3,393,190,55,46,278,91,86,26,8,1,258,100,48,1,62,1,166,15,2,395,24,11,7,717,1,16,246,97,4,22,157,32,155,132,75,128,57,198,1,591,14,1,205,77
OTU_583,1,1,1,1,1,1,1,1,1,1,1,1,1,1,1,1,1,1,1,1,1,1,1,1,1,1,1,1,1,1,1,1,1,1,1,1,1,1,1,1,1,1,1,1,1,1,1,1,1,1
OTU_584,1,1,1,1,1,1,1,1,1,1,1,1,1,1,1,1,1,1,1,1,1,1,1,1,1,1,1,1,1,1,1,1,1,1,1,1,1,1,1,1,1,1,1,1,1,1,1,1,1,1
OTU_585,1,1,1,1,1,1,1,1,1,1,1,1,1,1,1,1,1,1,1,1,1,1,1,1,1,1,1,1,1,1,1,1,1,1,1,1,1,1,1,1,1,1,1,1,1,1,1,1,1,1
OTU_586,1,1,1,1,1,1,1,1,1,1,1,1,1,1,1,1,1,1,1,1,1,1,1,1,1,1,1,1,1,1,1,1,1,1,1,1,1,1,1,1,1,1,1,1,1,1,1,1,1,1
OTU_587,1,1,1,1,1,1,1,1,1,1,1,1,1,1,1,1,1,1,1,1,1,1,1,1,1,1,1,1,1,1,1,1,1,1,1,1,1,1,1,1,1,1,1,1,1,1,1,1,1,1
OTU_588,1,1,1,1,1,1,1,1,1,1,1,1,1,1,1,1,1,1,1,1,1,1,1,1,1,1,1,1,1,1,1,1,1,1,1,4,1,1,1,1,1,1,1,1,1,1,1,1,1,1
OTU_589,1,1,1,1,1,1,1,1,1,1,1,1,1,1,1,1,1,1,1,1,1,1,1,1,1,1,1,1,1,1,1,1,1,1,1,1,1,1,1,1,1,1,1,1,1,1,1,1,1,1
OTU_590,1,1,1,1,1,1,1,1,1,1,1,1,1,1,1,1,1,1,1,1,1,1,1,1,1,1,1,1,1,1,1,1,1,1,1,1,1,1,1,1,1,1,1,1,1,1,1,1,1,1
OTU_591,32,380,169,337,242,263,54,69,109,8,108,576,89,503,1057,439,42,32,37,699,684,83,25,373,109,34,33,1,324,154,673,51,30,152,379,139,152,172,118,191,41,307,642,70,898,102,343,26,29,757
OTU_592,462,1,6,1,3,1,1,1,2,1,1,1,1,1,1,1,1,1,7,1,30,1,1,1,1,1,1,1,1,1,1,44,1,11,57,1,2,1,1,1,1,34,88,2,133,7,1,1,1,1
OTU_593,1,1,1,1,1,1,1,1,1,1,1,1,1,1,1,1,1,1,1,1,1,1,1,1,1,1,1,1,1,1,1,1,1,1,1,1,1,1,1,1,1,1,1,1,1,1,1,1,1,43
OTU_594,442,198,345,269,417,522,110,58,55,237,501,341,409,25,39,498,185,162,10,5,48,206,153,96,632,120,723,310,159,451,114,226,262,124,45,690,157,44,2,336,254,182,171,188,89,151,322,206,902,609
OTU_595,1,1,1,91,29,215,1,1,138,35,138,25,1,1,1,107,6,1,1,1,1,4,72,1,1,23,1,1,2,1,1,1,4,1,1,1,1,1,1,1,1,133,8,1,1,112,147,4,1,1
OTU_596,1,1,1,1,1,1,1,1,1,1,1,1,1,1,1,1,1,1,1,1,1,1,1,1,1,1,1,1,1,1,1,1,1,1,1,1,1,1,1,1,1,1,1,1,1,1,1,1,1,1
OTU_597,1,1,1,1,1,1,1,1,1,1,1,1,1,1,3,1,1,1,1,1,1,1,1,1,1,1,1,1,1,1,1,1,1,1,1,1,1,1,1,1,1,1,1,1,1,1,9,1,2,1
OTU_598,1,1,1,1,1,1,1,1,1,1,1,1,1,1,1,1,1,1,1,1,1,1,1,1,1,1,1,1,1,1,1,1,1,1,1,1,1,1,1,1,1,1,1,1,1,1,1,1,1,1
OTU_599,2,1,1,1,1,1,3,2,2,1,1,1,1,1,1,1,21,1,1,1,1,1,1,1,1,1,1,1,1,1,1,1,1,1,1,4,1,399,1,136,1,1,1,1,1,1,1,1,2,1
OTU_600,1,1,1,1,1,1,1,1,1,1,1,1,1,1,1,1,1,1,1,1,1,1,1,1,1,1,1,1,1,1,1,1,1,1,1,1,1,1,1,1,1,1,1,1,1,1,1,1,1,1
OTU_601,1,1,1,1,1,1,1,1,1,1,1,1,1,1,1,1,1,1,1,1,1,1,1,1,1,1,1,1,1,1,1,1,1,1,1,1,1,1,1,1,1,1,1,1,1,1,1,1,1,1
OTU_602,24,82,123,27,55,15,68,4,163,32,50,553,10,90,117,230,61,463,11,1,91,148,44,155,483,300,340,6,14,38,99,14,19,32,82,971,238,38,627,121,406,20,21,94,55,207,443,69,136,21
OTU_603,1,2,1,1,3,3,3,27,6,88,1,9,1,10,17,2,64,48,55,1,82,250,1,110,2,176,387,1,1,327,423,9,459,1,137,24,2,32,26,1,1,24,16,79,1,93,1,1,2,35
OTU_604,1,151,36,1,2,1,1,138,3,395,1,85,36,309,19,3,233,3,82,1,44,1,233,3,7,92,161,2,1,1,65,213,3,148,1,22,1,1,2,160,3,2,9,188,442,3,14,3,1,1
OTU_605,1,1,1,1,1,1,1,1,1,1,1,1,1,1,1,1,1,1,1,1,1,1,1,1,1,1,1,1,1,1,1,1,1,1,1,1,1,1,1,1,1,1,1,1,1,1,1,1,1,1
OTU_606,1,1,1,2,1,1,1,2,1,1,110,1,9,74,1,1,1,1,1,1,1,11,1,1,1,1,3,1,1,4,4,24,1,4,4,1,1,143,1,1,1,1,1,1,1,30,1,1,1,1
OTU_607,1,1,1,381,1,2,1,1,1,13,1,1,1,1,106,309,1,160,1,1,11,1,3,13,1,1,301,1,50,2,1,1,14,1,15,1,1,11,9,1,1,1,1,91,27,1,1,1,26,154
OTU_608,1,1,1,1,1,409,1,1,1,4,1,1,16,1,1,1,1,5,1,10,1,2,3,14,1,5,1,1,1,1,1,20,1,1,1,262,1,129,1,1,39,1,1,1,1,1,2,11,1,1
OTU_609,1,1,5,1,1,2,121,1,2,1,313,1,1,1,1,8,8,1,1,1,1,1,1,1,6,2,1,1,1,9,1,1,1,1,1,2,1,1,1,1,1,2,3,1,5,1,1,1,1,1
OTU_610,1,1,1,1,1,1,1,1,1,1,1,1,1,1,1,1,1,1,1,1,1,1,1,1,1,1,1,1,1,1,1,1,1,1,1,1,1,1,1,1,1,1,1,1,1,1,1,1,1,1
OTU_611,1,1,1,1,1,1,1,1,1,1,1,1,1,1,1,1,1,1,1,1,1,1,1,1,1,1,1,1,1,1,1,1,1,1,1,1,1,1,1,1,1,1,1,1,1,1,1,1,1,1
OTU_612,1,1,1,1,1,1,1,1,1,1,1,1,1,1,1,1,1,1,1,1,1,1,1,1,1,1,1,1,1,1,1,1,1,1,1,1,1,1,1,1,1,1,1,1,1,1,1,1,1,1
OTU_613,1,1,1,1,1,1,1,1,1,1,1,1,1,1,1,1,1,1,1,1,1,1,1,1,1,1,1,1,1,1,1,1,1,1,1,1,1,1,1,1,1,1,1,1,1,1,1,1,1,1
OTU_614,1,1,1,1,1,1,1,1,1,1,1,1,1,1,1,1,1,1,1,1,1,1,1,1,1,1,1,1,1,1,1,1,1,1,1,1,1,1,1,1,1,1,1,1,1,1,1,1,1,1
OTU_615,1,1,1,1,1,1,1,1,1,1,1,1,1,1,1,1,1,1,1,1,1,1,1,1,1,1,1,1,1,1,1,1,1,1,1,1,1,1,1,1,1,1,1,1,1,1,1,1,1,1
OTU_616,5,26,33,53,1,21,5,1,1,25,4,1,89,107,1,37,1,56,37,18,5,1,7,5,7,303,38,1,15,1,1,1,55,60,1,1,1,13,9,1,135,1,52,8,1,1,70,1,22,1
OTU_617,1,1,1,1,1,1,1,1,1,1,1,1,1,1,1,1,1,1,1,1,1,1,1,1,1,1,1,1,1,1,1,1,1,1,1,1,1,1,1,1,1,1,1,1,1,1,1,1,1,1
OTU_618,1,1,118,1,1,1,1,1,1,1,1,1,1,2,1,1,1,1,1,1,1,1,1,1,1,1,1,1,1,1,1,1,1,1,1,1,1,1,1,1,1,1,1,1,1,1,1,1,1,1
OTU_619,1,1,2,1,1,4,1,187,4,4,1,1,1,4,1,3,39,135,1,1,8,26,1,1,1,3,39,1,1,39,5,1,132,83,4,213,1,1,1,23,1,1,28,1,4,111,1,1,16,1
OTU_620,109,1,1,1,1,1,1,1,1,1,1,1,1,1,1,1,1,1,1,1,1,1,1,1,1,1,1,1,1,1,1,1,1,1,1,1,1,1,1,1,1,1,1,1,1,1,1,1,1,1
OTU_621,1,1,15,1,1,1,1,1,23,1,1,1,1,1,54,1,1,1,40,1,1,1,1,1,1,1,1,1,1,1,1,1,1,1,1,1,1,1,1,1,24,1,1,1,1,1,1,1,4,1
OTU_622,1,1,1,1,1,1,1,1,1,1,1,1,1,1,1,1,1,1,1,1,1,110,1,1,1,1,1,1,1,1,1,1,13,1,1,1,1,1,1,1,1,1,1,1,1,1,1,1,1,1
OTU_623,6,5,3,18,58,1,1,11,1,2,1,65,15,29,1,7,1,1,1,54,1,2,143,2,1,2,1,6,221,1,4,1,1,15,3,1,37,1,1,198,9,1,1,1,132,1,6,44,1,77
OTU_624,1,1,1,1,7,8,1,1,1,1,1,1,1,1,1,1,1,1,1,4,44,1,1,1,1,1,1,1,1,1,1,1,1,82,7,1,1,1,1,1,1,1,1,1,1,1,1,4,1,1
OTU_625,1,1,1,1,1,1,1,1,1,1,1,1,1,1,1,1,1,1,1,1,1,1,1,1,1,1,1,1,1,1,1,1,1,1,1,1,1,1,1,1,1,1,1,1,1,1,1,1,1,1
OTU_626,1,1,1,1,40,1,1,1,1,1,1,27,1,22,1,1,10,5,12,2,1,14,6,11,1,1,1,1,3,1,12,1,8,1,1,1,3,1,1,1,1,1,50,44,1,22,128,5,290,61
OTU_627,134,27,1,24,1,31,2,119,65,16,37,260,122,1,2,35,1,569,1,1,167,160,1,36,71,1,1,1,1,2,4,17,363,1,1,20,32,4,345,1,1,1,8,50,1,1,372,6,13,3
OTU_628,1,1,1,1,1,1,1,1,1,1,1,182,49,7,1,1,4,1,1,1,1,1,1,1,1,1,1,1,1,1,1,1,77,1,5,13,1,1,1,65,1,1,1,1,1,1,1,1,386,1
OTU_629,1,1,1,1,1,1,1,1,1,1,1,1,1,1,1,1,1,1,1,1,1,1,1,1,1,1,1,1,1,1,1,1,1,1,1,1,1,1,1,1,1,1,1,67,1,1,2,1,1,1
OTU_630,1,1,1,1,1,1,1,1,1,1,1,1,1,1,1,1,1,1,1,1,1,1,1,1,1,1,1,1,1,1,1,1,1,1,1,1,1,1,1,1,1,1,1,1,1,1,1,1,1,1
OTU_631,3,1,1,3,1,1,399,25,1,1,1,1,33,1,1,1,624,1,104,1,31,1,59,83,1,1,15,1,1,6,159,1,1,14,6,2,1,24,1,98,1,1,332,1,12,1,10,658,1,1
OTU_632,17,91,223,370,12,145,35,43,114,10,18,26,235,20,92,108,142,39,158,70,227,71,44,109,35,30,264,274,98,55,19,3,234,100,62,133,104,19,456,9,374,130,20,35,244,310,52,8,317,5
OTU_633,1,1,1,1,1,1,1,1,1,1,1,1,1,1,1,1,1,1,1,1,1,1,1,1,1,1,1,1,1,1,1,1,1,1,1,1,1,1,1,1,1,1,1,1,1,1,1,1,1,1
OTU_634,1,1,1,1,1,1,1,1,1,1,1,1,1,1,1,1,1,1,1,1,1,1,1,1,1,1,1,1,1,1,1,1,1,1,1,1,1,1,1,1,1,1,1,1,1,1,1,1,1,1
OTU_635,409,439,376,395,199,146,99,520,287,902,143,688,144,78,301,395,94,61,59,243,30,400,463,335,41,314,185,474,273,396,689,486,745,457,168,601,128,453,268,348,320,578,592,31,617,729,552,291,82,322
OTU_636,1,1,1,1,1,1,1,1,1,1,1,1,1,1,1,1,1,1,1,1,1,1,1,8,1,1,1,181,1,1,1,1,1,1,1,1,1,22,1,1,1,1,1,1,1,1,1,1,1,1
OTU_637,1,57,1,1,1,21,1,1,3,1,1,1,1,1,1,1,7,1,1,2,88,1,17,1,1,1,1,1,1,2,1,49,1,1,56,1,6,9,1,1,1,1,1,1,1,3,2,1,1,1
OTU_638,1,1,1,1,1,1,1,1,1,1,1,1,1,1,1,1,1,1,1,1,1,1,1,1,1,1,1,1,1,1,1,1,1,1,1,1,1,1,1,1,1,1,1,1,1,1,1,1,1,1
OTU_639,1,1,1,1,1,1,1,1,1,1,1,1,1,1,1,1,1,1,1,1,1,1,1,1,1,1,1,1,1,1,1,1,1,1,1,1,1,1,1,1,1,1,1,1,1,1,1,1,1,1
OTU_640,1,1,1,1,6,1,4,1,1,1,8,1,1,1,1,1,1,1,1,1,1,1,1,1,1,2,69,1,3,1,1,1,1,1,23,1,3,1,1,1,1,1,1,1,1,1,1,1,9,1
OTU_641,1,1,1,1,8,1,1,1,1,1,1,1,1,1,1,1,1,1,6,1,1,1,1,1,1,1,8,1,1,1,1,1,1,1,1,1,1,1,1,14,1,1,1,1,1,1,1,9,1,1
OTU_642,1,1,1,1,1,1,1,1,1,1,1,1,1,1,1,1,1,1,1,1,1,1,1,1,1,1,1,1,1,1,1,1,1,1,1,1,1,1,1,1,1,1,1,1,1,1,1,1,1,1
OTU_643,1,1,1,1,1,1,1,1,1,1,1,1,1,1,1,1,1,1,1,1,1,1,1,1,1,1,1,1,1,1,1,1,1,1,1,1,1,1,1,1,1,1,1,1,1,1,1,1,1,1
OTU_644,1,1,1,1,1,1,1,1,1,1,1,1,1,1,1,1,1,1,1,1,1,1,1,1,1,1,1,1,1,1,1,1,1,1,1,1,1,1,1,1,1,1,1,1,1,1,1,1,1,1
OTU_645,1,1,1,1,1,1,1,1,1,1,1,1,1,1,1,1,1,1,1,1,1,1,1,1,1,1,1,1,1,2,1,1,1,1,1,1,1,1,1,1,1,1,1,1,1,1,1,1,1,1
OTU_646,1,1,1,1,1,1,1,1,1,1,1,1,1,1,1,1,1,1,1,1,1,1,1,1,1,1,1,4,1,1,1,1,1,1,1,1,1,1,1,1,1,1,1,1,1,1,1,1,1,1
OTU_647,1,1,1,1,1,1,1,1,1,1,1,1,1,1,1,1,1,1,1,1,1,1,1,1,1,2,1,1,1,1,1,1,1,1,1,1,1,1,1,1,1,1,1,1,1,1,1,1,1,1
OTU_648,1,1,4,1,1,1,1,1,1,22,1,1,19,1,1,1,1,1,1,1,1,162,1,1,1,1,1,3,1,131,1,1,1,6,1,1,7,1,69,6,21,1,2,1,1,1,1,44,4,1
OTU_649,1,1,1,1,1,1,1,1,1,1,1,1,1,1,1,1,1,2,1,1,1,1,1,1,43,1,1,1,1,1,1,1,1,1,6,1,1,1,1,1,1,1,11,1,1,91,1,1,1,1
OTU_650,1,1,1,1,1,1,1,1,1,1,1,1,1,1,1,1,1,1,1,1,1,1,1,1,1,1,1,1,1,1,1,1,1,1,1,1,1,1,1,1,1,1,1,1,2,1,1,1,1,1
OTU_651,1,1,1,1,1,1,1,1,1,1,1,1,1,1,1,1,1,1,1,1,1,1,1,1,1,1,1,1,1,1,1,1,1,1,1,1,1,1,1,1,1,1,1,1,1,1,1,2,1,1
OTU_652,4,375,2,52,117,23,136,10,160,54,259,383,28,5,337,322,146,82,149,133,409,141,106,23,166,21,28,53,10,212,60,11,142,102,40,36,69,95,3,1,127,84,15,155,154,47,38,16,91,843
OTU_653,205,1,1,3,1,1,2,1,10,7,1,4,9,1,1,1,35,1,91,1,28,7,3,1,1,3,6,1,70,2,1,27,1,1,46,1,1,1,1,1,1,20,1,12,35,1,106,6,1,247
OTU_654,1,1,1,1,1,1,1,1,1,1,1,1,1,1,1,1,1,1,1,1,1,1,1,1,1,1,1,1,1,1,1,1,1,1,1,1,1,1,1,1,1,1,1,1,1,1,1,1,1,1
OTU_655,1,1,1,1,1,1,1,1,1,1,1,1,1,1,1,1,1,1,1,1,1,1,1,1,1,1,1,1,1,1,1,1,1,1,1,1,1,1,1,1,1,1,1,1,1,1,1,1,1,1
OTU_656,1,1,1,1,1,1,1,1,1,1,1,1,1,1,1,1,1,1,1,1,1,1,1,1,1,1,1,1,1,1,1,1,1,1,1,1,1,1,1,1,1,1,1,1,1,1,1,1,1,1
OTU_657,1,1,1,1,1,1,1,1,1,1,1,1,1,1,1,1,1,1,1,1,1,1,1,1,1,1,1,1,1,1,1,1,1,1,1,1,1,1,1,1,1,1,1,1,1,1,1,1,1,1
OTU_658,1,1,1,1,1,1,1,1,1,1,1,1,1,33,1,84,1,1,1,1,1,1,1,1,1,1,1,1,1,1,1,1,1,4,1,1,1,1,1,1,2,1,1,1,1,1,1,1,1,1
OTU_659,2,2,1,1,1,1,1,2,128,1,6,12,4,6,1,1,506,868,48,148,12,6,1,1,1,1,1,799,255,1,6,7,2,404,1,1,16,10,13,20,1,1,127,1,3,2,2,1,1,58
OTU_660,1,1,1,1,1,1,1,1,1,1,1,1,1,1,1,1,1,1,1,1,1,1,1,1,1,1,1,1,1,1,1,1,1,1,1,1,1,1,1,1,1,1,1,1,1,1,1,1,1,1
OTU_661,1,1,1,1,1,1,1,20,1,1,1,1,1,1,10,1,1,1,1,1,1,2,1,1,20,1,1,1,1,1,1,1,1,1,1,1,1,1,1,1,1,1,1,1,1,1,1,1,1,1
OTU_662,1,1,1,1,1,1,1,1,1,1,1,1,1,1,1,1,1,1,1,1,1,1,1,1,1,1,1,1,1,1,1,1,1,1,1,1,1,1,1,1,1,1,1,1,1,1,1,1,1,1
OTU_663,1,1,1,1,1,1,1,1,1,1,1,1,1,1,1,1,1,1,1,1,1,1,1,1,1,1,1,1,1,1,1,1,1,1,1,1,1,1,1,1,1,1,1,1,1,1,1,1,1,1
OTU_664,1,1,1,1,1,1,1,1,1,1,1,1,1,1,1,1,1,1,1,1,1,1,1,1,1,1,1,1,1,1,1,1,1,1,1,1,1,1,1,1,1,1,1,1,1,1,1,1,1,1
OTU_665,879,224,212,97,316,2,117,215,13,600,27,3,321,2,115,373,31,16,208,126,17,13,455,107,40,68,142,285,149,40,117,227,21,996,59,175,195,180,17,35,265,261,135,556,38,8,306,42,166,187
OTU_666,1,1,1,1,1,1,1,1,1,1,37,1,1,1,1,1,1,1,1,1,1,1,1,1,1,1,1,1,1,1,1,1,1,1,1,1,1,1,1,1,1,1,1,1,1,1,1,1,1,1
OTU_667,78,25,1,738,3,307,269,2,46,31,241,1,248,342,1,272,28,1,64,60,1,6,183,1,4,2,1,213,35,4,1,35,1,99,1,3,186,1,9,1,1,57,10,1,122,2,6,4,1,2
OTU_668,1,1,1,1,1,1,1,1,1,1,1,1,1,1,1,1,1,1,1,1,1,1,1,1,1,1,1,1,1,1,1,1,1,1,1,1,1,1,1,1,1,1,1,1,1,1,1,1,1,1
OTU_669,1,1,1,1,1,1,1,1,1,1,1,1,1,1,1,1,1,1,1,1,1,1,1,1,1,1,1,1,1,1,1,1,1,1,1,1,1,1,1,1,1,1,1,1,1,1,1,1,1,1
OTU_670,55,706,340,296,343,472,1107,466,289,663,771,198,130,541,457,866,404,352,281,254,176,178,228,996,354,1618,1365,1191,442,201,620,384,1137,1093,476,450,363,1433,660,78,89,599,293,730,1125,965,676,794,474,736
OTU_671,1,1,1,1,1,1,1,1,1,1,1,1,1,1,1,1,1,1,1,1,1,1,1,1,1,1,1,1,1,1,1,1,1,1,1,1,1,1,1,1,1,1,1,1,1,1,1,1,1,1
OTU_672,33,3,13,1,1,1,1,116,3,46,1,1,21,2,19,1,76,1,1,3,9,3,2,4,43,5,1,34,2,16,127,5,1,50,1,2,33,8,96,527,2,33,24,1,9,140,1,1,1,14
OTU_673,1,1,1,1,1,1,1,1,1,1,1,1,1,1,1,1,1,1,1,1,1,1,1,1,1,1,1,1,1,1,1,1,1,1,1,1,1,1,1,1,1,1,1,1,1,1,1,1,1,1
OTU_674,1,1,1,1,20,1,1,1,1,1,1,1,1,1,1,1,1,1,1,1,1,1,710,1,1,1,4,1,1,1,1,1,1,33,1,3,1,1,1,1,1,1,1,1,1,1,1,37,1,32
OTU_675,1,1,1,1,1,1,1,1,1,1,1,1,1,1,1,1,1,1,1,1,1,1,1,1,1,1,1,1,1,1,1,1,1,1,1,1,1,1,1,1,1,1,1,1,1,1,1,1,1,1
OTU_676,1,1,1,1,1,1,1,1,1,1,1,1,1,1,1,1,1,1,1,1,1,1,1,1,1,1,1,1,1,1,1,1,1,1,1,1,1,1,1,1,1,1,1,1,1,1,1,1,1,1
OTU_677,1,1,1,1,1,1,1,1,1,1,1,1,1,1,1,1,1,1,1,1,1,1,1,1,1,1,1,1,1,1,1,1,1,1,1,1,1,1,1,1,1,1,1,1,1,1,1,1,1,1
OTU_678,1,1,1,1,1,1,1,1,1,1,1,1,1,1,1,1,1,1,1,1,1,1,1,1,1,1,1,1,1,1,1,1,1,1,1,1,1,1,1,1,1,1,1,1,1,1,1,1,1,1
OTU_679,1,1,1,1,1,1,1,1,1,1,1,1,1,1,1,1,1,1,1,1,1,1,1,1,1,1,1,1,1,1,1,1,1,1,1,1,1,1,1,1,1,1,1,1,1,1,1,1,1,1
OTU_680,1,1,1,1,1,1,1,1,1,1,1,1,1,1,1,1,1,1,1,1,1,1,1,1,1,1,1,1,1,1,1,1,1,1,1,1,1,1,1,1,1,1,1,1,1,1,1,1,1,1
OTU_681,1,2,1,1,1,1,1,1,1,1,1,1,1,1,1,1,1,1,1,304,17,1,1,1,9,1,1,2,1,1,1,1,1,1,1,1,1,1,60,1,1,1,1,1,1,1,1,1,3,1
OTU_682,1,1,1,1,1,1,1,1,1,1,1,1,1,1,1,1,1,1,1,1,1,1,1,1,1,1,1,1,1,1,1,1,1,1,1,1,1,1,1,1,1,1,1,1,1,1,1,1,1,1
OTU_683,1,1,1,1,1,1,1,1,1,1,1,1,1,1,1,1,1,1,1,1,1,1,1,1,1,1,1,1,1,1,1,1,1,1,1,1,1,1,1,1,1,1,1,1,1,1,1,1,1,1
OTU_684,1,1,1,1,1,1,1,1,1,1,1,1,1,1,1,1,1,1,1,1,1,1,1,1,1,1,1,1,1,1,1,1,1,1,1,1,1,1,1,1,1,1,1,1,1,1,1,1,1,1
OTU_685,1,1,1,1,1,1,1,1,1,1,1,1,1,1,1,1,1,1,1,1,5,1,1,1,1,1,1,1,1,1,1,1,1,1,1,1,1,1,1,1,1,1,1,1,1,1,1,1,1,1
OTU_686,1,1,1,1,1,1,1,1,1,1,1,1,1,1,1,1,1,1,1,1,1,1,1,1,1,1,1,1,1,1,1,1,1,1,1,1,1,1,1,1,1,1,1,1,1,1,1,1,1,1
OTU_687,1,3,172,1,296,168,6,76,49,5,40,129,88,244,29,10,4,10,7,1,1,60,1,1,128,14,96,2,24,92,121,1,437,2,6,379,67,5,1,1,2,209,623,1,3,28,16,1,1,4
OTU_688,1,1,1,1,1,1,1,1,1,1,1,1,1,1,1,1,1,1,1,1,1,1,1,1,1,1,1,1,1,1,1,1,1,1,1,1,1,1,1,1,1,1,1,1,1,1,1,1,1,1
OTU_689,1,1,1,1,1,1,1,1,1,1,1,1,1,1,1,1,1,1,1,1,1,1,1,1,1,1,1,1,1,1,1,1,1,1,1,1,1,1,1,1,1,1,1,1,1,1,1,1,1,1
OTU_690,1,1,1,1,1,1,1,1,1,1,1,1,1,1,1,1,1,1,1,1,1,1,1,1,1,1,1,1,1,1,1,1,1,1,1,1,1,1,1,1,1,1,1,1,1,1,1,1,1,1
OTU_691,163,8,45,58,139,137,20,43,1,15,1,1,3,1,27,1,151,326,1,1,199,1,1,1,27,66,206,23,150,12,1,15,384,187,856,12,643,20,1,1,1,196,46,145,19,1,2,45,4,1
OTU_692,1,1,1,2,1,1,1,1,1,1,1,1,1,1,1,1,1,1,1,1,1,1,1,1,1,1,1,1,1,1,1,1,1,1,1,1,1,1,1,1,1,1,1,1,1,1,1,1,1,1
OTU_693,16,26,1,1,1,1,112,1,2,1,1,5,5,2,1,18,42,5,1,63,4,1,1,20,4,1,1,1,1,1,1,16,1,1,27,1,1,1,1,1,13,1,53,8,261,82,26,1,541,265
OTU_694,66,1,1,186,114,1,22,1,42,1,9,4,5,1,1,1,1,18,4,170,49,377,65,1,1,1,207,48,2,14,12,1,1,1,23,1,6,1,66,41,73,1,3,272,5,1,5,1,287,2
OTU_695,1,1,1,1,1,1,1,1,1,1,1,1,1,1,1,1,1,1,1,1,1,1,1,1,1,1,1,1,1,1,1,1,1,1,1,1,1,1,1,1,1,1,1,1,1,1,1,1,1,1
OTU_696,1,1,1,1,1,1,1,1,1,1,1,1,1,1,1,1,1,1,1,1,1,1,1,1,1,1,1,1,1,1,1,1,1,1,1,1,1,1,1,1,1,1,1,1,1,1,1,1,1,1
OTU_697,53,117,172,7,118,14,236,63,3,79,2,7,61,2,20,1,582,3,166,19,173,76,456,51,7,14,7,13,896,1,141,38,1,1,40,12,307,58,3,17,336,381,296,85,96,4,68,37,17,49
OTU_698,275,322,77,275,145,338,699,290,1141,135,155,113,388,122,1085,675,252,185,668,528,143,52,354,43,375,276,259,394,565,817,760,498,480,4,179,501,105,117,397,215,489,546,70,88,162,130,23,225,140,345
OTU_699,1,1,1,1,1,1,1,1,1,1,1,1,1,1,1,1,1,1,1,1,1,1,1,1,1,1,1,1,1,1,1,1,1,1,1,1,1,1,1,1,1,1,1,1,1,1,1,1,1,1
OTU_700,1,1,1,1,1,1,1,1,1,1,1,1,11,22,1,1,1,1,1,1,1,1,140,1,134,1,1,1,1,1,1,1,1,1,1,1,1,1,11,1,1,1,1,1,1,14,1,1,1,1
OTU_701,1,1,1,1,1,1,1,1,1,1,1,1,1,1,1,1,1,1,1,1,1,1,1,1,1,1,1,1,1,1,1,1,1,1,1,1,1,1,1,1,1,1,1,1,1,1,1,1,1,1
OTU_702,1,1,1,1,1,1,2,189,1,1,1,1,1,1,1,1,7,1,1,1,1,1,1,1,1,1,27,1,1,1,1,1,1,1,1,1,1,31,1,1,1,1,1,1,1,1,1,1,1,1
OTU_703,1,1,1,1,1,1,1,1,1,1,1,1,1,1,1,1,1,1,1,1,1,1,1,1,1,1,1,1,1,1,1,1,1,1,1,1,1,1,1,1,1,1,1,1,1,1,1,1,1,1
OTU_704,1,1,1,1,1,1,1,1,1,1,1,1,1,1,1,1,1,1,1,1,1,1,1,1,1,1,1,1,1,1,1,1,1,1,1,1,1,1,1,1,1,1,1,1,1,1,1,1,1,1
OTU_705,1,1,1,1,1,1,1,1,1,1,1,1,1,1,1,1,1,1,1,1,1,1,1,1,1,1,1,1,1,1,1,1,1,1,1,1,1,1,1,1,1,1,1,1,1,1,1,1,1,1
OTU_706,1,1,1,1,1,1,1,1,1,1,1,1,1,1,1,1,1,1,1,1,1,1,1,1,1,1,1,1,1,1,1,1,1,1,1,1,1,1,1,1,1,1,1,1,1,1,1,1,1,1
OTU_707,1,1,1,26,1,1,1,1,1,1,1,1,1,1,1,1,85,1,1,1,1,1,1,1,1,1,76,1,1,2,1,147,1,1,1,1,1,1,2,1,1,1,1,1,1,5,1,1,1,1
OTU_708,1,1,1,1,1,1,1,1,1,1,1,1,1,1,1,1,1,1,1,1,1,1,1,1,1,1,1,1,1,1,1,1,1,1,1,1,1,1,1,1,1,1,1,1,1,1,1,1,1,1
OTU_709,1,1,1,1,1,1,1,1,1,1,1,1,1,1,1,1,1,1,1,1,1,1,1,1,1,1,1,1,1,1,1,1,1,1,1,1,1,1,1,1,1,1,1,1,1,1,1,1,1,1
OTU_710,1,1,1,1,1,1,2,1,1,1,1,1,95,1,1,1,1,1,1,1,1,1,1,1,22,1,1,1,1,1,1,1,1,1,1,1,1,1,1,1,1,1,1,1,1,1,9,11,1,1
OTU_711,1,1,1,1,1,1,1,1,1,1,1,1,1,1,1,1,1,1,1,1,1,1,1,1,1,1,1,1,1,1,1,1,1,1,1,1,1,1,1,1,1,1,1,1,1,1,1,1,1,1
OTU_712,1,1,1,1,1,1,1,1,1,1,1,1,1,1,1,1,1,1,1,1,1,1,1,1,1,1,1,1,1,1,1,1,1,1,1,1,1,1,1,1,1,1,1,1,1,1,1,1,1,1
OTU_713,1,1,1,1,1,1,1,1,1,1,1,1,1,1,1,1,1,1,1,1,1,1,1,2,1,1,1,1,1,1,1,1,1,1,1,1,1,1,1,1,1,1,1,1,1,1,1,1,1,1
OTU_714,1,1,1,1,1,1,1,1,1,1,1,1,1,1,1,1,1,1,1,1,1,1,1,1,1,1,1,1,1,1,1,1,1,1,1,1,1,1,1,1,1,1,1,1,1,1,1,1,1,1
OTU_715,1,1,1,1,1,1,1,1,1,1,1,1,1,1,1,1,1,1,1,1,1,1,1,1,1,1,1,1,1,1,1,1,1,1,1,1,1,1,1,1,1,1,1,1,1,1,1,1,1,1
OTU_716,1,1,1,1,1,1,1,1,1,1,1,1,1,1,1,1,1,1,1,1,1,1,1,1,1,1,1,1,1,1,1,1,1,1,1,1,1,1,1,1,1,1,1,1,1,1,1,1,1,1
OTU_717,1,1,1,1,1,1,1,1,1,1,1,1,1,1,1,1,1,1,1,1,1,1,1,1,1,1,1,1,1,1,1,1,1,1,1,1,1,1,1,1,1,1,1,1,1,1,1,1,1,1
OTU_718,1,1,1,1,1,1,1,1,1,1,1,1,1,1,1,1,1,1,1,1,1,1,1,1,1,1,1,1,1,1,1,1,1,1,1,1,1,1,1,1,1,1,1,1,1,1,1,1,1,1
OTU_719,101,6,1,41,22,1,1,15,54,4,79,2,63,338,62,66,222,2,138,23,240,33,10,1,21,88,31,1,11,277,80,21,16,31,4,50,38,2,5,245,1,54,1,18,5,20,6,69,1,7
OTU_720,1,1,1,73,1,1,37,1,1,1,1,3,1,10,1,1,31,1,19,2,1,1,3,6,7,1,1,1,2,5,1,1,70,4,1,1,1,2,1,18,1,8,4,21,3,11,8,1,1,2
OTU_721,10,212,480,93,368,486,226,286,124,80,15,237,54,175,326,179,407,1049,148,100,120,486,271,8,459,228,327,198,309,284,69,179,26,303,908,214,95,207,502,506,195,136,109,46,621,351,42,158,520,170
OTU_722,1,1,1,1,1,1,1,1,1,1,1,1,1,1,1,1,1,1,1,1,1,1,1,1,1,1,1,1,1,1,1,1,1,1,1,1,1,1,1,1,1,1,1,1,1,1,1,1,1,1
OTU_723,1,1,1,1,1,1,1,1,1,1,1,1,1,1,1,1,1,1,1,1,1,1,1,1,1,1,1,1,1,1,1,1,1,1,1,1,1,1,1,1,1,1,1,1,1,1,1,1,1,1
OTU_724,1,10,1,1,1,1,1,1,12,1,1,1,1,92,3,1,1,368,1,1,1,12,21,1,1,1,14,137,5,1,1,12,1,1,1,1,1,1,1,1,1,1,1,1,1,1,1,1,180,1
OTU_725,1,1,1,1,53,1,1,54,1,1,1,1,1,1,1,1,1,1,1,1,1,1,1,1,1,1,1,1,1,1,1,1,1,1,21,1,1,1,1,1,1,1,1,1,1,1,5,1,1,1
OTU_726,1,1,1,1,1,1,1,1,1,1,1,1,1,1,1,1,1,1,1,1,1,1,1,1,1,1,1,1,1,1,1,1,1,1,1,1,1,1,1,1,1,1,1,1,1,1,1,1,1,1
OTU_727,1,1,1,1,1,1,1,1,1,1,1,1,1,1,1,1,1,1,1,1,1,1,1,159,1,1,1,1,1,1,1,1,1,51,1,1,1,1,1,1,1,1,1,1,1,1,1,1,1,1
OTU_728,1,1,1,1,1,1,1,1,1,1,1,1,1,1,1,1,1,1,1,1,1,1,1,1,1,1,1,1,1,1,1,1,1,1,1,1,1,1,1,1,1,1,1,1,1,1,1,1,1,1
OTU_729,261,2,1,4,3,1,1,17,3,1,1,1,1,154,1,1,1,2,1,1,1,1,1,1,1,1,1,1,62,1,1,1,1,1,1,1,4,1,1,1,1,1,1,2,12,219,1,10,1,99
OTU_730,1,1,1,1,1,1,1,1,1,1,1,1,1,1,1,1,1,1,1,1,1,1,1,1,1,1,1,1,1,1,1,1,1,1,1,1,1,1,1,1,1,1,1,1,1,1,1,1,1,1
OTU_731,1,1,1,1,1,1,1,1,1,1,1,1,1,1,1,1,1,1,1,1,1,1,1,1,1,1,1,1,1,1,1,1,1,1,1,1,1,1,1,1,1,1,1,1,1,1,1,1,1,1
OTU_732,1,1,1,1,1,1,1,1,1,1,1,1,1,1,1,1,1,1,1,1,1,1,1,1,1,1,1,1,1,1,1,1,1,1,1,1,1,1,1,1,1,1,1,1,1,1,1,1,1,1
OTU_733,1,1,1,1,1,1,1,1,1,1,1,1,1,1,1,1,1,1,1,1,1,1,1,1,1,1,1,1,1,1,1,1,1,1,1,1,1,1,1,1,1,1,1,1,1,1,1,1,1,1
OTU_734,1,1,1,1,1,1,1,1,1,17,1,3,1,1,1,1,1,1,1,1,10,1,1,1,1,1,1,1,1,1,1,1,1,1,1,1,1,1,1,1,1,1,1,1,1,89,1,1,1,1
OTU_735,2,1,1,1,4,1,1,1,186,95,1,1,20,1,253,1,34,1,77,1,17,1,1,1,68,2,164,1,1,1,1,1,4,86,1,2,1,1,1,1,12,1,1,1,1,1,1,1,1,19
OTU_736,1,1,1,1,1,1,1,1,1,1,1,1,1,1,1,1,1,1,1,1,1,1,1,1,1,1,1,1,1,1,1,1,1,1,1,1,1,1,1,1,1,1,1,1,1,1,1,1,1,1
OTU_737,1,1,1,1,1,1,1,1,1,1,1,1,1,1,1,1,1,1,1,1,1,1,1,1,1,1,1,1,1,1,1,1,1,1,1,1,1,1,1,1,1,1,1,1,1,1,1,1,1,1
OTU_738,1,1,1,1,1,1,1,1,1,1,1,1,1,1,1,1,1,1,1,1,1,1,1,1,1,1,1,1,1,1,1,1,1,1,1,1,1,1,1,1,1,1,1,1,1,1,1,1,1,1
OTU_739,1,118,1,14,1,24,10,134,22,3,2,1,6,1,5,1,2,1,16,1,431,2,2,2,355,11,6,1,45,8,63,19,8,4,2,20,4,2,1,1,2,1,1,1,1,10,1,1,4,1
OTU_740,1,1,1,1,1,1,1,1,1,1,1,1,1,1,1,1,1,1,1,1,1,1,1,1,1,1,1,1,1,1,1,1,1,1,1,1,1,1,1,1,1,1,1,1,1,1,1,1,1,1
OTU_741,150,1,1,1,1,1,3,175,1,11,1,1,17,2,134,1,1,1,2,40,1,1,1,1,204,274,1,159,1,1,1,4,95,1,1,2,40,1,1,49,3,23,1,24,1,1,1,3,4,1
OTU_742,1,1,1,1,1,27,1,59,1,2,99,240,1,1,1,1,65,2,31,46,85,1,1,1,17,1,4,3,25,2,3,8,28,204,3,1,3,3,2,1,2,1,2,59,1,1,116,1,38,5
OTU_743,1,1,1,1,1,1,1,1,1,1,1,1,1,1,1,1,1,1,1,1,1,1,1,1,1,1,1,1,1,1,1,1,1,1,1,1,1,1,1,1,1,1,1,1,1,1,1,1,1,1
OTU_744,1,1,1,1,1,1,1,1,1,1,1,1,1,1,1,1,1,1,1,1,1,1,1,1,1,1,1,1,1,1,1,1,1,1,1,1,1,1,1,1,1,1,1,1,1,1,1,1,1,1
OTU_745,229,155,12,59,124,59,9,9,2,40,25,26,1,1,1,167,11,43,1,9,102,198,8,166,55,434,24,219,130,18,17,83,23,89,263,1,12,4,2,23,1,1,386,109,375,43,1,6,871,24
OTU_746,1,1,1,1,10,1,1,1,1,1,1,1,1,1,1,1,1,1,1,1,1,1,1,1,1,1,1,1,1,1,1,1,1,1,1,1,1,1,1,1,1,1,1,1,1,1,1,1,1,1
OTU_747,1,1,1,1,1,1,1,1,1,1,1,1,1,1,1,1,1,1,1,1,1,1,1,1,1,1,1,1,1,1,1,1,1,1,1,1,1,1,1,1,1,1,1,1,1,1,1,1,1,1
OTU_748,1,1,1,1,1,1,1,1,1,1,1,1,1,1,1,1,1,1,215,1,1,1,1,1,1,1,1,1,1,1,1,1,1,1,1,1,1,1,1,1,1,1,1,1,1,1,1,1,1,1
OTU_749,1,1,1,1,1,1,1,1,1,1,1,1,1,1,1,1,1,1,1,1,1,1,1,1,1,1,1,1,1,1,1,1,1,1,1,1,1,1,1,1,1,1,1,1,1,1,1,1,1,1
OTU_750,1,1,1,1,1,1,1,1,1,1,1,1,1,1,1,1,1,1,1,1,1,1,1,1,1,1,1,1,1,1,1,1,1,1,1,1,1,1,1,1,1,1,1,1,1,1,1,1,1,1
OTU_751,1,1,1,1,1,1,1,1,1,1,1,1,1,1,1,1,1,1,1,1,1,1,57,1,1,1,1,1,1,1,1,1,1,1,1,1,1,1,1,1,1,1,1,1,1,1,1,1,1,1
OTU_752,1,1,1,1,1,1,1,1,1,1,1,1,1,1,1,1,1,1,1,1,1,1,1,1,1,1,1,1,1,1,1,1,1,1,1,1,1,1,1,1,1,1,1,1,1,1,1,1,1,1
OTU_753,1,1,1,1,1,1,1,1,1,1,1,1,1,1,1,1,1,1,1,1,1,1,1,1,1,1,1,1,1,1,1,1,1,1,1,1,1,1,1,1,1,1,1,1,1,1,1,1,1,1
OTU_754,1,1,1,1,1,1,1,1,1,1,1,1,1,1,1,1,1,1,1,1,1,1,1,1,1,1,1,1,1,1,1,1,1,1,1,1,1,1,1,1,1,1,1,1,1,1,1,1,1,1
OTU_755,1,1,1,1,1,1,1,1,1,1,1,1,1,1,1,1,1,1,1,1,1,1,1,9,1,32,1,1,1,5,1,1,1,1,1,1,1,1,1,1,1,1,1,1,1,1,1,1,1,1
OTU_756,1,1,87,1,69,1,2,1,1,1,365,3,1,1,1,1,1,1,1,92,2,1,18,1,1,1,133,1,161,1,109,1,1,1,1,1,1,1,234,1,1,1,1,1,10,1,206,3,1,1
OTU_757,1,1,1,1,1,1,1,1,8,1,1,1,17,1,1,3,2,1,1,1,1,13,1,1,1,1,1,1,1,1,1,1,1,1,1,1,1,4,1,1,1,2,1,1,50,1,1,1,1,5
OTU_758,6,11,44,45,37,1,2,71,4,1,144,47,1,1,52,1,11,20,47,25,44,1,5,2,3,34,1,156,1,5,3,74,1,1,1,1,30,69,59,94,4,1,9,1,85,1,4,9,115,422
OTU_759,1,1,1,1,1,1,1,3,1,1,1,1,1,1,1,1,1,1,1,1,1,1,1,1,1,1,1,1,1,1,5,1,1,1,1,1,1,1,1,1,1,1,1,1,1,1,1,1,1,1
OTU_760,1,1,1,1,1,1,1,7,1,1,1,15,8,1,1,24,1,1,1,1,1,1,1,1,1,1,1,1,1,1,1,1,1,11,1,1,8,1,20,1,1,1,1,1,1,1,1,1,1,1
OTU_761,1,1,1,1,1,1,1,1,1,1,1,1,1,1,1,1,1,1,1,1,1,1,1,1,1,1,1,1,2,1,1,1,1,1,1,1,1,1,1,1,1,1,1,1,1,1,1,1,1,1
OTU_762,1,1,1,1,1,1,1,1,1,1,1,1,1,1,1,1,1,1,1,1,1,1,1,1,1,1,1,1,1,1,1,1,1,1,1,1,1,1,1,1,1,1,1,1,1,1,1,1,1,1
OTU_763,1,1,1,1,1,1,1,1,1,1,1,1,1,1,1,1,1,1,1,1,6,1,1,1,1,1,1,1,1,1,1,1,1,1,1,1,1,1,1,1,1,1,1,1,1,1,1,1,1,1
OTU_764,36,15,1,93,615,9,138,5,10,1,2,3,57,122,17,24,155,21,164,155,748,16,3,1,3,63,94,2,88,22,35,2,61,1,10,29,3,6,43,25,120,1,1,848,18,19,411,11,5,92
OTU_765,1,1,1,1,1,1,1,1,1,1,1,1,1,1,1,1,1,1,1,1,1,1,1,1,1,1,1,1,1,1,1,1,1,1,1,1,1,1,1,1,1,1,1,1,1,1,1,1,1,1
OTU_766,1,1,1,1,1,9,1,1,1,1,1,1,1,1,1,1,1,1,1,1,1,1,1,1,1,1,1,1,1,1,1,1,1,1,1,1,1,21,1,1,1,1,1,1,1,1,25,1,1,1
OTU_767,1,1,1,1,1,1,1,1,1,1,53,1,1,1,1,1,1,1,1,1,1,1,1,1,39,1,1,1,1,1,1,1,1,1,1,1,1,1,2,1,1,1,1,1,1,1,2,1,1,1
OTU_768,1,1,1,1,1,1,1,3,1,1,1,1,1,1,1,1,1,1,1,1,1,1,1,1,1,158,1,1,1,1,1,1,1,1,1,1,2,1,1,1,1,1,1,1,1,5,1,1,1,1
OTU_769,1,1,1,1,1,1,1,1,1,1,1,1,1,1,1,1,1,1,1,1,1,1,1,1,1,1,1,1,1,1,1,1,1,1,1,1,1,1,1,1,1,1,1,1,1,1,1,1,1,1
OTU_770,1,1,1,1,4,1,1,1,1,1,30,1,1,1,1,1,1,1,1,1,1,1,1,1,1,1,1,1,1,1,1,1,1,1,1,1,1,1,1,1,1,1,1,1,1,1,1,1,1,1
OTU_771,1,1,1,1,1,1,1,1,1,1,1,1,1,1,1,1,1,1,1,1,1,1,1,1,1,1,1,1,1,1,1,1,1,1,1,1,1,1,1,1,1,1,1,1,1,1,1,1,1,1
OTU_772,1,1,1,1,1,1,1,1,1,1,1,1,1,1,1,1,1,1,1,1,1,1,1,1,1,1,1,1,1,1,1,1,1,1,1,1,1,1,1,1,1,1,1,1,1,1,1,1,1,1
OTU_773,1,1,1,1,1,1,1,1,1,1,1,1,1,1,1,1,1,1,1,1,1,1,1,1,1,1,1,1,1,1,1,1,1,1,1,1,1,1,1,1,1,1,1,1,1,1,1,1,1,1
OTU_774,1,3,1,1,1,1,8,1,1,1,1,1,1,1,1,1,1,1,1,1,1,1,1,4,12,1,9,1,1,1,1,1,1,1,1,1,1,1,1,5,1,1,25,1,1,1,1,2,1,2
OTU_775,639,591,271,100,827,109,24,637,533,990,349,114,285,403,238,998,303,320,1369,309,212,1349,314,490,62,408,142,250,62,444,313,542,256,335,529,355,480,917,297,417,604,190,777,1831,269,1213,427,509,428,954
OTU_776,24,1,16,175,2,95,1,1,1,1,1,144,1,1,2,1,1,274,289,1,72,9,154,2,5,1,12,1,1,3,2,2,2,10,3,1,1,1,1,15,1,2,7,1,24,7,3,1,14,15
OTU_777,1,1,1,1,1,1,1,1,1,1,1,1,1,1,1,1,1,1,1,1,1,1,1,1,1,1,1,1,1,1,1,1,1,1,1,1,1,1,1,1,1,1,1,1,1,1,1,1,1,1
OTU_778,1,1,1,1,1,1,1,1,1,1,1,1,1,1,1,1,1,1,1,1,1,1,1,1,1,1,1,1,1,1,1,1,1,1,1,1,1,1,1,1,1,1,1,1,1,1,1,1,1,1
OTU_779,1,1,1,1,1,1,1,1,1,1,1,1,1,1,1,1,1,1,1,1,1,1,1,1,1,1,1,1,1,1,1,1,1,1,1,1,1,1,1,1,1,1,1,1,1,1,1,1,1,1
OTU_780,1,1,1,1,1,1,1,35,1,1,1,1,1,1,1,1,1,1,1,1,1,1,1,1,1,1,1,1,1,1,1,1,1,1,1,1,1,1,1,1,1,1,1,1,1,1,1,1,1,1
OTU_781,3,1,1,2,1,1,1,1,1,8,1,1,1,1,1,1,1,4,1,1,1,1,1,1,1,1,1,1,1,2,1,1,1,1,1,1,91,1,1,1,3,1,1,1,1,1,1,1,1,1
OTU_782,1,1,1,1,1,1,1,1,1,1,1,1,1,1,1,1,1,1,1,1,1,1,1,1,1,1,1,1,1,1,1,1,1,1,1,1,1,1,1,1,1,1,1,1,1,1,1,1,1,1
OTU_783,1,1,1,1,1,1,1,1,1,1,1,1,1,1,1,1,1,1,1,1,1,1,1,1,1,1,1,1,1,1,1,1,1,1,1,1,1,1,1,1,1,1,1,1,1,1,1,1,1,1
OTU_784,1,1,1,1,1,48,8,33,1,1,1,2,1,17,1,4,2,1,1,1,1,1,1,23,1,1,1,1,1,1,4,1,3,1,1,1,5,1,9,3,1,1,1,1,5,1,1,1,1,4
OTU_785,1,1,1,1,1,1,1,1,1,1,1,1,1,1,1,1,1,1,1,1,1,1,1,1,1,1,1,1,1,1,1,1,1,1,1,1,1,1,1,1,1,1,1,1,1,1,1,1,1,1
OTU_786,1,1,1,1,1,1,1,1,1,1,1,1,1,1,1,1,1,1,1,1,1,1,1,1,1,1,1,1,1,1,1,1,1,1,1,1,1,1,1,1,1,1,1,1,1,1,1,1,1,1
OTU_787,1,1,1,1,1,1,1,1,54,1,1,1,1,1,1,1,1,1,1,1,1,1,1,1,1,1,1,1,1,1,1,1,1,1,1,1,1,1,1,3,1,1,1,1,1,1,1,1,1,1
OTU_788,419,2,1,211,550,235,53,287,316,122,164,35,153,76,51,7,5,94,245,1,140,26,28,245,136,288,11,170,650,425,100,419,108,54,172,211,77,221,344,811,269,20,115,33,23,21,70,2,388,31
OTU_789,1,1,1,1,2,1,1,1,1,1,1,1,1,1,1,3,1,1,1,1,19,1,1,160,2,4,1,1,2,1,1,1,1,504,2,27,1,1,31,1,1,1,1,1,1,9,1,8,1,1
OTU_790,1,1,1,1,1,1,1,1,1,1,1,1,1,1,1,1,1,1,1,1,1,1,1,1,1,1,1,1,1,1,1,1,1,1,1,1,1,1,1,1,1,1,1,1,1,1,1,1,1,1
OTU_791,1,16,1,1,1,1,1,1,1,1,1,1,1,1,1,1,1,1,1,1,1,1,1,1,1,1,1,1,1,1,1,1,1,1,1,1,1,1,1,1,1,1,1,1,1,1,1,1,1,1
OTU_792,1,1,1,1,1,1,1,1,1,1,1,1,1,1,1,1,1,1,1,1,1,1,1,1,1,1,1,1,1,1,1,1,1,1,1,1,1,1,1,1,1,1,1,1,1,1,1,1,1,1
OTU_793,1,1,1,1,1,1,1,1,1,1,1,1,1,1,1,1,1,1,1,1,1,1,1,1,1,1,1,1,1,1,1,1,1,1,1,1,1,1,1,1,1,1,1,1,1,1,1,1,1,1
OTU_794,1,1,1,1,1,1,1,1,1,1,1,1,1,1,1,1,1,1,1,1,1,1,1,1,1,1,1,1,1,1,1,1,1,1,1,1,1,1,1,1,1,1,1,1,1,1,1,1,1,1
OTU_795,1,12,158,1,1,1,2,1,1,1,1,4,1,8,2,8,1,50,267,1,115,1,1,24,2,3,1,1,1,55,1,1,587,2,124,1,15,1,13,2,54,1,36,47,1,1,19,70,24,1
OTU_796,1,1,1,1,1,1,1,1,1,1,1,1,1,1,1,1,1,1,1,1,1,1,1,1,1,1,1,1,1,1,1,1,1,1,1,1,1,1,1,1,1,1,1,1,1,1,1,1,1,1
OTU_797,57,8,30,33,95,29,265,74,369,114,97,89,2,1,185,8,1,58,74,130,3,28,48,425,35,23,16,1,9,1,73,82,195,47,1,2,125,393,2,422,61,103,9,9,341,36,185,4,4,96
OTU_798,1,1,1,1,1,1,1,1,1,1,1,1,1,1,1,1,1,1,1,1,1,1,1,1,1,1,1,1,1,1,1,1,1,1,1,1,1,1,1,1,1,1,1,1,1,1,1,1,1,1
OTU_799,1,1,1,1,1,1,1,1,1,1,1,1,1,1,1,1,1,1,1,1,1,1,1,1,1,1,1,1,1,1,1,1,1,1,1,1,1,1,1,1,1,1,1,1,1,1,1,1,1,1
OTU_800,1,1,1,1,1,3,1,1,1,1,1,1,1,1,1,1,1,1,1,3,1,1,414,1,1,1,1,1,1,1,1,1,17,1,1,1,1,1,1,1,1,1,1,1,1,1,8,1,1,1
OTU_801,1,1,1,1,1,1,1,1,1,1,1,1,1,1,1,1,1,1,1,1,1,1,1,1,1,1,1,1,1,1,1,1,1,1,1,1,1,1,1,1,1,1,1,1,1,1,1,1,1,1
OTU_802,1,1,1,1,1,1,1,1,1,1,1,1,1,1,1,1,1,1,1,1,1,1,1,1,1,1,1,1,1,1,1,1,1,1,1,1,1,1,1,1,1,1,1,1,1,1,1,1,1,1
OTU_803,1,1,2,1,1,3,1,3,1,1,2,1,11,2,1,1,1,3,1,1,3,3,1,2,38,1,1,1,1,1,1,1,2,1,1,13,1,1,1,1,1,4,1,1,1,1,2,61,1,1
OTU_804,1,1,1,1,1,1,1,1,1,1,1,1,1,1,1,1,1,1,1,1,1,1,1,1,1,1,1,1,1,1,1,1,1,1,1,1,1,1,1,1,1,1,1,1,1,1,1,1,1,1
OTU_805,1,1,1,1,1,1,1,1,1,1,1,1,1,1,1,1,1,1,1,1,1,1,1,1,1,1,1,1,1,1,1,1,1,1,1,1,1,1,1,1,1,1,1,1,1,1,1,1,1,1
OTU_806,1,1,1,1,1,1,1,1,1,1,1,1,1,1,1,1,1,1,1,1,1,1,1,1,1,1,1,1,1,1,1,1,1,1,1,1,1,1,1,1,1,1,1,1,1,1,1,1,1,1
OTU_807,1,1,74,1,1,9,3,11,1,8,35,3,24,269,143,5,107,3,736,24,664,13,35,1,56,125,18,4,4,1,64,201,1,284,73,92,58,1,28,1,34,97,1,70,1,27,248,125,3,1
OTU_808,1,1,1,1,1,1,1,1,1,1,1,1,1,1,1,1,1,1,1,1,1,1,1,1,1,1,1,1,1,1,1,1,1,1,1,1,1,1,1,1,1,1,1,1,1,1,1,1,1,1
OTU_809,1,1,1,1,1,1,1,1,1,1,1,1,1,1,1,1,1,1,1,1,1,1,1,1,1,1,1,1,1,1,1,1,1,1,1,1,1,1,1,1,1,1,1,1,1,1,1,1,1,1
OTU_810,1,1,1,1,1,1,1,1,1,1,1,1,1,1,1,1,1,1,1,1,1,1,1,1,1,1,1,1,1,1,1,1,1,1,1,1,1,1,1,1,1,1,1,1,1,1,1,1,1,1
OTU_811,1,1,1,1,1,1,1,1,1,1,1,1,1,1,1,1,1,1,1,1,1,1,1,1,1,1,1,1,1,1,1,1,1,1,1,1,1,1,1,1,1,1,1,1,1,1,1,1,1,1
OTU_812,1,1,1,1,1,1,1,1,1,1,1,1,1,1,1,1,1,1,1,1,1,1,1,1,1,1,1,1,1,1,1,1,1,1,1,1,1,1,1,1,1,1,1,1,1,1,1,1,1,1
OTU_813,1,1,1,1,1,1,1,1,1,1,1,1,1,1,1,1,1,1,1,1,1,1,1,1,1,1,1,1,1,1,1,1,1,1,1,1,1,1,1,1,1,1,1,1,1,1,1,1,1,1
OTU_814,1,1,1,1,1,1,1,1,1,1,1,1,1,1,1,1,1,1,1,1,1,1,1,1,1,1,1,1,1,1,1,1,1,1,1,1,1,1,1,1,1,1,1,1,1,1,1,1,1,1
OTU_815,1,1,1,1,1,1,1,1,1,1,1,1,1,1,1,1,1,1,1,1,1,1,1,1,1,1,1,1,1,1,1,1,1,1,1,1,1,1,1,1,1,1,1,1,1,1,1,1,1,1
OTU_816,228,1,1,1,7,1,21,15,62,1,1,1,1,1,40,40,76,40,1,46,1,1,1,1,1,1,145,1,2,1,2,1,1,1,2,1,24,1,1,5,1,4,1,1,27,1,25,1,1,7
OTU_817,1,1,1,1,1,1,1,1,1,1,1,1,1,1,1,1,1,1,1,1,1,1,1,1,1,1,1,1,1,1,1,1,1,1,1,1,1,1,1,1,1,1,1,1,1,1,1,1,1,1
OTU_818,6,1,1,1,1,1,1,1,1,1,1,29,1,1,1,6,1,1,17,1,1,1,60,40,1,1,47,1,1,11,1,1,1,1,1,6,11,1,1,9,1,1,1,1,1,1,1,1,1,1
OTU_819,1,1,1,1,1,1,1,1,1,1,1,1,1,1,1,1,1,1,1,1,1,1,1,1,1,1,1,1,1,2,1,1,1,1,1,1,1,1,1,1,1,1,1,1,1,1,1,1,1,1
OTU_820,1,1,1,1,1,1,1,1,1,1,1,1,1,1,1,1,1,1,1,1,1,1,1,1,1,1,1,1,1,1,1,1,1,1,1,1,1,1,1,1,1,1,1,1,1,1,1,1,1,1
OTU_821,1,1,1,1,1,1,1,1,1,1,1,1,1,1,1,1,1,1,1,1,1,1,1,1,1,1,1,1,1,1,1,1,1,1,1,1,1,1,1,1,1,1,1,1,1,1,1,1,1,1
OTU_822,1,1,1,1,1,1,1,1,1,1,1,1,1,1,1,1,1,1,1,1,1,1,1,1,1,1,1,1,1,1,1,1,1,1,1,1,1,1,1,1,1,1,1,1,1,1,1,1,1,1
OTU_823,1,1,1,1,1,1,1,1,1,1,1,1,1,1,1,1,1,1,1,1,1,1,1,1,1,1,1,1,1,1,1,1,1,1,1,1,1,1,1,1,1,1,1,1,1,1,1,1,1,1
OTU_824,1,1,1,1,1,1,1,1,1,1,1,1,1,1,1,1,1,1,1,1,1,1,1,1,1,1,1,1,1,1,1,1,1,1,1,1,1,1,1,1,1,1,1,1,1,1,1,1,1,1
OTU_825,1,1,1,1,1,1,1,1,1,1,1,1,1,1,1,1,1,1,1,1,1,1,1,1,27,1,1,1,1,1,1,1,1,1,1,1,1,1,1,1,1,1,1,1,1,1,1,1,1,1
OTU_826,1,1,1,1,1,1,1,1,1,1,1,1,1,1,1,1,1,1,1,1,1,1,1,1,1,1,1,1,1,1,1,1,1,1,1,1,1,1,1,1,1,1,1,1,1,1,1,1,1,1
OTU_827,1,127,112,10,1,17,4,12,2,1,1,21,23,1,154,2,81,1,1,6,1,1,3,72,21,36,59,328,1,4,1,176,1,1,1,256,222,70,1,30,1,7,3,189,1,85,293,30,4,1
OTU_828,1,1,1,1,1,1,1,1,1,1,1,1,1,1,1,1,1,1,1,1,1,1,1,1,1,1,1,1,1,1,1,1,1,1,1,1,1,1,1,1,1,1,1,1,1,1,1,1,1,1
OTU_829,1,1,1,1,1,1,1,1,1,1,1,1,1,1,1,1,1,1,1,1,1,1,1,1,1,1,1,1,1,1,1,1,1,1,1,1,1,1,1,1,1,1,1,1,1,1,1,1,1,1
OTU_830,1,1,1,1,1,1,1,1,1,1,1,1,1,1,1,1,1,1,1,1,1,1,1,1,1,1,1,1,1,17,1,1,1,1,1,1,1,1,1,1,1,1,1,1,1,1,1,1,1,1
OTU_831,1,1,1,2,1,1,1,1,1,1,49,1,9,1,1,1,3,1,1,1,1,1,2,1,1,1,1,1,1,1,1,1,1,1,1,1,1,1,1,1,1,1,1,1,1,1,1,1,1,41
OTU_832,1,1,1,1,1,1,1,1,1,1,1,1,1,1,1,1,1,1,1,1,1,1,1,1,1,1,1,1,1,1,1,1,1,1,1,1,1,1,1,1,1,1,1,1,1,1,1,1,1,1
OTU_833,161,1,135,92,136,42,3,250,1,52,96,5,52,45,71,481,11,2,1,325,470,33,2,11,67,13,97,34,112,77,46,9,1,56,1,2,9,40,120,615,1,3,1,66,10,1,69,7,84,1
OTU_834,1,1,1,1,1,1,1,1,1,1,1,1,1,1,1,1,1,1,1,1,1,1,1,1,1,1,1,1,1,1,1,1,1,1,1,1,1,1,1,1,1,1,1,1,1,1,1,1,1,1
OTU_835,1,1,1,1,1,1,1,1,1,1,1,1,1,1,1,1,1,1,1,1,1,1,1,1,1,1,1,1,1,1,1,1,1,1,1,1,1,1,1,1,1,1,1,1,1,1,1,1,1,1
OTU_836,1,1,1,1,1,1,1,1,1,1,1,1,1,1,1,1,1,1,1,1,1,1,1,1,1,1,1,1,1,1,1,1,1,1,1,1,1,1,1,1,1,1,1,1,1,1,1,1,1,1
OTU_837,1,1,1,1,1,1,1,1,1,1,1,1,1,1,1,1,1,1,1,1,1,1,1,1,1,1,1,1,1,1,1,1,1,1,1,1,1,1,1,1,1,1,1,1,1,1,1,1,1,1
OTU_838,1,1,1,1,2,1,1,1,3,1,1,1,1,1,1,1,1,7,1,1,1,1,1,1,1,1,1,30,1,1,1,1,1,1,1,1,1,1,1,1,1,1,1,1,1,1,5,1,1,1
OTU_839,1,1,1,1,1,1,1,1,1,1,1,1,1,1,1,1,1,1,1,1,1,1,1,1,1,1,1,1,1,1,1,1,1,1,1,1,1,1,1,1,1,1,1,1,1,1,1,1,1,1
OTU_840,1,1,1,1,1,1,1,1,1,1,1,1,1,1,1,1,1,1,1,1,1,1,1,1,1,1,1,1,1,1,1,1,1,2,1,1,1,1,1,1,1,1,1,1,1,1,1,1,1,1
OTU_841,1,1,1,1,1,1,1,1,1,1,1,1,1,1,1,1,1,1,1,1,1,1,1,1,1,1,1,1,1,1,1,1,1,1,1,1,1,1,1,1,1,1,1,1,1,1,1,1,1,1
OTU_842,1,1,1,1,1,1,1,1,1,1,1,1,1,1,1,1,1,1,1,1,1,1,1,1,1,1,1,1,1,1,1,1,1,1,1,1,1,1,1,1,1,1,1,1,1,1,1,1,1,1
OTU_843,1,1,1,1,1,1,1,1,1,1,1,1,1,1,1,1,1,1,1,1,1,1,1,1,1,1,1,1,1,1,1,1,1,1,1,1,1,1,1,1,1,1,1,1,1,1,1,1,1,1
OTU_844,1,1,1,1,1,1,1,1,1,1,1,1,1,1,1,1,1,1,1,1,1,1,1,1,1,1,1,1,1,1,1,1,1,1,1,1,1,1,1,1,1,1,1,1,1,1,1,1,1,1
OTU_845,40,1,1,1,1,1,1,1,1,1,1,86,1,1,1,1,73,2,37,1,1,1,1,1,30,3,1,3,1,6,1,1,116,1,1,1,12,1,1,1,1,1,178,1,5,68,1,1,1,5
OTU_846,1,2,1,1,6,1,1,1,2,1,30,1,1,1,119,1,1,2,1,36,1,3,2,1,1,1,18,1,59,2,1,8,1,1,1,1,30,25,2,2,4,1,1,5,1,1,1,52,1,1
OTU_847,1,1,1,1,1,1,1,1,1,1,1,1,1,1,1,1,1,1,1,1,1,1,1,1,1,1,1,1,1,1,1,1,1,1,1,1,1,1,1,1,1,1,1,1,1,1,1,1,1,1
OTU_848,1,1,1,1,1,1,7,1,9,1,35,2,1,196,1,12,1,1,1,6,5,2,1,1,1,1,18,1,1,1,1,1,1,1,1,1,1,1,1,8,1,1,320,1,1,3,1,4,198,1
OTU_849,61,1,58,10,7,1,164,21,1,1,1,1,1,48,581,161,45,5,1,1,10,5,1,1,1,41,1,3,1,1,1,20,1,2,5,6,1,19,1,1,1016,1,2,44,1,1,1,1,1,1
OTU_850,1,1,1,1,1,1,1,1,1,1,1,1,1,1,1,1,1,1,1,1,1,1,1,1,1,1,1,1,1,1,1,1,1,1,1,1,1,1,1,1,1,1,1,1,1,1,1,1,1,1
OTU_851,1,1,1,1,1,1,1,1,1,1,1,1,1,1,1,1,1,1,1,1,12,1,1,1,1,2,1,1,1,1,1,12,1,1,1,1,1,1,1,1,1,1,1,1,1,1,1,1,1,1
OTU_852,1,3,1,92,9,1,1,1,1,1,52,1,6,1,1,1,1,84,1,1,1,1,2,1,1,1,1,1,1,1,1,1,1,1,9,2,1,1,1,1,1,1,9,1,1,1,1,1,1,1
OTU_853,1,1,5,1,3,1,160,2,1,180,3,1,1,51,1,1,2,24,4,1,5,1,42,1,7,71,1,24,1,3,1,1,1,1,8,1,1,23,1,25,1,158,1,7,53,1,1,64,1,16
OTU_854,1,1,1,1,1,1,1,1,1,1,1,1,1,1,1,1,1,1,1,1,1,1,1,1,1,1,1,1,1,1,1,1,1,1,1,1,1,1,1,1,1,1,1,1,1,1,1,1,1,1
OTU_855,149,450,73,15,376,27,249,100,206,305,879,14,242,50,269,299,111,223,304,44,51,34,67,873,3,75,24,12,599,153,465,44,133,344,187,86,397,113,148,833,98,21,393,19,265,169,82,2,13,201
OTU_856,1,1,1,1,1,1,1,1,1,1,1,1,1,1,1,1,1,1,1,1,1,1,1,1,1,1,1,1,1,1,1,1,1,1,1,1,1,1,1,1,1,1,1,1,1,1,1,1,1,1
OTU_857,1,1,1,1,1,1,1,1,1,1,1,1,1,1,1,1,1,1,1,1,1,1,1,1,1,1,1,1,1,1,1,1,1,1,1,1,1,1,1,1,1,1,1,1,1,1,1,1,1,1
OTU_858,1,1,1,1,1,1,1,1,1,1,1,1,1,1,1,1,1,1,1,1,1,1,1,1,1,1,1,1,1,101,1,1,1,1,1,1,1,1,1,1,37,1,1,1,1,1,1,1,1,1
OTU_859,1218,1,1,1,1,1,1,1,1,1,1,32,1,1,1,1,1,1,1,1,1,1,1,1,1,1,1,1,1,1,1,1,1,1,1,1,1,1,91,1,1,1,1,1,1,1,1,1,1,2
OTU_860,632,120,203,16,167,24,104,87,1,75,15,51,404,35,100,6,1,704,4,1,802,548,141,49,355,28,13,244,4,67,58,33,213,246,4,40,130,59,229,43,249,2,77,33,33,131,392,173,34,25
OTU_861,1,1,1,1,22,1,49,59,1,7,17,4,93,1,1,4,1,1,3,2,1,1,1,28,73,79,2,1,1,38,1,1,27,2,1,7,1,1,2,10,1,1,3,3,1,1,3,1,1,1
OTU_862,1,1,1,1,1,1,1,1,1,1,1,1,1,1,1,1,1,1,1,1,1,1,1,1,1,1,1,1,1,1,1,1,1,1,1,1,1,1,1,1,1,1,1,1,1,1,1,1,1,1
OTU_863,1,1,1,1,1,1,1,1,1,1,1,1,1,1,1,1,1,1,1,1,1,1,1,1,1,1,1,1,1,1,1,1,1,1,1,1,1,1,1,1,1,1,1,1,1,1,44,1,1,1
OTU_864,270,1,19,1,1,123,1,1,1,1,1,2,85,1,25,1,1,1,1,1,40,1,1,1,25,2,1,260,15,1,2,14,1,1,1,1,1,1,1,349,22,1,127,1,1,148,1,2,266,1
OTU_865,1,1,1,1,1,1,1,1,1,1,1,1,1,1,1,1,1,1,1,1,1,1,1,1,1,1,1,1,1,1,1,1,1,1,1,1,1,1,1,1,1,1,1,1,1,1,1,1,1,1
OTU_866,1,1,1,1,1,1,1,1,1,1,1,1,1,1,1,1,11,1,1,1,1,1,1,1,16,1,1,33,1,1,1,1,1,1,1,1,1,1,1,1,1,1,1,1,5,1,1,1,1,1
OTU_867,49,4,1,4,4,99,112,52,25,1,3,1,42,1,5,1,15,55,5,1,1,308,6,1,78,289,3,194,5,114,9,226,49,53,37,18,1,184,3,18,214,4,1,11,1,146,128,8,17,56
OTU_868,1,1,1,1,1,1,1,1,1,1,1,1,1,1,1,1,1,1,1,1,1,1,1,1,1,1,1,1,1,1,1,1,1,1,1,1,1,1,1,1,1,1,1,1,1,1,1,1,1,1
OTU_869,1,1,1,1,1,1,1,1,1,1,1,1,1,1,1,1,1,1,1,1,1,1,1,1,1,1,1,1,1,1,1,1,1,1,1,1,1,1,1,1,1,1,1,1,1,1,1,1,1,1
OTU_870,1,1,1,1,1,1,1,1,1,1,1,1,1,1,1,1,1,1,1,1,1,1,1,1,1,1,1,1,1,1,1,1,1,1,1,1,1,1,1,1,1,1,1,1,1,1,1,1,1,1
OTU_871,8,1,27,3,1,1,104,3,1,1,1,19,6,2,115,105,327,386,11,22,41,2,1,27,1,1,60,1,2,3,1,2,37,1,145,75,1,1,1,68,3,1,485,3,1,7,1,172,1,16
OTU_872,1,1,1,1,1,1,1,1,1,1,1,1,1,1,1,1,1,1,1,1,1,1,1,1,1,1,1,1,1,1,1,1,1,1,1,1,1,1,1,1,1,1,1,1,1,1,4,1,1,1
OTU_873,1,1,2,1,1,1,1,1,1,1,1,1,1,1,1,1,1,1,1,1,1,1,4,1,19,1,5,1,1,1,1,8,1,1,6,1,27,1,1,1,1,1,1,1,1,1,1,1,1,1
OTU_874,1,1,1,1,1,1,1,1,1,1,1,1,1,1,1,1,1,1,1,1,1,1,1,1,1,1,1,1,1,1,1,1,1,1,1,1,1,1,1,1,1,1,1,1,1,1,1,1,1,1
OTU_875,1,1,1,1,1,1,3,1,1,1,1,1,1,1,1,1,1,1,1,1,1,1,1,1,1,1,5,1,1,1,1,1,1,1,1,1,1,1,70,1,1,1,1,1,1,2,1,1,1,4
OTU_876,1,1,1,1,1,1,1,1,1,1,1,1,1,1,1,1,1,1,1,1,1,1,1,1,1,1,1,1,1,1,1,1,1,1,1,1,1,1,1,1,1,1,1,1,1,1,1,1,1,1
OTU_877,1,1,1,1,1,1,1,1,1,1,1,1,1,1,1,1,1,1,1,1,1,1,1,1,1,1,1,1,1,1,1,1,1,1,1,1,1,1,1,1,1,1,1,1,1,1,1,1,1,1
OTU_878,1,1,1,1,1,1,1,1,1,1,1,1,1,1,1,1,1,1,1,1,1,1,1,1,1,1,1,1,1,1,1,1,1,1,1,1,1,1,1,1,1,1,1,1,1,1,1,1,1,1
OTU_879,1,1,1,1,1,1,1,1,1,1,1,1,1,1,1,1,1,1,1,1,1,1,1,1,1,1,1,1,1,1,1,1,1,1,1,1,1,1,1,1,1,1,1,1,1,1,1,1,1,1
OTU_880,1,204,1,2,460,11,72,118,130,30,10,280,14,7,1,25,25,1,43,101,1,164,25,20,183,16,31,169,34,43,3,48,5,14,1061,194,1,7,54,1,11,8,15,3,6,230,43,2,118,35
OTU_881,1,1,1,1,1,1,1,1,1,1,1,1,1,1,1,1,1,1,1,1,1,1,1,1,1,1,1,1,1,1,1,1,1,1,1,1,1,1,1,1,1,1,1,1,1,1,1,1,1,1
OTU_882,63,101,69,307,72,119,1,14,37,14,49,2,270,2,228,100,4,402,639,46,58,346,45,216,182,2,27,154,87,1,1,8,12,29,52,280,59,24,1,183,284,563,218,6,48,3,106,153,167,168
OTU_883,1,1,1,1,1,1,1,1,1,1,1,1,1,1,1,1,1,1,1,1,1,1,1,1,1,1,1,1,1,1,1,1,1,1,1,1,1,1,1,1,1,1,1,1,1,1,1,1,1,1
OTU_884,1,1,1,1,1,1,1,1,1,1,1,1,1,1,1,1,1,1,1,1,1,1,1,1,1,1,1,1,1,1,1,1,1,1,1,1,1,1,1,1,1,1,1,1,1,1,1,1,1,1
OTU_885,1,1,1,1,1,1,1,1,1,1,1,1,1,1,1,1,1,1,1,1,1,1,1,1,1,1,1,1,1,1,1,1,1,1,1,1,1,1,1,1,1,1,1,1,1,1,1,1,1,1
OTU_886,59,40,871,220,28,214,55,196,306,98,8,69,550,9,114,48,226,153,70,12,219,9,409,38,36,17,81,30,14,21,13,401,172,38,66,315,17,92,4,1,157,16,148,29,17,55,357,4,5,46
OTU_887,15,1,1,237,2,27,1,1,86,1,1,1,307,29,7,42,1,1,292,8,1,2,9,3,1,12,1,70,2,1,8,1,14,2,1,42,304,4,10,24,119,1,41,1,2,1,1,1,23,22
OTU_888,1,1,1,1,1,1,1,1,1,1,1,1,1,1,1,1,1,1,1,1,1,1,1,1,1,1,1,1,1,1,1,1,1,1,1,1,1,1,1,1,1,1,1,1,1,1,1,1,1,1
OTU_889,1,1,1,1,1,1,1,1,1,1,1,1,1,1,1,1,1,1,1,1,1,1,1,1,1,1,1,1,1,1,1,1,1,1,1,1,1,1,1,1,1,1,1,1,1,1,1,1,1,1
OTU_890,1,1,1,1,1,1,1,1,1,1,1,1,1,1,1,1,1,1,1,1,1,1,1,1,1,1,1,1,1,1,1,1,1,1,1,1,1,1,1,1,1,1,1,1,1,1,1,1,1,1
OTU_891,1,1,1,1,1,1,1,1,1,1,1,4,1,1,1,1,1,1,1,1,1,1,1,1,1,1,1,1,1,1,27,1,1,1,1,1,1,1,1,1,1,1,1,1,1,1,1,1,1,1
OTU_892,1,12,1,1,1,1,1,1,9,1,1,9,8,9,28,4,119,1,1,1,154,2,72,1,5,3,1,199,1,16,2,6,17,2,114,1,6,1,1,1,4,203,1,6,2,4,15,1,1,1
OTU_893,1,1,1,1,1,1,1,1,1,1,1,1,1,1,1,1,1,1,1,1,1,1,1,1,1,1,1,1,1,1,1,1,1,1,1,1,1,1,1,1,1,1,1,1,1,1,1,1,1,1
OTU_894,19,200,285,440,214,313,11,412,43,161,1,25,236,303,12,19,69,84,625,2,94,47,132,23,409,11,205,3,26,86,11,29,95,380,11,78,1,149,1,5,29,94,143,585,61,216,1,12,23,84
OTU_895,1,1,1,1,1,1,1,1,1,1,1,1,1,1,1,1,1,1,1,1,1,1,1,1,1,1,1,1,1,1,1,1,1,1,1,1,1,1,1,1,1,1,1,1,1,1,1,1,1,1
OTU_896,1,1,1,1,1,1,1,1,1,1,1,1,1,1,1,1,1,1,1,1,1,1,1,1,1,1,1,1,1,1,1,1,1,1,1,1,1,1,1,1,1,1,1,1,1,1,1,1,1,1
OTU_897,3,63,10,1,1,1,27,1,2,59,3,1,1,3,1,1,1,14,52,1,6,1,62,154,1,5,1,1,2,20,87,1,1,1,110,5,1,1,66,1,95,3,1,1,1,435,10,1,7,673
OTU_898,66,926,103,312,48,119,25,142,48,384,40,44,231,80,457,1,659,356,3,162,152,284,9,162,27,21,41,46,511,30,84,37,10,214,140,22,989,8,427,16,209,292,42,241,78,151,122,34,585,107
OTU_899,1,1,1,1,1,1,1,1,1,1,1,1,1,1,1,1,1,1,1,1,1,1,1,1,1,1,1,1,1,1,1,1,1,1,1,1,1,1,1,1,1,1,1,1,1,1,1,1,1,1
OTU_900,5,1,1,1,1,1,1,1,1,1,1,1,1,1,1,1,1,1,1,1,1,1,1,1,1,1,1,7,1,340,1,1,67,1,1,1,1,1,1,1,1,1,1,1,73,1,1,1,1,2
OTU_901,1,1,1,1,1,1,1,1,1,1,1,1,1,1,1,1,1,1,1,1,1,1,1,1,1,1,1,1,1,1,1,1,1,1,1,1,1,1,1,1,1,1,1,1,1,1,1,1,1,1
OTU_902,1,5,1,1,1,355,1,1,2,1,1,1,1,78,12,1,55,1,1,129,1,27,1,1,1,39,1,10,1,1,1,20,17,1,1,1,95,290,9,1,16,1,70,192,99,1,1,21,1,1
OTU_903,1,1,1,1,1,1,1,1,1,1,1,1,1,1,1,1,1,1,1,1,1,1,1,1,1,1,1,80,1,1,1,1,1,1,1,1,1,1,1,1,1,1,1,1,3,1,1,1,1,1
OTU_904,1,1,1,1,1,1,1,1,1,1,1,1,1,1,1,1,1,1,1,1,1,1,1,1,1,1,1,1,1,1,1,1,1,1,1,1,1,1,1,1,1,1,1,1,1,1,1,1,1,1
OTU_905,1,86,10,10,1,106,488,1,65,75,1,50,10,58,2,1,9,368,412,118,559,14,48,50,372,1,2,8,3,60,23,302,6,1,10,55,10,280,1,546,2,48,1,20,7,4,3,95,5,2
OTU_906,27,8,1,28,4,1,7,1,35,1,18,81,2,18,64,3,1,16,16,79,470,20,13,20,8,35,57,491,90,52,381,147,1,8,1,552,48,1,499,574,236,2,1,15,855,1,1,1,17,1
OTU_907,1,1,1,1,1,1,1,1,1,1,1,1,1,1,1,1,1,1,1,1,1,1,1,1,1,1,1,1,1,1,1,1,1,1,1,1,1,1,1,1,1,1,1,1,1,1,1,1,1,1
OTU_908,1,1,1,1,1,1,1,1,1,1,1,1,1,1,1,1,1,1,1,1,1,1,1,1,1,1,1,1,1,1,1,1,1,1,1,1,1,1,1,1,1,1,1,1,1,1,1,1,1,1
OTU_909,1,1,1,1,1,1,1,1,1,1,1,1,1,1,1,1,1,1,1,1,1,1,1,1,1,1,1,1,1,1,1,1,1,1,1,1,1,1,1,1,1,1,1,1,1,1,1,1,1,1
OTU_910,1,1,1,1,1,1,1,1,1,1,1,1,1,1,1,1,1,1,1,1,1,1,1,1,1,1,1,1,1,1,1,1,1,1,1,1,1,1,1,1,1,1,1,1,1,1,1,1,1,1
OTU_911,1,1,1,1,1,1,1,1,1,1,1,1,1,1,1,1,1,1,1,1,1,1,1,1,1,1,1,1,1,1,1,1,1,1,1,1,1,1,1,1,1,1,1,1,1,1,1,1,1,1
OTU_912,1,1,1,1,1,1,1,1,1,1,1,1,1,1,1,1,1,1,1,1,1,1,1,1,1,1,1,1,1,1,1,1,1,1,1,1,1,1,1,1,1,1,1,1,1,1,1,1,1,1
OTU_913,1,1,1,1,1,1,1,1,1,1,1,1,1,1,1,1,1,1,1,1,1,1,1,1,1,1,1,1,1,1,1,1,1,1,1,1,1,1,1,1,1,1,1,1,1,1,1,1,1,1
OTU_914,48,1,4,3,215,181,312,34,81,577,95,1,1,4,1,22,22,4,82,1,115,29,9,3,383,1,1,2,1,1,3,59,49,1,90,144,31,705,242,223,1,58,40,1,6,1,16,175,2,67
OTU_915,1,1,1,1,1,1,1,1,1,1,1,1,1,1,1,1,1,1,1,1,1,1,1,1,1,1,1,1,1,1,1,1,1,1,1,1,1,1,1,1,1,1,1,1,1,1,1,1,1,1
OTU_916,56,135,191,187,213,333,117,331,30,56,511,126,11,291,1006,132,954,427,327,290,168,817,231,416,82,94,213,36,128,214,58,549,262,46,652,197,49,570,18,53,184,660,244,222,130,126,787,454,110,641
OTU_917,1,1,1,1,1,1,1,1,1,1,1,1,1,1,1,1,1,1,1,1,1,1,1,1,1,1,1,1,1,1,1,1,1,1,1,1,1,1,1,1,1,1,1,1,1,1,1,1,1,1
OTU_918,1,1,1,1,1,1,1,1,1,1,1,1,1,1,1,1,1,1,1,1,1,1,1,1,1,1,1,1,1,1,1,1,1,1,1,1,1,1,1,1,1,1,1,1,1,1,1,1,1,1
OTU_919,1,1,1,1,1,1,1,1,1,1,1,1,1,1,1,1,1,1,1,1,1,1,1,1,1,1,1,1,1,1,1,1,1,1,1,1,1,1,1,1,1,1,1,1,1,1,1,1,1,1
OTU_920,1,1,1,1,1,1,1,1,1,1,1,1,1,1,1,1,1,1,1,1,1,1,1,1,1,1,1,1,1,1,1,1,1,1,1,1,1,1,1,1,1,1,1,1,1,1,1,1,1,1
OTU_921,1,1,1,1,1,1,1,1,1,1,1,1,18,1,1,4,1,1,1,1,1,1,1,1,1,1,1,1,451,1,1,1,1,150,1,1,1,1,1,1,1,1,1,1,1,1,1,1,1,1
OTU_922,1,1,1,1,1,1,7,1,1,1,1,1,1,1,1,1,88,1,1,1,1,1,1,1,1,1,1,1,1,1,1,1,1,1,1,1,1,1,1,1,1,1,1,1,1,1,1,1,1,148
OTU_923,1,1,1,1,1,1,1,1,1,1,1,1,1,1,1,1,1,1,1,1,1,1,1,1,1,1,1,1,1,1,1,1,1,1,1,1,1,1,1,1,1,1,1,1,1,1,1,1,1,1
OTU_924,1,1,1,1,1,1,1,1,1,1,1,1,1,1,1,1,1,1,1,1,1,1,1,1,1,1,1,1,1,1,1,1,1,1,1,1,1,1,1,1,1,1,1,1,1,1,1,1,1,1
OTU_925,1,1,1,1,1,1,1,1,1,1,1,1,1,1,1,1,1,1,1,1,1,1,1,1,1,1,1,1,1,1,1,1,1,1,1,1,1,1,1,1,1,1,1,1,1,1,1,1,1,1
OTU_926,1,1,1,1,1,1,1,1,1,1,1,1,1,1,1,1,1,1,1,1,1,1,1,1,1,1,1,1,1,1,1,1,1,1,1,1,1,1,1,1,1,1,1,1,1,1,1,1,1,1
OTU_927,1,1,1,1,1,1,1,1,1,1,1,1,1,1,1,1,1,1,1,1,1,1,1,1,1,5,1,1,1,1,1,1,1,1,1,1,1,1,1,1,182,1,1,1,1,1,1,1,1,1
OTU_928,1,1,1,1,1,1,1,1,1,1,1,1,1,1,1,1,1,1,1,1,1,1,1,1,1,1,1,1,1,1,1,1,1,1,1,1,1,1,1,1,1,1,1,1,1,1,1,1,1,1
OTU_929,1,1,1,1,1,1,1,1,1,1,1,1,1,1,1,1,1,1,1,1,1,1,1,1,1,1,1,1,1,1,1,1,1,1,1,1,1,1,1,1,1,1,1,1,1,1,1,1,1,1
OTU_930,1,1,1,1,1,1,1,138,1,1,1,1,1,1,1,1,1,1,1,1,1,1,1,1,1,1,1,1,1,1,1,1,1,395,1,1,63,1,1,2,1,1,1,1,1,1,1,8,1,1
OTU_931,1,1,1,1,1,1,1,1,1,1,1,1,1,1,1,1,1,1,1,1,1,1,1,1,1,1,1,1,1,1,1,1,1,1,1,1,1,1,1,1,1,1,1,1,1,1,1,1,1,1
OTU_932,1,1,1,1,1,1,1,1,1,1,1,1,1,1,1,1,1,1,1,1,1,1,1,1,1,1,1,1,1,1,1,1,1,1,1,1,1,1,1,1,1,1,1,1,1,1,1,1,1,1
OTU_933,2,1,1,1,1,95,2,48,5,1,1,1,1,1,325,3,1,1,1,1,1,1,2,1,10,1,1,1,1,1,1,1,1,1,1,1,1,1,17,1,1,1,1,1,1,1,1,1,1,1
OTU_934,1,1,1,1,1,1,1,1,1,1,1,1,1,1,1,1,1,1,1,1,1,1,1,1,1,1,1,1,1,1,1,1,1,1,1,1,1,1,1,1,1,1,1,1,1,1,1,1,1,1
OTU_935,1,1,1,1,1,1,1,1,1,1,1,1,1,1,1,1,1,1,1,1,1,1,1,1,1,1,1,1,1,1,1,1,1,1,1,1,1,1,1,1,1,1,1,1,1,1,1,1,1,1
OTU_936,261,55,396,111,90,494,382,10,17,36,51,3,295,165,291,255,40,212,12,631,35,45,222,175,38,333,80,109,127,415,278,201,368,279,230,222,1,53,416,141,67,20,364,105,11,1005,132,120,75,252
OTU_937,1,1,1,1,1,1,1,1,1,1,1,1,1,1,1,1,1,1,1,1,1,1,1,1,1,1,1,1,1,1,1,1,1,1,1,1,1,1,1,1,1,1,1,1,1,1,1,1,1,1
OTU_938,1,1,1,1,1,1,1,1,1,1,1,1,1,1,1,1,1,1,1,1,1,1,1,1,1,1,1,1,1,1,1,1,1,1,1,1,1,1,1,1,1,1,1,1,1,1,1,1,1,1
OTU_939,1,1,1,1,1,1,1,1,1,1,1,1,1,1,1,1,1,1,1,1,1,1,1,1,1,1,1,1,1,1,1,1,1,1,1,1,1,1,1,1,1,1,1,1,1,1,1,1,1,1
OTU_940,1,1,1,1,1,1,1,1,1,1,1,1,1,1,1,1,1,1,1,1,1,1,1,1,1,1,1,1,1,1,1,1,1,1,1,1,1,1,1,1,1,1,1,795,106,1,1,1,1,1
OTU_941,74,1,47,21,1,200,126,16,1,330,441,2,6,39,128,1,104,77,9,4,78,41,74,1,2,73,40,1,194,72,96,39,412,14,29,2,14,30,235,6,217,9,9,1,45,17,214,80,9,33
OTU_942,1,1,1,1,1,1,1,1,1,1,1,1,1,1,1,1,1,1,1,1,1,1,1,1,1,1,1,1,1,1,1,1,1,1,1,1,1,1,1,1,1,1,1,1,1,1,1,1,1,1
OTU_943,1,1,4,1,1,1,1,1,6,1,1,1,1,1,23,1,1,1,1,1,1,1,1,1,1,1,1,1,1,1,1,1,1,1,1,1,1,1,1,46,1,1,1,1,1,68,4,1,1,1
OTU_944,1,1,1,1,1,1,1,1,1,1,1,1,1,1,1,1,1,1,1,1,1,1,1,1,1,1,1,1,1,1,1,1,1,1,1,1,1,1,1,1,1,1,1,1,1,1,1,1,1,1
OTU_945,1,1,1,2,1,1,1,1,1,1,1,1,1,1,1,1,1,1,1,1,1,1,1,1,1,1,1,1,1,1,1,1,1,1,1,1,1,1,1,1,1,1,1,1,1,1,7,1,1,1
OTU_946,1,1,1,1,1,1,1,1,1,1,1,1,1,1,1,1,1,1,1,1,1,1,1,1,1,1,1,1,1,1,1,1,1,1,1,1,1,1,1,1,1,1,1,1,1,1,1,1,1,1
OTU_947,1,1,1,1,1,1,1,1,1,1,1,1,1,1,1,1,1,1,1,1,1,1,1,1,1,1,1,1,1,1,1,1,1,1,1,1,1,1,2,1,1,1,1,1,1,1,1,1,1,1
OTU_948,1,1,1,1,1,1,1,1,1,1,1,1,1,1,1,1,1,1,1,1,1,1,1,1,1,1,1,1,1,1,1,1,1,1,1,1,1,1,1,1,1,1,1,1,1,1,1,1,1,1
OTU_949,1,1,1,1,1,90,1,1,1,1,2,1,12,1,1,1,1,1,1,1,1,2,1,1,1,1,1,1,1,1,1,1,1,1,1,7,1,1,1,1,1,1,1,40,1,1,1,1,1,1
OTU_950,1,1,1,1,1,1,1,1,1,1,1,1,1,1,1,1,1,1,1,1,1,1,1,1,1,1,6,1,1,1,1,1,1,1,1,1,1,1,1,1,1,1,1,1,1,1,1,1,1,1
OTU_951,1,1,37,1,1,1,1,142,1,1,1,1,1,43,1,1,1,1,29,14,41,1,1,1,1,1,3,3,1,2,1,87,1,1,1,1,1,1,1,1,1,1,1,8,1,1,1,5,1,28
OTU_952,1,1,1,1,1,1,1,1,1,1,1,1,1,1,1,1,1,1,1,1,1,1,1,1,1,1,1,1,1,1,1,1,1,1,1,1,1,1,1,1,1,1,1,1,1,1,1,1,1,1
OTU_953,1,1,1,1,1,1,1,1,1,1,1,1,1,1,1,1,1,1,1,1,1,1,1,1,1,1,1,1,1,1,1,1,1,1,1,1,1,1,1,1,1,1,1,1,1,1,1,1,1,1
OTU_954,1,1,1,1,1,1,1,1,1,1,1,1,1,1,1,1,1,1,1,1,1,1,1,1,1,1,1,1,1,1,1,1,1,1,1,1,1,1,1,1,1,1,1,1,1,1,1,1,1,1
OTU_955,1,1,1,1,1,1,1,1,1,1,1,1,1,1,1,1,1,1,1,1,1,1,1,1,1,1,1,1,1,1,1,1,1,1,1,1,1,1,1,1,1,1,1,1,1,1,1,1,1,1
OTU_956,1,1,1,1,1,1,1,1,1,1,1,1,1,1,1,1,1,1,1,1,1,1,1,1,1,1,1,1,1,1,1,1,1,1,1,1,1,1,1,1,1,1,1,1,1,1,1,1,1,1
OTU_957,1,1,1,1,1,1,1,1,1,1,1,1,1,1,1,1,1,1,1,1,1,1,1,1,1,1,1,1,1,1,1,1,1,1,1,1,1,1,1,1,1,1,1,1,1,1,1,1,1,1
OTU_958,1,1,1,1,1,1,1,1,1,1,1,1,1,1,1,1,1,1,1,1,1,1,1,1,1,1,1,1,1,1,1,1,1,1,1,1,1,1,1,1,1,1,1,1,1,1,1,1,1,1
OTU_959,1,1,1,1,1,1,1,1,1,1,1,1,1,1,1,1,1,1,1,1,1,1,1,1,1,1,1,1,1,1,1,1,1,1,1,1,1,1,1,1,1,1,1,1,1,1,1,1,1,1
OTU_960,1,1,1,1,1,1,1,1,1,1,1,1,1,1,1,1,1,1,1,1,1,1,1,1,1,1,1,1,1,1,1,1,1,1,1,1,1,1,1,1,1,1,1,1,1,1,1,1,1,1
OTU_961,1,1,1,1,1,1,1,1,1,1,1,1,1,1,1,1,1,1,1,1,1,1,1,1,1,1,1,1,1,1,1,1,1,1,1,1,1,1,1,1,1,1,1,1,1,1,1,1,1,1
OTU_962,1,1,1,1,1,1,1,1,1,1,1,1,1,1,1,1,1,1,1,1,1,1,1,1,1,1,1,1,1,1,1,1,1,1,1,1,1,1,1,1,1,1,1,1,1,1,1,1,1,1
OTU_963,1,81,1,1,1,74,1,44,60,46,1,2,4,52,240,53,1,21,1,1,1,1,1,1,1,1,98,77,3,31,1,1,5,1,555,6,4,1,6,96,1,4,177,2,2,1,1,1,1,8
OTU_964,1,1,1,1,1,1,1,1,1,1,1,1,1,1,1,1,1,1,1,1,1,1,1,1,1,1,1,1,1,1,1,1,1,1,1,1,1,1,1,1,1,1,1,1,1,1,1,1,1,1
OTU_965,83,1,255,1,61,14,3,1,1,28,1,15,20,11,1,1,59,15,15,84,1,5,1,1,1,7,1,3,1,3,1,1,152,11,1,1,4,2,1,1,22,1,1,1,3,1,37,1,26,1
OTU_966,1,1,1,1,1,1,1,1,1,1,1,1,1,1,1,1,1,1,1,1,1,1,1,1,1,1,1,1,1,1,1,1,1,1,1,1,1,1,1,1,1,1,1,1,1,1,1,1,1,1
OTU_967,1,1,1,1,1,1,1,1,1,1,1,1,1,1,1,1,1,1,1,1,1,1,1,1,1,1,1,1,1,1,1,1,1,1,1,1,1,1,1,1,1,1,1,1,1,1,1,1,1,1
OTU_968,25,1,4,1,2,2,1,1,1,1,1,1,1,87,1,1,149,1,207,1,1,3,1,1,1,1,23,34,37,1,1,1,1,1,2,1,1,91,1,1,1,1,172,1,1,7,1,6,1,78
OTU_969,1,1,1,1,1,1,1,1,1,22,1,1,53,1,21,1,1,1,1,1,1,1,40,1,1,1,1,85,46,1,1,1,72,1,1,22,1,1,21,1,1,1,134,1,1,1,2,16,1,1
OTU_970,186,43,55,516,165,381,434,9,689,17,266,1395,497,955,62,173,522,89,15,118,671,206,111,195,642,142,211,104,290,45,121,486,447,132,118,156,11,118,347,295,212,171,156,526,273,537,53,5,41,352
OTU_971,1,1,1,1,1,1,1,1,1,70,1,1,1,1,1,1,1,1,1,1,1,1,1,1,1,1,2,1,1,1,1,1,1,1,1,1,5,1,1,1,1,1,1,1,1,1,2,1,1,1
OTU_972,1,1,1,1,1,1,1,1,1,1,1,1,1,1,1,1,1,1,1,1,1,1,1,1,1,1,1,1,1,1,1,1,1,1,1,1,1,1,1,1,1,1,1,1,1,1,1,1,1,1
OTU_973,1,1,1,1,1,1,1,1,1,1,1,1,1,1,1,1,1,1,1,1,1,1,1,1,1,1,1,1,1,1,1,1,1,1,1,1,1,1,1,1,1,1,1,1,1,1,1,1,1,1
OTU_974,1,1,1,1,1,1,107,1,1,1,1,1,1,1,1,1,1,1,1,1,1,1,1,1,1,1,1,1,1,1,1,1,384,1,1,1,1,1,1,24,1,1,1,1,1,1,2,1,1,1
OTU_975,1,1,1,6,11,1,1,7,13,1,1,1,17,2,1,5,1,2,6,50,1,2,3,15,1,1,1,1,1,127,1,1,3,1,1,1,1,1,1,2,1,101,1,1,1,1,1,1,12,1
OTU_976,91,110,254,1,219,1,2,13,81,138,229,168,36,21,68,165,197,18,165,1,371,4,66,224,197,2,117,19,80,52,20,140,1,9,140,40,110,45,1,7,1,21,346,1,3,3,115,3,1,249
OTU_977,1,1,1,1,1,1,1,1,1,1,1,1,1,1,1,1,1,1,1,1,1,1,1,1,1,1,1,1,1,1,1,1,1,1,1,1,1,1,1,1,1,1,1,1,1,1,1,1,1,1
OTU_978,1,1,1,1,1,1,1,1,1,1,1,1,1,1,1,1,1,1,1,1,1,1,1,1,1,1,1,1,1,1,1,1,1,1,1,1,1,1,1,1,1,1,1,1,1,1,1,1,1,1
OTU_979,1,1,1,1,1,1,1,1,1,1,1,1,1,1,1,1,1,1,1,1,1,1,1,1,1,1,1,1,1,1,1,1,1,1,1,1,1,1,1,1,1,1,1,1,1,1,1,1,1,1
OTU_980,1,1,1,1,1,1,1,1,1,1,1,1,1,1,1,1,1,1,1,1,1,1,1,1,1,1,1,1,1,1,1,1,12,1,1,1,1,1,1,1,1,1,1,1,1,1,1,1,1,1
OTU_981,1,1,1,10,1,1,1,4,1,33,61,163,7,1,1,47,265,5,1,3,3,307,1,1,172,1,1,451,16,1,1,1,1,1,1,13,1,3,1,1,2,2,1,22,1,5,1,14,58,67
OTU_982,1,1,1,1,1,1,1,1,1,1,1,1,1,1,1,1,1,1,1,1,1,1,1,1,1,1,1,1,1,1,1,1,1,1,1,1,1,1,1,1,1,1,1,1,1,1,1,1,1,1
OTU_983,1,1,2,1,1,1,1,1,1,1,1,1,1,57,1,1,330,5,103,1,2,1,1,1,1,1,28,1,8,1,2,1,1,209,71,31,4,1,1,1,4,1,1,32,1,1,1,24,1,1
OTU_984,1,1,1,1,1,1,1,1,1,1,1,1,1,1,1,1,1,1,1,1,1,1,1,1,1,1,1,1,1,1,1,1,1,1,1,1,1,1,1,1,1,1,1,1,1,1,1,1,1,1
OTU_985,1,1,10,1,1,1,1,1,1,1,1,1,1,1,1,1,1,1,1,1,1,1,1,1,1,1,1,1,1,1,1,1,1,1,1,1,6,1,1,1,1,1,1,1,1,349,1,1,1,1
OTU_986,1,1,1,1,1,1,1,1,1,1,1,1,1,1,1,1,1,1,1,1,1,1,1,1,1,1,1,1,1,1,1,1,1,1,1,1,1,1,1,1,1,1,1,1,1,1,1,1,1,1
OTU_987,1,1,1,2,1,1,1,1,1,1,1,1,1,1,1,1,1,1,1,1,1,1,1,1,1,1,1,1,1,1,1,1,6,1,1,1,1,1,1,1,1,1,1,1,1,1,1,1,1,1
OTU_988,1,1,1,1,1,64,39,1,1,1,1,1,1,74,1,1,1,1,1,1,1,1,1,1,1,1,1,1,1,1,1,1,1,1,1,1,1,1,1,1,1,1,1,1,1,1,1,1,1,1
OTU_989,1,1,1,1,1,1,1,1,1,1,1,1,1,1,1,1,1,1,1,1,1,1,1,1,1,1,1,1,1,1,1,1,1,1,1,1,1,1,1,1,1,1,1,1,1,1,1,1,1,1
OTU_990,2,7,122,1,1,1,63,1,66,13,1,101,1,1,2,9,1,2,1,1,1,1,1,1,1,5,1,1,1,102,9,1,2,1,1,63,1,125,227,439,15,1,2,1,21,1,39,23,1,331
OTU_991,1,1,1,1,1,1,1,1,1,1,1,1,1,1,1,1,2,1,5,1,1,1,14,5,56,1,1,232,1,1,1,19,3,1,1,1,1,1,1,1,1,1,1,1,10,5,1,1,1,1
OTU_992,403,384,569,5,3,66,530,113,165,236,38,34,220,172,61,95,153,219,71,25,250,10,257,159,89,610,112,534,258,147,53,49,32,3,9,84,897,204,367,120,234,239,642,76,146,49,31,15,95,236
OTU_993,1,1,1,1,2,1,1,1,1,1,1,1,1,1,12,1,1,1,1,121,1,1,1,1,1,1,1,1,1,1,1,1,1,1,1,34,1,1,2,1,1,1,1,1,1,1,1,1,1,1
OTU_994,1,1,1,1,1,1,1,1,1,1,1,1,1,1,1,1,1,1,1,1,1,1,1,1,1,1,1,1,1,1,1,1,1,1,1,1,1,1,1,1,1,1,1,1,1,1,1,1,1,1
OTU_995,1,1,1,1,1,1,1,1,1,1,1,1,1,1,1,1,1,1,1,1,1,1,1,1,1,1,1,1,1,1,1,1,1,1,1,1,1,1,1,1,1,1,1,1,1,1,1,1,1,1
OTU_996,1,1,1,1,1,1,1,1,1,1,1,1,1,1,1,1,1,1,1,1,1,1,1,1,1,1,1,1,1,1,1,1,1,1,1,1,1,1,1,1,1,1,1,1,1,1,1,1,1,1
OTU_997,1,1,1,1,1,1,1,1,1,1,1,1,1,1,1,1,1,1,1,1,1,1,1,1,1,1,1,1,1,1,1,1,1,1,1,1,1,1,1,1,1,1,2,1,1,1,1,1,1,1
OTU_998,1,1,1,1,1,1,1,1,1,1,1,1,1,1,1,1,1,1,1,1,1,1,1,1,1,1,1,1,1,1,1,1,1,1,1,1,1,1,1,1,1,1,1,1,1,1,1,1,1,1
OTU_999,1,1,1,1,1,1,1,1,1,1,1,1,1,1,1,1,1,1,1,1,1,1,1,1,1,1,1,1,1,1,1,1,1,1,1,1,1,1,1,1,1,1,1,1,1,1,1,1,1,1
OTU_1000,1,1,1,1,1,1,1,1,1,1,1,1,1,1,1,1,1,1,1,1,1,1,1,1,1,1,1,1,1,1,1,1,1,1,1,1,1,1,1,1,1,1,1,1,1,1,1,1,1,1
OTU_1001,37,67,314,409,216,147,434,308,527,85,39,75,456,482,63,309,290,218,453,559,57,805,236,664,18,381,103,364,1432,651,9,41,157,237,514,150,250,221,246,708,37,122,66,297,72,503,246,581,190,1180
OTU_1002,13,1,1,1,1,1,1,1,1,3,1,1,1,20,1,1,1,1,7,1,17,1,1,1,1,1,1,1,1,59,1,1,2,1,1,1,1,1,1,1,4,1,1,1,1,1,1,1,1,1
OTU_1003,1,1,1,1,1,1,1,1,1,1,1,1,1,1,1,1,1,7,1,1,1,1,1,1,1,1,1,1,1,1,1,1,1,1,1,1,1,1,1,1,1,1,1,1,1,1,1,1,1,1
OTU_1004,1,1,1,1,1,1,1,1,1,1,1,1,1,1,1,1,1,1,1,1,1,1,1,1,1,1,1,1,1,1,1,1,1,1,1,1,1,1,1,1,1,1,1,1,1,1,1,1,1,1
OTU_1005,1,1,1,1,1,1,1,1,1,1,1,1,1,1,1,1,1,1,1,1,1,1,1,1,1,1,1,1,1,1,1,1,1,1,1,1,1,1,1,1,1,1,1,1,1,1,1,1,1,1
OTU_1006,31,1,1,1,5,1,1,4,1,1,1,1,1,1,1,1,1,2,1,4,1,4,1,5,1,1,1,5,23,1,1,1,1,1,26,1,1,1,1,1,1,23,1,25,1,1,1,310,1,1
OTU_1007,10,1,1,1,1,1,1,1,1,1,1,1,1,1,1,1,1,9,46,1,1,1,1,1,1,1,1,1,1,1,1,1,1,1,1,1,1,1,1,1,1,1,1,1,1,1,1,1,1,1
OTU_1008,1,1,1,1,1,1,1,1,1,1,1,1,1,1,1,1,1,1,1,1,1,1,1,1,1,1,1,1,1,1,1,1,1,1,1,1,1,1,1,1,1,1,1,1,1,1,1,1,1,1
OTU_1009,1,1,1,1,1,1,1,4,1,1,1,1,1,1,1,1,93,1,1,1,1,1,5,136,1,1,1,1,1,29,1,1,1,27,1,1,1,1,1,1,1,1,1,1,1,1,2,1,2,1
OTU_1010,1,1,1,1,1,1,1,1,1,1,1,1,1,1,1,1,1,1,1,1,1,1,1,1,1,1,1,1,1,1,1,1,1,1,1,1,1,1,1,1,1,1,1,1,1,1,1,1,1,1
OTU_1011,16,3,1,463,10,40,3,1360,4,136,2,1,6,3,2,28,13,432,2,71,91,64,2,1,5,1,1,1,31,83,1,12,73,31,99,94,14,23,1,59,864,1,1,19,12,4,1,40,126,2
OTU_1012,1,1,1,1,1,1,1,1,1,1,1,1,1,1,1,1,1,1,1,1,1,1,1,1,1,1,1,1,1,1,1,1,1,1,1,1,1,1,1,1,1,1,1,1,1,1,1,1,1,1
OTU_1013,137,1,1,14,1,1,1,1,1,1,1,2,1,1,1,1,1,1,1,1,1,1,1,1,1,1,1,13,14,18,1,1,1,1,1,1,1,1,1,1,1,1,1,1,1,1,4,1,1,1
OTU_1014,1,1,1,1,1,1,1,1,1,1,1,1,1,1,1,1,1,1,1,1,1,1,1,1,1,1,1,1,1,1,1,1,1,1,1,1,1,1,1,1,1,1,1,1,1,1,1,1,1,1
OTU_1015,5,1,1,1,1,1,4,1,1,66,1,72,1,1,1,44,1,1,1,1,1,1,1,1,1,1,1,1,1,1,1,1,1,1,1,1,418,1,1,1,1,1,1,1,1,16,1,1,1,1
OTU_1016,1,1,1,1,1,1,1,1,1,1,1,1,1,1,1,1,1,1,1,1,1,1,1,1,1,1,1,1,1,1,1,1,1,1,1,1,1,1,1,1,1,1,1,1,1,1,1,1,1,1
OTU_1017,1,1,1,1,1,1,1,1,1,1,1,1,1,1,1,1,107,1,1,1,1,2,7,1,63,1,1,1,1,1,1,1,2,1,4,1,1,1,1,1,1,1,1,1,28,7,1,1,1,1
OTU_1018,1,1,1,1,1,1,1,1,1,1,1,1,1,1,1,1,1,1,1,1,1,1,1,1,1,1,1,1,1,1,1,1,1,1,1,1,1,1,1,1,1,1,1,1,1,1,1,1,1,1
OTU_1019,79,1,203,1,1,2,1,104,48,52,1,1,4,1,1,61,58,1,29,1,30,3,1,1,1,1,29,1,1,1,1,104,4,1,1,1,1,1,2,1,1,1,1,1,2,44,1,1,24,1
OTU_1020,1,1,1,1,1,1,1,1,1,1,1,1,1,1,1,1,1,1,1,1,1,1,1,1,1,1,1,1,1,1,1,1,1,1,1,1,1,1,1,1,1,1,1,1,1,1,1,1,1,1
OTU_1021,1,1,1,6,1,1,1,1,287,1,1,1,1,1,1,1,1,1,1,1,1,1,1,1,1,2,1,1,1,1,196,1,1,1,1,1,1,86,1,1,1,1,1,1,1,2,89,1,1,1
OTU_1022,1,1,1,1,1,1,1,1,1,1,1,1,1,1,1,1,1,1,1,1,1,1,1,1,1,1,1,1,1,1,1,1,1,1,1,1,1,1,1,1,1,1,1,1,1,1,1,1,1,1
OTU_1023,6,34,1,1,1,9,2,39,372,1,1,80,53,2,375,38,7,1,36,65,2,1,22,5,18,1,1,1,1,1,1,85,1,338,7,1,73,2,1,5,1,6,67,1,11,81,1,35,1,1
OTU_1024,1,2,1,1,1,1,1,1,1,1,1,1,1,1,1,1,1,1,1,1,1,1,1,1,1,1,1,1,1,1,1,1,1,2,1,1,1,1,1,1,1,1,1,1,1,1,1,1,191,1
OTU_1025,1,1,1,1,1,1,1,1,1,1,1,1,1,1,1,1,1,1,1,1,1,1,1,1,1,1,1,1,1,1,1,1,1,1,1,1,1,1,1,1,1,1,1,1,1,1,1,1,1,1
OTU_1026,1,1,1,1,1,1,1,1,1,1,1,1,1,1,1,1,1,1,1,1,1,1,1,1,1,1,1,1,1,1,1,1,1,1,1,1,1,1,1,1,1,1,1,1,1,1,1,1,1,1
OTU_1027,1,1,1,1,1,1,1,1,1,1,1,1,1,1,1,1,1,1,1,1,1,1,1,1,1,1,1,1,1,1,1,1,1,1,1,1,1,1,1,1,1,1,1,1,1,1,1,1,1,1
OTU_1028,1,1,1,1,1,1,1,1,1,1,1,1,1,1,1,1,1,1,1,1,1,1,1,1,1,1,1,1,1,1,1,1,1,1,1,1,1,1,1,1,1,1,1,1,1,1,1,1,1,1
OTU_1029,1,1,1,1,1,1,1,1,1,1,1,1,1,1,1,1,1,1,1,1,1,1,1,1,1,1,1,1,1,1,1,1,1,1,1,1,1,1,1,1,1,1,1,1,1,1,1,1,1,1
OTU_1030,1,1,1,1,1,1,1,1,1,1,1,1,1,1,1,1,1,1,1,1,1,1,1,1,1,1,1,1,242,1,1,1,3,1,1,12,1,7,4,1,1,1,1,1,1,1,1,1,1,1
OTU_1031,48,35,212,1,13,177,3,1,133,1,45,99,1,1,1,1,1,1,1,21,10,3,9,1,1,1,1,1,2,10,97,110,5,5,4,518,1,1,1,1,1,3,1,1,1,96,1,5,569,1
OTU_1032,1,1,1,1,1,1,1,1,1,1,1,1,1,1,1,1,1,1,1,1,1,1,1,1,1,1,1,1,1,1,1,1,1,1,1,1,1,1,1,1,1,1,1,1,1,1,1,1,1,1
OTU_1033,12,1,99,145,1,198,266,10,2,15,29,9,30,208,13,40,182,14,5,44,83,1,24,401,50,79,56,4,18,5,34,25,79,1,57,39,163,300,1,9,4,197,4,9,266,462,1,787,346,1
OTU_1034,1,1,1,1,1,1,1,1,1,1,1,1,1,1,1,1,1,1,1,1,1,1,1,1,1,1,1,1,1,1,1,1,1,1,1,1,1,1,1,1,1,1,1,1,1,1,1,1,1,1
OTU_1035,1,1,1,1,1,1,1,1,1,1,1,1,1,1,1,1,1,1,1,1,1,1,1,1,1,1,1,1,1,1,1,1,1,1,1,1,1,1,1,1,1,1,1,1,1,1,1,1,1,1
OTU_1036,1,1,1,1,1,1,1,1,1,1,1,1,1,1,1,1,1,1,1,1,1,1,1,1,1,1,1,1,1,1,1,1,1,1,1,1,1,1,1,1,1,1,1,1,1,1,1,1,1,1
OTU_1037,1,77,1,1,1,1,1,1,1,1,1,1,1,22,1,1,1,1,1,5,1,2,1,1,1,1,1,1,1,67,1,1,1,1,33,63,1,1,1,1,47,1,1,1,111,5,1,175,1,1
OTU_1038,212,729,106,439,337,423,337,218,508,393,124,25,1297,212,26,455,190,10,234,107,122,35,7,331,331,12,842,82,182,27,630,125,41,312,190,327,8,738,239,28,454,214,172,287,627,128,612,533,280,660
OTU_1039,1,1,1,1,1,1,1,1,1,1,1,1,1,1,1,1,1,1,1,1,1,1,1,1,1,1,1,1,1,1,1,1,1,1,1,1,1,1,1,1,133,1,1,1,1,1,1,1,1,1
OTU_1040,12,1,1,1,120,1,1,1,1,1,4,2,1,3,1,165,151,9,1,77,2,301,171,1,2,1,6,1,2,52,155,1,1,1,1,1,1,1,27,20,2,1,1,1,1,1,1,154,1,12
OTU_1041,1,1,1,1,1,1,1,1,1,1,1,1,1,1,1,1,1,1,1,1,1,7,1,1,1,1,1,1,1,1,1,1,1,1,1,1,1,1,1,1,1,1,1,1,1,1,1,1,1,1
OTU_1042,1,1,1,1,1,1,1,1,1,1,1,1,1,1,1,1,1,1,1,1,1,1,1,1,1,1,1,1,1,1,1,1,1,1,1,1,1,1,1,1,1,1,1,1,1,1,1,1,1,1
OTU_1043,265,596,9,152,51,195,437,369,3,174,852,296,8,9,124,1,286,66,715,2,20,150,4,186,1,1,107,8,117,223,133,283,87,1,53,14,340,206,188,59,261,51,229,1,28,50,15,600,43,391
OTU_1044,12,66,18,286,18,212,94,105,79,97,87,7,211,237,195,196,222,389,221,133,297,129,219,103,145,165,43,50,99,39,7,210,97,99,1,549,16,216,25,35,23,224,270,27,439,86,489,4,190,65
OTU_1045,1,1,1,1,1,1,1,1,1,1,1,1,1,1,1,1,1,1,1,1,1,1,1,1,1,1,1,1,1,1,1,279,1,1,1,1,1,1,1,1,1,1,1,1,1,1,1,1,1,1
OTU_1046,1,1,1,1,1,1,1,1,1,1,1,1,1,1,1,1,1,1,1,1,1,1,1,1,1,1,1,1,1,1,1,1,1,1,1,1,1,1,1,1,1,1,1,1,1,1,1,1,1,1
OTU_1047,1,1,1,1,1,1,1,1,1,1,1,1,1,1,1,1,1,1,1,1,1,1,1,1,1,1,1,1,1,1,1,1,1,1,1,1,1,1,1,1,1,1,1,1,1,1,1,1,1,1
OTU_1048,1,1,1,1,1,1,1,1,1,1,1,1,1,1,1,1,1,1,1,1,1,1,1,1,1,1,1,1,1,1,1,1,1,1,1,1,1,1,1,1,1,1,1,1,1,1,1,1,1,1
OTU_1049,1,1,1,1,1,1,1,1,1,1,1,1,1,1,1,1,1,1,1,1,1,1,1,1,1,1,1,1,1,1,1,1,1,1,1,1,1,1,1,1,1,1,1,1,1,1,1,1,1,1
OTU_1050,1,1,1,1,1,1,1,1,1,1,1,1,1,1,1,1,1,1,1,1,1,1,1,1,1,1,1,1,1,1,1,1,1,1,1,1,1,1,1,1,1,1,1,1,1,1,1,1,1,1
OTU_1051,1,1,1,1,1,1,1,1,1,1,1,1,1,1,1,1,1,1,1,1,1,1,1,1,1,1,1,1,1,1,1,1,1,1,1,1,1,1,1,1,1,1,1,1,1,1,1,1,1,1
OTU_1052,5,14,472,336,30,109,34,394,163,234,81,146,186,313,3,156,27,2,237,7,425,11,69,79,2,96,88,640,55,10,177,6,36,80,1,207,7,25,658,2,42,139,47,38,46,15,131,159,2,69
OTU_1053,1,1,1,1,1,1,1,1,1,1,1,1,1,1,1,1,1,1,1,1,1,1,1,1,1,1,1,1,1,1,1,1,1,1,1,1,1,1,1,1,1,1,1,1,1,1,1,1,1,1
OTU_1054,227,44,101,191,37,395,12,1,278,18,22,338,185,33,119,109,38,170,24,121,109,166,2,13,88,61,580,24,3,32,2,46,2,303,110,138,7,25,39,1768,4,105,152,406,53,7,96,8,191,2
OTU_1055,1,1,1,1,1,1,1,1,1,1,1,1,1,1,1,1,1,1,1,1,1,1,1,1,1,1,1,1,1,1,1,1,1,1,1,1,1,1,1,1,1,1,1,1,1,1,1,1,1,1
OTU_1056,1,1,1,1,1,1,1,1,1,1,1,1,1,1,1,1,1,1,1,1,1,1,1,1,1,1,1,1,1,1,1,1,1,1,1,1,1,1,1,1,1,1,1,1,1,1,1,1,1,1
OTU_1057,1,1,1,1,1,1,1,1,1,1,1,1,8,1,1,1,1,1,1,1,1,1,1,1,1,1,1,1,1,1,1,1,19,1,1,1,1,1,1,1,1,1,1,1,1,1,1,1,1,1
OTU_1058,1,1,1,1,1,1,1,1,1,1,1,1,1,1,1,1,1,1,1,1,1,1,1,1,1,1,1,1,1,1,1,1,1,1,1,1,1,1,1,1,1,1,1,1,1,1,1,1,1,1
OTU_1059,47,9,93,609,411,154,73,360,489,38,458,231,53,539,3,187,115,307,4,339,85,1,22,92,294,280,79,237,34,210,229,195,447,1,3,134,42,34,186,101,479,25,22,572,64,18,209,175,1,420
OTU_1060,1,1,1,1,1,1,1,1,1,1,1,1,1,1,1,1,1,1,1,1,1,1,1,1,1,1,1,1,1,1,1,1,1,1,1,1,1,1,1,1,1,1,1,1,1,1,1,1,1,1
OTU_1061,329,9,1027,57,236,94,27,34,52,11,47,67,64,506,188,4,57,2,13,9,306,260,73,1,276,17,66,154,43,70,203,45,2,126,487,21,24,37,396,83,34,143,9,2,212,6,38,119,230,37
OTU_1062,1,1,1,1,1,1,1,1,1,1,1,1,1,1,1,1,1,1,1,1,1,1,1,12,1,1,1,1,1,1,1,1,1,1,1,44,1,1,1,1,1,1,1,1,51,2,1,1,1,1
OTU_1063,1,1,1,1,1,1,1,1,1,1,1,1,1,1,1,1,1,1,1,1,1,1,1,1,1,1,1,1,1,1,1,1,1,1,1,1,1,1,1,1,1,1,1,1,1,1,1,1,1,1
OTU_1064,1,1,1,1,1,1,1,1,1,1,1,1,1,1,1,1,1,1,1,1,1,1,1,1,1,1,1,1,1,1,1,1,1,1,1,1,1,1,1,1,1,1,1,1,1,1,1,1,1,1
OTU_1065,1,1,1,1,1,1,1,1,1,1,1,1,1,1,1,1,1,1,1,1,1,1,1,1,1,1,1,1,1,1,1,1,1,1,1,1,1,1,1,1,1,1,1,1,1,1,1,1,1,1
OTU_1066,1,1,1,1,1,1,1,1,1,1,1,1,1,1,1,1,1,1,1,1,1,1,1,1,1,1,1,1,1,1,1,1,1,1,1,1,1,1,1,1,1,1,1,1,1,1,1,1,1,1
OTU_1067,2,13,16,60,1,2,46,100,17,15,55,139,63,4,1,1,8,2,9,4,12,1,87,2,11,219,12,15,122,385,374,1,12,29,118,41,32,1,1,47,203,81,9,5,106,67,30,1,492,1
OTU_1068,1,1,1,1,1,1,1,1,1,1,1,1,1,1,1,1,1,1,1,1,1,1,1,1,1,1,1,1,1,1,1,1,1,1,1,1,1,1,1,1,1,1,1,1,1,1,1,1,1,1
OTU_1069,1,1,1,1,1,1,1,1,1,1,1,1,1,1,1,1,1,1,1,1,1,1,1,1,1,1,1,1,1,1,1,1,1,1,1,1,1,1,1,1,1,1,1,1,1,1,1,1,1,1
OTU_1070,24,1,1,1,9,1,1,1,1,1,29,1,1,1,31,2,37,1,1,1,1,1,1,1,1,1,1,38,36,7,1,1,1,1,1,1,1,52,1,42,1,1,43,24,4,1,1,4,1,1
OTU_1071,1,1,1,1,1,1,1,1,1,1,1,1,1,1,1,1,1,1,1,1,1,1,1,1,1,1,1,1,1,1,1,1,1,1,1,1,1,1,1,1,1,1,1,1,1,1,1,1,1,1
OTU_1072,1,1,1,1,1,1,1,1,1,1,1,1,1,1,1,1,1,3,1,1,16,1,1,1,1,1,1,1,1,1,1,1,1,1,1,1,1,1,1,1,1,1,1,1,1,1,1,1,1,1
OTU_1073,1,1,1,1,1,1,1,1,1,1,1,1,1,1,1,1,1,1,1,1,1,1,1,1,1,1,1,1,1,1,1,1,1,1,1,1,1,1,1,1,1,1,1,1,1,1,1,1,1,1
OTU_1074,1,1,1,1,1,1,1,1,1,1,1,1,1,1,1,1,1,1,1,1,1,1,1,1,1,1,1,1,1,1,1,1,1,1,1,1,1,1,1,1,1,1,1,1,1,1,1,1,1,1
OTU_1075,1,48,1,1,1,19,1,1,1,1,1,1,1,2,1,1,1,1,1,1,1,1,1,1,1,1,132,1,1,1,3,120,1,12,1,1,1,1,1,1,1,1,1,1,1,1,1,1,1,1
OTU_1076,1,1,1,1,1,1,1,1,1,1,1,1,1,1,1,1,1,1,1,1,1,1,1,1,1,1,1,1,1,1,1,1,1,1,1,1,1,1,1,1,1,1,1,1,1,1,1,1,1,1
OTU_1077,1,1,1,1,1,2,1,1,1,18,1,1,1,1,1,1,1,1,1,2,15,6,1,1,1,1,1,5,1,1,241,1,1,1,1,1,1,1,1,1,1,1,1,1,1,1,1,1,1,1
OTU_1078,1,1,1,1,1,1,1,1,1,1,1,1,1,1,1,1,1,1,1,1,1,1,1,1,1,1,1,1,1,1,1,1,1,1,1,1,1,1,1,1,1,1,1,1,1,1,1,1,1,1
OTU_1079,1,1,1,1,1,1,1,1,1,1,1,1,1,1,1,1,1,1,1,1,1,1,1,1,1,1,1,1,1,1,1,1,1,1,1,1,1,1,1,1,1,1,1,1,1,1,1,1,1,1
OTU_1080,1,1,1,1,1,1,1,1,1,1,1,1,1,1,1,1,1,1,1,1,1,1,1,1,1,1,1,1,1,1,1,1,1,1,1,1,1,1,1,1,1,1,1,1,1,1,1,1,1,1
OTU_1081,1,1,1,1,1,1,1,1,1,1,1,1,1,1,1,1,1,1,1,1,1,1,1,1,1,1,1,1,1,1,1,1,1,1,1,1,1,1,1,1,1,1,1,1,1,1,1,1,1,1
OTU_1082,1,1,1,1,1,1,1,1,1,1,1,1,1,1,1,1,1,1,1,1,1,1,1,1,1,1,1,1,1,1,1,1,1,1,1,1,1,1,1,1,1,1,1,1,1,1,1,1,1,1
OTU_1083,1,1,1,1,1,1,1,1,1,1,1,1,1,1,1,1,1,1,1,1,1,1,1,1,1,1,1,1,1,1,1,1,1,1,1,1,1,1,1,1,1,1,1,1,1,1,1,1,1,1
OTU_1084,1,1,157,1,1,62,1,1,1,1,1,1,1,176,1,73,1,3,2,1,37,1,198,1,1,1,8,1,36,1,1,21,1,1,2,1,1,3,1,12,1,6,1,1,28,1,1,21,1,23
OTU_1085,1,1,1,1,1,1,1,1,1,1,1,1,1,1,1,1,1,1,1,1,1,1,1,1,1,1,1,1,1,1,1,1,1,1,1,1,1,1,1,1,1,1,1,1,1,1,1,1,1,1
OTU_1086,32,3,5,1,1,2,1,1,12,1,5,45,1,1,1,1,1,1,25,1,1,1,23,10,1,12,1,1,3,2,1,1,1,1,1,5,15,1,3,1,1,1,1,52,95,1,1,1,1,1
OTU_1087,1,1,1,1,1,1,1,1,1,1,1,1,1,1,1,1,1,1,1,1,1,1,1,1,1,1,1,1,1,1,1,1,1,1,1,1,1,1,1,1,1,1,1,1,1,1,1,1,1,1
OTU_1088,1,1,1,1,1,1,1,1,1,1,1,1,1,1,1,1,1,1,1,1,1,1,1,1,1,1,1,1,1,1,1,1,1,1,1,1,1,1,1,1,1,1,1,291,1,1,1,1,1,1
OTU_1089,1,1,1,1,1,1,1,1,1,1,1,1,1,1,1,1,1,1,1,1,1,1,1,1,1,1,1,1,1,1,1,1,1,1,1,1,1,1,1,1,1,1,1,1,1,1,1,1,1,1
OTU_1090,1,1,1,1,1,1,1,1,1,1,1,1,1,1,1,1,1,1,1,1,1,1,1,1,1,3,1,1,1,1,1,1,1,1,1,1,1,1,1,1,1,1,1,1,1,1,1,1,1,1
OTU_1091,1,1,1,1,1,1,1,1,1,1,1,1,1,1,1,1,1,1,1,1,1,1,1,1,1,1,1,1,1,1,1,1,1,1,1,1,1,1,1,1,1,1,1,1,1,1,1,1,1,1
OTU_1092,1,1,1,1,1,1,1,1,1,1,1,1,1,1,1,1,1,1,1,1,1,1,1,1,1,1,1,1,1,1,1,1,1,1,1,1,1,1,1,1,1,1,1,1,1,1,1,1,1,1
OTU_1093,1,1,1,1,1,1,1,1,1,1,1,1,1,1,1,1,1,1,1,1,1,1,1,1,1,1,1,1,1,1,1,1,1,1,1,1,1,1,1,1,1,1,1,1,1,1,1,1,1,1
OTU_1094,1,244,1,1,31,4,1,1,2,123,1,6,91,1,42,7,3,1,1,26,1,3,1,3,15,1,1,13,8,7,1,1,2,1,1,1,8,93,1,5,9,1,1,1,1,1,1,1,12,1
OTU_1095,1,1,1,1,1,1,1,1,1,1,1,1,1,1,1,1,1,1,151,1,1,1,1,3,1,479,1,1,1,1,2,1,1,1,1,1,1,1,1,2,71,1,1,1,1,2,1,1,1,1
OTU_1096,1,1,1,1,1,1,1,1,1,1,1,1,1,1,1,2,1,1,1,1,1,1,1,1,1,1,1,1,1,1,1,1,1,1,1,1,1,1,1,1,1,1,1,1,1,1,1,1,1,1
OTU_1097,1,1,1,1,1,1,1,1,1,1,1,1,1,1,1,1,1,1,1,1,1,1,1,1,1,1,1,1,1,1,1,1,1,1,1,1,1,1,1,1,1,1,1,1,1,1,1,1,1,1
OTU_1098,1,263,10,1,205,3,92,62,108,1,65,20,1,1,168,25,24,1,12,1,127,2,45,7,138,1,8,86,10,8,61,1,144,29,1,48,1,185,35,5,1,26,6,1,179,6,1,91,11,1
OTU_1099,1,74,2,196,9,4,225,79,1,1,1,82,316,23,1,1,244,1,8,4,95,1,94,37,36,115,1,183,1,80,153,55,139,1,1,15,86,13,420,54,1,1,1,90,113,1,53,2,19,53
OTU_1100,1,1,1,1,1,1,1,1,1,1,1,1,1,1,1,1,1,1,1,1,1,5,1,1,1,1,1,1,1,1,1,1,1,1,1,1,1,1,6,1,1,1,1,1,1,1,1,1,1,1
OTU_1101,1,1,1,1,1,1,1,1,1,1,1,1,1,1,1,1,1,1,1,1,1,1,1,1,1,1,1,1,1,1,1,1,1,1,1,1,1,1,1,1,1,1,1,1,1,1,1,1,1,1
OTU_1102,64,979,729,99,163,99,14,728,307,773,20,33,84,172,337,533,66,97,367,207,53,178,413,1246,443,81,443,404,215,226,310,102,767,39,32,32,147,33,1022,310,142,150,311,124,485,637,738,501,1762,538
OTU_1103,1,1,1,1,38,1,1,1,17,1,1,1,1,1,1,1,1,1,1,1,1,3,1,10,1,1,1,15,1,1,1,1,1,10,1,1,1,1,487,1,1,1,1,1,1,1,1,1,1,1
OTU_1104,1,1,1,1,1,1,1,1,1,1,1,1,1,1,1,1,1,1,1,1,1,1,1,1,1,1,1,1,1,1,1,1,1,1,1,1,1,1,1,1,1,1,1,1,1,1,1,1,1,1
OTU_1105,1,1,1,1,1,1,4,43,1,1,4,1,1,1,1,1,1,1,1,1,1,1,1,1,1,2,1,1,1,1,1,1,1,1,1,1,1,3,1,1,1,1,1,7,1,85,1,1,1,1
OTU_1106,174,1077,756,848,198,408,627,590,337,580,1162,571,266,1302,677,978,534,694,591,516,868,712,658,425,175,643,124,518,419,1186,1177,331,438,472,557,1007,561,532,313,743,1451,960,876,302,385,1570,992,172,157,333
OTU_1107,1,1,1,1,1,1,1,1,1,1,1,1,1,63,1,1,1,1,1,1,1,1,1,1,1,1,1,1,1,1,1,1,1,1,1,1,1,1,1,1,1,1,1,1,1,1,1,1,1,1
OTU_1108,1,1,1,1,1,1,1,1,1,1,1,1,1,1,1,1,1,1,1,1,1,1,1,1,1,1,1,1,1,1,1,1,1,1,1,1,1,1,1,1,1,1,1,1,1,1,1,1,1,1
OTU_1109,15,3,174,48,1,3,10,11,1,1,1,73,1,1,1,1,6,27,32,151,58,1,550,34,1,323,657,19,10,1,17,1,1,1,6,97,2,47,1,1,225,33,5,57,3,39,1,10,1,1
OTU_1110,1,1,1,1,1,1,1,1,1,1,1,32,1,1,1,1,1,1,1,1,1,1,1,1,1,1,1,1,1,1,1,1,1,1,1,1,1,1,1,1,1,1,1,1,1,1,1,1,1,1
OTU_1111,1,1,1,1,1,1,1,1,1,1,1,1,1,1,1,1,1,1,1,1,1,1,1,1,1,1,1,1,1,1,1,1,1,1,1,1,1,1,1,1,1,1,1,1,1,1,1,1,1,1
OTU_1112,1,28,5,1,1,1,1,1,1,1,1,1,121,1,1,1,1,1,1,1,1,1,1,1,21,1,1,1,1,96,1,1,1,1,264,2,1,1,1,1,1,1,1,1,1,1,1,1,1,1
OTU_1113,1,1,1,1,1,1,1,1,1,1,1,1,1,1,1,1,1,1,1,1,1,1,1,1,1,1,1,1,1,1,1,1,1,1,1,1,1,1,1,1,1,1,1,1,1,1,1,1,1,1
OTU_1114,1,1,1,1,1,1,1,1,1,1,1,1,1,1,1,1,1,1,1,1,1,1,1,1,1,1,1,1,1,1,1,1,1,1,1,1,1,1,1,1,1,1,1,1,1,1,1,1,1,1
OTU_1115,1,1,1,1,1,1,1,1,1,1,1,1,1,1,1,2,1,1,1,1,1,1,1,1,1,1,1,1,1,1,1,1,1,1,1,1,1,1,1,1,1,1,1,1,1,1,1,1,1,1
OTU_1116,2,1,2,40,7,26,4,6,13,4,1,1,1,1,81,125,3,1,1,482,1,1,1,1,6,8,1,61,1,1,1,1,29,72,2,1,1,162,59,1,24,1,28,10,219,1,1,1,1,25
OTU_1117,1,1,1,1,1,1,1,1,1,1,1,1,1,1,1,1,1,1,1,1,1,1,1,1,1,1,1,1,1,1,1,1,1,1,1,1,1,1,1,1,1,1,1,1,1,1,1,1,1,1
OTU_1118,1,1,1,1,1,1,1,1,1,1,1,1,1,1,1,1,1,1,1,1,1,1,1,1,1,1,1,1,1,1,1,1,1,1,1,1,1,1,1,1,1,1,1,1,1,1,1,1,1,1
OTU_1119,1,1,1,1,1,1,1,1,1,1,1,1,1,1,1,1,1,1,1,1,1,1,1,1,1,1,1,1,1,1,1,1,1,1,1,1,1,1,1,1,1,1,1,1,1,1,1,1,1,1
OTU_1120,1,1,1,1,1,1,1,1,1,1,1,1,1,1,1,1,1,1,1,1,1,1,1,1,1,1,1,1,1,1,1,1,1,1,1,1,1,1,1,1,1,1,1,1,1,1,1,1,1,1
OTU_1121,17,13,11,3,103,83,1,26,178,8,147,76,25,77,48,60,2,115,1,520,3,1,1,3,1,3,1,36,186,1,4,14,11,1,1,102,1,1,4,18,1,9,6,17,2,2,1,113,1,2
OTU_1122,34,69,22,23,10,44,1,263,2,2,35,1,11,1,152,10,153,13,5,7,47,3,6,4,3,9,62,6,10,29,72,162,102,45,1,24,1,3,86,57,162,3,42,29,130,44,318,1,17,95
OTU_1123,1,1,1,1,1,1,1,1,1,1,1,1,1,1,1,1,1,1,1,1,1,1,1,1,1,1,1,1,1,1,1,1,1,1,1,1,1,1,1,1,1,1,1,1,1,1,1,1,1,1
OTU_1124,1,1,1,1,1,1,1,1,1,1,1,1,1,1,1,1,1,1,1,1,1,1,1,1,1,1,1,1,1,1,1,1,1,1,1,1,1,1,1,1,1,1,1,1,1,1,1,1,1,1
OTU_1125,1,1,1,1,1,1,1,1,1,1,1,1,1,1,1,1,1,1,1,1,1,1,1,1,1,1,1,1,1,1,1,1,1,1,1,1,1,1,1,1,1,1,1,1,1,1,1,1,1,1
OTU_1126,1,1,1,1,1,1,1,1,1,1,1,1,1,1,1,1,1,1,1,1,1,1,1,1,1,1,1,1,1,1,1,1,1,1,1,1,1,1,1,1,1,1,1,1,1,1,1,1,1,1
OTU_1127,1,1,1,1,1,1,1,1,1,1,1,1,1,1,1,1,1,1,1,1,1,1,1,1,1,1,1,1,1,1,1,1,1,1,1,1,1,1,1,1,1,1,1,1,1,1,1,1,1,1
OTU_1128,1,1,1,1,1,1,1,1,1,1,1,1,1,1,1,1,1,1,1,1,1,1,1,1,1,1,1,1,1,1,1,1,1,1,1,1,1,1,1,1,1,1,1,1,1,1,1,1,1,1
OTU_1129,1,1,1,1,1,1,1,1,1,1,1,1,1,1,1,1,1,1,1,1,1,1,1,1,1,1,1,1,1,1,1,1,1,1,1,1,1,1,1,1,1,1,1,1,1,1,1,1,1,1
OTU_1130,1,1,1,1,1,1,1,1,1,1,1,1,1,1,1,1,1,1,1,1,1,1,1,1,1,1,1,1,1,1,1,1,1,1,1,1,1,1,1,1,1,1,1,1,1,1,1,1,1,1
OTU_1131,3,112,1,213,248,1,51,420,1,62,685,77,101,8,124,195,62,14,2,480,89,158,1,104,55,58,488,45,1,90,1,190,108,108,398,54,14,24,124,3,19,3,218,26,379,187,191,212,141,165
OTU_1132,1,1,1,1,1,1,1,1,1,1,1,1,1,1,1,1,1,1,1,1,1,1,1,1,1,1,1,1,1,1,1,1,1,1,1,1,1,1,1,1,1,1,1,1,1,1,1,1,1,1
OTU_1133,1,1,1,1,1,1,1,1,1,1,1,1,1,1,1,1,1,1,1,1,1,1,1,1,1,1,1,1,1,1,1,1,1,1,1,1,1,1,1,1,1,1,1,1,1,1,1,1,1,1
OTU_1134,1,1,1,1,1,1,1,1,1,1,1,1,1,1,1,1,1,1,1,1,1,1,1,1,1,1,1,1,1,1,1,1,1,1,1,1,1,1,1,1,1,1,1,1,1,1,1,1,1,1
OTU_1135,1,1,1,1,1,1,1,1,1,1,1,1,1,1,1,1,1,1,1,1,1,1,1,1,1,1,1,1,1,1,1,1,1,1,1,1,1,1,1,1,1,1,1,1,1,1,1,1,1,1
OTU_1136,1,1,1,1,1,1,1,1,1,1,1,1,1,1,1,1,1,1,1,1,1,1,1,1,1,1,1,1,1,1,1,1,1,1,1,1,1,1,1,1,1,1,1,1,1,1,1,1,1,1
OTU_1137,1,1,1,1,1,1,1,1,1,1,1,1,1,1,1,1,1,1,1,1,1,1,1,1,1,1,1,1,1,1,1,1,1,1,1,1,1,1,1,1,1,1,1,1,1,1,1,1,1,1
OTU_1138,44,1,4,2,1,1,1,7,70,16,2,1,1,1,1,1,70,1,1,1,61,1,1,1,34,13,1,15,1,7,103,1,1,1,2,1,1,1,14,178,4,2,7,115,97,43,222,1,23,226
OTU_1139,1,1,1,1,1,1,1,1,1,95,1,1,1,1,1,1,12,1,1,2,1,1,1,1,1,2,1,3,4,1,1,1,2,87,1,1,1,8,1,1,8,1,1,1,1,31,1,1,1,1
OTU_1140,1,1,1,1,1,1,1,1,1,1,1,1,1,1,1,1,1,1,1,1,1,1,1,1,1,1,1,1,1,1,1,1,1,1,1,1,1,1,1,1,1,1,1,1,1,1,1,1,1,1
OTU_1141,1,1,1,1,1,1,1,1,1,1,1,1,1,1,1,1,1,1,1,1,1,1,1,1,1,1,1,1,1,1,1,1,1,1,1,1,1,1,1,1,1,1,1,1,1,1,1,1,1,1
OTU_1142,1,1,15,1,1,1,1,1,1,1,538,1,1,1,1,1,1,1,1,1,1,1,1,1,1,1,1,1,1,1,1,1,1,34,28,1,1,1,464,1,1,1,1,1,1,1,1,1,1,1
OTU_1143,1,1,1,12,1,148,22,1,1,392,5,57,78,8,10,3,65,27,1,80,6,21,2,37,37,1,2,28,250,13,1,15,1,6,206,2,3,273,58,7,39,2,6,3,16,6,1,1,51,60
OTU_1144,1,1,1,1,1,1,1,1,1,1,1,1,1,1,1,1,1,1,1,1,1,1,1,1,1,1,1,1,1,1,1,1,1,1,1,1,1,1,1,1,1,1,1,1,1,1,1,1,1,1
OTU_1145,1,1,1,1,1,1,1,1,1,1,1,1,1,1,1,1,1,1,1,1,1,1,1,1,1,1,1,1,1,1,1,1,1,1,1,1,1,1,1,1,1,1,1,1,7,1,1,1,1,1
OTU_1146,1,1,1,1,1,1,1,1,1,1,1,1,1,1,1,1,1,1,1,1,1,1,1,1,1,1,1,1,1,1,1,1,1,1,1,1,1,1,1,1,1,1,1,1,1,1,1,1,1,1
OTU_1147,1,1,1,1,1,1,1,1,1,1,1,1,1,1,1,1,1,1,1,1,1,1,1,1,1,1,1,1,1,1,1,1,1,1,1,1,1,1,1,1,1,1,1,1,1,1,1,1,1,1
OTU_1148,1,1,1,1,1,1,1,1,1,1,1,1,1,1,1,1,1,1,1,1,5,1,1,1,1,1,1,1,1,1,1,1,1,1,1,1,1,1,1,1,1,1,1,1,1,1,1,1,14,1
OTU_1149,1,1,1,1,1,1,1,1,1,1,1,1,1,1,1,1,1,1,1,1,1,1,1,1,1,1,1,1,1,1,1,1,1,1,1,1,1,1,1,1,1,1,1,1,1,1,1,1,1,1
OTU_1150,1,1,1,1,1,1,1,1,1,1,1,1,1,1,1,1,1,1,1,1,1,1,1,1,1,1,1,1,1,1,1,1,1,1,1,1,1,1,1,1,1,1,1,1,1,1,1,1,1,1
OTU_1151,1,1,1,1,1,1,1,1,1,1,1,1,1,1,1,1,1,1,1,1,1,1,1,1,1,1,1,1,1,1,1,1,1,1,1,1,1,1,1,1,1,1,1,1,1,1,1,1,1,1
OTU_1152,1,1,1,1,1,1,1,1,1,1,1,1,1,1,1,1,1,1,1,1,1,1,1,1,1,1,1,1,1,1,1,1,1,1,1,1,1,1,1,1,1,1,1,1,1,1,1,1,1,1
OTU_1153,1,1,1,1,1,1,1,1,1,1,1,1,1,1,1,1,1,1,1,1,1,1,1,1,1,1,1,1,1,1,1,1,1,1,1,1,1,1,1,1,1,1,1,1,1,1,1,1,1,1
OTU_1154,1,1,1,1,1,1,1,1,1,1,1,1,1,1,1,1,1,1,1,1,1,1,1,1,1,1,1,1,1,1,1,1,1,1,1,1,1,1,1,1,1,1,1,1,1,1,1,1,1,1
OTU_1155,1,1,1,1,1,1,1,1,1,1,1,1,1,1,1,1,1,1,1,1,1,1,1,1,1,1,1,1,1,1,1,1,1,1,1,1,1,1,1,1,1,1,1,1,1,1,1,1,1,1
OTU_1156,1,1,1,1,1,1,1,1,1,1,1,1,1,1,1,1,1,1,1,1,1,1,1,1,1,1,1,1,1,1,1,1,1,1,1,1,1,1,1,1,1,1,1,1,1,1,1,1,1,1
OTU_1157,1,8,26,3,2,154,7,38,363,194,573,116,23,193,6,4,76,446,132,5,12,620,58,4,1,82,1,766,155,244,1,73,373,4,3,60,3,40,69,14,309,490,174,63,18,20,3,118,554,1
OTU_1158,1,1,1,1,1,1,1,1,1,1,1,1,1,1,1,1,1,1,1,1,1,1,1,1,1,1,1,1,1,1,1,1,1,1,1,1,1,1,1,1,1,1,1,1,1,1,1,1,1,1
OTU_1159,1,1,1,1,1,1,1,1,1,1,1,1,1,1,1,1,1,1,1,1,1,1,1,1,1,1,1,1,1,1,1,1,1,1,1,1,1,1,1,1,1,1,1,1,1,1,1,1,1,1
OTU_1160,1,1,1,1,1,1,1,1,1,1,1,1,1,1,1,1,1,1,1,1,1,1,1,1,1,1,1,1,1,1,1,1,1,1,1,1,1,1,1,1,1,1,1,1,1,1,1,1,1,1
OTU_1161,1,1,1,1,1,1,1,1,1,1,1,1,1,1,1,1,1,1,1,1,1,1,1,1,1,1,1,1,1,1,1,1,1,1,1,1,1,1,1,1,1,1,1,1,1,1,1,1,1,1
OTU_1162,1,1,1,1,1,1,1,1,1,292,1,1,4,1,1,2,1,112,1,1,2,1,1,1,1,1,1,1,1,1,1,78,29,14,1,1,1,1,1,1,1,1,1,1,1,1,45,5,1,1
OTU_1163,1,1,1,1,1,1,1,1,1,1,1,1,1,1,1,1,1,1,1,1,1,1,1,1,1,1,1,1,1,1,1,1,1,1,1,1,1,1,1,1,1,1,1,1,1,1,1,1,1,1
OTU_1164,8,1,1,1,1,1,1,1,1,435,1,1,1,1,1,35,1,77,1,1,1,1,78,1,1,1,1,1,1,1,1,1,8,1,1,1,1,1,1,1,1,1,1,1,1,1,1,1,1,1
OTU_1165,1,1,1,58,1,1,1,1,1,1,1,1,1,1,1,1,1,1,1,1,1,1,1,1,1,1,1,1,1,1,1,1,1,1,1,1,1,1,1,1,1,1,1,1,1,1,1,1,1,1
OTU_1166,1,1,1,1,1,1,1,2,1,1,1,1,1,12,1,1,1,1,1,1,1,1,186,1,1,1,1,1,1,1,1,1,273,1,1,1,1,1,1,1,1,1,1,1,1,1,1,1,1,1
OTU_1167,1,1,7,3,97,1,47,1,86,213,3,6,134,10,66,1,11,107,1,1,1,46,1,1,1,1,2,4,10,2,1,1,8,2,1,16,1,2,1,21,8,1,2,1,154,5,1,1,11,15
OTU_1168,1,1,1,1,1,1,1,1,1,1,1,1,1,1,1,1,1,1,1,1,1,1,1,1,1,1,1,1,6,1,1,1,1,1,1,1,1,9,1,1,1,1,1,1,1,1,1,1,1,1
OTU_1169,1,1,1,1,1,121,4,1,18,32,10,2,121,1,1,13,1,4,518,31,10,11,2,37,1,1,29,1,61,1,1,6,1,28,64,18,17,1,1,33,5,1,20,20,2,1,92,25,2,1
OTU_1170,1,1,1,1,1,1,1,1,1,1,1,1,1,1,1,1,1,1,1,1,1,1,1,1,1,1,1,1,1,1,1,1,1,1,1,1,1,1,1,1,1,1,1,1,1,1,1,1,1,1
OTU_1171,1,1,1,1,1,1,1,1,1,1,1,1,1,1,1,1,1,1,1,1,1,1,1,1,1,1,1,1,1,1,1,1,1,1,1,1,1,1,1,1,1,1,1,1,1,1,1,1,1,1
OTU_1172,1,1,1,1,1,1,1,1,1,1,1,1,1,1,1,1,1,1,1,1,1,1,1,1,1,1,1,1,1,1,1,1,1,1,1,1,1,1,1,1,1,1,1,1,1,1,1,1,1,1
OTU_1173,1,181,6,330,3,34,1,3,176,121,33,24,38,38,75,198,1,152,1,75,4,7,50,1,3,26,1,1,1,1,1,230,117,1,69,27,56,1,173,1,9,3,342,7,12,1,23,32,1,89
OTU_1174,1,1,1,1,1,1,1,1,1,1,1,1,1,1,1,1,1,1,1,1,1,1,1,1,1,1,1,1,1,1,1,1,1,1,1,1,1,1,1,1,1,1,1,1,1,1,1,1,1,1
OTU_1175,562,171,262,38,219,32,444,55,133,83,347,1009,890,328,41,449,601,718,45,81,234,187,350,209,117,41,985,479,158,541,789,328,274,129,70,345,918,388,211,174,111,121,84,327,33,381,265,78,193,156
OTU_1176,1,1,1,1,1,1,1,1,1,1,1,1,1,1,1,1,1,1,1,1,1,1,1,1,1,1,1,1,1,1,1,1,1,1,1,1,1,1,1,1,1,1,1,1,1,1,1,1,1,1
OTU_1177,258,470,63,133,106,226,23,103,11,203,180,135,58,169,79,127,255,62,412,143,895,154,161,78,17,572,20,2,235,6,289,207,156,280,332,81,20,68,329,310,110,114,11,116,294,66,214,137,173,635
OTU_1178,1,1,1,1,1,1,1,1,1,1,1,1,1,1,1,1,1,1,1,1,1,1,1,1,1,1,1,1,1,1,1,1,1,1,1,1,1,1,1,1,1,1,1,1,1,1,1,1,1,1
OTU_1179,1,1,1,1,1,1,1,1,1,1,1,1,1,1,1,1,1,1,1,1,1,1,1,1,1,1,1,1,1,1,1,1,1,1,1,1,1,1,1,1,1,1,1,1,1,1,1,1,1,1
OTU_1180,1,1,1,1,1,1,1,1,1,1,1,1,1,1,1,1,1,1,1,1,1,1,1,1,1,1,1,1,1,1,1,1,1,1,1,1,1,1,1,1,1,1,1,1,1,1,1,1,1,1
OTU_1181,1,1,1,1,1,1,1,1,1,1,1,1,1,1,1,1,1,1,1,1,1,1,1,1,1,1,1,1,1,1,1,1,1,1,1,1,1,1,1,1,1,1,1,1,1,1,1,1,1,1
OTU_1182,1,1,1,1,1,1,1,1,1,1,1,1,1,1,1,1,1,1,1,1,1,1,1,1,1,1,1,1,1,1,1,1,1,1,1,1,1,1,1,1,1,1,2,1,1,1,1,1,1,1
OTU_1183,1,1,1,1,1,1,1,1,1,1,1,1,1,1,1,1,1,1,1,1,1,1,1,1,1,1,1,1,1,1,1,1,1,1,1,1,1,1,1,1,1,1,1,1,1,1,1,1,1,1
OTU_1184,1,1,1,1,5,1,1,1,42,1,1,1,1,1,1,1,1,1,1,1,48,1,1,31,5,13,2,1,1,1,1,1,36,1,1,1,1,1,1,1,1,7,1,2,1,2,1,44,5,1
OTU_1185,1,1,1,1,1,1,1,1,1,1,1,1,1,1,1,1,1,1,1,1,1,1,1,1,1,1,1,1,1,1,1,1,1,1,1,1,1,1,1,1,1,1,1,1,1,1,1,1,1,1
OTU_1186,1,1,1,1,1,1,1,4,1,1,1,1,1,1,1,1,1,1,1,1,1,1,1,1,1,1,1,1,1,1,1,1,1,1,1,1,1,1,1,1,1,1,1,5,1,1,1,1,1,1
OTU_1187,1,1,1,1,1,16,1,6,1,1,1,5,1,2,1,1,1,104,1,1,274,385,1,1,1,1,1,3,6,6,1,6,5,1,1,1,1,1,1,215,32,1,148,14,1,1,1,5,4,1
OTU_1188,1,1,1,1,1,1,1,43,1,1,1,1,1,1,1,1,1,1,3,1,1,11,1,1,1,1,1,1,1,1,1,1,1,1,1,1,4,1,1,1,1,1,1,1,1,1,1,1,1,1
OTU_1189,1,1,1,8,1,1,1,1,1,1,2,1,1,1,2,1,1,1,1,1,1,1,1,1,1,28,1,1,1,1,1,1,36,1,1,1,1,1,1,1,1,1,1,1,1,1,247,1,7,1
OTU_1190,1,1,1,1,1,1,1,1,1,1,1,1,1,1,1,1,1,1,1,1,1,1,1,1,1,1,1,1,1,1,1,1,1,1,1,1,1,1,1,1,1,1,1,1,1,1,1,1,1,1
OTU_1191,1,1,1,1,1,167,1,11,5,52,1,38,3,42,6,24,1,1,1,1,17,1,1,18,246,1,2,1,2,135,2,47,1,1,21,1,1,5,24,1,1,1,1,1,1,219,73,1,96,1
OTU_1192,6,80,1,1,1,1,1,1,1,1,79,1,1,8,1,147,1,1,11,12,1,37,24,1,1,2,1,1,1,1,1,1,1,1,1,124,3,1,1,1,1,1,69,1,1,1,1,1,7,1
OTU_1193,120,12,356,140,357,490,166,24,108,31,93,121,85,16,7,174,13,3,20,121,14,1,701,20,147,328,150,198,756,360,84,60,34,1,19,173,724,241,168,858,51,28,5,157,9,64,33,8,75,77
OTU_1194,1,1,1,1,1,1,1,1,1,1,1,1,1,1,1,1,1,1,1,1,1,1,1,1,1,1,1,1,1,1,1,1,1,1,1,1,1,1,1,1,1,1,1,1,1,1,1,1,1,1
OTU_1195,1,1,1,1,1,1,1,1,1,1,1,1,1,1,1,1,1,1,1,1,1,1,1,1,1,1,1,1,1,1,1,1,1,1,1,1,1,1,1,1,1,1,1,1,1,1,1,1,1,1
OTU_1196,1,1,2,1,1,1,1,1,10,1,1,1,1,1,1,1,1,1,2,1,1,1,1,37,1,1,1,1,1,1,1,1,1,1,1,1,1,1,1,1,1,1,1,1,111,1,1,1,5,1
OTU_1197,1,1,1,1,1,1,1,1,1,1,1,1,1,1,1,1,1,1,1,1,1,1,1,1,1,1,1,1,1,1,1,1,1,1,1,1,1,1,1,1,1,1,1,1,1,1,1,1,1,1
OTU_1198,26,147,828,1,95,114,347,122,4,123,212,46,31,28,9,244,3,1,401,33,149,46,2,106,132,230,34,28,274,58,186,2,107,16,328,147,90,176,11,1534,171,315,129,21,39,50,207,850,48,187
OTU_1199,1,1,1,2,1,1,1,1,2,1,1,1,1,1,1,1,1,1,1,1,1,1,1,1,1,1,1,1,1,1,1,1,1,1,1,1,5,1,1,1,1,1,1,1,2,2,1,1,1,1
OTU_1200,1,1,1,1,1,1,1,1,1,1,1,1,1,1,1,1,1,1,1,1,1,1,1,1,1,1,1,1,1,1,1,1,1,1,1,1,1,1,1,1,1,1,1,1,1,1,1,1,1,1
OTU_1201,1,1,1,1,1,1,1,1,1,1,1,1,1,1,1,1,1,1,1,1,1,1,1,1,1,1,1,1,1,1,1,1,1,1,1,1,1,1,1,1,1,1,1,1,1,1,1,1,1,1
OTU_1202,73,238,1,354,8,835,6,16,43,4,6,56,24,120,4,1,16,46,1,1,114,6,38,2,26,3,12,2,1,14,2,67,3,15,55,25,2,155,137,39,150,5,89,13,26,214,10,34,1,3
OTU_1203,1,1,1,1,1,1,1,1,1,1,1,1,1,1,1,1,1,1,1,1,1,1,1,1,1,1,1,1,1,1,1,1,1,1,1,1,1,1,1,1,1,1,1,1,1,1,1,1,1,1
OTU_1204,1,5,395,96,4,102,1,49,35,2,12,68,9,1,2,56,3,4,95,12,1,4,11,80,27,3,245,3,57,90,14,4,5,2,51,19,15,6,131,35,143,4,1,30,6,23,5,7,5,8
OTU_1205,1,1,1,1,1,2,1,1,1,1,1,1,1,1,1,1,1,1,1,1,1,1,1,1,1,1,1,1,1,1,1,1,1,1,1,1,1,1,1,1,1,1,1,1,1,1,1,1,1,1
OTU_1206,1,1,1,1,1,1,1,1,1,1,1,1,1,1,1,1,1,1,1,1,1,1,1,1,1,1,1,1,1,1,1,1,1,1,1,1,1,1,1,1,1,1,1,1,1,1,1,1,1,1
OTU_1207,1,1,103,1,1,1,1,1,1,1,1,1,1,1,1,1,1,1,1,1,1,1,1,1,1,1,1,1,1,1,1,1,1,1,33,1,1,7,1,1,1,1,1,46,1,1,1,1,1,1
OTU_1208,381,1,1,1,1,1,18,1,54,14,2,3,3,126,23,21,28,15,217,1,90,1,1,1,18,225,285,1,21,7,5,14,126,2,1,350,1,28,23,233,1,1,1,3,478,1,1,1,11,1
OTU_1209,1,1,1,1,4,1,1,1,1,1,120,1,20,1,1,1,1,55,1,1,456,1,1,2,38,2,1,1,1,1,1,1,1,1,1,1,1,1,2,1,159,1,1,1,5,1,1,1,1,22
OTU_1210,1,1,1,1,1,1,1,1,1,1,1,1,1,1,1,1,1,1,1,1,138,1,1,1,1,1,31,1,1,1,44,1,1,1,1,1,2,1,1,1,1,1,1,1,1,1,1,1,1,1
OTU_1211,1,1,1,1,1,1,1,1,1,1,1,1,1,1,1,1,1,1,1,1,1,1,1,1,1,1,1,1,1,1,1,1,1,1,1,1,1,1,1,1,1,1,1,1,1,1,1,1,1,1
OTU_1212,1,1,1,1,1,1,1,1,1,1,1,1,1,1,1,1,1,1,1,1,1,1,1,1,1,1,1,1,1,1,1,1,1,1,1,1,1,1,1,1,1,1,1,1,1,1,1,1,1,1
OTU_1213,34,10,1,79,1,1,66,9,4,2,2,392,4,1,2,2,1,4,111,10,1,165,1,1,10,1,1,73,1,1,96,152,118,9,1,1,52,1,11,60,26,1,4,1,1,1,25,19,1,85
OTU_1214,1,1,1,1,1,1,1,1,1,1,1,1,1,1,1,1,1,1,1,1,1,1,1,1,1,1,1,1,1,1,1,1,1,1,1,1,1,1,1,1,1,1,1,1,1,1,1,1,1,1
OTU_1215,1,1,1,1,1,1,1,1,1,1,1,1,1,1,1,1,1,1,1,1,1,1,1,1,1,1,1,1,1,1,1,1,1,1,1,1,1,1,1,1,1,1,1,1,1,1,1,1,1,1
OTU_1216,11,1,134,24,328,4,49,3,1,151,1,1,11,1,632,1,35,78,3,12,3,1,4,59,31,113,9,2,1,61,4,37,62,1,1,1,10,14,54,273,1,1,1,2,459,60,99,45,1,56
OTU_1217,1,1,1,1,1,1,1,1,1,1,1,1,1,1,1,1,1,1,1,1,1,1,1,1,1,1,1,1,1,1,1,1,1,1,1,1,1,1,1,1,1,1,1,1,1,1,1,1,1,1
OTU_1218,230,226,114,1484,108,411,83,609,930,363,1092,539,552,94,151,352,335,458,659,49,719,332,479,363,503,689,600,516,1389,824,121,499,699,260,800,734,488,320,180,375,453,411,613,278,87,816,78,302,105,772
OTU_1219,1,1,1,1,1,1,1,1,1,1,1,1,1,1,1,1,1,1,1,1,1,270,1,1,1,1,1,1,1,1,1,1,1,1,1,1,1,1,1,1,1,1,1,1,1,1,1,1,1,1
OTU_1220,1,1,1,1,1,1,1,1,1,1,1,1,67,1,1,1,1,1,1,1,1,1,1,1,1,1,1,1,1,1,1,1,1,1,1,1,1,1,1,1,1,1,1,1,1,1,1,1,1,1
OTU_1221,1,1,1,1,1,1,1,1,1,1,1,1,1,1,1,1,1,1,1,1,1,1,1,1,1,1,1,1,1,1,1,1,1,1,1,1,1,1,1,1,1,1,1,1,1,1,1,1,1,1
OTU_1222,1,1,1,1,1,1,1,1,1,1,1,1,1,1,1,1,1,1,1,1,1,1,1,1,1,1,1,1,1,1,1,1,1,1,1,1,1,1,1,1,1,1,1,1,1,1,1,1,1,1
OTU_1223,1,1,1,1,1,1,1,1,1,1,1,1,1,1,1,1,1,1,1,1,1,1,1,1,1,1,1,1,1,1,1,1,1,1,1,1,1,1,1,1,1,1,1,1,1,1,1,1,1,1
OTU_1224,1,1,1,1,1,1,1,1,1,1,1,1,1,1,1,1,1,1,1,1,1,1,1,1,1,1,1,1,1,1,1,1,1,1,1,1,1,1,1,1,1,1,1,1,1,1,1,1,1,1
OTU_1225,1,1,1,1,1,1,1,1,1,1,1,1,1,1,1,1,1,1,1,1,1,1,1,1,1,1,1,1,1,1,1,1,1,1,1,1,1,1,1,1,1,1,1,1,1,1,1,1,1,1
OTU_1226,14,15,23,131,24,6,5,45,199,457,110,1,200,108,190,21,45,7,6,5,24,803,54,1,7,51,36,462,344,143,20,187,12,192,80,40,2,41,73,115,13,40,2,114,225,290,33,6,49,25
OTU_1227,1,1,1,1,1,1,1,1,1,1,1,1,1,1,1,1,1,1,1,1,1,1,1,1,1,1,1,1,1,1,1,1,1,1,1,1,1,1,1,1,1,1,1,1,1,1,1,1,1,1
OTU_1228,1,1,1,1,1,1,1,1,1,1,1,1,1,1,1,1,1,1,1,1,1,1,1,1,1,1,1,1,1,1,1,1,1,1,1,1,1,1,1,1,1,1,1,1,1,1,1,1,1,1
OTU_1229,1,1,1,1,1,1,1,1,1,1,1,1,1,1,1,1,1,1,1,1,1,1,1,1,1,1,1,1,1,1,1,1,1,1,1,1,1,1,1,1,1,1,1,1,1,1,1,1,1,1
OTU_1230,1,1,1,1,1,7,91,3,1,1,1,1,1,1,1,1,3,1,1,1,35,1,82,1,1,1,1,1,1,1,1,1,1,1,1,1,1,1,45,1,1,1,1,315,1,1,1,1,1,1
OTU_1231,1,1,1,1,1,1,1,1,1,1,1,1,1,1,1,1,1,1,1,1,1,1,1,1,1,1,1,1,1,1,1,1,1,1,1,1,1,1,1,1,1,1,1,1,1,1,1,1,1,1
OTU_1232,1,1,1,1,1,1,1,1,1,1,1,1,1,1,1,1,1,1,1,1,1,1,1,1,1,1,1,1,1,1,1,1,1,1,1,1,1,1,1,1,1,1,1,1,1,1,1,1,1,1
OTU_1233,1,1,1,1,1,1,1,1,1,1,1,1,1,1,1,1,1,1,1,1,1,1,1,1,1,1,1,1,1,1,1,1,1,1,1,1,1,1,3,1,1,1,1,1,1,1,1,1,1,1
OTU_1234,1,1,1,1,1,1,1,1,1,1,1,1,1,1,1,1,1,1,1,1,1,1,1,1,1,1,1,1,1,1,1,1,1,1,1,1,1,1,1,1,1,1,1,1,1,1,1,1,1,1
OTU_1235,1,1,1,1,1,1,1,1,1,1,1,1,1,1,1,1,1,1,1,1,1,1,1,1,1,1,1,1,1,1,1,1,1,1,1,1,1,1,1,1,1,1,1,1,1,1,1,1,1,1
OTU_1236,1,1,1,1,1,1,1,1,1,1,1,1,1,1,1,1,1,1,1,1,1,1,1,1,1,1,1,1,1,1,1,1,1,1,1,1,1,1,1,1,1,1,1,1,1,1,1,1,1,1
OTU_1237,1,1,1,1,1,1,1,1,1,1,1,1,1,1,1,1,1,1,1,1,1,1,1,1,1,1,1,1,1,1,1,1,1,1,1,1,1,1,1,1,1,1,1,1,1,1,1,1,1,1
OTU_1238,1,165,3,1,2,1,1,1,1,1,1,177,10,1,8,14,245,185,1,1,1,5,5,1,1,72,8,1,3,1,1,1,5,1,1,216,1,21,12,1,3,1,8,1,1,68,1,1,74,1
OTU_1239,1,1,1,1,1,1,1,1,1,1,1,1,1,1,1,1,1,1,1,1,1,1,1,1,1,1,1,1,1,1,1,1,1,1,1,1,1,1,1,1,1,1,1,1,1,1,1,1,1,1
OTU_1240,5,16,1,250,1,1,17,17,120,466,1,13,1,2,1,1,6,31,10,1,350,3,1,1,1,27,1,1,35,5,1,13,1,2,1,1,1,1,1,1,1,3,2,1,1,1,1,1,1,24
OTU_1241,1,1,1,1,1,1,1,1,1,1,1,1,1,1,1,1,1,1,1,1,1,1,1,1,1,1,1,1,1,1,1,1,1,1,1,1,1,1,1,1,1,1,1,1,1,1,1,1,1,1
OTU_1242,1,1,1,1,6,1,1,1,1,1,1,1,5,1,1,1,1,2,1,1,1,1,1,22,1,1,1,1,1,1,1,1,1,1,1,1,1,1,1,1,1,1,1,1,1,1,1,1,1,1
OTU_1243,1,1,1,1,1,1,1,1,1,1,1,1,1,1,1,1,1,1,1,1,1,1,1,1,1,1,1,1,1,1,1,1,1,1,1,1,1,1,1,1,1,1,1,1,1,1,1,1,1,1
OTU_1244,290,64,50,242,318,242,86,188,33,673,154,71,12,120,15,2,149,10,151,35,58,136,174,155,281,510,49,113,18,142,13,295,340,56,572,183,22,4,9,7,13,135,5,15,578,202,240,319,576,184
OTU_1245,1,1,1,1,1,1,1,1,1,1,1,1,1,1,1,1,1,1,1,1,1,1,1,1,1,1,1,1,1,1,1,1,1,1,1,1,1,1,1,1,1,1,1,1,1,1,1,1,1,1
OTU_1246,1,83,1,40,1,3,13,2,2,40,21,1,1,1,1,1,1,24,5,1,52,29,22,14,1,42,1,16,1,4,15,5,10,64,195,1,4,1,1,1,1,16,18,1,4,3,1,1,1,29
OTU_1247,1,1,1,1,1,1,1,1,1,1,1,1,1,1,1,1,1,1,1,1,1,1,1,1,1,1,1,1,1,1,1,1,1,1,1,1,1,1,1,1,1,1,1,1,1,1,1,1,1,1
OTU_1248,46,1,3,7,6,4,1,81,1,2,388,1,151,14,134,1,1,1,28,1,13,1,100,1,1,1,1,1,1,1,1,17,24,204,2,100,22,5,1,22,22,17,4,4,4,1,42,2,1,39
OTU_1249,1,1,1,1,1,1,1,1,1,1,1,1,1,1,1,1,1,1,1,1,1,1,1,1,1,1,1,1,1,1,1,1,1,1,1,1,1,1,1,1,1,1,1,1,1,1,1,1,1,1
OTU_1250,1,1,1,1,1,1,1,1,1,1,1,1,1,1,1,1,1,1,1,1,1,1,1,1,1,14,1,1,1,1,1,1,1,2,1,1,1,1,1,1,1,1,1,1,1,1,1,1,1,1
OTU_1251,4,12,1,1,1,1,6,1,43,1,4,3,1,50,1,1,1,22,59,1,126,20,1,9,1,1,1,1,6,1,1,1,1,1,1,39,4,2,155,1,4,4,1,41,1,1,1,1,1,27
OTU_1252,1,1,1,1,1,1,1,1,1,1,1,1,1,1,1,1,1,1,1,1,1,1,1,1,1,1,1,1,1,1,1,2,1,1,1,1,1,1,1,1,1,1,1,1,1,1,1,1,1,1
OTU_1253,1,1,1,1,3,1,20,27,4,50,1,1,2,1,8,1,1,1,3,1,234,1,1,1,1,1,1,1,1,1,1,1,1,1,1,1,1,142,7,1,1,1,1,1,1,3,1,1,1,1
OTU_1254,1,1,1,1,1,1,1,1,1,1,1,10,1,1,2,1,1,1,1,1,1,1,1,1,1,1,1,3,1,1,1,1,1,1,1,1,1,1,1,1,1,1,1,1,1,1,1,1,1,1
OTU_1255,21,1,1,1,1,1,1,1,1,1,1,1,1,1,1,1,1,1,1,1,1,1,1,1,1,1,1,1,1,1,1,1,1,1,1,1,1,1,1,1,1,1,1,1,1,1,1,1,1,1
OTU_1256,1,1,1,1,1,1,1,1,1,1,1,1,1,1,1,1,1,1,1,1,1,1,1,1,1,1,1,1,1,1,1,1,1,1,1,1,1,1,1,1,1,1,1,1,1,1,1,1,1,1
OTU_1257,1,1,1,1,1,1,1,1,1,1,1,1,1,1,1,1,1,1,1,1,2,1,1,1,1,1,1,1,1,1,2,1,1,1,1,1,1,1,1,1,1,1,1,1,1,1,1,1,1,1
OTU_1258,1,1,1,8,27,2,52,1,1,1,1,313,1,1,1,1,3,1,1,2,1,1,7,1,101,112,1,1,1,62,1,1,1,1,90,132,1,1,1,1,179,1,1,1,1,1,1,1,1,4
OTU_1259,1,1,1,1,1,1,1,1,1,1,1,1,1,1,1,1,1,1,1,1,1,1,1,1,1,1,1,1,1,1,1,1,1,1,1,1,1,1,1,1,1,1,1,1,1,1,1,1,1,1
OTU_1260,1,1,1,1,1,1,1,1,1,1,1,1,1,1,1,1,1,1,1,1,1,1,1,1,1,1,1,1,1,1,1,1,1,1,1,1,1,1,1,1,1,1,1,1,1,1,1,1,1,1
OTU_1261,1,108,34,1,1,10,13,31,1,188,1,1,1,1,6,1,1,1,1,1,1,1,1,6,1,1,1,175,215,1,1,1,1,1,1,1,2,1,13,5,2,1,1,1,1,1,1,1,1,2
OTU_1262,170,162,47,227,267,46,242,224,177,146,177,60,2,620,758,353,297,51,182,34,9,532,92,737,259,284,376,1256,28,49,146,502,1,692,156,144,2,131,91,148,165,446,4,88,258,750,66,1,930,23
OTU_1263,1,1,1,1,1,1,1,1,1,1,1,1,1,1,1,1,1,1,1,1,1,1,1,1,1,1,1,1,1,1,1,1,1,1,1,1,1,1,1,1,1,1,1,1,1,1,1,1,1,1
OTU_1264,1,1,1,1,1,1,1,1,1,1,1,1,1,1,1,1,1,1,1,1,1,1,1,1,1,1,1,1,1,1,1,1,1,1,1,1,1,1,1,1,1,1,1,1,1,1,1,1,1,1
OTU_1265,258,2,930,18,36,2,8,36,146,436,1,2,3,460,12,3,59,131,2,5,13,205,48,122,9,18,27,28,73,17,89,2,36,182,4,42,462,2,140,1,119,1,25,27,1,620,61,1,5,176
OTU_1266,1,1,1,1,1,1,1,1,1,1,1,1,1,1,1,1,1,1,1,1,1,1,1,1,1,1,1,1,1,1,1,1,1,1,1,1,1,1,1,1,1,1,1,1,1,1,1,1,1,1
OTU_1267,1,1,1,1,1,1,1,1,1,1,1,1,1,1,1,1,1,1,1,1,1,1,1,1,1,1,1,1,1,1,1,1,1,1,1,1,1,1,1,1,1,1,1,1,1,1,1,1,1,1
OTU_1268,1,1,1,1,1,1,1,1,1,1,1,1,1,1,1,1,1,1,1,1,1,1,1,1,1,1,1,1,1,1,1,1,1,1,1,1,1,1,1,1,1,1,1,1,1,1,1,1,1,1
OTU_1269,1,1,1,1,1,1,1,1,1,1,1,1,1,1,1,1,1,1,1,1,1,1,1,8,1,4,1,1,1,1,1,1,1,1,1,1,1,1,1,1,1,1,1,1,1,1,1,1,1,1
OTU_1270,290,1,1,1,1,1,1,40,1,1,1,1,18,2,3,1,1,19,1,1,1,1,2,3,1,1,1,2,10,1,18,1,2,3,1,9,60,1,1,21,1,1,1,1,1,7,1,1,1,1
OTU_1271,1,1,1,1,1,1,1,1,1,1,1,1,1,1,1,1,1,1,1,1,1,1,1,1,1,1,1,1,1,1,1,1,1,1,1,1,1,1,1,1,1,1,1,1,1,1,1,1,1,1
OTU_1272,1,1,1,1,1,1,1,1,1,1,1,1,1,1,1,1,1,1,1,1,1,1,1,1,1,1,1,1,1,1,1,1,1,1,1,1,1,1,1,1,1,1,1,1,1,1,1,1,1,1
OTU_1273,126,6,3,1,1,1,1,1,1,1,2,1,1,1,163,1,1,31,5,1,1,382,1,429,30,6,33,1,1,2,1,8,1,7,1,1,1,3,1,1,1,1,4,21,3,8,1,1,14,1
OTU_1274,29,126,18,62,108,39,479,1,26,81,16,30,29,410,39,45,334,1,1,3,25,21,18,45,1637,3,258,168,23,59,36,210,339,1,8,450,21,28,42,39,5,55,120,215,17,85,3,30,10,43
OTU_1275,1,1,3,1,1,1,1,1,1,1,1,1,1,1,1,1,1,1,1,1,1,1,1,1,1,2,1,1,1,41,1,1,1,1,1,1,1,1,1,1,1,1,1,1,1,1,1,1,1,1
OTU_1276,1,1,1,1,1,1,1,1,1,1,1,1,1,1,1,1,1,1,3,1,1,1,1,1,1,1,1,1,1,1,1,1,1,1,1,1,1,1,1,1,24,1,1,1,1,1,1,10,1,1
OTU_1277,1,1,1,1,1,1,1,1,1,1,1,1,1,1,1,1,1,1,1,1,1,1,1,1,1,1,1,1,1,1,1,1,1,1,1,1,1,1,1,1,1,1,1,1,1,1,1,1,1,1
OTU_1278,2,61,8,1,65,1,134,40,3,36,27,6,59,2,49,2,131,49,202,89,42,105,92,463,12,70,5,145,1,254,1,67,193,1,37,1,1,335,867,101,52,1,66,607,120,7,75,1,1,6
OTU_1279,1,1,1,1,1,1,1,1,1,1,1,1,1,1,1,1,1,1,1,1,1,1,1,1,1,1,1,1,1,1,1,1,1,1,1,1,1,1,1,1,1,1,1,1,1,1,1,1,1,1
OTU_1280,1,1,1,1,1,1,1,1,1,1,1,1,92,1,144,1,1,1,1,1,2,1,121,1,1,1,1,1,4,1,1,66,1,97,1,1,6,1,1,1,25,1,1,1,1,1,1,1,23,1
OTU_1281,1,1,1,1,1,1,1,1,1,1,1,1,1,1,1,1,1,1,1,1,1,1,1,1,1,1,1,1,1,1,1,1,1,1,1,1,1,1,1,1,1,1,1,1,1,1,1,1,1,1
OTU_1282,1,1,1,1,1,1,1,1,1,1,1,1,1,1,1,1,1,1,1,1,1,1,1,1,1,1,1,1,1,1,1,1,1,1,1,1,1,1,1,1,1,1,1,1,1,1,1,1,1,1
OTU_1283,1,1,1,1,1,1,1,1,1,1,1,1,1,1,1,1,1,1,1,1,1,1,1,1,1,1,1,1,1,1,1,1,1,1,1,1,1,1,1,1,1,1,1,1,1,1,1,1,1,1
OTU_1284,1,1,1,1,1,1,1,1,1,1,1,1,1,1,1,1,1,1,1,1,1,1,1,1,1,1,1,1,1,1,1,1,1,1,1,1,1,1,1,1,1,1,1,1,1,1,1,1,1,1
OTU_1285,2,2,1,1,1,1,1,1,1,8,1,1,1,1,62,1,1,1,36,1,1,174,3,1,1,185,60,1,1,1,1,927,1,2,1,1,1,3,1,1,1,24,3,1,1,1,19,440,4,1
OTU_1286,1,1,1,1,1,1,1,1,1,1,1,1,1,1,1,1,1,1,1,1,1,1,1,1,1,1,1,1,1,1,1,1,1,1,1,1,1,1,1,1,1,1,1,1,1,1,1,1,2,1
OTU_1287,15,1,1,1,1,1,1,1,1,1,1,1,1,69,1,1,1,1,1,1,91,1,1,1,2,2,1,1,1,1,1,1,1,1,1,1,1,1,1,1,1,1,1,1,1,1,1,1,18,1
OTU_1288,588,811,73,80,955,450,421,340,161,23,551,677,721,63,121,824,55,333,225,346,246,840,436,233,130,201,172,241,487,83,248,479,380,684,839,221,539,349,300,37,92,152,587,369,306,64,676,438,185,106
OTU_1289,1,1,1,1,1,1,1,1,1,1,1,1,1,1,1,1,1,1,1,1,1,1,1,1,1,1,1,1,1,1,1,1,1,1,1,1,1,1,1,1,1,1,1,1,1,1,1,1,1,1
OTU_1290,1,1,1,1,1,1,1,1,1,1,1,1,1,1,1,1,1,1,1,1,1,1,1,1,1,1,1,1,1,1,1,2,1,1,1,1,1,1,1,21,1,1,3,1,1,1,1,1,1,30
OTU_1291,1,1,1,1,1,1,1,1,1,1,1,1,1,1,1,1,1,1,1,1,1,1,1,1,1,1,1,1,1,1,1,1,1,1,1,1,1,1,1,1,1,1,1,1,1,1,1,1,1,1
OTU_1292,1,1,1,1,1,1,1,1,1,1,1,1,1,1,1,1,1,1,1,1,1,1,1,1,1,1,1,1,1,1,1,1,1,1,1,1,1,1,1,1,1,1,1,1,1,1,1,1,1,1
OTU_1293,1,1,1,1,1,1,1,1,1,1,1,1,1,1,1,1,1,1,1,1,1,1,1,1,1,1,1,1,1,1,1,1,1,1,1,1,1,1,1,1,1,1,1,1,1,1,1,1,1,1
OTU_1294,1,1,1,1,1,1,1,59,1,1,1,1,1,1,1,1,1,1,1,1,1,2,1,1,1,1,1,1,1,1,1,1,1,1,1,5,1,1,1,1,1,1,1,1,1,1,1,1,1,1
OTU_1295,1,1,1,1,1,1,1,1,1,1,1,1,1,1,1,1,1,1,1,1,1,1,1,1,1,1,1,1,1,1,1,1,1,1,1,1,1,1,1,1,1,1,1,1,1,1,1,1,1,1
OTU_1296,1,1,1,1,1,1,1,1,1,1,1,1,1,1,1,1,1,1,1,1,1,1,1,1,1,1,1,1,1,1,1,1,1,1,1,1,1,1,1,1,1,1,1,1,1,1,1,1,1,1
OTU_1297,1,1,2,1,1,1,207,2,1,1,1,24,1,1,1,39,25,1,1,4,1,146,1,2,3,6,1,1,1,13,1,1,1,1,19,1,2,1,8,7,2,1,6,1,266,1,1,1,10,14
OTU_1298,1,1,1,1,11,9,4,1,1,1,2,1,12,1,1,1,42,8,1,1,8,2,1,1,1,1,1,1,1,1,6,1,1,1,1,1,1,1,1,1,5,1,1,1,5,1,1,66,1,1
OTU_1299,1,1,1,1,1,57,1,1,1,1,1,1,1,1,1,1,1,1,1,1,1,1,1,1,1,1,1,1,1,1,1,1,1,1,1,1,1,1,1,1,1,1,1,1,1,1,1,1,1,1
OTU_1300,1,1,1,1,1,1,1,1,1,1,1,1,1,1,1,1,1,1,1,1,1,1,1,1,1,1,1,1,1,1,1,1,1,1,1,1,1,1,1,1,1,1,1,1,1,1,1,1,1,1
OTU_1301,1,1,1,1,1,1,1,1,70,1,1,1,1,17,1,1,1,1,1,1,1,1,1,1,1,1,1,1,1,1,1,1,1,1,1,1,1,1,1,1,1,1,1,1,1,1,1,1,1,1
OTU_1302,1,1,1,36,1,1,1,1,1,1,1,1,1,1,1,1,1,1,208,4,1,1,1,4,1,1,1,1,1,1,1,1,1,1,1,1,1,1,1,1,1,1,1,1,1,1,2,1,1,1
OTU_1303,327,446,75,1,39,53,3,156,7,11,138,1,326,168,318,30,33,158,88,294,1,1,32,7,2,45,89,50,1,33,7,94,397,233,17,55,1,339,155,1,263,74,83,223,233,9,39,371,206,67
OTU_1304,1,1,1,1,1,1,1,1,1,1,1,1,1,1,1,1,1,1,1,1,1,1,1,1,1,1,1,1,1,1,1,1,1,1,1,1,1,1,1,1,1,1,1,1,1,1,1,1,1,1
OTU_1305,1,1,1,1,1,1,1,1,1,1,1,1,1,1,1,1,1,1,1,1,1,1,1,1,1,1,1,1,1,1,1,1,1,1,1,1,1,1,1,1,1,1,1,1,1,1,1,1,1,1
OTU_1306,1,1,1,1,1,1,1,1,1,1,1,1,1,1,1,1,1,1,1,1,1,1,1,1,1,1,1,1,1,1,1,1,1,1,1,1,1,1,1,1,1,1,1,1,1,1,1,1,1,1
OTU_1307,1,141,4,10,1,190,10,4,1,1,3,171,1,11,1,202,1,142,4,5,1,1,1,1,5,1,2,1,1,1,15,1,1,113,1,2,2,1,98,1,1,1,12,43,57,93,1,4,117,3
OTU_1308,1,1,1,1,1,1,1,1,1,1,1,1,1,1,1,1,1,1,1,1,1,1,1,1,1,1,1,1,1,1,1,1,1,1,1,1,1,1,1,1,1,1,1,1,1,1,1,1,1,1
OTU_1309,289,1,37,146,11,9,2,13,2,2,8,115,21,29,2,22,1,581,3,1,29,2,15,3,662,227,105,12,65,1,1,613,1,2,3,1,33,65,28,461,137,1,1,3,84,8,1,11,1,9
OTU_1310,1,1,1,1,1,1,1,1,1,1,1,1,1,1,1,1,1,1,1,1,1,1,1,1,1,1,1,1,1,1,1,1,1,1,1,1,1,1,1,1,1,1,1,1,1,1,1,1,1,1
OTU_1311,1,1,1,1,1,1,1,1,1,1,1,1,1,1,1,1,1,1,1,1,1,1,1,1,1,1,1,1,1,1,1,1,1,1,1,1,1,1,1,1,1,1,1,1,1,1,1,1,1,1
OTU_1312,1,1,1,1,1,1,1,1,1,1,1,1,1,1,1,1,1,1,1,1,1,1,1,1,1,1,1,1,1,1,1,1,1,1,1,1,1,1,1,1,1,1,1,1,1,1,1,1,1,1
OTU_1313,1,1,1,1,1,1,1,1,1,1,1,1,1,1,1,1,1,1,1,1,1,1,1,1,1,1,1,1,1,1,1,1,1,1,1,1,1,1,1,1,1,1,1,1,1,1,1,1,1,1
OTU_1314,3,187,1,1,7,24,34,1,41,15,108,21,386,37,66,2,452,2,64,264,146,60,2,6,6,1,3,11,1,1,1,60,1,9,1,67,8,27,1,12,2,46,87,451,37,6,2,1,299,13
OTU_1315,1,1,1,1,1,1,1,1,1,1,1,1,1,1,1,1,1,1,1,1,1,1,1,1,1,1,1,1,1,1,1,1,1,1,1,1,1,1,1,1,1,1,1,1,1,1,1,1,1,1
OTU_1316,1,1,1,1,1,1,1,1,1,1,1,1,1,1,1,1,1,1,1,1,1,1,1,1,1,1,1,1,1,1,1,1,1,1,1,1,1,1,1,1,1,1,1,1,1,1,1,1,1,1
OTU_1317,1,1,1,1,1,1,1,1,1,1,1,1,1,1,1,1,1,1,1,1,1,1,1,1,1,1,1,1,1,1,1,1,1,1,1,1,1,1,1,1,1,1,1,1,1,1,1,1,1,1
OTU_1318,1,1,1,1,1,1,1,1,1,1,1,1,1,1,1,1,1,1,1,1,1,1,1,1,1,1,1,1,1,1,1,1,1,1,1,1,1,1,1,1,1,1,1,1,1,1,1,1,1,1
OTU_1319,1,1,1,1,1,1,1,1,1,1,1,1,1,1,1,1,1,1,1,1,1,1,1,1,1,1,1,1,1,1,1,1,1,1,1,1,1,1,1,1,1,1,1,1,1,1,1,1,1,1
OTU_1320,1,1,1,1,1,1,1,1,1,1,1,1,1,1,1,1,1,1,1,1,1,1,1,1,1,1,1,1,1,1,1,1,1,1,1,1,1,1,1,1,1,1,1,1,1,1,1,1,1,1
OTU_1321,1,1,1,1,1,1,1,1,1,1,1,1,1,1,1,1,1,1,1,1,1,1,1,1,1,1,1,1,1,1,1,1,1,1,1,1,1,1,1,1,1,1,1,1,1,1,1,1,1,1
OTU_1322,1,31,1,30,1,12,1,1,1,1,1,1,1,1,11,2,1,1,1,1,77,1,39,1,1,4,1,1,1,41,12,1,2,1,1,1,1,1,1,1,1,1,1,1,1,54,1,2,1,28
OTU_1323,1,1,1,1,1,1,1,1,1,1,1,1,1,1,1,1,1,1,1,1,1,1,1,1,1,1,1,1,1,1,1,1,1,1,1,1,1,1,1,1,1,1,1,1,1,1,1,1,1,1
OTU_1324,1,1,1,1,1,1,1,1,1,1,1,1,1,1,1,1,1,1,1,1,1,1,1,1,1,1,1,1,1,1,1,1,1,1,1,1,1,1,1,1,1,1,1,1,1,1,1,1,1,1
OTU_1325,1,1,1,41,2,554,5,108,270,107,2,62,2,2,5,53,1,100,102,1,46,211,4,15,57,1,205,15,4,1,2,14,1,1,1,99,3,26,1,1,2,40,1,1,4,8,3,16,288,2
OTU_1326,1,1,1,1,1,1,1,1,1,1,1,1,1,1,1,1,1,1,1,1,1,1,1,1,1,1,1,1,1,1,1,1,1,1,1,1,1,247,1,1,1,1,1,1,1,1,1,1,1,1
OTU_1327,1,1,1,1,1,1,1,1,1,1,1,1,1,1,1,1,1,1,1,1,1,1,1,1,1,1,1,1,1,1,1,1,1,1,1,1,1,1,1,1,1,1,1,1,1,1,1,1,1,1
OTU_1328,1,1,1,1,1,1,1,1,1,8,1,1,1,1,1,1,89,1,1,1,3,1,1,1,3,1,1,1,1,1,1,1,1,1,9,1,1,1,1,1,1,3,1,1,16,1,3,17,2,1
OTU_1329,1,1,1,1,1,1,1,1,1,1,1,1,1,1,1,1,1,1,1,1,1,1,1,1,1,1,1,1,1,1,1,1,1,1,1,1,1,1,1,1,1,1,1,1,1,1,1,1,1,1
OTU_1330,1,1,1,1,1,1,1,1,1,1,1,1,1,1,1,1,1,1,1,1,1,1,1,1,1,1,1,1,1,1,1,1,1,1,1,1,1,1,1,1,1,1,1,1,1,1,1,1,1,1
OTU_1331,2,65,13,8,77,7,1,1,1,33,1,1,1,4,15,22,84,17,3,10,5,209,1,19,6,1,1,1,3,3,1,1,344,52,1,6,1,3,1,1,1,1,3,2,22,2,1,3,2,4
OTU_1332,1,1,1,1,1,1,1,1,1,1,1,1,1,1,1,1,1,1,1,1,1,1,1,1,1,1,1,1,1,1,1,1,1,1,1,1,1,1,1,1,1,1,1,1,1,1,1,1,1,1
OTU_1333,1,1,1,1,1,1,1,1,1,1,1,1,1,1,1,1,1,1,1,1,1,1,1,1,1,1,1,2,1,1,1,1,1,1,1,1,1,1,1,1,1,1,1,1,1,1,1,1,1,1
OTU_1334,101,48,98,95,101,406,386,749,357,20,822,56,363,140,186,343,256,265,202,381,210,26,284,117,139,34,305,136,494,151,470,320,149,180,142,67,139,131,135,154,467,219,99,485,149,92,233,151,73,135
OTU_1335,1,1,1,1,1,1,1,1,1,1,1,1,1,1,1,1,1,1,1,1,1,1,1,1,1,1,1,1,1,1,1,1,1,1,1,1,1,1,1,1,1,1,1,1,1,1,1,1,1,1
OTU_1336,1,1,1,1,1,1,1,1,1,1,1,1,1,1,1,1,1,1,1,1,1,1,1,1,1,1,1,1,1,1,1,1,1,1,1,1,1,1,1,1,1,1,1,1,1,1,1,1,1,1
OTU_1337,1,1,1,1,1,1,1,1,1,1,1,1,1,1,1,1,1,1,1,1,1,1,1,1,1,1,1,1,1,1,1,1,1,1,1,1,1,1,1,1,1,1,1,1,1,1,1,1,1,1
OTU_1338,1,1,1,1,1,1,1,1,1,1,1,1,1,1,1,1,1,6,7,1,1,10,1,23,1,1,22,1,1,6,1,1,1,1,1,1,19,39,1,1,1,1,1,1,1,1,1,1,1,1
OTU_1339,1,1,1,1,1,1,1,1,1,1,1,1,1,1,1,1,1,1,1,1,1,1,1,1,1,1,1,1,1,1,1,1,1,1,1,1,1,1,1,1,1,1,1,1,1,1,1,1,1,1
OTU_1340,1,1,1,1,1,1,1,1,1,1,1,1,1,1,1,1,1,1,1,1,1,1,1,1,1,1,1,1,1,27,1,1,1,1,1,1,1,1,4,1,1,1,1,1,1,1,1,1,1,1
OTU_1341,1,5,80,1,1,1,16,1,27,53,5,1,1,1,1,25,1,1,1,2,16,4,2,1,1,1,12,1,21,1,10,29,1,3,2,1,5,403,1,46,1,1,1,20,1,1,1,1,1,1
OTU_1342,1,1,1,1,1,1,1,1,1,1,1,1,1,1,1,1,1,1,1,1,1,1,1,1,1,1,1,1,1,1,1,1,1,1,1,1,1,1,1,1,1,1,1,1,1,1,1,1,1,1
OTU_1343,1,40,92,8,1,1,1,2,2,1,1,84,96,6,2,1,80,346,1,1,1,24,1,6,1,1,1,1,1,1,1,1,334,1,1,98,1,2,1,58,1,258,1,2,7,2,1,21,1,1
OTU_1344,1,1,1,1,1,1,1,1,6,1,1,1,1,1,1,1,1,1,1,1,1,1,1,1,1,2,1,1,1,1,1,1,1,1,1,2,1,1,1,1,2,1,1,1,1,1,1,1,1,1
OTU_1345,56,287,8,44,60,143,202,67,208,400,110,595,622,27,29,136,14,140,15,553,12,87,399,8,93,60,12,72,191,30,24,26,70,78,784,4,107,100,289,105,63,165,429,54,15,155,56,64,37,280
OTU_1346,1,1,1,1,1,1,1,1,1,1,1,1,1,1,1,1,1,1,1,1,1,1,1,1,1,1,1,1,1,1,1,1,1,1,1,1,1,1,1,1,1,1,1,1,1,1,1,1,1,1
OTU_1347,1,1,1,1,1,1,1,1,7,1,1,1,1,1,1,1,1,1,1,1,1,1,1,1,1,1,1,1,1,9,1,1,1,1,1,1,1,1,1,12,1,1,1,1,1,1,1,1,1,1
OTU_1348,1,1,1,1,1,1,1,1,1,1,1,1,1,1,1,1,1,1,1,1,1,1,1,1,1,1,1,1,1,1,1,1,1,1,1,1,1,1,1,1,1,1,1,1,1,1,1,1,1,1
OTU_1349,1,1,1,1,1,1,1,1,1,1,1,1,1,1,1,1,1,1,1,1,1,1,1,1,1,1,2,1,1,1,1,1,1,1,1,1,1,1,1,1,1,1,1,1,1,1,1,1,1,1
OTU_1350,1,1,1,1,1,1,1,1,1,1,1,1,1,1,1,1,1,1,1,1,1,1,1,1,1,1,1,1,1,1,1,1,1,1,1,1,1,1,1,1,1,1,1,1,1,1,1,1,1,1
OTU_1351,1,1,1,1,1,16,1,1,1,1,26,1,1,95,1,1,1,1,1,1,1,24,1,1,1,1,1,1,1,1,1,1,1,1,1,1,1,1,1,1,1,1,1,1,1,1,1,1,1,1
OTU_1352,1,1,1,1,1,1,1,1,1,1,1,1,1,1,1,1,1,1,1,1,1,1,1,1,1,1,1,1,1,1,1,1,1,1,1,1,1,1,1,1,1,1,1,1,1,1,1,1,1,1
OTU_1353,20,1,1,4,202,71,17,1,12,1,7,32,5,104,228,1,294,71,1,59,35,3,28,108,1,1,198,84,1,34,82,4,45,104,10,78,8,1,10,24,1,398,1,41,1,12,1,163,4,49
OTU_1354,1,1,1,1,1,1,1,1,1,1,1,1,1,1,1,1,1,1,1,1,1,9,1,1,1,1,1,1,1,1,1,1,1,1,1,1,1,1,1,1,1,1,90,1,255,1,1,1,1,1
OTU_1355,1,1,1,1,1,1,1,1,1,1,1,1,1,1,1,1,1,1,1,1,1,1,1,1,1,1,1,1,1,1,1,1,1,1,1,1,1,1,1,1,1,1,1,1,1,1,1,1,1,1
OTU_1356,1,1,1,1,1,1,1,1,1,1,1,1,1,1,1,1,1,1,1,1,1,1,1,1,1,1,1,1,1,1,1,1,1,1,1,1,1,1,1,1,1,1,1,1,1,1,1,1,1,1
OTU_1357,1,1,1,1,1,1,1,1,1,1,1,1,1,1,1,1,1,1,1,1,1,1,1,1,1,1,1,1,1,1,1,1,1,1,1,1,1,1,1,1,1,1,1,1,1,1,1,1,1,1
OTU_1358,2,1,1,208,1,1,7,1,3,107,1,3,1,1,1,3,1,1,1,1,1,931,1,1,1,5,1,1,1,1,27,1,1,1,36,1,1,1,1,18,4,1,1,1,4,1,1,1,17,1
OTU_1359,33,1,1,1,1,7,1,2,125,1,4,52,10,1,3,1,19,1,1,1,1,1,82,24,1,1,31,1,3,1,3,10,72,1,2,1,1,1,5,2,1,1,1,1,1,31,1,18,10,1
OTU_1360,1,1,1,1,1,1,1,1,1,1,1,1,1,1,1,1,1,1,1,1,1,1,1,1,1,1,1,1,1,1,1,1,1,1,1,1,1,1,1,1,1,1,1,1,1,1,1,1,1,1
OTU_1361,1,1,1,1,1,1,1,1,1,1,1,1,1,1,1,1,1,1,1,1,1,1,1,1,1,1,1,1,1,1,1,1,1,1,1,1,1,1,1,1,1,1,1,1,1,1,1,1,1,1
OTU_1362,1,1,1,1,1,1,1,1,1,1,1,1,1,1,1,1,1,1,1,1,1,1,1,1,1,1,1,1,1,1,1,1,1,1,1,1,1,1,1,1,1,1,1,1,1,1,1,1,1,1
OTU_1363,1,1,1,1,1,1,1,1,1,1,1,1,1,1,1,1,1,1,1,1,1,1,1,1,1,1,1,1,1,1,1,1,1,1,1,1,1,1,1,1,1,1,1,1,1,1,1,1,1,1
OTU_1364,1,1,1,1,1,1,1,1,101,4,1,1,1,1,1,1,42,1,2,1,5,1,1,1,5,3,1,1,1,10,1,1,1,176,18,1,43,1,1,28,1,165,63,2,24,1,133,1,1,1
OTU_1365,1,1,1,1,1,1,1,1,1,1,1,1,1,1,1,1,1,1,1,1,1,1,1,1,1,1,1,1,1,1,1,1,1,1,1,1,1,1,1,1,1,1,1,1,1,1,1,1,1,1
OTU_1366,1,1,1,1,1,1,1,1,1,1,1,1,1,1,1,1,1,1,1,1,1,1,1,1,1,1,1,1,1,1,1,1,1,1,1,1,1,1,1,1,1,1,1,1,1,1,1,1,1,1
OTU_1367,1,1,1,1,1,1,1,1,1,1,1,1,1,1,1,1,1,1,1,1,1,1,1,1,1,1,1,1,1,1,1,1,1,1,1,1,1,1,1,1,1,1,1,1,1,1,1,1,1,1
OTU_1368,1,1,1,1,1,1,1,1,1,1,1,1,1,1,1,1,1,1,1,1,1,1,1,1,1,1,1,1,1,1,1,1,1,1,1,1,1,1,1,1,1,1,1,1,1,1,1,1,1,1
OTU_1369,1,1,1,86,1,1,1,1,1,1,1,115,4,1,1,1,1,1,1,1,1,1,1,1,1,1,1,1,1,1,1,1,1,1,1,1,1,1,1,1,1,35,1,1,1,1,1,1,1,1
OTU_1370,4,1,1,1,1,1,1,1,1,1,1,1,1,1,1,1,1,2,1,1,1,1,1,1,1,1,1,1,1,1,2,1,1,1,1,1,1,1,1,1,1,1,1,1,1,1,1,1,1,1
OTU_1371,1,14,24,356,31,2,40,4,178,32,5,25,28,529,1,292,118,1,1,2,6,16,24,9,323,98,10,1,8,19,3,105,49,566,2,20,1,284,10,1,2,2,2,15,105,26,15,343,32,46
OTU_1372,1,1,1,1,1,1,1,1,1,1,1,1,1,1,1,1,1,1,1,1,1,1,1,1,1,1,1,1,1,1,1,1,1,1,1,1,1,1,1,1,1,1,1,1,1,1,1,1,1,1
OTU_1373,83,52,896,94,13,145,18,179,375,506,172,133,91,255,356,159,56,35,207,127,24,96,29,174,288,371,108,144,219,85,106,46,91,125,20,22,116,89,124,25,251,9,82,559,92,33,612,343,18,178
OTU_1374,1,1,1,1,1,1,1,6,300,1,1,1,1,24,1,1,1,1,1,1,1,1,22,1,1,1,1,1,1,1,1,1,1,1,1,25,1,1,1,1,1,1,1,1,1,8,1,1,1,1
OTU_1375,1,1,1,1,1,1,1,1,1,1,1,1,1,1,1,1,1,1,1,1,1,1,1,1,1,1,1,1,1,1,1,1,1,7,1,1,1,1,2,1,1,1,1,1,1,1,1,1,1,1
OTU_1376,478,76,477,338,99,263,65,45,240,192,77,34,222,21,218,60,44,372,234,485,55,293,62,383,102,159,41,201,452,69,258,109,25,56,6,289,12,132,125,39,318,35,708,50,92,26,6,185,287,51
OTU_1377,1,1,1,1,1,1,38,1,1,1,1,1,1,1,1,1,1,1,1,1,1,1,1,1,1,1,1,1,1,1,1,1,1,1,1,1,1,1,1,1,1,1,1,1,1,1,1,1,1,1
OTU_1378,1,1,1,1,1,1,1,1,1,1,1,1,1,1,1,1,1,1,1,1,1,1,1,1,1,1,1,1,1,1,1,1,1,1,1,1,1,1,1,1,1,1,1,1,1,1,1,1,1,1
OTU_1379,116,36,281,6,1,15,47,726,396,368,332,68,167,30,567,1425,1,115,44,11,78,23,139,156,101,274,65,32,3,186,22,47,3,12,25,109,126,40,80,93,4,115,20,195,1,1,245,101,2,54
OTU_1380,1,1,1,1,1,1,1,1,1,1,1,1,1,1,1,1,1,1,1,1,1,1,1,1,1,1,1,1,1,1,1,1,1,1,1,1,1,1,1,1,1,1,1,1,1,1,1,1,1,1
OTU_1381,1,1,1,1,1,17,1,1,1,1,1,1,2,1,1,1,2,350,239,1,1,1,1,1,3,1,1,11,74,4,27,1,1,1,7,1,1,1,1,1,1,16,1,1,2,1,2,1,1,1
OTU_1382,120,81,24,395,1696,68,183,14,118,11,255,58,343,42,46,578,580,3,66,99,198,204,71,71,97,57,122,206,182,391,716,102,55,111,6,184,81,7,203,12,373,14,134,295,118,2,20,115,122,153
OTU_1383,20,102,20,276,3,5,1,112,4,2,1,1,402,1,69,190,2,11,1,2,10,55,1,1,1,312,263,1,1,19,1,9,7,2,1,132,42,110,83,69,29,9,1,1,1,2,100,2,105,10
OTU_1384,1,1,1,1,1,1,1,1,1,1,1,1,1,1,1,1,1,1,1,1,1,1,1,1,1,1,1,1,1,1,1,1,1,1,1,1,1,1,1,1,1,1,1,1,1,1,1,1,1,1
OTU_1385,1,1,1,1,1,1,1,1,1,1,1,1,1,1,1,1,1,1,1,1,1,1,1,1,1,1,1,1,1,1,1,1,1,1,1,1,1,1,1,1,1,1,1,1,1,1,1,1,1,1
OTU_1386,1,1,1,1,1,1,1,1,1,1,1,1,1,1,1,1,1,1,1,1,1,1,1,1,1,1,1,1,1,1,1,1,1,1,1,1,1,1,1,1,1,1,1,1,1,1,1,1,1,1
OTU_1387,1,1,1,33,11,1,64,35,161,1,10,1,1,3,33,1,3,155,1,1,259,19,26,2,1,23,3,1,18,119,1,1,115,1,1,12,1,1,1,1,1,1,1,37,15,179,177,1,10,2
OTU_1388,1,1,1,1,1,1,1,1,1,1,1,1,1,1,1,1,1,1,1,1,1,1,1,1,1,1,1,1,1,1,1,1,1,1,1,1,1,1,1,1,1,1,1,1,1,1,1,1,1,1
OTU_1389,811,284,53,77,26,3,369,34,363,46,1,27,30,104,74,13,157,82,24,90,4,186,390,138,105,380,110,292,30,3,303,7,96,694,60,7,315,496,818,110,610,100,413,175,332,148,109,41,408,219
OTU_1390,1,1,1,1,1,1,1,1,1,1,1,1,1,1,1,1,1,1,1,1,1,1,1,1,1,1,1,1,1,1,1,1,1,1,1,1,1,1,1,1,1,1,1,1,1,1,1,1,1,1
OTU_1391,1,1,1,1,1,1,1,1,1,1,1,1,1,1,1,1,1,1,1,1,1,1,1,1,1,1,1,1,1,1,1,1,1,1,1,1,1,1,1,1,1,1,1,1,1,1,1,1,1,1
OTU_1392,1,1,1,1,1,1,1,1,1,1,1,1,1,1,1,1,1,1,1,1,1,1,1,1,1,1,1,1,1,1,1,1,1,1,1,1,1,1,1,1,1,1,1,1,1,1,1,1,1,1
OTU_1393,1,1,1,1,1,1,1,1,1,1,1,1,1,1,1,1,1,1,1,1,1,1,1,1,1,1,1,1,1,1,1,1,1,1,1,1,1,1,1,1,1,1,1,1,1,1,1,1,1,1
OTU_1394,1,1,1,1,1,1,1,1,1,1,1,1,1,1,1,1,1,1,1,1,1,1,1,1,1,1,1,1,1,1,1,1,1,1,1,1,1,1,1,1,1,1,1,1,1,1,1,1,1,1
OTU_1395,1,91,24,1,17,5,1,6,1,1,4,70,2,1,14,1,7,1,5,1,19,1,10,1,1,78,3,7,44,4,1,1,2,8,1,5,1,16,185,14,7,1,1,2,5,1,27,1,1,20
OTU_1396,1,10,1,1,1,44,1,4,162,2,14,1,1,1,1,2,1,1,90,5,23,13,193,1,1,1,1,13,2,37,1,85,1,2,1,97,1,76,207,1,1,1,1,3,1,2,329,1,3,109
OTU_1397,1,1,1,1,1,1,1,1,1,1,8,1,1,2,1,1,1,1,1,1,1,1,1,1,1,1,1,1,1,23,1,1,25,1,1,1,4,1,1,1,1,1,1,6,10,1,1,3,3,1
OTU_1398,1,1,1,1,1,1,1,1,1,1,1,1,1,1,1,1,1,1,1,1,1,1,1,1,1,1,1,1,1,1,1,1,1,1,1,1,1,1,1,1,1,1,1,1,1,1,1,1,1,1
OTU_1399,1,1,1,1,2,1,1,1,1,1,1,1,1,1,1,1,1,1,1,1,1,1,1,1,1,1,1,1,1,1,1,1,1,1,1,1,1,1,1,1,1,1,1,1,1,1,1,1,1,1
OTU_1400,1,3,1,1,7,1,1,2,1,1,2,2,33,1,4,1,1,1,65,1,17,1,2,277,1,1,1,1,1,1,1,1,1,63,2,2,1,1,1,2,1,1,1,1,16,1,109,1,1,18
OTU_1401,1,1,1,1,1,1,1,1,1,1,1,1,1,1,1,1,1,1,1,1,1,1,1,1,1,1,1,1,1,1,1,1,1,1,1,1,1,1,1,1,1,1,1,1,1,1,1,1,1,1
OTU_1402,1,1,1,1,1,1,1,1,1,1,1,1,1,1,1,1,1,1,1,1,1,1,1,1,1,1,1,1,1,1,1,1,1,1,1,1,1,1,1,1,1,1,1,1,1,1,1,1,1,1
OTU_1403,27,53,1,32,317,50,150,84,119,14,27,94,11,8,375,245,281,30,126,41,164,74,209,281,176,11,39,40,142,62,171,271,12,356,67,36,154,616,75,38,29,524,11,6,1,92,18,395,170,1
OTU_1404,1,1,1,1,1,1,1,1,1,1,1,1,1,1,1,1,1,1,1,1,1,1,1,1,1,1,1,1,1,1,1,1,1,1,1,1,1,1,1,1,1,1,1,1,1,1,1,1,1,1
OTU_1405,1,1,1,1,1,1,1,1,1,1,1,1,1,1,1,1,1,1,1,1,1,1,1,1,1,1,1,1,1,1,1,1,1,1,1,1,1,1,1,1,1,1,1,1,1,1,1,1,1,1
OTU_1406,21,30,1,1,1,1,61,5,108,7,3,154,1,1,156,1,8,1,1,8,1,1,1,3,1,340,1,4,28,358,19,4,53,22,1,16,287,1,1,10,27,23,117,428,8,383,4,1,1,1
OTU_1407,1,1,1,1,1,1,1,1,1,1,1,1,1,1,1,1,1,1,1,1,1,1,1,1,1,1,1,1,1,1,1,1,1,1,1,1,1,1,1,1,1,1,1,1,1,1,1,1,1,1
OTU_1408,1,1,1,1,1,1,1,1,1,1,1,1,1,1,1,1,1,1,1,1,1,1,1,1,1,1,1,1,1,1,1,1,1,1,1,1,1,1,1,1,1,1,1,1,1,1,1,1,1,1
OTU_1409,1,1,1,1,1,1,1,1,1,1,1,1,1,1,1,1,1,1,1,1,1,1,1,1,1,1,1,1,1,1,1,1,1,1,1,1,1,1,1,1,1,1,1,1,1,1,1,1,1,1
OTU_1410,1,1,1,1,1,1,1,1,1,1,1,1,1,1,1,1,1,1,1,1,1,1,1,1,1,1,1,1,1,1,1,1,1,1,1,1,1,1,1,1,1,1,1,1,1,1,1,1,1,1
OTU_1411,1,1,1,1,1,1,1,1,1,1,1,1,1,1,1,1,1,1,1,1,1,1,1,1,1,1,1,1,1,1,1,1,1,1,1,1,1,1,1,1,1,1,1,1,1,1,1,1,1,1
OTU_1412,1,1,1,1,1,1,1,1,1,1,1,1,1,1,1,1,1,1,1,1,1,1,1,1,1,1,1,1,1,1,1,1,1,1,1,1,1,1,1,1,1,1,1,1,1,1,1,1,1,1
OTU_1413,1,1,1,1,1,1,1,1,1,1,1,1,1,1,1,1,1,1,1,1,1,1,1,1,1,1,1,1,1,1,1,1,1,1,1,1,1,1,1,1,1,1,1,1,1,1,1,1,1,1
OTU_1414,1,1,1,1,1,1,1,1,1,1,1,1,1,1,1,1,1,1,1,1,1,1,1,1,1,1,1,1,1,1,1,1,1,1,1,1,1,1,1,1,1,1,1,1,1,1,1,1,1,1
OTU_1415,1,1,1,1,1,1,1,1,1,1,1,1,1,1,1,1,1,1,1,1,1,1,1,1,1,1,1,1,1,1,1,1,1,1,1,1,1,1,1,1,1,1,1,1,1,1,1,1,1,1
OTU_1416,1,1,1,1,1,1,1,1,1,1,1,1,1,1,1,1,1,1,1,1,1,1,1,1,1,1,1,1,1,1,1,1,1,1,1,1,1,1,1,1,1,1,1,1,1,1,1,1,1,1
OTU_1417,1,1,1,1,1,1,1,1,1,1,1,1,1,1,1,1,1,1,1,1,1,1,1,1,1,1,1,1,1,1,1,1,1,1,1,1,1,1,1,1,1,1,1,1,1,1,1,1,1,1
OTU_1418,1,1,1,1,1,1,1,1,1,1,1,1,1,1,1,1,1,1,1,1,1,1,1,1,1,1,1,1,1,1,1,1,1,1,1,1,1,1,1,1,1,1,1,1,1,1,1,1,1,1
OTU_1419,1,1,1,1,1,1,1,1,1,1,1,1,1,1,1,1,1,1,1,1,1,1,1,1,1,1,1,1,1,1,1,1,1,1,1,1,1,1,1,1,1,1,1,1,1,1,1,1,1,1
OTU_1420,1,1,1,1,1,1,1,1,1,1,1,1,1,1,1,1,1,1,1,1,1,1,1,1,1,1,1,1,1,1,1,1,1,1,1,1,1,1,1,2,1,1,1,1,1,1,1,1,1,1
OTU_1421,1,1,1,1,121,1,1,1,269,66,1,1,1,1,3,1,1,1,1,1,1,1,1,4,1,14,1,1,1,1,1,1,54,1,4,1,47,1,1,1,1,1,1,4,1,1,1,1,1,102
OTU_1422,1,1,1,1,1,1,1,1,1,1,1,1,1,1,1,1,1,1,1,1,1,1,1,1,1,1,1,1,1,1,1,1,1,1,1,1,1,1,1,1,1,1,1,1,1,1,1,1,1,1
OTU_1423,1,1,1,1,1,1,1,1,1,1,1,1,1,1,1,1,1,1,1,1,1,1,1,1,1,1,1,1,1,1,1,1,1,1,1,1,1,1,1,1,1,1,1,1,1,1,1,1,1,1
OTU_1424,1,1,1,1,1,1,1,1,1,1,1,1,1,1,1,1,1,1,1,1,1,1,1,1,1,1,1,1,1,1,1,1,1,1,1,1,1,1,1,1,1,1,1,1,1,1,1,1,1,1
OTU_1425,1,1,1,1,1,1,1,1,1,1,1,1,1,1,1,1,1,1,92,1,1,1,1,1,1,1,1,1,1,1,1,1,1,1,1,1,1,1,1,1,1,1,1,1,1,1,1,1,1,1
OTU_1426,1,19,1,2,1,1,41,1,1,1,45,1,1,1,1,1,52,1,11,1,1,1,1,1,1,175,1,1,1,1,5,1,1,1,1,91,13,6,1,1,1,1,2,3,1,1,1,5,1,1
OTU_1427,1,1,1,1,1,1,1,1,1,1,1,1,1,1,1,1,1,1,1,1,1,1,1,1,1,1,1,1,1,1,1,1,1,1,1,1,1,1,1,1,1,1,1,1,1,1,1,1,1,1
OTU_1428,166,9,2,9,65,1,1,1,1,1,1,26,1,1,2,1,1,96,1,145,1,1,1,1,1,2,1,1,11,36,1,1,37,1,1,226,1,1,1,8,1,1,1,1,1,1,1,31,1,1
OTU_1429,2,1,1,105,1,53,4,3,1,4,1,1,71,5,1,1,1,1,1,2,1,1,1,1,1,1,34,1,1,1,1,11,25,1,1,22,1,18,11,1,394,174,76,1,1,304,1,190,1,1
OTU_1430,1,1,1,1,1,1,1,1,1,1,1,1,1,1,1,1,1,1,1,1,1,1,1,1,1,1,1,1,1,1,1,1,1,1,1,1,1,1,1,1,1,1,1,1,1,1,1,1,1,1
OTU_1431,1,1,1,1,1,1,1,1,1,1,1,1,1,1,1,1,1,1,1,1,1,1,1,1,1,1,1,1,1,1,1,1,1,1,1,1,1,1,1,1,1,1,1,1,1,1,1,1,1,1
OTU_1432,1,1,1,1,1,1,1,1,1,1,1,1,1,1,1,1,1,1,1,1,1,1,1,1,1,1,1,1,1,1,1,1,1,1,1,1,1,1,1,1,1,1,1,1,1,1,1,1,1,1
OTU_1433,1,1,1,1,1,1,1,1,1,1,1,1,1,1,1,1,1,1,1,1,1,1,1,1,1,1,1,1,1,1,1,1,1,1,1,1,1,1,1,1,1,1,1,1,1,1,1,1,1,1
OTU_1434,1,1,1,1,1,1,1,1,1,1,1,1,1,1,1,1,1,1,1,1,1,1,1,1,1,1,1,1,1,1,1,1,1,1,8,1,1,1,1,1,1,1,1,1,1,1,1,1,1,1
OTU_1435,1,1,1,1,1,1,1,1,1,1,1,1,1,1,1,1,1,1,1,1,1,1,1,1,1,1,1,1,1,1,1,1,1,1,1,1,1,1,1,1,1,1,1,1,1,1,1,5,1,1
OTU_1436,112,6,65,80,256,1,427,4,301,277,68,346,512,235,295,47,1,67,118,12,1,259,164,1,7,7,191,50,88,198,113,416,425,116,85,13,117,110,439,2,108,267,33,54,33,738,506,58,19,211
OTU_1437,1,1,1,1,1,2,1,1,8,1,1,1,40,14,1,1,1,1,1,1,1,1,1,1,1,1,1,1,1,1,1,1,1,1,1,30,1,1,1,1,106,2,1,1,1,1,1,1,1,1
OTU_1438,69,152,321,2,234,309,2,32,131,75,281,232,331,100,52,253,43,323,3,717,51,12,1,28,64,606,62,146,11,239,193,73,9,189,82,204,101,341,231,65,37,59,137,3,13,252,18,74,109,310
OTU_1439,1,1,1,1,1,1,1,1,1,1,1,1,1,1,1,1,1,1,1,1,1,1,1,1,1,1,1,1,1,1,1,1,1,1,1,1,1,1,1,1,1,1,1,1,1,1,1,1,1,1
OTU_1440,1,1,112,1,1,2,1,8,34,1,1,1,1,2,6,1,1,1,1,1,15,1,1,8,5,136,3,1,1,20,1,2,1,2,6,3,1,1,1,65,17,93,3,1,78,12,16,158,11,1
OTU_1441,1,1,1,1,1,1,1,1,1,1,1,1,1,1,1,1,1,1,1,1,1,1,1,1,1,1,1,1,1,1,1,1,1,1,1,1,1,1,1,1,1,1,1,1,1,1,1,1,1,1
OTU_1442,1,1,1,1,1,1,1,1,1,1,1,1,1,1,1,1,1,1,1,1,1,1,1,1,1,1,1,1,1,1,1,1,1,1,1,1,1,1,1,1,1,1,1,1,1,1,1,1,1,1
OTU_1443,1,1,1,1,1,1,1,1,1,1,1,1,1,1,1,1,1,1,1,1,1,1,1,1,1,1,1,1,1,1,1,1,1,1,1,1,1,1,1,1,1,1,1,1,1,1,1,1,1,1
OTU_1444,1,1,1,1,1,1,1,1,1,1,1,1,1,1,1,1,1,1,1,1,1,1,1,1,1,1,1,1,1,1,1,1,1,1,1,1,1,1,1,1,1,1,1,1,1,1,1,1,1,1
OTU_1445,1,1,1,1,1,1,1,1,1,1,1,1,1,1,1,1,1,1,1,1,1,1,1,1,1,1,1,1,1,1,1,1,1,1,1,1,1,1,1,1,1,1,1,1,1,1,1,1,1,1
OTU_1446,1,1,1,1,1,1,1,1,1,1,1,1,1,1,1,1,1,1,1,1,1,1,1,1,1,1,1,1,1,1,1,1,1,1,1,1,1,1,1,1,1,1,1,1,1,1,1,1,1,1
OTU_1447,71,1,1,1,64,1,1,600,1,1,7,3,3,226,3,7,1,23,28,1,12,28,1,2,64,1,1,1,1,6,45,4,1,1,19,1,1,2,1,1,11,215,76,210,168,1,1,44,1,1
OTU_1448,1,1,1,1,1,1,1,1,1,1,1,1,1,1,1,1,1,1,1,1,1,1,1,1,1,1,1,1,1,1,1,1,1,1,1,1,1,1,1,1,1,1,1,1,1,1,1,1,1,1
OTU_1449,1,1,1,1,1,1,1,1,1,1,1,1,1,1,1,1,1,1,1,1,1,1,1,1,1,1,1,1,1,1,1,1,1,1,1,1,1,1,1,1,1,1,1,1,1,1,1,1,1,1
OTU_1450,1,1,1,1,1,1,1,1,1,1,1,1,1,1,1,1,1,1,1,1,1,1,1,1,1,1,1,1,1,1,1,1,1,1,1,1,1,1,1,1,1,1,1,1,1,1,1,1,1,1
OTU_1451,1,1,1,1,1,1,1,1,1,1,1,1,1,1,1,1,1,1,1,1,1,1,1,1,1,1,1,1,1,1,1,1,1,1,1,1,1,1,1,1,1,1,1,1,1,1,1,1,1,1
OTU_1452,7,1,52,30,1,1,1,1,4,1,1,1,10,1,1,1,1,1,49,1,1,1,2,213,5,1,10,27,5,1,1,1,1,1,6,1,1,1,1,1,4,1,1,16,1,1,58,1,1,1
OTU_1453,1,12,1,1,1,1,1,1,8,1,1,1,1,1,5,1,1,2,1,2,1,1,1,1,1,1,1,46,1,1,36,1,1,1,49,1,1,1,2,1,1,1,1,2,1,14,1,1,52,17
OTU_1454,1,1,1,1,1,1,1,1,1,1,1,1,1,1,1,1,1,1,1,1,1,1,1,1,4,1,1,1,1,1,1,1,1,1,1,1,1,1,1,1,1,1,1,1,1,1,1,1,1,1
OTU_1455,1,1,1,1,1,1,1,1,1,1,1,1,1,1,1,1,1,1,1,1,1,1,1,1,1,1,1,1,1,1,1,1,1,1,1,1,1,1,1,1,1,1,1,1,1,1,1,1,1,1
OTU_1456,1,1,1,1,1,1,1,1,1,1,1,1,1,1,1,1,1,1,1,1,1,1,1,1,1,1,1,1,1,1,1,1,1,1,1,1,1,1,1,1,1,1,1,1,1,1,1,1,1,1
OTU_1457,1,1,37,1,1,438,4,1,12,5,1,1,1,17,1,1,1,32,1,51,2,1,1,1,41,1,55,1,130,104,36,11,1,1,1,1,1,1,5,5,1,29,40,5,1,146,228,3,25,66
OTU_1458,1,1,2,1,1,27,19,1,1,162,3,1,134,166,1,1,1,1,1,19,1,2,9,1,4,1,1,1,1,1,1,1,1,183,1,1,3,1,34,1,2,1,1,1,9,1,1,1,1,108
OTU_1459,1,200,1,1,5,1,1,1,1,1,1,3,1,1,1,1,1,1,84,1,1,1,1,19,1,1,1,1,7,1,6,1,1,1,1,1,225,2,8,164,1,1,1,1,9,1,1,1,1,1
OTU_1460,1,1,2,8,1,1,30,1,1,1,1,1,1,1,1,1,1,1,1,1,1,60,1,1,3,1,1,1,1,160,1,1,118,67,1,1,1,1,1,1,1,1,1,1,1,64,1,1,1,1
OTU_1461,1,1,1,1,1,1,1,1,1,1,1,1,1,1,1,1,1,1,1,1,1,1,1,1,1,1,1,1,1,1,1,1,1,1,1,1,1,1,1,1,1,1,1,1,1,1,1,1,1,1
OTU_1462,1,1,1,1,1,1,1,1,1,1,1,1,1,1,1,1,1,1,1,1,1,1,1,1,1,1,1,1,1,1,1,1,1,1,1,1,1,1,1,1,1,1,1,1,1,1,1,1,1,1
OTU_1463,96,2,1,1,1,1,1,1,1,1,2,10,69,1,2,152,22,15,1,4,2,13,3,1,1,74,26,9,109,11,1,59,379,4,4,1,1,55,17,1,71,211,255,13,2,16,45,520,17,1
OTU_1464,1,1,1,1,1,1,1,1,1,1,1,1,1,1,1,1,1,1,1,1,1,1,1,1,1,1,1,1,1,1,1,1,1,1,1,1,1,1,1,1,1,1,1,1,1,1,1,1,1,1
OTU_1465,1,1,1,1,1,1,1,1,1,1,1,1,1,1,1,1,1,1,1,1,1,1,1,1,1,1,1,1,1,1,1,1,1,1,1,1,1,1,1,1,1,1,1,1,1,1,1,1,1,1
OTU_1466,1,1,2,1,1,134,1,1,6,1,1,1,1,1,15,1,1,1,1,2,1,1,1,1,28,1,1,1,1,3,1,1,1,1,14,3,1,1,15,1,1,1,7,5,1,1,1,1,1,1
OTU_1467,1,1,1,7,10,1,1,1,1,46,2,1,1,5,1,8,25,84,1,1,9,426,1,1,1,320,71,203,1,2,1,2,1,1,1,26,2,1,35,85,1,1,4,33,2,3,1,3,23,1
OTU_1468,1,1,1,1,1,1,1,1,1,1,1,1,1,1,1,1,1,1,1,1,1,1,1,1,1,1,1,1,1,1,1,1,1,1,1,1,1,1,1,1,1,1,1,1,1,1,1,1,1,1
OTU_1469,1,1,1,1,1,1,1,1,1,1,1,1,1,1,1,1,1,1,1,1,1,1,1,1,1,1,1,1,1,1,1,1,1,1,1,1,1,1,1,1,1,1,1,1,1,1,1,1,1,1
OTU_1470,6,232,8,5,1,1,9,57,4,7,254,536,79,90,1,3,7,407,10,12,10,13,2,192,16,2,135,3,7,62,2,2,10,3,119,7,73,8,130,1,49,54,1,22,11,7,3,1,128,1
OTU_1471,11,1,29,143,31,1,6,2,1,1,1,32,1,21,31,1,1,1,1,109,2,15,14,1,3,1,153,1,1,1,28,1,1,47,1,1,1,124,1,2,1,72,1,1,8,50,1,1,1,1
OTU_1472,1,1,1,303,27,1,1,1,32,1,2,1,1,1,1,1,1,1,1,1,1,1,1,1,1,1,1,3,1,1,1,1,1,1,1,1,1,1,1,1,1,1,1,253,1,1,1,1,1,1
OTU_1473,1,1,123,1,1,1,176,1,259,231,1,1,1,2,1,79,2,474,5,1,7,1,1,1,81,3,1,1,15,34,5,58,16,2,1,1,11,1,6,14,1,1,1,1,1,3,35,1,10,1
OTU_1474,99,15,1,1,1,1,3,1,3,1,1,31,1,1,47,1,3,10,1,1,37,1,1,32,1,1,1,2,38,1,1,1,1,1,29,1,1,11,1,1,1,62,1,1,1,1,1,82,1,263
OTU_1475,1,1,1,1,1,1,1,1,1,1,1,1,1,1,1,1,1,1,1,1,1,1,1,1,1,1,1,1,1,1,1,1,1,1,1,1,1,1,1,1,1,1,1,1,1,1,1,1,1,1
OTU_1476,1,1,1,1,1,1,1,1,1,1,1,1,1,1,1,1,1,1,1,1,1,1,1,1,1,1,1,1,1,1,1,1,1,1,1,1,1,1,1,1,1,1,1,1,1,1,1,1,1,1
OTU_1477,1,1,1,1,1,1,1,1,1,1,1,1,1,1,1,1,1,1,1,1,1,1,1,1,1,1,1,1,1,1,1,1,1,1,1,1,1,1,1,1,1,1,1,1,1,1,1,1,1,1
OTU_1478,1,5,5,1,1,1,1,1,1,1,1,1,1,1,1,1,1,1,1,1,1,1,1,1,1,1,1,1,1,1,1,20,1,1,3,1,1,7,1,1,1,1,1,1,1,1,1,1,1,1
OTU_1479,1,1,1,1,1,1,1,1,1,1,1,1,1,1,1,1,1,1,14,1,1,1,1,1,1,1,1,1,1,1,1,1,1,1,1,1,1,1,1,1,1,1,1,1,1,1,1,1,1,1
OTU_1480,187,31,365,57,11,450,130,48,19,353,479,297,155,451,181,122,46,697,158,461,758,265,299,57,81,94,337,32,841,212,159,55,325,357,2,157,366,165,36,164,356,847,88,2,59,179,492,5,619,141
OTU_1481,1,1,1,1,1,1,1,1,1,1,1,1,1,1,1,1,1,1,1,1,1,1,1,1,1,1,1,1,1,1,1,1,1,1,1,1,1,1,1,1,1,1,1,1,1,1,1,1,1,1
OTU_1482,1,1,1,1,1,1,1,1,1,1,1,1,1,1,1,1,1,1,1,1,1,1,1,1,1,1,1,1,1,1,1,1,1,1,1,1,1,1,1,1,1,1,1,1,1,1,1,1,1,1
OTU_1483,1,1,1,1,1,1,1,1,1,1,1,1,1,1,1,1,1,1,1,1,1,1,1,1,1,1,1,1,1,1,1,1,1,1,1,1,1,1,1,1,1,1,1,1,1,1,1,1,1,1
OTU_1484,1,1,1,1,1,1,1,1,1,1,1,1,1,1,1,1,1,1,1,1,1,1,1,1,1,1,1,1,1,1,1,1,1,1,1,1,1,1,1,1,1,1,1,1,1,1,1,1,1,1
OTU_1485,38,1,2,20,1,1,1,1,19,1,92,87,1,1,1,1,1,4,64,1,1,53,1,20,60,15,3,110,1,1,33,1,1,10,21,1,2,1,28,1,1,1,4,1,1,1,1,1,1,43
OTU_1486,37,131,2,45,1,55,36,7,122,27,140,1,2,426,2,156,129,28,572,13,91,257,202,2,57,41,1,1,2,36,586,54,83,1,1,3,21,24,19,315,152,38,13,1,37,30,118,100,371,6
OTU_1487,1,1,1,1,1,1,1,1,1,1,1,1,1,1,1,1,1,1,1,1,1,1,1,1,1,1,1,1,1,1,1,1,1,1,1,1,1,1,1,1,1,1,1,1,1,1,1,1,1,1
OTU_1488,1,1,1,1,1,1,1,1,1,1,1,1,1,1,1,1,1,1,1,1,1,1,1,1,1,1,1,1,1,1,1,1,1,1,1,1,1,1,1,1,1,1,1,1,1,1,1,1,1,1
OTU_1489,1,1,1,1,1,1,1,1,1,1,1,1,1,1,1,1,1,1,1,1,1,1,1,1,1,1,1,1,1,1,1,1,1,1,1,1,1,1,1,1,1,1,1,1,1,1,1,1,1,1
OTU_1490,1,1,1,1,1,1,1,1,1,1,1,1,1,1,1,1,1,1,1,1,1,1,1,1,1,1,1,1,1,1,1,1,1,1,1,1,1,1,1,1,1,1,1,1,1,1,1,1,1,1
OTU_1491,1,1,1,1,1,1,1,1,1,1,1,1,1,1,1,1,1,1,1,1,1,1,1,1,1,1,1,1,1,1,1,1,1,1,1,1,1,1,1,1,1,1,1,1,1,1,1,1,1,1
OTU_1492,40,1,1,1,1,1,3,1,4,1,1,1,1,1,1,2,1,2,1,1,1,3,1,1,1,2,23,66,1,1,1,1,1,92,1,6,3,1,1,1,1,1,1,296,1,1,1,1,1,1
OTU_1493,1,1,1,1,1,1,1,1,1,1,1,1,1,1,1,1,1,1,1,1,1,1,1,1,1,1,1,1,1,1,1,1,1,1,1,1,1,1,1,1,1,1,1,1,1,1,1,1,1,1
OTU_1494,1,1,205,1,1,1,1,4,1,1,1,1,15,1,1,1,1,3,1,1,1,1,1,1,1,1,1,1,1,1,1,62,1,1,1,1,1,1,1,9,1,1,1,1,1,1,1,1,1,1
OTU_1495,212,79,197,448,104,62,460,86,84,273,128,9,39,26,27,71,315,31,15,44,502,174,165,227,75,40,357,544,548,23,518,133,334,80,307,776,79,176,29,48,133,61,43,208,266,9,336,509,82,398
OTU_1496,1,1,1,1,1,1,1,1,1,1,1,1,1,1,1,1,1,1,1,1,1,1,1,1,1,1,1,1,1,1,1,1,1,1,1,1,1,1,1,1,1,1,1,1,1,1,1,1,1,1
OTU_1497,1,1,1,1,1,1,1,1,1,1,1,1,1,1,1,1,1,1,1,1,1,1,1,1,1,1,1,1,1,1,1,1,1,1,1,1,1,1,1,1,1,1,1,1,1,1,1,1,1,1
OTU_1498,1,28,1,1,8,185,444,1,2,1,6,1,24,1,1,1,1,60,12,1,1,376,3,60,23,1,1,1,35,3,159,27,87,1,1,8,170,1,8,5,6,1,27,2,112,7,21,162,42,1
OTU_1499,1,1,1,1,1,1,1,1,1,1,1,1,1,1,1,1,1,1,1,1,1,1,1,1,1,1,1,1,1,1,1,1,1,1,1,1,1,1,1,1,1,1,1,1,1,1,1,1,1,1
OTU_1500,37,1,6,3,1,6,41,1,1,1,7,142,11,1,1,4,16,5,44,22,17,6,646,29,3,5,1,41,1,3,7,122,109,4,4,4,63,1,1,2,1,21,1,1,1,1,2,1,1,1
OTU_1501,1,1,1,1,1,1,1,1,1,1,1,1,281,1,1,1,1,1,1,1,1,1,1,1,1,1,1,1,1,1,1,1,1,1,1,1,1,1,1,1,1,1,1,1,1,1,1,1,1,1
OTU_1502,1,1,1,1,1,1,1,1,1,1,1,1,1,1,1,1,1,1,1,1,1,1,1,1,1,1,1,1,1,1,1,1,1,1,1,1,1,1,1,1,1,1,1,1,1,1,1,1,1,1
OTU_1503,1,1,1,1,1,1,1,1,1,1,1,1,1,1,1,1,1,1,1,1,1,1,1,1,1,1,1,1,1,1,1,1,1,1,1,1,1,1,1,1,1,1,1,1,1,1,1,1,1,1
OTU_1504,1,1,1,1,1,1,1,1,1,1,1,1,1,1,1,1,1,1,1,1,1,1,1,1,1,1,1,1,1,1,1,1,1,1,1,1,1,1,1,1,1,1,1,1,1,1,1,1,1,1
OTU_1505,1,1,1,1,1,1,1,1,1,1,1,1,1,1,1,1,1,1,1,1,1,1,1,1,1,1,1,1,1,1,1,1,1,1,1,1,1,1,1,1,1,1,1,1,1,1,1,1,1,1
OTU_1506,2,1,1,1,1,1,1,1,1,2,1,1,1,1,1,1,1,1,1,1,1,1,1,1,1,1,1,1,1,1,1,1,1,1,1,1,1,1,1,1,1,1,1,1,1,1,1,1,1,1
OTU_1507,1,1,1,1,1,1,1,1,1,1,1,1,1,1,1,1,1,1,1,1,1,1,1,1,1,1,1,1,1,1,1,1,1,1,1,1,1,1,1,1,1,1,1,1,1,1,1,1,1,1
OTU_1508,1,1,1,1,1,1,1,1,1,1,1,1,1,1,1,1,1,1,1,1,1,1,1,1,1,1,1,1,1,1,1,1,1,1,1,1,1,1,1,1,1,1,1,1,1,1,1,1,1,1
OTU_1509,432,51,1,10,1,50,1,38,12,23,1,9,1,15,48,1,1,1,5,1,9,802,2,13,160,153,64,1,1,1,1,1,2,99,1,1,1,1,1,1,9,1,1,1,14,2,1,1,113,2
OTU_1510,1,1,1,1,1,1,1,1,1,1,1,1,1,1,1,1,1,1,1,1,1,1,1,1,1,1,1,1,1,1,1,1,1,1,1,1,1,1,1,1,1,1,1,1,1,1,1,1,1,1
OTU_1511,1,1,408,1,4,1,182,92,4,1,1,1,46,268,4,382,1,1,1,1,2,1,1,1,1,1,4,1,2,1,1,47,1,1,1,1,1,1,33,53,1,1,26,1,145,1,98,1,7,1
OTU_1512,1,1,1,1,1,1,1,1,1,1,1,1,1,1,1,1,1,1,1,1,1,1,1,1,1,1,1,39,1,1,1,1,1,1,1,1,1,1,1,1,1,1,1,1,1,1,1,1,1,1
OTU_1513,1,1,1,1,1,1,1,1,1,1,1,1,1,1,1,1,1,1,1,1,1,1,1,1,1,1,1,1,1,1,1,1,1,1,1,1,1,1,1,1,1,1,1,1,1,1,1,1,1,1
OTU_1514,1,1,1,1,1,1,1,1,1,1,1,1,1,1,1,1,1,1,1,1,1,1,1,1,1,1,1,1,1,1,1,1,1,1,1,1,1,1,1,1,1,1,1,1,1,1,1,1,1,1
OTU_1515,1,1,1,1,1,1,1,1,1,1,1,1,1,1,1,1,1,1,1,1,1,1,1,1,1,1,1,1,1,1,1,1,1,1,1,1,1,1,1,1,1,1,1,1,1,1,1,1,1,1
OTU_1516,1,1,1,1,1,1,1,1,1,1,1,1,1,1,1,1,1,1,1,1,1,1,1,1,1,1,1,1,1,1,1,1,1,1,1,1,1,1,1,1,1,1,1,1,1,1,1,1,1,1
OTU_1517,1,1,1,1,1,1,1,1,1,1,1,1,1,1,1,1,1,1,1,1,1,1,1,1,1,1,1,1,1,1,1,1,1,1,1,1,1,1,1,1,1,1,1,1,1,1,1,1,1,1
OTU_1518,1,1,11,1,1,1,1,1,1,1,406,1,1,1,1,1,440,1,1,1,81,1,1,1,1,1,1,1,1,1,1,1,1,1,1,1,1,1,247,15,1,1,1,1,1,1,1,1,1,1
OTU_1519,1,1,1,1,1,1,1,1,1,1,1,1,1,1,1,1,1,1,1,1,1,1,1,1,1,1,1,1,1,1,1,1,1,1,1,1,1,1,1,1,1,1,1,1,1,1,1,1,1,1
OTU_1520,1,1,1,1,1,1,1,1,1,1,1,1,1,1,1,1,1,1,1,1,1,1,1,1,1,1,1,1,1,1,1,1,1,1,1,1,1,1,1,1,1,1,1,1,1,1,1,1,1,1
OTU_1521,1,1,1,1,1,1,1,1,1,1,1,1,1,1,1,1,1,1,1,1,1,1,1,1,1,1,1,1,1,1,1,1,1,1,1,1,1,1,1,1,1,1,1,1,1,1,1,1,1,1
OTU_1522,1,1,1,1,1,1,1,1,1,1,1,1,1,1,1,1,1,1,1,1,1,1,1,1,1,1,1,1,1,1,1,1,1,1,1,1,1,35,1,1,1,1,1,1,1,1,1,1,1,1
OTU_1523,1,1,1,1,1,1,1,58,1,1,1,1,1,1,1,1,1,19,1,1,1,1,1,1,1,197,1,1,1,1,1,3,1,1,1,1,1,1,1,1,10,1,1,1,1,1,1,1,1,1
OTU_1524,31,252,2,140,11,11,26,100,12,115,201,69,34,426,7,77,78,21,55,363,27,5,23,78,244,20,27,9,148,37,28,225,191,1,156,87,160,74,359,109,159,1,830,78,30,32,15,59,578,19
OTU_1525,1,1,1,1,1,1,1,1,1,1,1,1,1,1,1,1,1,1,1,1,1,1,1,1,1,1,1,1,1,1,1,1,1,1,1,1,1,1,1,1,1,1,1,1,1,1,1,1,1,1
OTU_1526,9,26,1,105,7,56,3,5,1,49,1,1,1,26,148,121,48,23,45,3,1,1,1,3,65,11,48,5,23,1,1,1,9,6,48,14,1,1,1,2,1,1,18,284,1,1,1,1,1,1
OTU_1527,1,1,1,1,1,1,1,1,1,1,1,106,1,1,1,1,188,1,1,1,1,1,1,1,1,1,2,2,1,1,2,1,1,13,264,1,180,1,1,1,1,1,1,130,788,1,1,2,66,1
OTU_1528,1,1,1,1,1,1,1,1,1,1,1,1,1,1,1,1,1,1,1,1,1,1,1,1,1,1,1,1,1,1,1,1,1,1,1,1,1,1,1,1,1,1,1,1,1,1,1,1,1,1
OTU_1529,1,1,1,1,1,1,1,1,1,1,1,1,1,1,1,1,1,1,1,1,1,1,1,1,1,1,1,1,1,1,1,1,1,1,1,1,1,1,1,1,1,1,1,1,1,1,1,1,1,1
OTU_1530,1,1,1,1,1,1,1,1,1,1,1,1,1,1,1,1,1,1,1,1,1,1,1,1,1,1,1,1,1,1,1,1,1,1,1,1,1,1,1,1,1,1,1,1,1,1,1,1,1,1
OTU_1531,1,1,1,1,1,1,1,1,1,1,1,1,1,1,1,1,1,1,1,1,1,1,1,1,1,1,1,1,1,1,1,1,1,1,1,1,1,1,1,1,1,1,1,1,1,1,1,1,1,1
OTU_1532,1,1,1,1,1,1,1,1,1,1,1,1,1,1,1,1,1,1,1,1,1,1,1,1,1,1,1,1,1,1,1,1,1,1,1,1,1,1,1,1,1,1,1,1,1,1,1,1,1,1
OTU_1533,1,1,1,1,1,1,1,1,1,1,1,1,1,1,1,1,1,1,1,1,1,1,1,1,1,1,1,1,1,1,1,1,1,1,1,1,1,1,1,1,1,1,1,1,1,1,1,1,1,1
OTU_1534,1,1,1,1,1,1,1,1,1,1,1,1,1,1,1,1,1,1,1,1,1,1,1,1,1,1,1,1,1,1,1,1,1,1,1,1,1,1,1,1,1,1,1,1,1,1,1,1,1,1
OTU_1535,1,56,74,55,93,1,1,1,3,1,1,1,1,7,2,1,1,1,1,1,1,1,7,12,1,1,1,1,1,2,1,1,1,1,1,1,1,11,8,1,29,1,245,1,2,1,6,1,30,1
OTU_1536,1,1,1,1,1,1,1,1,1,1,1,1,1,1,1,1,1,1,1,1,1,1,1,1,1,1,1,1,1,1,1,1,1,1,1,1,1,1,1,1,1,1,1,1,1,1,1,1,1,1
OTU_1537,1,1,1,1,1,1,1,1,1,1,1,1,1,1,1,1,1,1,1,1,1,1,1,1,1,1,1,1,1,1,1,1,1,1,1,1,1,1,1,1,1,1,1,1,1,1,1,1,1,1
OTU_1538,1,1,1,1,1,1,1,1,1,1,1,1,1,1,1,1,1,1,1,1,1,1,1,1,1,1,1,1,1,1,1,1,1,1,1,1,1,1,1,1,1,1,1,1,1,1,1,1,1,1
OTU_1539,1,2,1,1,1,6,1,1,22,1,1,11,1,1,1,1,1,16,1,1,1,1,1,1,1,1,5,1,1,153,2,1,1,1,1,1,1,1,1,1,1,1,1,1,1,1,1,1,1,1
OTU_1540,1,1,1,1,1,1,1,1,1,1,1,1,1,1,1,1,1,1,1,1,1,1,1,1,1,1,1,1,1,1,1,1,1,1,1,1,1,1,1,1,1,1,1,1,1,1,1,1,1,1
OTU_1541,1,1,1,1,1,1,25,3,1,3,3,1,1,1,1,189,1,1,1,2,42,1,1,1,1,3,1,89,1,1,1,14,1,1,5,1,1,1,1,1,1,24,1,1,1,1,90,1,1,1
OTU_1542,1,1,1,1,1,1,1,1,1,1,1,1,1,1,1,1,1,1,1,1,1,1,1,1,1,1,1,1,1,1,1,1,1,1,1,1,1,1,1,1,1,1,1,1,1,1,1,1,1,1
OTU_1543,281,55,22,256,1,135,290,6,16,28,26,27,70,22,504,2,89,111,9,47,65,43,87,71,11,2,279,28,183,29,41,111,1,266,116,291,153,43,238,28,676,14,4,108,24,274,100,182,87,77
OTU_1544,1,1,1,1,1,1,1,1,1,1,1,1,1,1,1,1,1,1,1,1,1,1,1,1,1,1,1,1,1,1,1,1,1,1,1,1,1,1,1,1,1,1,1,1,1,1,1,1,1,1
OTU_1545,1,1,1,1,1,1,1,1,1,1,1,1,1,1,1,1,1,1,1,1,1,1,1,1,1,1,1,1,1,1,1,1,1,1,1,1,1,1,1,1,1,1,1,1,1,1,1,1,1,1
OTU_1546,136,2,175,436,922,51,18,156,187,763,216,314,181,96,207,134,248,48,108,1051,125,212,97,787,218,8,460,2,170,656,263,191,26,68,51,56,445,4,670,129,226,293,406,35,48,24,100,88,525,24
OTU_1547,1,1,1,59,1,1,1,1,1,1,1,1,1,1,1,1,1,1,1,30,3,1,1,1,1,2,1,1,9,5,1,1,1,2,1,1,1,1,1,3,1,1,1,1,177,1,1,1,1,1
OTU_1548,1,1,1,1,1,1,1,1,1,1,1,1,1,1,1,1,1,1,1,1,1,1,1,1,1,1,1,1,1,1,1,1,1,1,1,1,1,1,1,1,1,1,1,1,1,1,1,1,1,1
OTU_1549,835,178,174,103,163,23,480,762,458,180,137,260,493,396,44,1071,172,113,122,465,358,327,227,543,336,222,493,224,245,323,431,448,50,236,55,840,331,330,106,380,142,550,305,578,243,626,260,73,458,53
OTU_1550,558,62,18,343,827,116,74,157,167,196,33,301,1052,238,968,10,282,99,527,432,457,52,26,28,378,545,103,139,23,116,7,462,145,143,91,601,214,186,352,494,16,56,102,611,83,114,310,32,98,57
OTU_1551,1,1,1,1,1,1,1,1,1,1,1,1,1,1,1,1,1,1,1,1,1,1,1,1,1,1,1,1,1,1,1,1,1,1,1,1,1,1,1,1,1,1,1,1,1,1,1,1,1,1
OTU_1552,11,1,1,1,1,1,1,1,1,1,1,1,1,1,1,1,28,1,1,33,1,1,5,1,1,1,1,1,1,42,1,1,26,1,1,1,1,1,1,1,1,23,1,1,1,1,2,1,1,6
OTU_1553,6,1,104,1,1,1,14,1,1,43,1,28,1,25,285,6,1,3,1,459,1,1,1,59,248,4,4,1,3,2,2,2,65,3,112,16,1,7,1,5,1,16,19,1,3,608,1,2,2,1
OTU_1554,317,14,293,508,136,21,799,102,105,130,397,300,62,5,27,241,194,76,113,12,315,145,348,184,115,727,22,124,136,102,166,3,267,156,172,488,629,556,199,318,61,82,29,243,100,562,3,231,49,324
OTU_1555,1,1,1,1,1,1,1,1,1,1,1,1,1,1,1,1,1,1,1,1,1,1,1,1,1,1,1,1,1,1,1,1,1,1,1,1,1,1,1,1,1,1,1,1,1,1,1,1,1,1
OTU_1556,1,1,1,1,1,1,1,1,1,1,1,1,1,1,1,1,1,1,1,1,1,1,1,1,1,1,1,1,1,1,1,1,1,1,1,1,1,1,1,1,1,1,1,1,1,1,1,1,1,1
OTU_1557,2,695,172,15,13,41,41,347,19,14,93,12,187,81,1,43,65,102,4,262,59,74,30,7,4,77,83,38,665,35,4,20,213,77,28,111,18,19,1,41,16,1,46,7,1,153,56,152,57,59
OTU_1558,1,1,1,1,1,1,1,1,1,1,1,1,1,1,1,1,1,1,1,1,1,1,1,1,1,1,1,1,1,1,1,1,1,1,1,1,1,1,1,1,1,1,1,1,1,1,1,1,1,1
OTU_1559,1,1,1,1,1,1,1,1,1,1,1,1,1,1,1,1,1,1,1,1,1,1,1,1,1,1,1,1,1,41,1,1,1,1,1,1,1,1,1,1,1,1,1,1,1,1,1,1,1,1
OTU_1560,1,1,1,1,1,1,1,1,1,1,1,1,1,1,1,1,1,1,1,1,1,1,1,1,1,1,3,1,1,1,1,1,1,1,1,1,1,1,1,1,1,1,1,1,1,1,1,1,1,1
OTU_1561,1,1,1,1,1,1,1,1,1,1,1,1,1,1,1,1,1,1,1,1,1,1,1,1,1,1,1,1,1,1,1,1,1,1,1,1,1,1,1,1,1,1,1,1,1,1,1,1,1,1
OTU_1562,1,1,1,1,1,1,1,1,1,1,1,25,47,1,1,1,1,1,1,1,1,1,1,1,58,1,1,1,1,1,1,1,1,1,2,1,1,27,1,2,1,203,1,35,28,1,1,1,1,1
OTU_1563,1,1,1,1,1,1,1,1,1,1,1,1,1,1,1,1,1,1,1,1,1,1,1,1,1,1,1,1,1,1,1,1,1,1,1,1,1,1,1,1,1,1,1,1,1,1,1,1,1,1
OTU_1564,1,1,1,1,1,1,1,1,1,1,1,1,1,1,1,1,1,1,1,1,1,1,1,1,1,1,1,1,1,1,1,1,1,1,1,1,1,1,1,1,1,1,1,1,1,1,1,1,1,1
OTU_1565,1,1,1,1,1,1,1,1,1,1,1,1,1,1,1,1,1,1,1,1,1,1,1,1,1,1,1,1,1,1,1,1,1,1,1,1,1,1,1,1,1,1,1,1,1,1,1,1,1,1
OTU_1566,158,101,32,183,108,1,505,51,1,1,1,55,4,4,5,73,70,3,1,535,10,17,1,1,1,1,311,101,107,6,21,412,85,190,24,2,187,105,2,30,330,40,25,6,455,4,173,1,246,102
OTU_1567,1,1,1,1,1,1,1,1,1,1,1,1,1,1,1,1,1,1,1,1,1,1,1,1,1,1,1,1,1,1,2,1,1,1,1,1,1,1,1,1,1,149,1,1,1,1,1,1,96,1
OTU_1568,1,1,1,1,1,1,1,1,1,1,1,1,1,1,1,1,1,1,1,1,1,1,1,1,1,1,1,1,1,1,1,1,1,1,1,1,1,1,1,1,1,1,1,1,1,1,1,1,1,1
OTU_1569,1,1,1,1,1,1,1,1,1,1,1,1,1,1,1,1,1,1,1,1,1,1,1,1,1,1,1,1,1,1,1,1,1,1,1,1,1,1,1,1,1,1,1,1,1,1,1,1,1,1
OTU_1570,2,1,1,272,2,142,10,62,275,137,98,21,262,1,2,390,1,1,1,3,13,23,54,2,33,28,43,66,166,114,42,1,2,1,135,1,13,52,51,5,39,42,5,1,322,134,2,13,18,79
OTU_1571,1,1,1,1,1,1,1,1,1,1,1,1,1,1,1,1,1,1,1,1,1,1,1,1,1,1,1,1,1,1,1,1,1,1,1,1,1,1,1,1,1,1,1,1,1,1,1,1,1,1
OTU_1572,1,1,1,1,1,1,1,1,1,1,1,1,1,1,1,1,1,1,1,1,1,1,1,1,1,1,1,1,1,1,1,1,225,1,1,1,1,1,1,1,1,1,1,1,1,1,1,1,1,1
OTU_1573,1,1,1,1,1,1,1,1,1,1,1,1,1,1,1,1,1,1,1,1,1,1,1,1,1,1,1,1,1,1,1,1,1,1,1,1,1,1,1,1,1,1,1,1,1,1,1,1,1,1
OTU_1574,1,1,1,1,1,1,1,1,1,1,1,1,1,1,1,1,1,1,1,1,1,1,1,1,1,1,1,1,1,1,1,1,1,1,1,1,1,1,1,1,1,1,1,1,1,1,1,1,1,1
OTU_1575,1,1,1,2,1,1,1,2,1,25,1,1,1,1,1,1,1,1,1,1,1,1,1,1,1,1,1,1,1,1,1,1,1,1,1,1,1,1,1,1,1,1,1,1,1,1,1,1,1,1
OTU_1576,3,1,1,1,71,1,1,1,3,1,1,18,1,1,1,1,1,1,1,1,1,1,1,1,1,1,1,1,1,1,36,1,1,19,1,1,1,1,1,1,1,1,1,1,1,1,1,1,1,1
OTU_1577,1,1,1,1,1,1,1,1,1,1,1,1,1,1,1,1,1,1,1,1,1,1,1,1,1,1,1,1,1,1,1,1,1,1,1,1,1,1,1,1,1,1,1,1,1,1,1,1,1,1
OTU_1578,1,1,1,1,1,1,1,1,1,1,1,1,1,1,1,1,1,1,1,1,1,1,1,1,1,1,8,1,1,1,40,1,1,1,1,1,1,1,1,1,1,1,7,1,1,1,1,1,1,1
OTU_1579,168,8,32,30,8,102,18,4,31,389,78,80,37,25,75,160,92,33,57,17,368,39,354,354,1075,230,373,51,24,501,41,36,100,142,40,7,185,53,204,1,33,126,24,129,53,144,366,73,39,50
OTU_1580,513,613,541,680,239,335,438,665,137,236,121,320,124,277,370,144,413,157,93,83,80,39,106,222,68,456,246,169,64,238,597,363,233,243,359,329,229,186,155,238,176,1040,176,272,152,611,115,524,820,146
OTU_1581,1,1,1,1,1,1,1,1,1,1,1,1,1,1,1,1,1,1,1,1,1,1,1,1,1,1,1,1,1,1,1,1,1,1,1,1,1,1,1,1,1,1,1,1,1,1,1,1,1,1
OTU_1582,1,1,1,1,1,1,1,1,1,1,1,1,1,1,1,1,1,1,1,1,1,1,1,1,1,1,1,1,1,1,1,1,1,1,1,1,1,1,1,1,1,1,1,1,1,1,1,1,1,1
OTU_1583,1,1,1,1,1,1,1,1,1,1,1,1,1,1,1,1,1,1,1,1,1,1,1,1,1,1,1,1,1,1,1,1,1,1,1,1,1,1,1,1,1,1,1,1,1,1,1,1,1,1
OTU_1584,241,5,2,2,34,6,4,1,8,1,1,43,1,1,1,80,1,796,1,6,7,25,7,27,13,22,17,34,22,41,6,66,1,71,1,200,436,20,1,2,1,9,1,1,46,1,1,1,22,73
OTU_1585,1,1,1,1,1,1,1,1,1,1,1,1,1,1,1,1,1,1,1,1,1,1,1,1,1,1,1,1,1,1,1,1,1,1,1,1,1,1,1,1,1,1,1,1,1,1,1,1,1,1
OTU_1586,1,1,1,1,3,1,1,1,1,1,1,1,1,1,1,1,1,1,1,1,1,1,1,1,1,1,1,1,1,1,1,1,1,1,1,1,1,1,1,1,1,1,1,1,1,1,1,1,1,1
OTU_1587,1,1,1,1,9,1,1,1,1,1,1,1,1,1,1,1,1,1,1,1,1,1,1,1,1,1,1,1,1,1,1,1,1,1,8,1,1,5,1,1,1,1,34,23,1,1,1,1,1,1
OTU_1588,1,1,5,2,6,2,124,78,2,25,293,25,1,1,1,1,22,155,1,1,4,4,1,6,2,46,1,1,12,2,1,1,1,1,10,66,1,18,30,26,118,1,80,275,1,17,98,1,57,77
OTU_1589,1,1,1,1,1,1,1,1,1,1,1,1,1,1,1,1,1,1,1,1,1,1,1,1,1,1,1,1,1,1,1,1,1,1,1,1,1,1,1,1,1,1,1,1,1,1,1,1,1,1
OTU_1590,1,1,1,1,1,1,1,1,1,1,1,1,1,1,1,1,1,1,1,1,1,1,1,1,1,1,1,1,1,1,1,1,1,1,1,1,1,1,1,1,1,1,1,1,1,1,1,1,1,1
OTU_1591,83,518,913,315,1052,411,1472,735,2053,884,531,133,1507,1503,510,1053,346,1107,2493,1363,591,276,808,270,1065,438,398,987,521,161,478,868,236,507,788,344,420,726,608,514,820,800,1529,401,386,641,1205,407,922,711
OTU_1592,1,1,1,1,1,1,1,1,1,1,1,1,1,1,1,1,1,1,1,1,1,1,1,1,1,1,1,1,1,1,1,1,1,1,1,1,1,1,1,1,1,1,1,1,1,1,1,1,1,1
OTU_1593,52,60,165,405,51,101,52,54,72,143,29,432,421,619,8,216,31,237,3,135,111,98,5,43,331,14,32,866,115,161,222,181,282,279,213,102,260,84,547,1,31,54,89,31,539,239,158,303,77,274
OTU_1594,1,1,1,1,1,1,1,1,1,1,1,1,1,1,1,1,1,1,1,1,1,1,1,1,1,1,1,1,1,1,1,1,1,1,1,1,1,1,1,1,1,1,1,1,1,1,1,1,1,1
OTU_1595,1,1,1,1,1,1,1,1,1,1,1,1,1,1,1,1,1,1,1,1,1,1,1,1,1,1,1,1,1,1,1,1,1,1,1,1,1,1,1,1,1,1,1,1,1,1,1,1,1,1
OTU_1596,1,1,1,1,1,1,1,1,1,1,1,1,1,1,1,1,1,1,1,1,1,1,1,1,1,1,1,1,1,1,1,1,1,1,1,1,1,1,1,1,1,1,1,1,1,1,1,1,1,1
OTU_1597,1,1,1,1,1,1,1,1,1,1,1,1,1,1,1,1,1,1,1,1,1,1,1,1,1,1,1,1,1,1,1,1,1,1,1,1,1,1,1,1,1,1,1,1,1,1,1,1,1,1
OTU_1598,1,1,1,1,1,1,1,1,1,1,1,1,1,1,1,1,1,1,1,1,1,1,1,1,1,1,1,1,1,1,1,1,1,1,1,1,1,1,1,1,1,1,1,1,1,1,1,1,1,1
OTU_1599,1,1,1,1,1,1,1,1,1,1,1,1,4,14,1,1,1,1,1,1,1,1,1,1,1,39,1,1,1,1,1,1,1,1,1,1,1,1,1,1,1,1,1,1,1,1,1,1,1,1
OTU_1600,1,1,1,1,1,1,1,1,1,1,1,1,1,1,1,1,1,1,1,1,1,1,1,1,1,1,1,1,1,1,1,1,1,1,1,1,1,1,1,1,1,1,1,1,1,1,1,1,1,1
OTU_1601,107,1,1,25,3,1,1,34,1,18,3,1,187,1,17,4,55,124,1,13,2,1,1,82,13,16,74,38,17,1,10,73,12,1,29,48,46,72,40,12,3,1,196,1,2,1,22,1,9,1
OTU_1602,1,1,1,1,1,1,2,1,1,1,1,1,1,1,1,1,1,1,1,1,1,1,1,1,1,1,1,1,1,1,1,1,1,1,1,1,1,1,1,1,1,1,1,1,1,1,1,1,1,1
OTU_1603,1,1,3,1,1,1,1,1,1,1,20,1,7,1,1,1,1,6,29,1,1,1,1,1,1,1,1,1,245,1,1,1,1,1,1,1,1,1,1,1,1,1,18,1,1,1,1,1,1,1
OTU_1604,5,1,3,1,6,1,1,1,1,1,1,33,1,1,1,164,13,1,1,1,1,187,9,1,1,1,4,1,1,356,1,3,1,1,1,1,1,1,1,1,1,1,1,1,1,1,1,1,1,1
OTU_1605,1,1,1,1,1,1,1,1,1,1,1,1,1,1,1,1,1,1,1,1,1,1,1,1,1,1,1,1,1,1,1,1,1,1,1,1,1,1,1,1,1,1,1,1,1,1,1,1,1,1
OTU_1606,1,1,1,1,1,1,1,1,1,1,1,1,1,1,1,1,1,1,1,1,1,1,1,1,1,1,1,1,1,1,1,1,1,1,1,1,1,1,1,1,1,1,1,1,1,1,1,1,1,1
OTU_1607,1,1,1,1,1,1,1,1,1,1,1,1,1,1,1,1,1,1,1,1,1,1,1,1,1,1,1,1,1,1,1,1,1,1,1,1,1,1,1,1,1,1,1,1,1,1,1,1,1,1
OTU_1608,1,1,1,1,1,1,1,1,1,1,1,1,1,1,1,1,1,1,1,1,1,1,1,1,1,1,1,1,9,1,1,1,1,1,1,1,1,1,1,1,1,1,1,1,1,1,1,1,1,1
OTU_1609,1,1,1,1,1,1,1,1,1,1,1,1,1,1,1,1,40,1,1,1,1,1,1,1,1,1,1,1,1,1,1,1,1,1,1,1,1,1,1,1,1,1,1,1,1,1,1,1,1,1
OTU_1610,4,1,10,1,1,1,1,1,1,1,1,1,1,1,878,1,1,1,1,1,1,1,1,1,1,1,1,1,1,1,1,1,1,1,1,1,1,1,1,1,1,1,1,1,1,1,1,1,1,1
OTU_1611,1,1,1,1,1,1,1,1,1,1,1,1,1,1,1,1,1,1,1,1,1,1,1,1,1,1,1,1,1,1,1,1,1,1,1,1,1,1,1,1,1,1,1,1,1,1,1,1,1,1
OTU_1612,1,60,57,1,2,1,3,12,59,217,1,1,1,1,7,1,1,1,1,1,4,1,475,1,1,5,85,11,81,1,1,10,13,1,1,6,3,1,1,1,2,2,31,1,1,1,4,17,1,1
OTU_1613,2,1,1,1,1,1,1,1,1,1,1,1,1,1,1,1,1,1,1,1,1,1,1,1,1,1,1,1,1,1,1,1,1,1,1,1,1,1,1,1,1,1,1,1,1,1,1,1,1,1
OTU_1614,1,1,1,1,1,1,1,1,1,1,1,1,1,1,1,1,1,1,1,1,1,1,1,1,1,1,1,1,1,1,1,1,1,1,1,1,1,1,1,1,1,1,1,1,1,1,1,1,1,1
OTU_1615,1,1,1,1,1,1,306,3,4,1,36,137,1,5,2,3,5,1,1,152,2,10,1,115,80,5,1,1,1,1,1,21,2,1,1,57,219,57,145,9,2,3,2,6,1,50,66,29,1,71
OTU_1616,521,29,1,33,133,307,118,170,158,43,260,324,131,8,8,4,2,356,361,67,13,4,2,129,135,689,53,159,37,62,1,36,192,78,2,191,158,83,248,99,84,8,105,213,30,27,5,10,62,25
OTU_1617,1,1,1,1,1,1,1,1,1,1,1,1,1,1,1,1,1,1,1,1,1,1,1,1,1,1,1,1,1,1,1,1,1,1,1,1,1,1,1,1,1,1,1,1,1,1,1,1,1,1
OTU_1618,1,1,1,1,1,1,1,1,1,1,1,1,1,1,1,1,1,1,1,1,1,1,1,1,1,1,1,1,1,1,1,1,1,1,1,1,1,1,1,1,1,1,1,1,1,1,1,1,1,1
OTU_1619,1,1,1,1,1,1,1,1,1,1,1,1,1,1,1,1,1,1,1,1,1,1,1,1,1,1,1,1,1,1,1,1,1,1,1,1,1,1,1,1,1,1,1,1,1,1,1,1,1,1
OTU_1620,1,2,1,1,1,4,1,1,1,1,1,4,1,7,3,1,1,1,135,150,1,20,2,1,62,1,1,15,2,231,18,1,1,28,13,7,1,19,1,38,87,1,1,21,1,1,1,1,16,1
OTU_1621,1,1,1,1,1,1,1,1,1,1,1,1,1,1,1,1,1,1,1,1,1,1,1,1,1,1,1,1,1,1,1,1,1,1,1,1,1,1,1,1,1,1,1,1,1,1,1,1,1,1
OTU_1622,1,1,1,1,1,1,1,1,1,1,1,1,1,1,1,1,1,1,1,1,1,1,1,1,1,1,1,1,1,1,1,1,1,1,1,1,1,1,1,1,1,1,1,1,1,1,1,1,1,1
OTU_1623,1,1,1,1,1,1,1,1,1,1,1,1,1,1,1,1,1,1,1,1,1,1,1,1,1,1,1,1,1,1,1,1,1,1,1,1,1,1,1,1,1,1,1,1,1,1,1,1,1,1
OTU_1624,1,1,1,1,1,1,1,1,1,1,1,1,1,1,1,1,1,1,1,1,1,1,1,1,1,1,1,1,1,1,1,1,1,1,1,1,1,1,1,1,1,1,1,1,1,1,1,1,1,1
OTU_1625,1,1,1,1,1,1,1,1,1,1,1,1,1,1,1,1,1,1,1,1,1,1,1,1,1,1,1,1,1,1,1,1,1,1,1,1,1,1,1,1,1,1,1,1,1,1,1,1,1,1
OTU_1626,2,1,154,25,47,1,36,1,1,9,87,156,68,128,5,15,2,1,40,22,83,1,638,1,1,5,11,1,23,3,1,5,1,205,3,1,44,15,1,237,1,1,87,5,1,1,1,1,3,1
OTU_1627,1,1,1,1,1,1,1,1,1,1,1,1,1,1,1,1,1,1,1,1,1,1,1,1,1,1,1,1,1,1,1,1,1,1,1,1,1,1,1,1,1,1,1,1,1,1,1,1,1,1
OTU_1628,1,1,1,1,1,1,1,1,1,1,1,1,1,1,1,1,1,1,1,1,1,1,1,1,1,1,1,1,1,1,1,1,1,1,1,1,1,1,1,1,1,1,1,1,1,1,1,1,1,1
OTU_1629,1,1,1,1,1,1,1,1,1,1,1,1,1,1,1,1,1,1,1,1,1,1,1,1,1,1,1,1,1,1,1,1,1,1,1,1,1,1,1,1,1,1,1,1,1,1,1,1,1,1
OTU_1630,1,1,1,1,1,1,1,1,1,1,1,1,1,1,1,1,1,1,1,1,1,1,1,1,1,1,1,1,1,1,1,1,1,1,1,1,1,1,1,1,1,1,1,1,1,1,1,1,1,1
OTU_1631,1,1,1,1,1,13,14,1,1,1,34,1,1,1,1,1,1,1,175,1,6,1,1,1,1,4,1,1,1,46,15,1,1,1,1,1,1,1,1,1,1,1,1,1,35,4,49,1,1,2
OTU_1632,1,1,1,1,1,1,1,1,1,1,1,1,1,1,1,1,1,1,1,1,1,1,1,1,1,1,1,1,1,1,1,1,1,1,1,1,1,1,1,1,1,1,1,1,1,1,1,1,1,1
OTU_1633,1,1,1,1,1,1,1,1,1,1,1,1,1,1,1,1,1,1,1,1,1,1,1,1,1,1,1,1,1,1,1,1,1,1,1,1,1,1,1,1,1,1,1,1,1,1,1,1,1,1
OTU_1634,36,100,133,73,197,108,6,1,36,4,11,281,83,119,332,223,17,37,4,10,136,372,9,21,131,1,1,96,34,164,29,14,77,68,205,25,7,27,12,28,101,284,12,93,49,121,94,7,424,283
OTU_1635,1,1,1,1,1,1,1,1,1,1,1,1,1,1,1,1,1,1,1,1,1,1,1,1,1,1,1,1,1,1,1,1,1,1,1,1,1,1,1,1,1,1,1,1,1,1,1,1,1,1
OTU_1636,1,1,203,1,1,1,1,1,33,1,1,1,1,1,1,18,1,1,1,1,1,1,1,1,1,1,1,1,1,1,1,1,1,1,1,1,1,1,1,92,1,1,1,1,1,8,1,1,1,1
OTU_1637,1,12,1,1,1,1,1,1,1,1,1,1,1,1,1,1,18,1,1,1,1,1,1,1,1,1,1,1,1,1,2,1,5,1,1,1,1,1,1,1,1,1,1,1,1,1,1,1,1,1
OTU_1638,1,1,1,1,1,1,1,1,1,1,1,1,1,1,1,1,1,1,1,1,1,1,1,1,1,1,1,1,1,1,1,1,1,1,1,1,1,1,1,1,1,1,1,1,1,1,1,1,1,1
OTU_1639,1,1,1,1,1,1,1,1,1,1,1,1,1,1,1,1,1,1,1,1,1,1,1,1,1,1,1,1,1,1,1,1,1,1,1,1,1,1,1,1,1,1,1,1,1,1,1,1,1,1
OTU_1640,1,1,1,1,1,1,1,1,1,1,1,1,1,1,1,1,1,1,1,1,1,1,1,1,1,1,1,1,1,1,1,1,1,1,1,1,1,1,1,1,1,1,1,1,1,1,1,1,1,1
OTU_1641,1,1,1,1,1,1,1,1,1,1,1,1,1,1,1,1,1,1,1,1,1,1,1,1,1,1,1,1,1,1,1,1,1,1,1,1,1,1,1,1,1,1,1,1,1,1,1,1,1,1
OTU_1642,1,1,1,1,1,1,1,1,1,1,1,1,1,1,1,1,1,1,1,1,1,1,1,1,1,1,1,1,1,1,1,1,1,1,1,1,1,1,1,1,1,1,1,1,1,1,1,1,1,1
OTU_1643,1,1,1,1,1,1,1,1,1,1,1,1,1,1,1,1,1,1,1,1,1,1,1,1,1,1,1,1,1,1,1,1,1,1,1,1,1,1,1,1,1,1,1,1,1,1,1,1,1,1
OTU_1644,1,1,2,1,1,1,33,1,1,1,1,1,1,1,1,1,101,1,1,2,1,1,179,20,1,1,4,1,1,1,1,1,21,1,1,1,1,62,1,1,1,1,1,1,1,1,1,1,1,1
OTU_1645,1,1,1,1,1,1,1,1,1,1,1,1,1,1,1,1,1,1,1,1,1,1,1,1,1,1,1,1,1,1,1,1,1,1,1,1,1,1,1,1,1,1,1,1,1,1,1,2,1,1
OTU_1646,4,1,32,2,1,1,1,2,8,19,2,3,1,229,5,1,33,1,1,16,5,1,37,2,12,3,16,18,1,7,10,53,40,1,36,132,15,1,1,1,2,2,55,9,1,1,85,88,18,23
OTU_1647,1,1,1,1,1,1,1,1,1,1,1,1,1,1,1,1,1,1,1,1,1,1,1,1,1,1,1,1,1,1,1,1,1,1,1,1,1,1,1,1,1,1,1,1,1,1,1,1,1,1
OTU_1648,12,1,1,235,277,74,17,23,280,40,2,47,96,38,9,5,19,1,160,125,27,216,431,11,37,1,222,1,94,155,20,155,1,183,176,10,11,1,28,1,1,387,40,2,5,49,1,31,283,120
OTU_1649,1,1,1,1,1,1,1,1,1,1,1,1,1,1,1,1,1,1,1,1,1,1,1,1,1,1,1,1,1,1,1,1,1,1,1,1,1,1,1,1,1,1,1,1,1,1,1,1,1,1
OTU_1650,1,1,1,1,1,1,1,1,1,1,1,1,1,1,1,1,1,1,1,1,1,1,1,1,1,1,1,1,1,1,1,1,1,1,1,1,1,1,1,1,1,1,1,1,1,1,1,1,1,1
OTU_1651,39,1,1,1,410,11,2,1,2,1,1,1,3,2,1,1,3,1,4,1,11,1,2,1,6,9,2,1,1,34,1,1,1,1,22,1,1,1,1,1,1,1,1,1,1,1,1,1,1,1
OTU_1652,1,1,1,1,1,1,1,1,1,1,1,1,1,8,1,1,1,1,1,1,1,1,1,1,1,1,1,1,1,1,1,1,1,1,1,1,1,1,1,1,1,1,1,1,1,1,1,1,1,1
OTU_1653,1,1,1,1,1,1,1,1,1,1,1,1,1,1,1,1,1,1,1,1,1,1,1,1,1,1,1,1,1,1,1,1,1,1,1,1,1,1,1,1,1,1,1,1,1,1,1,1,1,1
OTU_1654,1,1,1,1,1,1,1,1,1,1,1,1,1,1,1,1,1,1,1,1,1,1,1,1,1,1,1,1,1,1,1,1,1,1,1,1,1,1,1,1,1,1,1,1,1,1,1,1,1,1
OTU_1655,6,67,1,1,118,60,305,5,16,8,111,39,3,82,2,4,3,19,1,61,6,219,166,1,1,16,229,131,144,5,527,423,259,1,1,9,1,71,27,1,1,1,47,7,19,1,1,2,1,1
OTU_1656,1,1,1,1,1,1,1,1,1,1,1,1,1,1,1,1,1,1,1,1,1,1,1,1,1,1,1,1,1,1,1,1,1,1,1,1,1,1,1,1,1,1,1,1,1,1,1,1,1,1
OTU_1657,1,1,1,95,18,474,98,1,1,4,1,4,1,1,15,1,11,1,89,1,1,1,1,1,151,9,1,76,1,1,1,1,1,8,18,1,1,22,1,1,1,1,737,271,14,1,2,5,1,8
OTU_1658,1,1,1,1,1,1,1,1,1,1,1,1,1,1,1,1,1,1,1,1,1,1,1,1,1,1,1,1,1,1,1,1,1,1,1,1,1,1,1,1,1,1,1,1,1,1,1,1,1,1
OTU_1659,500,33,258,604,18,253,216,231,6,57,339,126,69,575,188,273,635,240,178,287,249,33,138,54,583,573,222,136,12,80,267,192,137,319,222,263,164,80,1488,584,106,493,36,306,20,52,39,396,38,281
OTU_1660,1,6,193,7,1,1,3,11,1,1,1,11,30,158,3,2,1,2,1,1,84,8,1,1,1,1,1,1,1,19,8,1,2,27,2,22,1,163,131,6,104,9,1,1,1,1,2,1,11,3
OTU_1661,1,90,273,232,4,13,1,11,175,677,40,202,459,139,122,327,25,264,1,5,13,213,20,103,8,295,132,10,5,213,2,8,1,233,1,6,328,128,10,279,339,397,20,17,13,164,11,32,495,2
OTU_1662,1,1,1,1,1,1,1,1,1,1,1,1,1,1,1,1,1,1,1,1,1,1,1,1,1,1,1,1,1,1,1,1,1,1,1,1,1,1,1,1,1,1,1,1,1,1,1,1,1,1
OTU_1663,1,1,1,1,1,1,1,1,1,1,1,1,1,1,1,1,1,1,1,1,1,1,1,1,1,1,1,1,1,1,1,1,1,1,1,1,1,1,1,1,1,1,1,1,1,1,1,1,1,1
OTU_1664,1,1,1,1,1,1,1,1,1,1,1,1,1,1,1,1,1,1,1,1,1,1,1,1,1,6,1,1,1,1,1,1,1,1,1,1,78,1,2,1,1,1,1,1,1,1,1,2,1,1
OTU_1665,1,1,1,1,1,1,1,1,1,1,3,1,1,1,1,1,1,1,1,1,1,1,1,1,1,1,1,1,4,1,1,1,1,1,1,1,1,1,1,1,1,1,1,1,155,1,1,1,1,1
OTU_1666,1,1,1,1,1,1,1,1,1,1,1,1,1,1,1,1,1,1,1,1,1,1,1,1,1,1,1,1,1,1,1,1,1,1,1,1,1,1,1,1,1,1,1,1,1,1,1,1,1,1
OTU_1667,1,1,1,1,1,1,1,1,1,1,1,1,1,1,1,1,1,1,1,1,1,1,1,1,1,1,1,1,1,1,1,1,1,1,1,1,1,1,1,1,1,1,1,1,1,1,1,1,1,1
OTU_1668,1,1,1,1,1,1,1,1,1,1,1,1,1,1,1,1,1,1,1,1,1,1,1,1,1,1,1,1,1,1,1,1,1,1,1,1,1,1,1,1,1,1,1,1,1,1,1,1,1,1
OTU_1669,1,1,1,1,1,1,1,1,1,1,1,1,1,1,1,1,1,1,1,1,1,1,1,1,1,1,1,1,224,1,1,1,1,1,1,1,1,1,1,1,1,1,1,1,1,1,1,1,1,1
OTU_1670,110,233,54,115,634,308,158,110,60,105,121,148,338,180,82,220,65,205,29,10,40,171,324,15,92,99,77,179,349,180,7,21,488,137,298,92,287,88,37,54,672,14,159,58,94,142,209,262,567,68
OTU_1671,1,1,1,1,1,1,1,1,1,1,1,1,1,1,1,1,1,1,1,1,1,1,1,1,86,1,1,1,1,1,1,1,1,1,1,1,1,1,1,1,1,1,1,1,1,1,1,1,1,3
OTU_1672,1,1,1,1,1,1,1,1,1,1,1,1,1,1,1,1,1,1,1,1,1,1,1,1,1,1,1,1,1,1,1,1,1,1,1,1,1,1,1,1,1,1,1,1,1,1,1,1,1,1
OTU_1673,1,1,1,11,4,2,17,38,1,16,1,13,2,1,84,1,1,1,1,1,1,3,1,1,1,1,1,1,231,1,1,15,1,1,1,1,1,1,1,4,1,1,1,1,6,1,1,4,1,21
OTU_1674,1,1,1,1,1,1,1,1,1,1,1,1,1,1,1,1,1,1,1,1,1,1,1,1,1,1,1,1,1,1,1,1,1,1,1,1,1,1,1,1,1,1,1,1,1,1,1,1,1,1
OTU_1675,1,1,1,1,1,1,1,1,1,1,1,1,1,1,1,1,1,1,1,1,1,1,1,1,1,1,1,1,1,1,1,1,1,1,1,1,1,1,1,1,1,1,1,1,1,1,1,1,1,1
OTU_1676,1,1,1,1,1,1,1,1,1,1,1,1,1,1,1,1,1,1,1,1,1,1,1,1,1,1,1,1,1,1,1,1,1,1,1,1,1,1,1,1,1,1,1,1,1,1,1,1,1,1
OTU_1677,1,1,1,1,1,1,1,1,1,1,1,1,1,1,1,1,1,1,1,1,1,1,1,1,1,1,1,1,1,1,1,1,1,1,1,1,1,1,1,1,1,1,1,1,1,1,1,1,1,1
OTU_1678,1,1,1,1,1,1,1,1,1,1,1,8,1,1,1,1,1,8,1,1,1,5,1,1,1,1,1,1,1,48,1,1,1,1,1,1,1,1,1,1,1,1,1,1,211,1,1,1,1,1
OTU_1679,1,1,1,1,1,1,1,1,1,1,1,1,1,1,1,1,1,1,1,1,1,1,1,1,1,1,1,1,1,1,1,1,1,1,1,1,1,1,1,1,1,1,1,1,1,1,1,1,1,1
OTU_1680,1,1,1,1,1,1,1,1,1,1,1,1,1,1,1,1,1,1,1,1,1,1,1,1,1,1,1,1,1,1,1,1,1,1,1,1,1,1,1,1,1,1,1,1,1,1,1,1,1,1
OTU_1681,1,1,1,1,1,1,1,1,1,1,1,1,1,1,1,1,1,1,1,1,1,1,1,1,1,1,1,1,1,1,1,1,1,1,1,1,1,1,1,1,1,1,1,1,1,1,1,1,1,1
OTU_1682,1,1,1,1,1,1,1,1,1,1,1,1,1,1,1,1,1,1,1,1,1,1,1,1,1,1,1,1,1,1,1,1,1,1,1,1,1,1,1,1,1,1,1,1,1,1,1,1,1,1
OTU_1683,1,1,1,1,1,1,1,1,1,1,1,1,1,1,1,1,1,1,1,1,1,1,1,1,1,1,1,1,1,1,1,1,1,1,1,1,1,1,1,1,1,1,1,1,1,1,1,1,1,1
OTU_1684,1,1,1,1,1,1,1,1,1,1,1,1,1,1,1,1,1,1,1,1,1,1,1,1,1,1,1,1,1,1,1,1,1,1,1,1,1,1,1,1,1,1,1,1,1,1,1,1,1,1
OTU_1685,1,1,1,1,1,1,1,1,1,1,1,1,1,1,1,1,1,1,1,1,1,1,1,1,1,1,1,1,1,1,1,1,1,1,1,1,1,1,1,1,1,1,1,1,1,1,1,1,1,1
OTU_1686,1,1,1,1,1,1,1,1,1,1,1,1,1,1,1,1,1,1,1,1,1,1,1,1,1,1,1,1,1,1,1,1,1,1,1,1,1,1,1,1,1,1,1,17,1,1,1,1,1,1
OTU_1687,1,1,1,1,1,1,1,1,1,1,1,1,1,1,1,1,1,1,1,1,1,1,1,1,1,1,1,1,1,1,1,1,1,1,1,1,1,1,1,1,1,1,1,1,1,1,1,1,1,1
OTU_1688,1,1,1,1,1,1,1,1,1,1,1,1,1,1,1,1,1,1,1,1,1,1,1,1,1,1,1,1,1,1,1,1,1,1,1,1,1,1,1,1,1,1,1,1,1,1,1,1,1,1
OTU_1689,1,1,5,1,1,1,1,2,1,1,1,1,7,1,1,1,1,3,36,4,1,30,360,1,125,1,1,1,1,1,4,1,1,104,2,1,26,1,32,3,1,265,1,1,1,2,3,1,1,22
OTU_1690,1,1,1,1,1,1,1,1,1,1,1,1,1,1,1,1,1,1,1,1,1,1,1,1,1,1,1,1,1,1,1,1,1,1,1,1,1,1,1,1,1,1,1,1,1,1,1,1,1,1
OTU_1691,1,1,1,1,1,1,1,1,1,1,1,1,1,1,1,1,1,1,1,1,1,1,1,1,1,1,1,1,1,1,1,1,1,1,1,1,1,1,1,1,1,1,1,1,1,1,1,1,1,1
OTU_1692,1,1,1,1,1,1,1,1,1,1,1,8,1,1,1,1,81,1,23,1,1,2,4,1,1,1,1,1,18,1,1,1,1,1,1,1,1,1,1,1,1,1,1,1,1,213,1,1,1,1
OTU_1693,1,1,1,1,1,1,1,1,1,1,1,1,1,1,1,1,1,1,1,1,1,1,1,1,1,1,1,1,1,1,1,1,1,1,1,1,1,1,1,1,1,1,1,1,1,1,1,1,1,1
OTU_1694,25,12,77,1,966,1,47,4,1,4,550,10,269,132,4,1,152,1,11,4,24,39,3,2,83,3,23,2,24,1,1,2,4,102,2,76,570,136,2,72,9,44,60,9,28,83,163,1,274,78
OTU_1695,1,1,1,1,1,1,1,1,1,1,1,1,1,1,1,1,1,1,1,1,1,1,1,1,1,1,1,1,1,1,1,1,1,1,1,1,1,1,1,1,1,1,1,1,1,1,1,1,1,1
OTU_1696,1,212,1,1,1,1,1,1,1,1,1,1,1,1,1,1,1,1,1,1,1,1,1,1,1,1,1,1,1,1,1,1,1,1,1,1,1,1,1,1,1,1,1,1,1,1,1,1,1,1
OTU_1697,1,1,2,30,1,1,76,80,1,7,1,47,10,24,17,1,2,1,1,33,9,1,15,94,1,44,17,1,70,2,134,1,1,1,1,10,24,1,1,1,1,15,45,30,25,68,1,1,12,1
OTU_1698,1,1,1,1,1,1,1,1,1,1,1,1,1,1,1,1,1,1,1,1,1,1,1,1,1,1,1,1,1,1,1,1,1,1,1,1,1,1,1,1,1,1,1,1,1,1,1,1,1,1
OTU_1699,1,1,1,1,1,1,1,1,1,1,1,1,1,1,1,1,1,1,1,1,1,1,1,1,1,1,1,91,1,1,1,1,1,1,1,1,1,1,1,1,1,1,1,1,1,1,1,1,1,8
OTU_1700,1,1,1,1,1,1,1,1,1,1,1,1,1,1,1,1,1,1,1,1,1,1,1,1,1,1,1,1,1,1,1,1,1,1,1,1,1,1,1,1,1,1,1,1,1,1,1,1,1,1
OTU_1701,1,1,1,1,1,1,1,1,5,1,13,1,1,1,1,1,1,1,1,17,1,138,4,105,1,1,1,1,1,1,1,1,1,1,1,1,1,15,1,1,185,1,1,1,4,60,42,1,1,1
OTU_1702,1,1,1,1,1,1,1,1,1,1,1,1,1,1,1,1,1,1,1,1,1,1,1,1,1,1,1,1,1,1,1,1,1,1,1,1,1,1,1,1,1,1,1,1,1,1,1,1,1,1
OTU_1703,1,1,1,1,1,1,1,1,1,1,1,1,1,1,1,1,1,1,1,1,1,1,1,1,1,1,1,1,1,1,1,1,1,1,1,1,1,1,1,1,1,1,1,1,1,1,1,1,1,1
OTU_1704,1,1,1,1,1,1,1,1,1,1,1,1,1,1,6,1,1,1,1,1,1,1,1,1,1,1,1,1,1,1,2,1,1,44,1,1,1,1,1,1,1,1,1,1,1,1,1,1,1,1
OTU_1705,1,1,1,1,1,1,1,1,1,1,1,1,1,1,1,1,1,1,1,1,1,1,1,1,1,1,1,1,1,1,1,1,1,1,1,1,1,1,1,1,1,1,1,1,1,1,1,1,1,1
OTU_1706,1,1,1,1,1,1,1,1,1,1,1,1,1,1,1,1,1,1,1,1,1,1,1,1,1,1,1,1,1,1,1,1,1,1,1,1,1,1,1,1,1,1,1,1,1,1,1,1,1,1
OTU_1707,1,1,1,1,1,1,1,1,1,1,1,1,1,1,1,1,1,1,1,1,1,1,1,1,1,1,1,1,1,1,1,1,1,1,1,1,1,1,1,1,1,1,1,1,1,1,1,1,1,1
OTU_1708,1,1,1,1,1,1,1,1,1,1,1,1,1,1,1,1,1,1,1,1,2,1,93,1,1,1,1,1,1,1,1,1,1,1,1,1,1,1,34,1,1,23,1,1,1,1,1,1,1,1
OTU_1709,1,1,1,1,1,1,1,1,1,1,1,1,1,1,1,1,1,1,1,1,1,1,1,1,1,1,1,1,1,1,1,1,1,1,1,1,1,1,1,1,1,1,1,1,1,1,1,1,1,1
OTU_1710,1,1,1,1,1,1,1,1,1,1,1,1,1,1,1,1,1,1,1,1,1,1,1,1,1,1,1,1,1,1,1,1,1,1,1,1,1,1,1,1,1,1,1,1,1,1,1,1,1,1
OTU_1711,6,1,1,1,1,1,1,1,1,1,1,1,1,1,1,1,1,3,1,1,1,1,1,1,1,1,1,1,1,1,1,1,1,1,1,1,1,1,1,1,1,1,1,1,1,1,1,1,1,1
OTU_1712,1,1,1,1,1,1,1,1,1,1,1,1,1,1,1,1,1,1,1,1,1,1,1,1,1,1,1,1,1,1,1,1,1,1,1,1,1,1,1,1,1,1,1,1,1,1,1,1,1,1
OTU_1713,1,1,1,1,1,1,1,1,1,1,1,1,1,1,1,1,1,1,1,1,1,1,1,1,1,1,1,1,1,1,1,1,1,1,1,1,1,1,1,1,1,1,1,1,1,1,1,1,1,1
OTU_1714,167,567,247,415,47,123,100,117,7,191,394,104,145,90,388,77,20,137,18,465,51,30,5,12,259,3,16,58,168,246,252,30,817,965,131,11,726,640,584,768,55,234,6,202,263,164,31,142,39,178
OTU_1715,1,1,1,1,1,1,1,1,1,1,1,1,1,1,1,1,1,1,1,1,1,1,1,1,1,1,1,1,1,1,1,1,1,1,1,1,1,1,1,1,1,1,1,1,1,1,1,1,1,1
OTU_1716,1,1,1,1,15,1,103,4,1,2,92,17,16,1,2,1,1,1,11,1,1,12,1,17,187,1,3,83,84,167,1,1,171,1,1,1,1,32,1,2,1,1,1,1,1,105,19,1,44,1
OTU_1717,1,1,1,1,1,1,1,1,1,1,1,1,1,1,1,1,1,1,1,1,1,1,1,1,1,1,1,1,1,1,1,1,1,1,1,1,1,1,1,1,1,1,1,1,1,1,1,1,1,1
OTU_1718,1,1,1,1,1,1,15,5,1,1,1,1,1,1,80,1,5,1,107,1,1,1,1,1,1,1,2,1,1,1,1,1,1,1,1,1,7,1,27,1,1,9,1,1,1,1,44,1,2,75
OTU_1719,1,1,1,1,1,1,1,1,1,1,1,1,1,1,1,1,1,1,1,1,1,1,20,1,1,1,1,1,1,2,1,1,1,1,1,1,1,1,1,1,1,1,1,7,1,1,1,1,10,1
OTU_1720,1,1,1,1,1,1,122,4,3,1,1,1,1,21,1,1,1,1,1,1,1,1,1,1,1,1,1,1,1,1,1,1,1,1,51,1,1,1,1,1,57,1,1,1,1,1,1,1,1,1
OTU_1721,1,1,1,1,1,1,1,1,1,1,1,1,1,1,1,1,1,1,1,1,1,1,1,1,1,1,1,1,1,1,1,1,1,1,1,1,1,1,1,1,1,1,1,1,1,1,1,1,1,1
OTU_1722,1,1,1,1,1,1,1,1,1,1,1,1,1,1,1,1,1,1,1,1,1,1,1,1,1,1,1,1,1,1,1,1,1,1,1,1,1,1,1,1,1,1,1,1,1,1,1,1,1,1
OTU_1723,1,1,1,1,1,1,1,1,1,1,1,1,1,1,1,1,1,1,1,1,1,1,1,1,1,1,3,1,1,1,1,1,1,1,1,1,1,1,1,1,1,1,1,1,1,1,1,1,1,1
OTU_1724,465,60,82,7,404,61,539,45,79,198,33,83,5,116,3,3,41,213,99,566,13,21,87,101,164,38,384,255,25,379,102,1002,20,343,435,36,568,9,113,411,15,177,25,137,317,220,200,65,18,236
OTU_1725,1,1,1,1,1,1,1,1,1,1,1,1,1,1,1,1,1,1,1,1,1,1,1,1,1,1,1,1,1,1,1,1,1,1,1,1,1,1,1,1,1,1,1,1,1,1,1,1,1,1
OTU_1726,1,1,1,1,1,1,1,1,1,1,1,1,1,1,1,1,1,1,1,1,1,1,1,1,1,1,1,1,1,1,1,1,1,1,1,1,1,1,1,1,1,1,1,1,1,1,1,1,1,1
OTU_1727,1,1,1,1,225,157,1,1,47,184,1,5,13,6,1,1,140,1,2,1,1,1,1,1,13,14,12,1,1,239,3,4,1,10,9,1,1,3,1,1,42,1,31,6,1,1,1,197,4,1
OTU_1728,1,1,1,1,1,1,1,1,1,1,1,1,1,1,1,1,1,1,1,1,1,1,1,1,1,1,1,1,1,1,1,1,1,1,1,1,1,1,1,1,1,1,1,1,1,1,1,1,1,1
OTU_1729,1,1,1,1,16,1,1,2,1,1,1,1,1,1,1,48,1,2,1,1,1,1,1,1,1,1,1,1,1,1,1,1,7,1,1,1,1,1,1,1,1,1,1,1,1,2,1,23,1,1
OTU_1730,1,1,1,1,1,1,1,1,1,1,1,1,1,1,1,1,1,1,1,1,1,1,1,1,1,1,1,1,1,1,1,1,1,1,1,1,1,1,1,1,1,1,1,1,1,1,1,1,1,1
OTU_1731,1,1,1,1,1,1,9,1,1,1,321,1,1,1,3,1,1,2,1,1,1,15,1,1,1,1,1,1,1,1,1,1,1,1,1,1,1,1,1,1,1,1,1,1,1,1,1,1,1,112
OTU_1732,1,1,1,1,1,1,1,1,1,1,1,1,1,1,1,1,1,1,1,1,12,1,1,1,1,1,1,1,1,1,1,1,1,1,1,1,1,1,1,1,1,1,1,1,1,1,1,1,1,1
OTU_1733,1,1,1,1,1,1,1,1,1,1,1,1,1,1,1,1,1,1,1,1,1,1,1,1,1,1,1,1,1,1,1,1,1,1,1,1,1,1,1,1,1,1,1,1,1,1,1,1,1,1
OTU_1734,1,1,1,1,1,1,1,1,1,1,1,1,1,1,1,1,1,1,1,1,1,1,1,1,1,1,1,1,1,1,1,1,1,1,1,1,1,1,1,1,1,1,1,1,1,1,1,1,1,1
OTU_1735,1,1,1,1,1,1,1,1,1,1,1,1,1,1,1,1,1,1,1,1,1,1,1,1,1,1,1,1,1,1,1,1,1,1,1,1,1,1,1,1,1,1,1,1,1,1,1,1,1,1
OTU_1736,1,1,1,1,1,1,1,1,1,1,1,1,1,1,1,1,1,1,1,1,1,1,1,1,1,1,1,1,1,1,1,1,1,1,1,1,1,1,1,1,1,1,1,1,1,1,1,1,1,1
OTU_1737,219,274,73,74,76,107,108,550,77,4,6,211,37,237,1084,181,354,91,544,516,261,42,285,8,15,81,45,333,347,7,220,217,104,18,339,19,314,3,24,370,37,324,126,100,68,216,193,233,127,39
OTU_1738,1,1,1,1,1,1,1,1,1,1,1,1,1,1,1,1,1,1,1,1,1,1,1,1,1,1,1,1,1,1,1,1,1,1,1,1,1,1,1,1,1,1,1,1,1,1,1,1,1,1
OTU_1739,1,1,1,1,1,2,150,1,1,1,1,4,30,1,1,1,13,1,1,1173,2,1,24,98,2,1,1,1,7,21,2,1,2,1,1,1,1,1,9,1,1,1,6,90,1,1,2,1,1,1
OTU_1740,1,25,11,1,1,14,1,1,1,2,1,1,109,1,1,1,1,1,1,1,1,1,1,1,1,10,1,6,1,1,1,1,139,1,1,1,1,1,1,2,1,1,20,1,1,1,45,1,1,1
OTU_1741,1,1,1,1,1,1,1,1,1,1,1,1,1,1,1,1,1,1,1,1,1,1,1,1,1,1,1,1,1,1,1,1,1,1,1,1,1,1,1,1,1,1,1,1,1,1,1,1,1,1
OTU_1742,1,1,1,1,1,1,1,1,1,1,1,1,1,1,1,1,1,1,1,1,1,1,1,1,1,1,1,1,1,1,1,1,1,1,1,1,1,1,1,1,1,1,1,1,1,1,1,1,1,1
OTU_1743,167,1,2,1,1,137,3,1,240,60,1,1,22,81,12,1,106,33,2,21,27,5,39,11,34,170,20,37,10,156,151,189,53,10,15,77,18,195,2,108,73,4,72,436,6,1,180,1,355,9
OTU_1744,1,1,1,1,1,1,1,1,1,1,1,1,1,1,1,1,1,1,1,1,1,1,1,1,1,1,1,1,1,1,1,1,1,1,1,1,1,1,1,1,1,1,1,1,1,1,1,1,1,1
OTU_1745,1,1,8,1,1,1,1,1,1,1,1,1,1,1,1,1,1,1,1,1,1,1,1,1,1,1,1,1,1,1,1,1,1,1,1,1,1,1,1,1,1,1,1,1,1,1,1,1,1,1
OTU_1746,1,1,1,1,1,1,1,1,1,1,1,1,1,1,1,1,1,1,1,1,1,1,1,1,1,1,1,1,1,1,1,1,1,1,1,1,1,1,1,1,1,1,1,1,1,1,1,1,1,1
OTU_1747,1,1,1,1,1,1,1,1,1,1,1,1,1,1,1,1,1,1,1,1,1,1,1,1,1,1,1,1,1,1,1,327,1,1,1,1,1,1,1,1,1,1,1,1,1,1,1,3,1,1
OTU_1748,1,1,1,1,1,1,1,1,1,1,1,1,1,1,1,1,1,1,1,1,1,1,1,1,1,1,1,1,1,1,1,1,1,1,1,1,1,1,1,1,1,1,1,1,1,1,1,1,1,1
OTU_1749,1,1,1,1,1,1,1,1,1,1,1,1,1,1,1,1,1,1,1,1,1,1,1,1,1,1,1,1,1,1,1,1,1,1,1,1,1,1,1,1,1,1,1,1,1,1,1,1,1,1
OTU_1750,1,1,1,1,1,1,1,1,81,1,1,1,1,1,44,25,156,1,1,1,5,1,2,1,1,1,1,1,1,1,2,375,1,1,1,1,2,1,1,1,184,1,1,19,350,3,1,1,1,1
OTU_1751,1,1,1,1,1,1,1,1,1,1,1,1,1,1,1,1,1,1,1,1,1,1,1,1,1,1,1,1,1,1,1,1,1,1,1,1,1,1,1,1,1,1,1,1,1,1,1,1,1,1
OTU_1752,1,1,1,1,1,1,1,1,1,1,1,1,1,1,1,1,1,1,1,1,1,1,1,1,1,1,1,1,1,1,1,1,1,1,1,1,1,1,1,1,1,1,1,1,1,1,1,1,1,1
OTU_1753,1,1,1,1,1,1,1,1,1,1,3,1,1,1,1,1,1,4,1,1,1,1,1,1,1,1,1,1,1,1,1,1,1,1,1,1,1,1,1,1,1,1,1,45,1,1,1,1,1,1
OTU_1754,1,1,1,1,1,1,1,1,1,1,1,1,1,1,1,1,1,1,1,1,1,1,1,1,1,1,1,1,1,1,1,1,1,1,1,1,1,1,1,1,1,1,1,1,1,1,1,1,1,1
OTU_1755,1,1,1,1,1,1,1,1,1,1,1,1,1,1,1,1,1,1,1,1,1,1,1,1,1,1,1,1,1,1,1,1,1,1,1,1,1,1,1,1,1,1,1,1,1,1,1,1,1,1
OTU_1756,1,1,1,1,1,1,1,1,1,1,1,1,1,1,1,1,1,1,1,1,1,1,1,1,1,1,1,1,1,1,1,1,1,1,1,1,1,1,1,1,1,1,1,1,1,1,1,1,1,1
OTU_1757,1,1,1,1,1,1,1,1,1,1,1,1,1,1,1,1,1,1,1,1,1,1,1,1,1,1,1,1,1,1,1,1,1,1,1,1,1,1,1,1,1,1,1,1,1,1,1,1,1,1
OTU_1758,1,1,1,1,1,1,1,1,1,1,1,1,1,1,1,1,1,1,1,1,1,1,1,1,1,1,1,1,1,1,1,1,1,1,1,1,1,1,1,1,1,1,1,1,1,1,1,1,1,1
OTU_1759,101,3,3,17,254,93,21,133,8,12,22,40,8,60,71,8,1,1,4,118,427,8,9,809,81,31,177,1,118,99,498,2,20,22,736,272,59,2,4,173,3,30,2,47,13,3,505,54,2,37
OTU_1760,1,1,1,1,1,1,1,1,1,1,1,1,1,1,1,1,1,1,1,1,1,1,1,1,1,1,1,1,1,1,1,1,1,1,1,1,1,1,1,1,1,1,1,1,1,1,1,1,1,1
OTU_1761,37,489,27,120,233,19,6,26,3,2,281,194,25,29,110,30,246,73,90,252,431,39,264,34,131,84,84,20,25,127,131,237,8,113,31,1,188,7,119,37,106,87,15,359,55,7,84,48,1,1416
OTU_1762,1,1,1,1,1,1,1,1,1,1,1,1,1,1,1,1,1,1,1,1,1,1,1,1,1,1,1,1,1,1,1,1,1,1,1,1,1,1,1,1,1,1,1,1,1,1,1,1,1,1
OTU_1763,1,1,1,1,1,1,1,1,1,1,1,1,1,1,1,1,1,1,1,1,1,1,1,1,1,1,1,1,1,1,1,1,1,1,1,1,1,1,1,1,1,1,1,1,1,1,1,1,1,1
OTU_1764,1,1,1,1,1,1,1,1,1,1,1,1,1,1,1,1,1,1,1,1,1,1,1,1,1,1,1,1,1,1,1,1,1,1,1,1,1,1,1,1,1,1,1,1,1,1,1,1,1,1
OTU_1765,1,1,1,1,1,1,1,1,1,1,1,1,1,1,1,1,1,1,1,1,1,1,1,1,1,1,1,1,1,1,1,1,1,1,1,1,1,1,1,1,1,1,1,1,1,1,1,1,1,1
OTU_1766,1,1,1,1,1,1,1,1,1,1,1,1,1,1,1,1,1,1,1,1,1,1,1,1,1,1,1,1,1,1,1,1,1,1,1,1,1,1,1,1,1,1,1,1,1,1,1,1,1,1
OTU_1767,1,1,12,1,1,1,1,1,1,1,1,1,1,1,1,1,1,1,1,1,1,2,1,1,1,27,1,1,1,1,1,1,1,1,1,1,1,1,1,1,1,1,1,1,1,1,1,1,1,1
OTU_1768,1,1,1,1,1,1,1,1,1,1,1,11,1,1,1,1,1,1,1,1,1,1,1,1,1,1,1,1,1,1,1,1,1,1,1,279,1,1,1,1,1,1,1,1,1,1,1,1,1,1
OTU_1769,1,1,1,1,1,1,25,1,1,1,1,1,1,1,1,1,1,1,1,1,1,2,5,1,1,1,1,1,1,1,1,1,1,1,1,1,1,3,1,1,1,1,1,1,1,1,1,1,1,1
OTU_1770,1,1,1,1,1,1,1,1,1,1,1,1,1,1,1,1,1,1,1,1,1,1,1,1,1,1,1,1,1,1,1,1,1,1,1,1,1,1,1,1,1,1,1,1,1,1,1,1,1,1
OTU_1771,1,1,1,1,1,1,1,1,1,1,1,1,1,1,1,1,1,1,1,1,1,1,1,1,1,1,1,1,1,1,1,1,1,1,1,1,1,1,1,1,1,1,1,1,1,1,1,1,1,1
OTU_1772,1,1,1,1,1,1,1,1,1,1,1,1,1,1,1,1,1,1,1,1,1,1,1,1,1,1,1,1,1,1,1,1,1,1,1,1,1,1,1,1,1,1,1,1,1,1,1,1,1,1
OTU_1773,1,1,1,1,1,1,1,1,1,1,1,1,1,1,1,1,1,1,1,1,1,1,1,1,1,1,1,1,1,1,1,1,1,1,1,1,1,1,1,1,1,1,1,1,1,1,1,1,1,1
OTU_1774,1,1,1,1,1,1,1,1,1,1,1,1,1,1,1,1,1,1,1,1,1,1,1,1,1,1,1,1,1,1,1,1,1,1,1,1,1,1,1,1,1,1,1,1,1,1,1,1,1,1
OTU_1775,1,1,1,1,1,1,1,1,1,1,1,1,1,1,1,1,1,1,1,1,1,1,1,1,1,1,1,1,1,1,1,1,1,1,1,1,1,1,1,1,1,1,1,1,1,1,1,1,1,1
OTU_1776,1,1,1,1,1,1,1,1,1,1,1,1,1,1,1,1,1,1,1,1,1,1,1,1,1,1,1,1,1,1,1,1,1,1,1,1,1,1,1,1,1,1,1,1,1,1,1,1,1,1
OTU_1777,1,1,1,1,1,1,1,1,1,1,1,1,1,1,1,1,1,1,1,1,1,1,1,1,1,1,1,1,1,1,1,1,1,1,1,1,1,1,1,1,1,1,1,1,1,1,1,1,1,1
OTU_1778,1,1,1,4,1,1,1,1,3,1,1,1,1,1,1,1,1,1,1,1,1,1,1,1,2,1,1,1,1,1,1,1,1,6,1,1,1,1,1,1,1,1,1,1,1,1,1,1,51,1
OTU_1779,1,1,1,1,1,1,1,1,1,1,1,1,1,1,1,1,1,1,1,1,1,1,1,1,1,1,1,1,1,1,1,1,1,1,1,1,1,1,1,1,1,1,1,1,1,1,1,1,1,1
OTU_1780,1,1,1,1,1,1,1,1,1,1,1,1,1,1,1,1,1,1,1,1,1,1,1,1,1,1,1,1,1,1,1,1,1,1,1,1,1,1,1,1,1,1,1,1,1,1,1,1,1,1
OTU_1781,1,1,1,1,1,1,1,1,1,1,1,1,1,1,1,1,1,1,1,1,1,1,1,1,1,1,1,1,1,1,1,1,1,1,1,1,1,1,1,1,1,1,1,1,1,1,1,1,1,1
OTU_1782,1,2,1,1,1,1,1,1,1,1,1,1,1,1,1,1,1,1,1,61,1,1,1,1,1,1,1,1,1,1,1,1,1,1,1,1,1,1,1,1,1,1,1,1,1,1,1,1,1,1
OTU_1783,1,1,1,1,1,1,1,1,1,1,1,1,1,1,1,1,1,1,1,1,1,1,1,1,1,1,1,1,1,1,1,1,1,1,1,1,1,1,1,1,1,1,1,1,1,1,1,1,1,1
OTU_1784,1,1,1,1,1,1,1,1,1,1,1,1,1,1,1,1,1,1,1,1,1,1,1,1,1,1,1,1,1,1,1,1,1,1,1,1,1,1,1,1,1,1,1,1,1,1,1,1,1,1
OTU_1785,1,1,1,1,1,1,1,1,1,1,1,1,1,1,1,1,1,1,1,1,1,1,1,1,1,1,1,1,1,1,1,1,1,1,1,1,1,1,1,1,1,1,1,1,1,1,1,1,1,1
OTU_1786,1,1,1,1,1,1,1,1,1,1,1,1,1,1,1,1,1,1,1,1,1,1,1,1,1,1,1,1,1,1,1,1,1,1,1,1,1,1,1,1,1,1,1,1,1,1,1,1,1,1
OTU_1787,1,1,1,1,1,1,1,1,1,1,1,1,1,1,1,1,1,1,2,1,1,1,1,1,1,1,1,1,1,1,1,1,1,1,1,1,1,1,1,1,1,1,1,1,1,1,1,1,1,1
OTU_1788,1,1,1,1,1,1,1,1,1,1,1,1,1,1,1,1,1,1,1,1,1,1,1,1,1,1,1,1,1,1,1,1,1,1,1,1,1,1,1,1,1,1,1,1,1,1,1,1,1,1
OTU_1789,88,71,415,9,4,167,5,49,66,374,35,77,65,23,80,1,1,2,159,2,1,56,9,284,12,74,4,1,1,7,7,1,30,23,29,154,69,5,1,59,15,13,44,251,36,263,3,239,702,32
OTU_1790,1,1,10,1,309,4,1,37,4,134,12,204,53,135,58,1,15,30,103,1,3,1,308,1,1,1,1,1,1,1,1,296,8,230,1,16,21,1,1,27,2,8,1,1,3,66,21,1,22,5
OTU_1791,3,1,1,3,4,100,292,4,5,3,1,38,1,2,1,1,1,1,1,43,69,1,1,10,1,365,1,38,16,1,1,1,1,1,3,40,190,1,1,1,3,1,2,1,1,70,1,1,5,34
OTU_1792,1,1,1,1,1,1,1,1,1,1,1,1,1,1,1,1,1,1,1,1,1,1,1,1,1,1,1,1,1,1,1,1,2,1,1,1,1,1,1,1,1,1,1,1,1,1,1,1,1,1
OTU_1793,1,1,1,1,1,1,1,1,1,1,1,1,1,1,1,1,1,1,1,1,1,1,1,1,1,1,1,1,1,1,1,1,1,1,1,1,1,1,1,1,1,1,1,1,1,1,1,1,1,1
OTU_1794,1,1,1,1,1,1,1,1,1,1,1,1,1,1,1,1,1,1,1,1,1,1,1,1,1,1,1,1,1,1,1,1,1,1,1,1,1,1,1,1,1,1,1,1,1,1,1,1,1,1
OTU_1795,1,1,1,1,1,1,1,1,1,1,1,1,1,1,1,1,1,1,1,1,1,1,1,1,1,1,1,1,1,1,1,1,1,1,1,1,1,1,1,1,1,1,1,1,1,1,1,1,1,1
OTU_1796,1,13,1,8,1,1,1,1,8,1,1,1,13,77,23,15,32,1,1,1,434,113,1,1,33,87,1,2,1,1,1,1,1,1,2,1,1,1,1,3,62,1,7,1,1,16,1,1,1,1
OTU_1797,1,1,1,1,1,1,1,1,1,1,1,1,1,1,1,1,1,1,1,1,1,1,1,1,9,1,1,1,1,1,1,1,1,1,1,1,1,1,1,1,1,1,1,1,1,1,1,1,1,1
OTU_1798,1,1,1,1,1,1,1,1,1,1,1,1,1,1,1,1,1,1,1,1,1,1,1,1,1,1,1,1,1,1,1,1,1,1,1,1,1,1,1,1,1,1,1,1,1,1,1,1,1,1
OTU_1799,1,1,1,1,1,1,1,1,1,1,178,1,1,1,1,1,1,1,1,1,1,1,1,1,1,1,1,1,1,1,1,1,1,1,1,1,1,1,1,1,1,1,1,1,1,1,1,1,1,1
OTU_1800,1,1,1,1,1,1,1,1,1,1,1,1,1,1,1,1,1,1,1,1,1,1,1,1,1,1,1,1,1,1,1,1,1,1,1,1,1,1,1,1,1,1,1,1,1,1,1,1,1,1
OTU_1801,1,1,1,1,1,1,1,1,1,1,1,1,1,1,1,1,1,1,1,1,1,1,1,1,1,1,1,1,1,1,1,1,1,1,1,1,1,1,1,1,1,1,1,1,1,1,1,1,1,1
OTU_1802,1,1,1,1,1,1,1,1,1,1,1,1,1,1,1,1,1,1,1,1,1,1,1,1,1,1,1,1,1,1,1,1,1,1,1,1,1,1,1,1,1,1,1,1,1,1,1,1,1,1
OTU_1803,1,1,1,1,1,1,1,1,1,1,1,1,1,1,1,1,1,1,1,1,1,1,1,1,1,1,1,1,1,1,1,1,1,1,1,1,1,1,1,1,1,1,1,1,1,1,1,1,1,1
OTU_1804,3,24,1,4,269,68,1,17,2,6,1,6,1,102,14,159,144,99,34,109,15,2,70,1,1,1,1,5,204,2,31,1,149,5,2,223,11,2,350,17,70,2,1,1,6,4,25,52,9,45
OTU_1805,1,1,1,1,1,1,1,4,1,1,1,1,1,1,1,1,1,1,1,1,1,1,1,1,1,1,1,1,1,1,1,7,1,7,1,1,1,1,1,1,1,1,1,1,1,1,1,1,1,1
OTU_1806,1,1,1,1,1,1,1,1,1,1,1,1,1,1,1,1,1,1,1,1,1,1,1,12,1,11,1,1,1,1,1,1,76,1,1,1,1,1,1,1,1,1,1,1,1,1,1,1,1,1
OTU_1807,19,102,2,36,276,50,56,191,1,7,142,104,195,292,41,3,45,279,136,501,123,66,133,245,1,25,368,1,120,11,239,6,24,99,167,1,25,206,250,144,102,1,112,200,282,242,568,121,215,127
OTU_1808,1,1,1,1,1,1,1,1,1,1,1,1,1,1,1,1,1,1,1,1,1,1,1,1,1,1,1,1,1,1,1,1,1,1,1,1,1,1,1,1,1,1,1,1,1,1,1,1,1,1
OTU_1809,9,61,204,6,83,41,1,1,53,191,4,1,1,1,1,4,1,1,16,1,26,19,5,38,38,299,1,1,2,39,1,17,104,1,2,1,2,1,1,1,1,1,4,154,6,4,33,1,49,7
OTU_1810,1,1,1,1,1,1,1,1,1,1,1,1,1,1,1,1,1,1,1,1,1,1,1,1,1,1,1,1,1,1,1,1,1,1,1,1,1,1,1,1,1,1,1,1,1,1,1,1,1,1
OTU_1811,1,1,1,1,1,1,1,1,1,1,1,1,1,1,1,1,1,1,1,1,1,1,1,1,1,1,1,1,1,1,1,1,1,1,1,1,1,1,1,1,1,1,1,1,1,1,1,1,1,1
OTU_1812,1,1,1,1,1,1,1,1,1,1,1,1,1,1,1,1,1,1,1,1,1,1,1,1,1,1,1,1,1,1,1,1,1,1,1,1,1,1,1,1,1,1,1,1,1,1,1,1,1,1
OTU_1813,1,1,1,1,1,1,1,1,1,1,1,1,1,1,1,1,1,1,1,1,1,1,1,1,1,1,1,1,1,1,1,1,1,1,1,1,1,1,1,1,1,1,1,1,1,1,1,1,1,1
OTU_1814,1,1,1,1,1,1,1,1,1,1,1,1,1,1,1,1,1,1,1,1,1,1,1,1,1,1,1,1,1,1,1,1,1,1,1,1,1,1,1,1,1,1,1,1,1,1,1,1,1,1
OTU_1815,1,1,1,1,1,1,1,1,1,1,1,1,1,1,1,1,1,1,1,1,1,1,1,1,1,1,1,1,1,1,1,1,1,1,1,1,1,1,1,1,1,1,1,1,1,1,1,1,1,1
OTU_1816,1,1,1,1,1,1,1,1,1,1,1,1,1,1,1,1,1,1,1,1,1,1,1,1,1,1,1,1,1,1,1,1,1,1,1,1,1,1,1,1,1,1,1,1,1,1,1,1,1,1
OTU_1817,1,1,1,1,1,1,1,1,1,1,1,1,1,1,1,1,1,1,1,1,1,1,1,1,1,1,1,1,1,1,1,1,1,1,1,1,1,1,1,1,1,1,1,1,1,1,1,1,1,1
OTU_1818,1,1,1,1,1,1,1,1,1,1,1,1,1,1,1,1,1,1,1,1,1,1,1,1,1,1,1,1,1,1,1,1,1,1,1,1,1,1,1,1,1,1,1,1,1,1,1,1,1,1
OTU_1819,36,1,5,3,1,2,3,86,1,1,2,3,41,18,2,1,69,1,73,1,1,2,73,1,1,1,1,1,2,4,123,4,1,1,1,1,1,204,1,1,1,1,617,1,1,8,1,1,6,9
OTU_1820,1,1,1,1,1,1,1,1,1,1,1,1,1,1,1,1,1,1,1,1,1,1,1,1,1,1,1,1,1,1,1,1,1,1,1,1,1,1,1,1,1,1,1,1,1,1,1,1,1,1
OTU_1821,4,287,46,1,4,1,1,1,17,1,1,22,1,8,12,58,43,6,1,1,11,1,2,84,107,145,1,5,1,124,6,1,1,67,16,1,1,29,2,4,1,4,1,4,1,1,1,22,13,298
OTU_1822,1,1,1,1,1,1,1,1,1,1,1,1,1,1,1,1,1,1,1,1,1,1,1,1,1,1,1,1,1,1,1,1,1,1,1,1,1,1,1,1,1,1,1,1,1,1,1,1,1,1
OTU_1823,1,1,1,1,1,1,1,1,1,1,1,1,1,1,1,1,1,1,1,1,1,1,1,1,1,1,1,1,1,1,1,1,1,1,1,1,1,1,1,1,1,1,1,1,1,1,1,1,1,1
OTU_1824,1,1,1,1,1,1,1,1,1,1,1,1,1,1,1,1,1,1,1,1,1,1,1,1,1,1,1,1,1,1,1,1,1,1,1,1,1,1,1,1,1,1,1,1,1,1,1,1,1,1
OTU_1825,1,1,1,1,1,1,1,1,1,1,1,1,1,1,1,1,1,1,1,1,1,1,1,1,1,1,1,1,1,1,1,1,1,1,1,1,1,1,1,1,1,1,1,1,1,1,1,1,1,1
OTU_1826,1,1,1,1,1,1,1,1,1,1,1,1,1,1,1,1,1,1,1,1,1,1,1,1,1,1,1,1,1,1,1,1,1,1,1,1,1,1,1,1,1,1,1,1,1,1,1,1,1,1
OTU_1827,1,1,1,1,1,1,1,1,1,1,1,1,1,1,1,1,1,1,1,1,1,1,1,1,1,1,2,1,1,1,1,1,1,3,1,1,1,1,1,1,168,1,1,1,1,1,1,1,1,1
OTU_1828,1,1,1,1,1,1,1,1,1,1,1,1,1,1,1,1,1,278,1,1,22,1,1,1,1,1,1,1,1,1,1,1,1,1,1,1,1,1,1,1,1,1,1,1,1,1,1,44,1,1
OTU_1829,1,1,1,1,1,1,1,1,1,1,1,1,1,1,1,1,1,1,1,1,1,1,1,1,1,1,1,1,1,1,1,1,1,1,1,1,1,1,1,1,1,1,1,1,1,1,1,1,1,1
OTU_1830,1,1,1,1,1,1,1,1,1,1,1,1,1,1,1,1,1,1,1,1,1,1,1,1,1,1,1,1,1,1,1,1,1,1,1,1,1,1,1,1,1,1,1,1,1,1,1,1,1,1
OTU_1831,1,1,1,1,1,1,1,1,1,1,1,1,1,1,1,1,1,1,1,1,1,1,1,1,1,1,1,1,1,1,1,1,1,1,1,1,1,1,1,1,1,1,1,1,1,1,1,1,1,1
OTU_1832,9,5,16,8,9,268,16,204,13,110,48,4,172,427,29,18,173,101,11,408,5,12,11,290,3,4,14,809,50,47,738,955,4,128,14,245,52,7,52,109,7,585,52,28,2,240,67,4,214,24
OTU_1833,1,1,1,1,1,1,1,1,1,1,1,1,1,1,1,1,1,1,1,1,1,1,1,1,1,1,1,1,1,1,1,1,1,1,1,1,1,1,1,1,1,1,1,1,1,1,1,1,1,1
OTU_1834,1,10,38,51,1,1,10,1,100,1,1,28,216,1,1,1,39,2,1,1,7,129,1,76,7,34,206,1,14,6,22,272,2,14,7,1,1,3,2,2,1,529,1,104,1,6,1,3,5,337
OTU_1835,1,1,1,1,1,1,1,1,1,1,1,1,1,1,1,1,1,1,1,1,1,1,1,12,1,1,1,1,1,1,1,1,1,1,1,1,1,1,1,17,1,1,1,1,1,1,1,1,1,1
OTU_1836,1,1,1,1,1,1,1,1,1,1,1,1,1,1,1,1,1,1,1,1,1,1,1,1,1,1,1,1,1,1,1,1,1,1,1,1,1,1,1,1,1,1,1,1,1,1,1,1,1,1
OTU_1837,1,1,1,1,1,1,1,1,1,1,1,1,1,1,1,1,1,1,1,1,1,1,1,1,1,1,1,1,1,1,1,1,1,1,1,1,1,1,1,1,1,1,1,1,1,1,1,1,1,1
OTU_1838,1,1,1,1,1,1,1,1,1,1,1,1,1,1,1,1,1,1,1,1,1,1,1,1,1,1,1,1,1,1,1,1,1,1,1,1,1,1,1,1,1,1,1,1,1,1,1,1,1,1
OTU_1839,1,1,1,1,1,1,1,1,1,1,1,1,1,1,1,1,1,1,1,1,1,1,1,1,1,1,1,1,1,1,1,1,1,1,1,1,1,1,1,1,1,1,1,1,1,1,1,1,1,1
OTU_1840,1,1,1,1,1,1,1,1,1,1,1,1,1,1,1,1,1,1,1,1,1,1,1,1,1,1,1,1,1,1,1,1,1,1,1,1,1,1,1,1,1,1,1,1,1,1,1,1,1,1
OTU_1841,1,1,1,1,1,1,1,1,1,1,1,1,1,1,1,1,1,1,1,1,1,1,1,1,1,1,1,1,1,1,1,1,1,1,1,1,1,1,1,1,1,1,1,1,1,1,1,1,1,1
OTU_1842,1,1,1,1,1,1,1,1,1,1,1,1,1,1,1,1,1,1,1,1,1,1,1,1,1,1,1,1,1,1,1,1,1,1,1,1,1,1,1,1,1,1,1,1,1,1,1,1,1,1
OTU_1843,1,1,1,1,1,1,1,1,1,1,1,1,1,1,1,1,1,1,1,1,1,1,1,1,1,1,1,1,1,1,1,1,1,1,1,1,1,1,1,1,1,1,1,1,1,1,1,1,1,1
OTU_1844,1,1,1,1,1,1,1,1,1,1,1,1,1,1,1,1,1,1,1,1,1,1,1,1,1,1,1,1,1,1,1,1,1,1,1,1,1,1,1,1,1,1,1,1,1,1,1,1,1,1
OTU_1845,1,1,1,1,1,1,1,6,10,1,1,1,1,1,23,1,1,1,33,1,1,1,2,1,1,1,1,1,209,32,1,1,1,1,4,1,1,10,50,188,151,1,2,1,2,1,15,2,1,1
OTU_1846,5,1,1,1,1,2,5,1,1,1,1,1,1,1,1,1,45,2,1,13,1,18,1,1,29,1,2,1,1,1,1,1,1,1,1,20,1,1,1,1,1,30,1,1,1,1,1,9,1,1
OTU_1847,1,1,1,1,1,1,1,1,1,1,1,1,1,1,1,1,1,1,1,1,1,1,1,1,1,1,1,1,1,1,1,1,1,1,1,1,1,1,1,1,1,1,1,1,1,1,1,1,1,1
OTU_1848,1,1,1,1,1,1,1,1,1,1,1,1,1,1,1,1,1,1,1,1,1,1,1,1,1,1,1,1,1,1,1,1,1,1,1,1,1,1,1,1,1,1,1,1,1,1,1,1,1,1
OTU_1849,1,1,1,1,1,1,1,1,38,1,1,14,1,1,1,3,1,1,1,1,1,1,3,297,1,1,1,1,1,1,1,1,1,2,1,1,1,15,1,1,1,1,1,1,1,1,1,70,1,1
OTU_1850,1,1,1,1,1,1,1,1,1,1,1,1,1,1,1,1,1,1,1,1,1,1,1,1,1,1,1,1,1,1,1,1,1,1,1,1,1,1,1,1,1,1,1,1,1,1,1,1,1,1
OTU_1851,1,1,1,1,1,1,1,1,1,1,1,1,1,1,1,1,1,2,1,1,1,1,1,1,1,1,1,1,10,1,1,1,1,1,1,1,1,2,1,1,1,1,1,1,1,1,1,1,1,1
OTU_1852,1,1,1,1,1,1,1,1,1,1,1,1,1,1,1,1,1,1,1,1,1,1,1,1,1,1,1,1,1,1,1,1,1,1,1,1,1,1,1,1,1,1,1,1,1,1,1,1,1,1
OTU_1853,1,1,1,8,1,1,1,1,1,1,1,93,1,1,1,1,1,1,1,163,1,1,1,1,1,1,1,1,4,1,1,1,1,1,1,1,1,1,2,1,6,1,1,1,1,1,18,1,1,14
OTU_1854,13,105,322,1,1,6,1,65,427,103,6,1,1,1,8,1,5,1,1,1,1,1,1,22,4,1,12,1,1,98,2,1,52,67,35,1,2,156,137,6,254,72,8,12,5,2,2,91,1,4
OTU_1855,1,1,1,1,1,1,1,1,1,1,1,2,1,1,1,1,1,1,1,1,1,1,1,1,1,1,1,1,1,1,1,1,1,1,1,1,1,1,1,1,1,1,1,1,1,1,1,1,1,1
OTU_1856,1,1,1,1,1,1,1,1,1,1,1,1,1,1,1,1,1,1,1,1,1,1,1,1,1,1,1,1,1,1,1,1,1,1,1,1,1,1,1,1,1,1,1,1,1,1,1,1,1,1
OTU_1857,1,1,1,1,1,1,1,1,1,1,1,1,1,1,1,1,1,1,1,1,1,1,1,1,1,1,1,1,1,1,1,1,1,1,1,1,1,1,1,1,1,1,1,1,1,1,1,1,1,1
OTU_1858,1,1,1,2,1,65,19,1,1,2,2,1,215,20,1,15,1,4,356,32,1,17,1,34,1,1,1,15,2,188,1,1,26,34,157,11,159,1,1,1,28,214,2,3,10,63,5,10,1,17
OTU_1859,1,1,1,1,1,1,1,1,1,1,1,1,1,1,1,1,32,1,1,39,1,1,1,1,1,1,1,1,1,1,11,24,1,1,1,1,4,1,1,1,1,4,1,1,1,1,1,2,1,1
OTU_1860,1,1,1,1,1,1,1,1,1,1,1,1,1,1,1,1,1,1,1,1,1,1,1,1,1,1,1,1,1,1,1,1,1,1,1,1,1,1,1,1,1,1,1,1,1,1,1,1,1,1
OTU_1861,1,12,1,1,92,1,38,25,1,3,64,201,11,90,2,1,23,1,2,1,1,1,1,1,2,63,1,1,17,30,1,1,192,9,321,1,13,1,1,14,46,3,1,208,49,1,1,484,5,1
OTU_1862,1,1,1,1,1,1,1,1,1,1,1,1,1,1,1,1,1,1,1,1,1,1,1,1,1,1,1,1,1,1,1,1,1,1,1,1,1,1,1,1,1,1,1,1,1,1,1,9,1,1
OTU_1863,1,1,1,1,1,1,1,1,1,1,1,1,1,1,1,1,1,1,1,1,1,1,1,1,1,1,1,1,1,1,1,1,1,1,1,1,1,1,1,1,1,1,1,1,1,1,1,1,1,1
OTU_1864,1,1,1,1,1,1,1,1,1,1,1,1,1,1,1,1,1,1,1,1,1,1,1,1,1,1,1,1,1,1,1,1,1,1,1,1,1,1,1,1,1,1,1,1,1,1,1,1,1,1
OTU_1865,1,1,1,1,1,1,1,1,1,1,1,1,1,1,1,1,1,1,1,1,1,1,2,1,1,1,1,1,1,1,1,1,1,1,1,1,1,1,1,1,1,1,1,1,1,1,1,1,1,1
OTU_1866,1,1,23,13,202,1,1,2,1,1,1,1,1,1,1,2,13,1,1,1,32,1,1,1,331,1,6,1,1,71,63,20,1,11,1,1,1,1,1,1,15,1,1,1,1,1,1,1,1,1
OTU_1867,1,1,1,1,1,1,1,1,1,1,1,1,1,1,1,1,1,1,1,1,1,1,1,1,1,1,1,1,1,1,1,1,1,1,1,1,1,1,1,1,1,1,1,1,1,1,1,1,1,1
OTU_1868,1,1,1,1,1,1,1,1,1,1,1,1,1,1,1,1,1,1,1,1,1,1,1,1,1,1,1,1,1,1,1,1,1,1,1,1,1,1,1,1,1,1,1,1,1,1,1,1,8,1
OTU_1869,1,1,1,1,1,1,1,1,1,1,1,1,1,1,1,1,1,1,1,1,1,1,1,1,1,1,1,1,1,1,1,1,1,1,1,1,1,1,1,1,1,1,1,1,1,1,1,1,1,1
OTU_1870,1,1,1,1,1,1,1,1,1,1,1,36,1,1,1,1,1,1,1,1,1,1,1,1,1,1,1,1,1,1,1,1,1,1,1,1,1,1,1,1,1,1,1,1,1,1,1,7,1,1
OTU_1871,1,1,1,1,1,1,1,25,1,1,1,1,1,1,1,1,1,1,1,1,1,1,1,1,1,1,1,1,1,1,1,1,1,1,1,1,1,2,1,1,1,1,1,1,1,1,1,1,1,1
OTU_1872,1,1,1,1,1,1,1,1,1,1,1,1,1,1,1,1,1,1,1,1,1,1,1,1,1,1,1,1,1,1,1,1,1,1,1,1,1,1,1,1,1,1,1,1,1,1,1,1,1,1
OTU_1873,1,1,1,1,1,1,1,1,1,1,1,1,1,1,1,1,1,1,1,1,1,1,1,1,1,1,1,1,1,1,1,1,1,1,1,1,1,1,1,1,1,1,1,1,1,1,1,1,1,1
OTU_1874,1,1,1,1,1,1,1,1,1,1,1,1,1,1,1,1,1,1,1,1,1,1,1,1,1,1,1,1,1,1,1,1,1,1,1,1,1,1,1,1,1,1,1,1,1,1,1,1,1,1
OTU_1875,1,1,1,1,1,1,1,1,1,1,1,1,1,1,1,1,1,1,1,1,1,1,1,1,1,1,1,1,1,1,1,1,1,1,1,1,1,1,1,1,1,1,1,1,1,1,1,1,1,1
OTU_1876,1,1,1,1,1,1,1,1,1,1,1,1,1,1,1,1,1,1,1,1,1,1,1,1,1,1,1,1,1,1,1,1,1,1,1,1,1,1,1,1,1,1,1,1,1,1,1,1,1,1
OTU_1877,1,1,1,1,1,1,1,1,1,1,1,1,1,1,1,1,1,1,1,1,1,1,1,1,1,1,1,1,1,1,1,1,1,1,1,1,1,1,1,1,1,1,1,1,1,1,1,1,1,1
OTU_1878,5,1,1,1,1,1,1,190,1,1,1,1,1,1,1,1,1,1,19,1,3,1,1,7,1,1,1,1,5,1,3,1,1,1,1,43,1,1,1,1,1,1,1,1,1,1,1,2,1,6
OTU_1879,1,1,5,26,1,1,5,1,5,1,311,1,1,1,4,1,1,1,175,4,1,1,1,4,1,1,1,1,3,1,175,1,1,13,20,1,1,1,1,1,9,1,1,2,5,1,5,1,101,1
OTU_1880,1,1,1,1,1,1,1,1,1,1,1,1,1,1,1,1,1,1,1,1,1,1,1,1,1,1,1,1,1,1,1,1,1,1,1,1,1,1,1,1,1,1,1,1,1,1,1,1,1,1
OTU_1881,1,1,1,1,1,1,1,1,1,1,1,1,1,1,1,1,1,1,1,1,1,1,1,1,1,1,1,1,1,1,1,1,1,1,1,1,1,1,1,1,1,1,1,1,1,1,1,1,1,1
OTU_1882,157,809,250,67,339,238,149,1170,644,351,194,642,82,331,433,281,155,680,268,505,482,630,140,419,468,1790,1390,106,206,691,299,386,879,83,906,459,167,514,303,196,35,153,45,598,598,261,119,341,210,220
OTU_1883,1,1,1,1,1,1,1,1,1,1,1,1,1,1,1,1,1,1,1,1,1,1,1,1,1,1,1,1,1,1,1,1,1,1,1,1,1,1,1,1,1,1,1,1,1,1,1,1,1,1
OTU_1884,1,1,1,1,1,1,1,1,1,1,1,1,1,1,1,37,1,1,1,1,1,1,1,1,1,1,1,1,1,1,1,1,1,1,1,1,1,1,1,1,1,1,1,1,1,1,1,1,1,1
OTU_1885,1,1,1,1,1,1,1,1,1,1,1,1,1,1,1,1,1,1,1,1,1,1,1,1,1,1,1,1,1,1,1,1,1,1,1,1,1,1,1,1,1,1,1,1,1,1,1,1,1,1
OTU_1886,1,1,1,1,1,1,1,1,1,1,1,1,1,1,1,1,1,1,1,1,1,1,1,1,1,1,1,1,1,1,1,1,1,1,1,1,1,1,1,1,1,1,1,1,1,1,1,1,1,1
OTU_1887,1,1,1,1,1,1,1,1,1,1,1,1,1,1,1,1,1,1,1,1,1,1,1,1,1,1,1,1,1,1,1,1,1,1,1,1,1,1,1,1,1,1,1,1,1,1,1,1,1,1
OTU_1888,1,1,1,1,1,1,1,1,1,1,1,1,1,1,1,1,1,1,1,1,1,1,1,1,1,1,1,1,1,1,1,1,1,1,1,1,1,1,1,1,1,1,1,1,1,1,1,1,1,1
OTU_1889,1,1,1,1,1,1,1,1,1,1,1,43,1,1,1,14,1,1,1,11,1,1,28,1,1,1,1,1,1,1,1,1,1,1,1,1,1,1,1,1,1,1,1,3,1,1,1,1,1,1
OTU_1890,1,1,1,1,1,1,1,1,1,1,1,1,1,1,1,1,1,1,1,1,1,1,1,1,1,1,1,1,1,1,1,1,1,1,1,1,1,1,1,1,1,1,1,1,1,1,1,1,1,1
OTU_1891,1,1,1,1,1,1,1,1,1,1,1,1,1,1,1,1,1,1,1,1,1,6,1,1,1,1,1,1,1,1,1,1,1,1,1,1,1,1,1,1,1,1,1,1,1,1,1,1,1,1
OTU_1892,128,10,28,266,29,4,35,98,62,26,5,10,65,24,19,155,174,56,117,21,362,640,43,33,2,5,13,10,93,137,1,29,206,527,6,411,3,389,1,4,221,341,3,174,364,111,17,1,79,73
OTU_1893,1,1,1,1,1,1,1,1,1,1,1,1,1,1,1,1,1,1,1,1,1,1,1,1,1,1,1,1,1,1,1,1,1,1,1,1,1,1,1,1,1,1,1,1,1,1,1,1,1,1
OTU_1894,1,1,1,1,1,1,1,1,1,1,1,1,1,1,1,1,1,1,1,1,1,1,1,1,1,1,1,1,1,1,1,1,1,1,1,1,1,1,1,1,1,1,1,1,1,1,1,1,1,1
OTU_1895,1,1,1,1,1,1,1,1,1,1,1,1,1,1,1,1,1,1,1,1,1,1,1,1,1,1,1,1,1,1,1,1,1,1,1,1,1,1,1,1,1,1,1,1,1,1,1,1,1,1
OTU_1896,1,1,1,1,1,1,1,1,1,1,1,1,1,1,1,1,1,1,1,1,1,1,1,1,1,1,1,1,1,1,1,1,1,1,1,1,1,1,1,1,1,1,1,1,1,1,1,1,1,1
OTU_1897,1,1,1,1,1,1,1,1,1,1,1,1,1,1,1,1,1,1,1,1,1,1,1,1,1,1,1,1,1,1,1,1,1,1,1,1,1,1,1,1,1,1,1,1,1,1,1,1,1,1
OTU_1898,1,1,1,1,1,1,1,1,1,1,1,1,150,1,1,1,1,1,1,1,1,1,1,1,1,1,1,1,1,1,1,112,1,1,1,1,1,1,1,1,1,1,1,1,1,1,1,1,1,1
OTU_1899,1,1,1,1,1,1,1,1,1,1,1,1,1,1,1,1,1,1,1,1,1,1,1,1,1,1,1,1,1,1,1,1,1,1,1,1,1,1,1,1,1,1,1,1,1,1,1,1,1,1
OTU_1900,90,1,1,1,1,1,1,1,1,1,1,17,1,1,1,114,1,1,1,1,1,1,1,1,1,1,1,1,1,1,1,1,5,1,1,1,1,1,1,1,1,1,1,1,1,1,1,1,1,1
OTU_1901,1,1,1,1,1,1,1,1,1,1,1,1,1,1,1,1,1,1,1,1,1,1,1,1,1,1,1,1,1,1,1,1,1,1,1,1,1,1,1,1,1,1,1,1,1,1,1,1,1,1
OTU_1902,1,1,1,1,1,1,1,1,1,1,1,1,1,1,1,1,1,1,1,1,1,1,1,1,1,1,1,1,1,1,1,1,1,1,1,1,1,1,1,1,1,1,1,1,1,1,1,1,1,1
OTU_1903,1,1,1,1,1,1,1,1,1,1,1,1,1,1,1,1,1,1,1,1,1,1,1,1,1,1,1,1,1,1,1,1,1,1,1,1,1,1,1,1,1,1,1,1,1,1,1,1,1,1
OTU_1904,1,1,1,1,1,1,1,1,1,1,1,1,1,1,1,1,1,1,1,1,1,1,1,1,1,1,1,1,1,1,1,1,1,1,1,1,1,1,1,1,1,1,1,1,1,1,1,1,1,1
OTU_1905,1,1,1,1,1,1,1,1,1,1,1,1,1,1,1,1,1,1,1,1,1,1,1,1,1,1,1,1,1,1,1,1,1,1,1,1,1,1,1,1,1,1,1,1,1,1,1,1,1,1
OTU_1906,1,1,1,1,1,1,1,1,1,1,1,1,1,1,1,1,1,1,1,1,1,1,1,1,1,1,1,1,1,1,1,1,1,1,1,1,1,1,1,1,1,1,1,1,1,1,1,1,1,1
OTU_1907,1,1,1,1,1,1,1,1,1,1,1,1,1,1,1,1,1,1,1,1,1,1,1,1,1,1,1,1,1,1,1,1,1,1,1,1,1,1,1,1,1,1,1,1,1,1,1,1,1,1
OTU_1908,1,1,1,1,1,1,1,1,1,1,1,1,1,1,1,1,1,1,1,1,1,1,1,1,1,1,1,1,1,1,1,1,1,1,1,1,1,1,1,1,1,1,1,1,1,1,1,1,1,1
OTU_1909,1,1,1,1,1,1,1,1,1,1,1,1,1,1,1,1,1,1,1,1,1,1,1,1,1,1,1,1,1,1,1,1,1,1,1,1,1,1,1,1,1,1,1,1,1,1,1,1,1,1
OTU_1910,1,1,1,1,1,1,1,1,1,1,1,1,1,1,1,1,1,1,1,1,1,1,1,1,1,1,1,1,1,1,1,1,1,1,1,1,1,1,1,1,1,1,1,1,1,1,1,1,1,1
OTU_1911,58,72,5,9,21,6,2,62,6,10,22,13,16,46,35,241,9,220,174,1,197,274,5,5,352,101,320,1,2,20,1,110,2,6,144,233,25,3,1,3,53,37,124,1,1,7,4,527,124,28
OTU_1912,1,1,1,1,1,1,1,1,1,1,1,1,1,1,1,1,1,1,1,1,1,1,1,1,1,1,1,1,1,1,1,1,1,1,1,1,1,1,1,1,1,1,1,1,1,1,1,1,1,1
OTU_1913,1,1,1,1,1,1,1,1,1,1,1,1,1,1,1,1,1,1,1,1,1,1,1,1,1,1,1,1,1,1,1,1,1,1,1,1,1,1,1,1,1,1,1,1,1,1,1,1,1,1
OTU_1914,1,1,1,1,1,1,1,1,1,1,1,1,1,1,1,1,1,1,1,1,1,1,1,1,1,1,1,1,1,1,1,1,1,1,1,1,1,1,1,1,1,1,1,1,1,1,1,1,1,1
OTU_1915,1,1,1,1,1,1,1,1,1,1,1,1,1,1,1,1,1,1,1,1,1,1,1,1,1,1,1,1,1,1,1,1,1,1,1,1,1,1,1,1,1,1,1,1,1,1,1,1,1,1
OTU_1916,1,1,1,1,1,1,1,1,1,1,1,1,1,1,1,1,1,1,1,1,1,1,53,1,1,1,1,1,1,1,1,1,1,1,1,1,1,1,1,1,1,1,1,1,1,1,1,1,1,1
OTU_1917,1,1,1,1,1,1,1,1,1,1,1,1,1,1,1,1,1,1,1,1,1,1,1,1,1,1,1,1,1,1,1,1,1,1,1,1,1,1,1,1,1,1,1,1,1,1,1,1,1,1
OTU_1918,89,47,338,43,459,187,59,182,372,490,58,1,1,60,40,6,51,23,2,41,147,57,22,116,324,2,50,537,1,178,238,148,1,13,147,5,51,182,55,24,3,8,31,168,25,91,126,6,131,479
OTU_1919,1,1,1,1,1,1,1,1,1,1,1,1,1,1,1,1,1,1,1,1,1,1,1,1,1,1,1,1,1,1,1,1,1,1,1,1,86,1,1,1,1,1,1,1,1,1,1,1,1,1
OTU_1920,1,1,1,1,1,1,1,1,1,1,1,1,1,1,1,1,1,1,1,1,1,1,1,1,1,1,1,1,1,1,1,1,1,1,1,1,1,1,1,1,1,1,1,1,1,1,1,1,1,1
OTU_1921,412,1,1,16,76,2,1,14,50,1,1,104,18,1,113,13,3,1,1,1,1,23,4,1,26,15,2,1,4,1,3,1,1,1,5,2,102,229,1,1,1,2,5,38,1,5,760,76,60,1
OTU_1922,1,1,1,1,1,1,1,1,1,1,1,1,1,1,1,1,1,1,1,1,1,1,1,1,1,1,1,1,1,1,1,1,1,1,1,1,1,1,1,1,1,1,3,1,1,1,1,1,1,1
OTU_1923,5,1,1,1,1,1,1,1,1,1,1,1,1,1,1,1,1,1,1,1,1,1,1,1,4,1,1,1,1,1,1,1,1,1,1,1,1,23,1,1,1,1,1,1,1,1,1,20,1,1
OTU_1924,1,1,1,1,1,1,1,1,1,1,1,1,1,1,1,1,1,14,1,1,1,1,1,1,1,22,1,1,1,1,1,1,1,1,1,1,1,1,1,1,1,1,1,1,1,1,1,1,1,1
OTU_1925,71,172,207,120,54,231,178,15,288,175,105,252,76,83,177,20,74,19,733,138,32,18,245,131,270,148,44,438,280,83,314,179,404,335,507,277,628,980,349,491,30,336,513,65,153,240,90,310,59,62
OTU_1926,1,1,1,1,1,1,1,1,1,1,1,1,1,1,1,1,1,1,1,1,1,1,1,1,1,1,1,1,1,1,1,1,1,1,1,1,1,1,1,1,1,1,1,1,1,1,1,1,1,1
OTU_1927,1,1,1,1,1,1,1,1,1,1,1,1,1,1,1,1,1,1,1,155,1,1,1,1,1,1,1,1,1,1,1,1,1,1,1,1,1,1,1,1,1,1,1,1,1,1,1,1,1,1
OTU_1928,1,1,1,1,1,1,1,1,1,1,1,1,1,1,1,1,1,1,1,1,1,1,1,1,1,1,1,1,1,1,1,1,1,1,1,1,1,1,1,1,1,1,1,1,1,1,1,1,1,1
OTU_1929,1,1,1,1,1,1,1,1,1,1,1,1,1,1,1,1,1,1,1,1,1,1,1,1,1,1,1,1,1,1,1,1,1,1,1,1,1,1,1,1,1,1,1,1,1,1,1,1,1,1
OTU_1930,1,1,1,1,1,1,1,1,1,1,1,1,1,1,1,1,376,1,1,1,1,1,1,1,1,1,1,1,1,1,1,1,1,1,1,1,1,1,1,1,1,1,1,1,1,1,1,1,1,1
OTU_1931,1,1,1,1,1,1,1,1,1,1,1,1,1,1,1,1,1,1,1,1,1,1,1,1,1,1,1,1,1,1,1,1,1,1,1,1,1,1,1,1,1,1,1,1,1,1,1,1,1,1
OTU_1932,1,1,1,1,1,1,1,1,1,9,2,3,1,1,13,1,1,1,1,1,20,1,1,4,1,53,1,1,1,1,1,1,39,1,1,372,1,3,1,1,1,1,1,1,1,1,6,1,14,1
OTU_1933,1,1,1,1,1,1,1,1,1,1,1,1,1,1,1,1,1,1,1,1,1,1,1,1,1,1,1,1,1,1,1,1,1,1,1,1,1,1,1,1,1,1,1,1,1,1,1,1,1,1
OTU_1934,1,1,1,1,1,1,1,1,1,1,1,1,1,1,1,1,1,1,1,1,1,1,1,1,1,1,1,1,1,1,1,1,1,1,1,1,1,1,1,1,1,1,1,1,1,1,1,1,1,1
OTU_1935,1,1,1,1,1,1,1,1,1,1,1,1,1,1,1,1,1,1,1,1,1,1,1,1,1,1,1,1,1,1,1,1,1,1,1,1,1,1,1,1,1,1,1,1,1,1,1,1,1,1
OTU_1936,1,1,1,1,1,1,1,1,1,1,1,1,1,1,1,1,1,1,1,1,1,1,1,1,1,1,1,1,1,1,1,1,1,1,1,1,1,1,1,1,1,1,1,1,1,1,1,1,1,1
OTU_1937,11,11,14,71,2,1,1,1,1,9,25,16,76,102,9,1,1,3,312,365,10,2,1,1,1,52,4,163,1,1,12,1,11,1,118,1,77,49,1,59,1,1,1,1,6,8,106,1,15,1
OTU_1938,1,1,1,1,1,1,1,1,1,1,1,1,1,1,1,1,1,1,1,1,1,1,1,1,1,1,1,1,1,1,1,1,1,1,1,1,1,1,1,1,1,1,1,1,1,1,1,1,1,1
OTU_1939,1,1,1,1,1,1,1,1,1,1,1,1,1,1,1,1,1,1,1,1,1,1,1,1,1,1,1,1,1,1,1,1,1,1,1,1,1,1,1,1,1,1,1,1,1,1,1,1,1,1
OTU_1940,1,1,1,1,36,1,1,1,6,3,1,28,1,1,3,1,1,1,1,11,1,1,1,1,1,1,13,142,1,1,1,1,20,1,1,1,1,1,1,1,1,1,1,14,1,1,166,1,3,1
OTU_1941,1,1,1,1,1,1,1,1,1,1,1,1,1,1,1,1,1,1,1,1,1,1,1,1,1,1,1,1,1,1,1,1,1,1,1,1,1,1,1,1,1,1,1,1,1,1,1,1,1,1
OTU_1942,1,1,1,1,1,1,1,1,1,1,1,1,1,1,1,1,1,1,72,1,1,1,1,1,1,3,1,1,1,1,1,1,1,1,1,1,1,1,1,1,118,1,1,1,1,1,1,1,1,1
OTU_1943,1,1,1,1,1,1,1,1,1,1,1,1,1,1,1,1,1,1,1,1,1,1,1,1,1,1,1,1,1,1,1,1,1,1,1,1,1,1,1,65,1,1,1,1,1,1,1,1,1,1
OTU_1944,1,1,1,1,1,1,1,1,1,1,1,1,1,1,1,1,1,1,1,1,1,1,1,1,1,1,1,1,1,1,1,1,1,1,1,1,1,1,1,1,1,1,1,1,1,1,1,1,1,1
OTU_1945,1,2,5,1,1,1,2,1,1,1,1,219,1,1,1,1,1,1,1,6,1,127,1,1,2,1,3,1,23,3,1,18,117,35,1,2,1,1,1,20,1,3,1,1,1,1,1,1,1,1
OTU_1946,1,1,1,1,1,1,1,1,1,1,1,1,1,1,1,3,1,1,1,1,1,1,1,1,1,1,1,1,1,49,1,1,1,1,1,1,1,1,1,1,117,1,1,272,1,1,1,1,1,1
OTU_1947,1,1,1,1,1,1,1,1,1,1,1,1,1,63,1,1,1,1,1,134,1,1,1,1,1,1,1,1,1,1,1,1,3,1,1,1,1,1,10,1,1,1,1,1,1,1,1,2,1,1
OTU_1948,1,1,1,1,1,1,1,1,1,1,1,1,1,1,1,1,1,1,1,1,1,1,1,1,1,1,1,1,1,1,1,1,1,1,1,1,1,1,1,1,1,1,1,1,1,1,1,1,1,1
OTU_1949,1,1,1,1,1,1,1,1,1,1,1,1,1,1,1,1,1,1,1,1,1,1,1,1,1,1,1,1,1,1,1,1,1,1,1,1,1,1,1,1,1,1,1,1,1,1,1,1,1,1
OTU_1950,1,1,1,1,1,1,1,1,1,1,1,1,1,1,1,1,1,1,1,1,1,1,1,1,1,1,1,1,1,1,1,1,1,1,1,1,1,1,1,1,1,1,1,1,1,1,1,1,1,1
OTU_1951,1,1,1,1,1,1,1,1,1,1,1,1,1,1,1,1,1,1,1,1,1,1,1,1,1,1,1,1,1,1,1,1,1,1,1,1,1,1,1,1,1,1,1,1,1,1,1,1,1,1
OTU_1952,1,1,1,1,1,1,1,1,1,1,1,1,1,1,1,1,1,1,1,1,1,1,1,1,1,1,1,1,1,1,1,1,1,1,1,1,1,1,1,1,1,1,1,1,1,1,1,1,1,1
OTU_1953,1,1,1,1,1,1,1,1,1,1,1,1,1,1,1,1,1,1,1,1,1,1,1,1,1,1,1,1,1,1,1,1,1,1,1,1,1,1,1,1,1,1,1,1,1,1,1,1,1,1
OTU_1954,1,1,1,1,3,1,1,1,1,1,1,1,1,1,1,1,1,1,1,1,1,1,9,1,1,1,1,1,1,2,1,1,1,1,1,1,1,1,1,1,1,1,1,1,1,1,3,1,1,1
OTU_1955,11,18,166,1,73,2,1,1,1,44,6,1,1,1,1,1,1,431,1,61,1,1,2,4,2,1,1,142,1,1,1,1,13,9,1,1,2,336,1,60,1,3,2,14,1,77,1,54,2,1
OTU_1956,1,1,1,1,1,1,1,1,1,1,1,1,1,1,1,1,1,1,1,1,1,1,1,1,1,1,1,1,1,1,1,1,1,1,1,1,1,1,1,1,1,1,1,1,1,1,1,1,1,1
OTU_1957,1,1,1,1,1,1,1,1,1,1,1,1,1,1,1,1,1,1,1,1,1,1,1,1,1,1,1,1,1,1,1,1,1,1,1,1,1,1,1,1,1,1,1,1,1,1,1,1,1,1
OTU_1958,1,1,1,1,1,1,1,1,1,1,1,1,1,1,1,1,1,1,1,1,1,1,1,1,1,1,1,1,1,1,1,1,1,1,1,1,1,1,1,1,1,1,1,1,1,1,1,1,1,1
OTU_1959,1,1,1,1,1,1,1,1,1,1,1,1,1,1,1,1,1,1,1,1,1,1,1,1,1,1,1,1,1,1,1,1,1,1,1,1,1,1,1,1,1,1,1,1,1,1,1,1,1,1
OTU_1960,1,1,1,1,1,1,1,1,1,1,1,1,1,1,1,1,1,1,1,1,1,1,1,1,1,1,1,1,1,1,1,1,1,1,1,1,1,1,1,1,1,1,1,1,1,1,1,1,1,1
OTU_1961,1,1,1,1,1,1,1,1,1,1,1,1,1,1,1,1,1,1,1,1,1,1,1,1,1,1,1,1,1,1,1,1,1,1,1,1,1,1,1,1,1,1,1,1,1,1,1,1,197,1
OTU_1962,134,1,1,1,1,1,1,1,1,1,1,1,1,1,1,1,1,1,1,1,1,1,1,1,1,1,1,1,1,1,1,1,1,1,1,1,1,1,1,1,1,1,1,1,1,1,1,1,1,1
OTU_1963,1,1,1,1,1,1,1,1,1,1,1,1,1,1,1,1,1,1,1,1,1,1,1,1,1,1,1,1,1,1,1,1,1,1,1,1,1,1,1,1,1,1,1,1,1,1,1,1,1,1
OTU_1964,1,1,1,1,1,1,1,7,1,1,4,1,1,1,1,1,1,97,100,1,52,12,1,1,3,1,1,4,1,1,1,21,14,1,1,1,1,1,5,1,1,1,1,1,1,1,6,1,1,1
OTU_1965,1,1,1,1,1,1,1,1,1,1,1,1,1,1,1,1,1,1,1,1,1,1,1,1,1,1,1,1,1,1,1,1,1,1,1,1,1,1,1,1,1,1,1,1,1,1,1,1,1,1
OTU_1966,1,1,1,1,1,1,1,1,1,1,1,1,1,1,1,1,1,1,1,1,1,1,1,1,1,1,1,1,1,1,1,1,1,1,1,1,3,1,3,1,1,64,1,1,1,1,1,1,1,1
OTU_1967,1,1,1,90,63,1,1,79,1,11,2,149,48,1,10,28,1,24,1,16,3,1,1,735,2,51,3,1,1,1,1,1,1,1,1,2,2,1,155,298,353,44,206,1,97,1,63,7,1,1
OTU_1968,1,1,1,1,1,1,1,1,1,1,1,1,1,1,1,1,1,1,1,1,1,1,1,1,1,1,1,1,1,1,1,1,1,1,1,1,1,1,1,1,1,1,1,1,1,1,1,1,1,1
OTU_1969,1,1,1,1,1,1,1,1,1,1,1,13,1,1,1,1,1,1,4,1,1,1,1,1,1,1,1,1,1,1,1,11,279,8,1,1,1,1,1,1,1,7,1,2,1,1,1,2,1,228
OTU_1970,1,1,1,1,1,1,1,1,1,1,1,1,1,1,1,1,1,1,1,1,1,1,1,1,1,1,1,1,1,1,1,1,1,1,1,1,1,1,1,1,1,1,1,1,1,1,1,1,1,1
OTU_1971,1,1,1,1,1,1,2,1,1,1,1,1,1,1,1,1,1,1,1,1,1,1,1,101,1,27,17,1,1,1,1,1,1,65,1,1,1,1,1,1,1,1,1,1,1,1,1,1,1,1
OTU_1972,1,1,1,1,1,1,1,1,1,1,1,1,1,1,1,1,1,1,1,1,1,1,1,1,1,1,1,1,1,1,1,1,1,1,1,1,1,1,1,1,1,1,1,1,1,1,1,1,1,1
OTU_1973,1,1,1,1,1,1,1,1,1,1,1,1,1,1,1,1,1,1,1,1,1,1,1,1,1,1,1,1,1,1,1,1,1,1,1,1,1,1,1,1,1,1,1,1,1,1,1,1,1,1
OTU_1974,23,1,1,3,7,10,38,76,1,93,12,5,1,1,12,16,8,1,1,2,105,2,4,38,54,35,6,184,1,1,2,4,1,2,1,5,23,33,2,1,1,99,429,4,11,1,390,97,1,1
OTU_1975,1,1,1,1,1,1,1,1,1,1,1,1,1,1,1,1,1,1,1,1,1,1,1,1,1,1,1,1,1,1,1,1,1,1,1,1,1,1,1,1,1,1,1,1,1,1,1,1,1,1
OTU_1976,1,1,1,1,1,1,1,1,1,1,1,1,1,1,1,1,1,1,1,1,1,1,1,1,1,1,1,1,1,1,1,1,1,1,1,1,1,1,1,1,1,1,1,1,1,1,1,1,1,1
OTU_1977,53,7,1,1,5,1,153,4,8,1,1,5,1,6,4,1,170,1,1,42,19,13,2,52,1,229,197,1,1,29,57,328,1,1,2,13,122,167,87,1,302,407,51,3,91,1,3,52,100,1
OTU_1978,1,1,1,1,1,1,1,1,1,1,1,1,1,1,1,1,1,1,1,1,1,1,1,1,1,1,1,1,1,1,1,1,1,1,1,1,1,1,9,1,1,1,1,1,1,1,1,1,1,69
OTU_1979,1,1,1,1,1,1,1,1,1,1,1,1,1,1,1,1,1,1,1,1,1,1,1,1,1,1,1,1,1,1,1,1,1,1,1,1,1,1,1,1,1,1,1,1,1,1,1,1,1,1
OTU_1980,1,1,1,1,10,1,1,1,1,1,1,1,1,1,1,1,1,1,1,1,1,1,1,1,1,1,1,1,1,1,1,1,1,1,1,1,1,1,1,1,1,1,1,1,1,1,1,1,1,1
OTU_1981,1,1,1,1,1,1,1,1,1,1,1,1,1,1,1,1,1,1,1,1,1,1,1,1,1,1,1,1,1,1,1,1,1,1,1,1,1,1,1,1,1,1,1,1,1,1,1,1,1,1
OTU_1982,1,1,1,2,1,1,1,1,1,1,1,1,1,9,1,1,1,1,1,1,3,1,1,3,4,1,1,1,1,1,1,1,1,1,1,1,1,1,34,1,1,1,1,1,1,1,12,1,1,1
OTU_1983,1,1,1,1,1,1,1,1,1,1,1,1,1,1,1,1,1,1,1,1,1,1,1,1,1,1,1,1,1,1,1,1,1,1,1,1,1,1,1,1,1,1,1,1,1,1,1,1,1,1
OTU_1984,1,1,1,1,1,1,1,1,1,1,1,1,1,1,1,1,1,1,1,1,1,1,1,1,1,1,1,1,1,1,1,1,1,1,1,1,1,1,1,1,1,1,1,1,1,1,1,1,1,1
OTU_1985,1,1,1,1,7,1,1,1,1,1,1,1,1,1,1,1,1,1,1,1,602,1,1,1,1,1,1,1,1,2,1,1,1,1,1,3,29,1,1,1,1,1,1,1,1,1,1,1,1,1
OTU_1986,1,1,1,1,1,1,1,1,1,1,1,1,1,1,1,1,1,1,1,1,1,1,1,1,1,1,1,1,1,1,1,1,1,1,1,1,1,1,1,1,1,1,1,1,1,1,1,1,1,1
OTU_1987,1,1,1,1,1,1,1,1,1,1,1,1,1,1,1,1,1,1,1,1,1,1,1,1,1,1,1,1,1,1,1,1,1,1,1,1,1,1,1,1,1,1,1,1,1,1,1,1,1,1
OTU_1988,1,1,1,1,1,1,1,1,1,1,1,1,1,1,1,1,1,1,1,1,1,1,1,1,1,1,1,1,1,1,1,1,1,1,1,1,1,1,1,1,1,1,1,1,1,1,1,1,1,1
OTU_1989,1,1,1,1,1,1,1,1,1,1,1,1,1,1,1,1,1,1,1,1,1,1,1,1,1,1,1,1,1,1,1,1,1,1,1,1,1,1,1,1,1,1,1,1,1,1,1,1,1,1
OTU_1990,1,1,1,1,1,1,1,1,1,1,1,1,1,1,1,1,1,1,1,1,1,1,1,1,1,1,1,1,1,1,1,1,1,1,1,1,1,1,1,1,1,1,1,1,1,1,1,1,1,1
OTU_1991,1,1,1,1,2,1,1,1,1,10,1,1,1,1,1,1,3,6,1,1,1,1,1,1,1,1,1,1,1,308,9,42,1,1,1,1,1,1,1,1,1,1,1,1,1,1,54,1,1,1
OTU_1992,1,1,1,1,1,1,1,1,1,1,1,1,1,1,1,1,1,1,1,1,1,1,1,1,1,1,1,1,1,1,1,1,1,1,1,1,1,1,1,1,1,1,1,1,1,1,1,1,1,1
OTU_1993,1,1,1,1,1,1,1,1,1,1,1,1,1,1,1,1,1,1,1,1,1,1,1,1,1,1,1,1,1,1,1,1,1,1,1,1,1,1,1,1,1,1,1,1,1,1,1,1,1,1
OTU_1994,1,1,1,5,1,5,1,1,1,1,1,1,1,64,1,1,1,1,1,1,6,1,1,15,1,1,1,1,1,1,1,1,1,1,1,1,1,1,1,1,1,1,1,1,1,1,1,1,1,1
OTU_1995,1,1,1,1,1,1,1,1,1,1,1,1,1,1,1,1,1,1,1,1,1,1,1,1,1,1,1,1,1,1,1,1,1,1,1,1,1,1,1,1,1,1,1,1,1,1,1,1,1,1
OTU_1996,324,101,525,81,202,34,40,138,427,139,248,196,15,554,116,54,368,225,1,26,55,23,39,85,183,48,106,23,243,214,16,10,215,402,186,38,135,151,452,273,139,83,13,24,48,153,85,645,25,107
OTU_1997,1,1,1,1,1,1,1,1,1,1,1,1,1,1,1,1,1,1,1,1,1,1,1,1,1,1,1,1,1,1,1,1,1,1,1,1,1,1,1,1,1,1,1,1,1,1,1,1,1,1
OTU_1998,1,1,1,1,1,1,1,9,1,1,1,1,1,1,1,1,1,1,113,1,1,3,1,1,1,1,1,1,1,1,5,1,1,1,1,1,1,1,1,1,2,1,1,1,1,2,1,2,1,1
OTU_1999,1,1,1,1,1,1,7,1,1,1,129,1,1,2,1,1,14,1,1,1,1,1,1,1,1,1,3,1,1,1,2,1,1,1,1,3,1,58,1,1,1,1,1,1,1,1,1,1,1,1
OTU_2000,1,1,1,1,1,1,1,1,1,1,1,1,1,1,1,1,1,1,1,1,1,1,1,1,1,1,1,1,1,1,1,1,1,1,1,1,1,1,1,1,1,1,1,1,1,1,1,1,1,1
